time,VNMID,VNSML,VNFIN,VNREAL,VNIT,VNHEAL,VNENE,VNIND,VNMAT,VNCONS,VNCOND
2018-08-06,996.59,801.63,791.55,1330.53,,1125.7,587.13,677.34,1061.42,868.05,952.07
2018-08-07,986.97,798.52,795.33,1320.87,,1123.83,578.35,673.04,1060.99,849.38,948.8
2018-08-08,992.94,801.25,808.98,1315.75,,1118.65,589.25,676.96,1072.68,856.83,963.01
2018-08-09,995.09,801.66,809.44,1281.82,,1109.39,587.76,682.64,1068.69,863.82,973.93
2018-08-10,998.28,802.16,816.14,1280.84,,1122.46,602.1,686.41,1075.54,864.13,978.17
2018-08-13,1005.17,803.51,837.62,1273.29,,1144.2,616.65,690.53,1103.98,864.79,977.1
2018-08-14,1007.35,805.35,831.08,1279.21,,1139.52,609.61,695.86,1110.23,875.52,1004.69
2018-08-15,993.41,800.54,811.58,1264.88,,1130.09,586.02,679.26,1089.06,872.24,988.39
2018-08-16,992.31,801.9,816.08,1266.75,,1121.12,591.97,679.25,1091.12,870.34,1008.26
2018-08-17,991.18,802.28,810.56,1267.44,,1105.56,582.77,683.15,1092.5,870.18,999.36
2018-08-20,999.93,800.67,796.14,1268.85,,1085.12,590.08,683.96,1081.46,878.79,1014.98
2018-08-21,1013.07,804.99,813.48,1276.12,,1077.73,595.91,688.36,1087.43,889.9,1035.84
2018-08-22,1013.92,808.68,812.01,1282.11,,1095.57,590.25,694.48,1098.25,891.95,1032.28
2018-08-23,1017.93,812.57,813.28,1290.54,,1077.86,595.88,694.36,1101.2,891.42,1038.0
2018-08-24,1018.7,815.04,807.98,1290.73,,1079.02,612.13,697.17,1108.71,886.94,1033.36
2018-08-27,1017.68,818.84,819.84,1290.9,,1065.99,613.0,698.83,1121.4,883.78,1043.55
2018-08-28,1022.29,814.85,826.47,1288.8,,1062.31,619.44,705.33,1137.41,881.46,1040.82
2018-08-29,1024.1,812.18,820.34,1279.24,,1057.18,608.06,703.55,1131.89,878.16,1038.18
2018-08-30,1031.66,814.5,830.65,1284.96,,1060.07,621.13,708.9,1135.15,886.49,1046.98
2018-08-31,1027.4,814.92,824.78,1280.77,,1067.88,613.79,704.12,1139.89,883.84,1025.49
2018-09-04,1015.56,812.37,809.52,1260.32,,1063.9,608.76,680.91,1118.97,880.18,1010.58
2018-09-05,1008.62,808.86,801.96,1244.77,,1052.31,601.14,689.9,1109.06,858.81,994.95
2018-09-06,1003.68,805.1,793.49,1223.96,,1060.75,601.0,679.55,1107.5,849.32,990.34
2018-09-07,1008.48,807.99,807.9,1228.85,,1059.91,610.08,682.64,1128.76,867.09,1004.01
2018-09-10,1005.25,807.87,805.47,1245.42,,1055.92,618.59,678.16,1117.38,861.91,1004.68
2018-09-11,1021.11,814.48,817.47,1265.37,,1060.44,625.36,689.72,1132.5,882.23,1024.78
2018-09-12,1020.49,817.29,813.89,1265.22,,1061.03,637.74,688.75,1124.93,884.59,1028.6
2018-09-13,1024.86,820.68,812.98,1259.63,,1065.84,632.75,686.62,1133.04,883.25,1033.78
2018-09-14,1024.52,823.98,814.9,1263.52,,1061.77,637.82,689.93,1127.71,886.4,1039.0
2018-09-17,1023.27,827.1,805.97,1245.71,,1069.96,647.21,683.19,1126.22,897.71,1030.77
2018-09-18,1032.62,832.94,814.55,1250.88,,1069.83,650.7,691.27,1132.18,903.16,1038.82
2018-09-19,1039.58,838.49,822.71,1244.73,,1079.66,648.54,693.99,1140.39,904.11,1039.67
2018-09-20,1051.56,841.15,838.28,1246.94,,1087.33,657.79,698.62,1168.54,900.16,1039.78
2018-09-21,1050.78,841.74,847.27,1241.78,,1087.1,651.94,697.4,1176.0,902.81,1064.06
2018-09-24,1052.24,846.04,845.9,1266.31,,1084.14,671.41,705.77,1178.08,907.19,1069.27
2018-09-25,1059.54,851.27,842.38,1272.07,,1096.47,682.42,706.5,1181.66,906.92,1071.92
2018-09-26,1065.96,859.74,843.32,1274.05,,1111.47,678.02,709.41,1183.42,904.39,1066.7
2018-09-27,1073.39,865.24,845.57,1280.41,,1127.9,690.48,709.6,1195.11,910.98,1082.52
2018-09-28,1073.46,863.99,858.24,1282.38,,1115.79,684.09,706.74,1208.9,908.26,1083.77
2018-10-01,1071.02,860.07,857.1,1271.32,,1118.67,695.64,699.07,1211.75,904.51,1081.3
2018-10-02,1065.78,858.94,855.66,1287.91,,1104.06,685.93,690.38,1188.42,908.56,1081.37
2018-10-03,1069.64,861.74,859.2,1294.81,,1103.34,684.12,691.38,1188.7,906.21,1096.43
2018-10-04,1078.76,864.8,867.96,1290.69,,1085.86,696.42,692.73,1191.87,907.34,1101.94
2018-10-05,1066.09,859.48,853.59,1270.85,,1083.34,669.88,691.67,1191.24,892.6,1087.54
2018-10-08,1061.92,857.39,848.06,1248.37,,1079.61,652.43,688.84,1185.03,881.45,1093.13
2018-10-09,1059.08,857.36,839.14,1249.82,,1069.59,659.77,692.69,1180.02,870.44,1103.95
2018-10-10,1052.02,855.36,833.11,1250.79,,1069.8,651.38,694.67,1181.39,861.28,1111.84
2018-10-11,993.18,820.51,779.27,1195.99,,1043.96,613.15,664.61,1134.1,830.7,1054.09
2018-10-12,1015.09,831.24,804.69,1231.97,,1062.85,620.72,671.81,1158.37,844.32,1081.36
2018-10-15,1004.27,824.16,791.24,1225.42,,1061.41,608.58,662.98,1143.68,826.54,1063.62
2018-10-16,1012.04,831.4,802.8,1256.09,,1059.81,616.68,662.58,1155.31,828.66,1077.67
2018-10-17,1020.43,834.75,805.67,1263.98,,1058.99,624.81,669.03,1161.52,836.92,1082.22
2018-10-18,1009.77,831.69,795.07,1255.95,,1053.37,620.31,661.74,1160.12,830.27,1074.08
2018-10-19,1009.34,829.7,792.45,1251.02,,1038.65,612.38,650.59,1154.19,835.96,1068.78
2018-10-22,993.5,822.13,776.12,1251.37,,1035.15,601.03,639.48,1138.38,829.85,1054.67
2018-10-23,972.5,811.44,762.05,1241.29,,1030.42,577.22,626.49,1118.8,817.64,1022.61
2018-10-24,959.35,806.9,752.78,1237.07,,1024.12,556.04,618.79,1106.33,807.75,998.27
2018-10-25,948.91,798.27,743.14,1220.15,,1017.86,561.73,613.81,1096.46,802.73,979.4
2018-10-26,938.62,795.33,729.86,1210.17,,1016.21,553.83,613.08,1095.1,803.94,948.57
2018-10-29,931.76,791.03,720.86,1208.72,,1010.2,550.99,609.4,1090.86,799.09,927.39
2018-10-30,925.97,789.15,723.43,1195.8,,1010.59,557.02,610.61,1088.99,790.94,939.97
2018-10-31,948.03,801.65,749.55,1220.1,,1020.42,581.12,632.4,1120.58,799.91,983.67
2018-11-01,940.54,797.79,733.08,1204.96,,1024.91,569.1,628.9,1101.82,789.99,968.24
2018-11-02,953.52,806.19,747.88,1215.18,,1012.05,584.4,637.58,1110.18,812.48,990.39
2018-11-05,956.86,806.39,750.24,1220.42,,1007.46,593.43,638.21,1112.97,809.12,986.15
2018-11-06,958.54,810.72,743.0,1216.49,,1023.15,585.51,636.85,1105.97,812.32,984.01
2018-11-07,954.14,809.89,742.14,1216.03,,1009.64,579.15,630.64,1094.83,822.42,983.99
2018-11-08,962.04,810.04,742.43,1221.38,,1017.27,577.75,634.96,1092.6,825.71,974.74
2018-11-09,951.62,807.8,727.76,1219.84,,1014.48,557.69,625.2,1062.26,814.98,948.99
2018-11-12,950.87,807.9,727.93,1220.28,,1004.52,566.18,621.46,1060.4,817.24,968.34
2018-11-13,941.43,807.14,717.46,1203.66,,992.71,557.81,615.67,1049.0,807.02,956.81
2018-11-14,945.68,805.63,711.61,1206.49,,987.76,547.19,616.47,1023.55,812.77,955.86
2018-11-15,941.71,804.34,704.29,1190.19,,989.36,546.22,614.73,1008.0,811.21,949.54
2018-11-16,946.5,805.62,722.57,1173.57,,1000.15,557.46,618.87,1013.52,805.2,954.48
2018-11-19,954.42,810.53,741.91,1216.77,,1001.11,573.48,624.94,1020.28,812.04,985.11
2018-11-20,955.39,812.17,740.69,1224.59,,1009.66,570.19,627.15,1043.47,814.64,985.93
2018-11-21,956.85,813.91,746.55,1227.28,,1008.5,566.37,629.58,1045.26,822.5,990.05
2018-11-22,957.09,814.98,751.06,1230.1,,1011.5,561.15,628.71,1031.95,827.75,998.68
2018-11-23,950.04,813.01,740.34,1231.84,,1003.25,557.83,622.78,1024.33,818.78,982.33
2018-11-26,945.83,811.3,736.1,1241.8,,1000.26,556.49,621.03,1026.4,835.6,992.38
2018-11-27,942.84,807.83,728.1,1242.54,,997.23,555.55,620.33,1028.39,848.58,983.22
2018-11-28,947.08,806.84,734.17,1252.42,,996.14,558.8,625.29,1020.28,856.03,986.12
2018-11-29,944.3,802.07,731.71,1253.94,,1004.67,551.16,630.28,997.59,847.91,974.93
2018-11-30,946.65,803.65,735.94,1247.31,,1009.22,558.08,627.04,981.0,850.97,974.94
2018-12-03,966.27,809.85,767.72,1260.35,,1026.24,582.92,636.1,1018.77,875.79,1005.37
2018-12-04,970.31,812.31,769.81,1269.64,,1027.78,579.78,638.47,1017.44,889.46,1008.03
2018-12-05,967.57,812.69,770.17,1271.88,,1012.06,577.35,636.31,1029.26,874.45,1014.01
2018-12-06,971.95,810.81,770.36,1272.65,,1021.34,576.2,638.16,1016.7,870.15,1009.19
2018-12-07,976.72,814.48,773.92,1277.4,,1029.99,575.97,642.55,1016.71,881.24,1020.57
2018-12-10,969.08,814.22,765.24,1266.05,,1017.18,582.2,635.14,997.85,887.54,1014.2
2018-12-11,967.44,811.87,764.43,1269.44,,1013.37,579.41,632.24,991.94,889.0,1012.01
2018-12-12,977.1,814.14,770.01,1275.63,,1019.65,586.77,638.28,997.41,888.85,1024.98
2018-12-13,976.84,814.45,768.48,1278.14,,1018.87,585.08,637.97,1004.47,892.44,1023.23
2018-12-14,975.16,812.81,757.28,1271.66,,1018.58,581.56,633.27,993.85,888.02,1013.87
2018-12-17,955.64,802.26,733.29,1263.98,,1015.45,561.15,624.58,967.24,874.45,998.44
2018-12-18,944.79,795.44,728.81,1251.62,,1007.48,557.27,618.28,939.58,862.72,987.92
2018-12-19,940.7,791.81,725.42,1244.69,,1005.32,545.42,617.54,911.7,852.25,986.38
2018-12-20,949.48,791.39,719.57,1244.73,,1004.66,547.32,617.04,918.37,839.87,986.19
2018-12-21,948.79,791.84,722.26,1237.26,,1004.0,551.78,620.11,915.25,822.04,997.47
2018-12-24,939.23,784.97,710.48,1238.1,,993.23,541.93,620.41,923.3,833.0,993.11
2018-12-25,921.8,774.64,694.09,1233.47,,984.1,525.97,607.95,918.77,831.5,979.65
2018-12-26,918.87,773.74,692.13,1225.55,,980.97,526.12,604.62,915.51,827.99,978.16
2018-12-27,932.49,777.72,701.07,1233.08,,994.91,538.18,602.24,931.64,826.14,990.1
2018-12-28,929.79,773.39,698.05,1178.5,,1010.95,520.03,603.36,929.6,818.62,990.71
2019-01-02,912.29,767.38,687.35,1211.38,,981.55,522.94,591.78,924.34,825.26,977.59
2019-01-03,900.18,755.12,670.59,1195.93,,968.39,513.98,583.56,891.94,816.38,952.74
2019-01-04,903.33,754.02,672.66,1198.73,,958.4,527.71,581.98,896.93,818.39,960.63
2019-01-07,907.13,760.03,679.88,1203.58,,952.86,533.45,585.43,893.21,845.34,975.0
2019-01-08,905.28,759.91,675.58,1193.45,,952.19,531.5,581.71,882.27,843.12,968.05
2019-01-09,913.87,763.35,683.5,1210.65,,963.5,535.61,584.87,898.21,849.96,979.18
2019-01-10,913.36,763.22,682.2,1214.64,,945.99,538.33,584.74,905.53,850.67,985.61
2019-01-11,918.84,765.34,682.06,1217.25,,952.08,538.62,590.1,897.27,861.75,981.22
2019-01-14,914.38,764.56,677.35,1215.9,,955.3,533.32,589.55,894.85,864.67,981.62
2019-01-15,921.89,770.87,686.16,1222.71,,946.48,541.27,592.1,898.5,867.55,989.21
2019-01-16,921.96,769.79,688.83,1228.05,,954.46,544.11,587.78,900.79,859.94,983.98
2019-01-17,918.99,768.5,681.93,1216.76,,950.55,539.95,582.64,889.95,851.73,976.79
2019-01-18,917.5,768.83,682.19,1211.34,,957.18,534.55,584.28,896.01,859.3,970.81
2019-01-21,922.85,769.66,706.4,1214.29,,949.57,541.63,586.4,902.23,858.06,973.98
2019-01-22,930.7,768.45,705.5,1210.91,,953.95,534.86,581.28,901.21,858.62,970.39
2019-01-23,934.56,768.36,712.54,1215.12,,951.97,532.84,581.81,909.1,857.22,968.84
2019-01-24,934.39,771.86,720.41,1216.43,,945.17,536.87,585.88,906.73,859.83,970.05
2019-01-25,931.64,773.14,719.73,1216.57,,946.46,539.51,592.7,902.58,861.64,971.22
2019-01-28,931.53,768.04,713.89,1223.3,,945.03,543.18,592.27,903.3,864.63,979.17
2019-01-29,936.31,767.88,722.77,1225.72,,950.2,543.48,590.11,904.27,865.34,990.51
2019-01-30,935.62,770.33,722.72,1224.14,,943.16,541.73,592.56,890.02,860.83,979.63
2019-01-31,937.7,771.07,727.96,1222.78,,955.58,545.22,592.47,864.55,856.09,979.24
2019-02-01,948.98,778.93,731.88,1191.71,,962.28,543.13,596.1,857.32,857.56,979.96
2019-02-11,962.11,785.01,745.57,1220.6,,968.39,553.91,606.05,891.96,869.66,998.3
2019-02-12,975.76,789.38,752.75,1246.82,,973.46,549.22,609.26,908.3,881.29,999.81
2019-02-13,984.6,795.76,758.06,1249.96,,978.83,564.0,610.82,942.16,890.62,1013.42
2019-02-14,985.78,797.15,752.65,1281.13,,996.31,559.69,609.67,946.11,896.85,1008.56
2019-02-15,988.06,796.38,749.42,1271.65,,1013.76,563.55,607.61,957.77,897.78,1008.67
2019-02-18,999.82,798.47,753.29,1288.73,,1040.83,578.12,611.17,968.53,906.92,1011.72
2019-02-19,989.58,791.7,747.94,1315.65,,1041.38,565.58,610.05,956.64,910.68,1017.01
2019-02-20,989.76,791.25,749.92,1333.31,,1025.06,564.4,609.06,965.77,910.91,1019.91
2019-02-21,989.35,790.01,751.26,1376.86,,1034.51,565.82,607.78,972.91,940.45,1022.6
2019-02-22,992.18,788.21,757.61,1361.19,,1056.33,568.25,610.98,996.35,938.34,1029.64
2019-02-25,1001.63,792.23,766.56,1350.94,,1092.16,567.25,618.96,1018.66,955.37,1038.9
2019-02-26,1008.89,793.7,759.3,1349.83,,1113.69,560.91,619.47,1015.32,934.07,1029.16
2019-02-27,1019.01,795.39,756.01,1362.58,,1139.02,562.22,624.65,1013.5,940.28,1030.7
2019-02-28,1005.87,791.24,739.03,1312.67,,1159.72,559.44,610.54,995.47,910.29,1016.16
2019-03-01,1018.55,803.18,747.02,1341.71,,1171.65,563.16,613.83,1014.86,913.8,1031.07
2019-03-04,1029.47,812.58,757.91,1367.93,,1172.63,586.44,616.12,1042.53,921.56,1047.95
2019-03-05,1028.36,815.66,754.98,1356.3,,1179.1,585.23,613.95,1038.79,919.58,1038.5
2019-03-06,1033.98,826.04,754.26,1361.89,,1198.86,603.49,619.42,1036.82,918.24,1042.24
2019-03-07,1027.2,825.87,755.32,1370.22,,1205.09,594.82,619.05,1013.94,912.34,1037.14
2019-03-08,1013.7,822.19,746.48,1359.52,,1198.95,587.67,614.14,1007.83,902.48,1029.11
2019-03-11,1016.15,827.25,745.95,1365.18,,1202.02,584.23,615.93,1008.86,903.8,1038.32
2019-03-12,1024.69,831.97,761.56,1386.81,,1205.55,594.79,619.22,1011.33,909.03,1049.75
2019-03-13,1024.43,835.53,770.63,1391.59,,1201.29,590.85,619.13,1020.07,908.31,1062.17
2019-03-14,1028.33,840.76,770.88,1401.11,,1204.1,587.66,620.67,1018.73,905.08,1062.57
2019-03-15,1023.86,838.62,769.47,1391.6,,1206.45,591.83,618.78,970.5,898.01,1062.33
2019-03-18,1027.2,845.46,776.72,1409.1,,1198.61,599.85,621.02,973.66,899.22,1067.58
2019-03-19,1018.95,844.4,769.25,1402.47,,1191.36,600.05,618.18,970.66,897.03,1061.9
2019-03-20,1016.84,847.48,767.31,1383.57,,1193.38,594.53,619.02,977.78,898.2,1058.88
2019-03-21,999.35,838.05,752.65,1339.18,,1185.46,569.25,610.83,970.66,887.51,1049.14
2019-03-22,998.86,834.93,754.57,1361.03,,1190.46,574.33,611.28,969.8,887.88,1046.58
2019-03-25,976.89,823.28,736.73,1322.72,,1175.11,559.81,599.99,953.76,881.95,1012.05
2019-03-26,983.0,822.84,737.69,1318.75,,1153.15,570.69,602.28,959.03,884.82,1014.95
2019-03-27,989.37,830.12,744.31,1327.7,,1177.17,569.75,604.95,976.43,889.17,1019.94
2019-03-28,994.64,831.89,740.42,1348.96,,1189.77,573.68,605.18,977.88,884.38,1020.57
2019-03-29,993.38,833.98,740.94,1346.53,,1194.21,573.5,603.12,973.46,880.54,1025.34
2019-04-01,999.39,833.31,742.34,1360.63,,1184.88,577.56,601.08,968.63,901.77,1021.94
2019-04-02,1000.23,833.13,736.71,1358.26,,1188.2,579.3,602.13,970.68,902.5,1022.96
2019-04-03,1004.56,834.32,735.96,1349.0,,1188.56,589.9,601.22,972.76,899.5,1023.12
2019-04-04,1008.67,842.35,740.29,1351.04,,1200.02,590.43,600.9,980.07,899.86,1027.74
2019-04-05,1014.55,844.41,738.75,1358.88,,1192.94,596.94,602.94,982.82,894.84,1029.52
2019-04-08,1017.95,843.7,740.37,1368.89,,1192.33,615.43,596.93,983.8,898.77,1030.64
2019-04-09,1007.8,837.77,740.67,1344.85,,1191.68,603.58,594.73,973.87,888.06,1026.09
2019-04-10,998.38,836.15,731.77,1334.18,,1192.87,604.24,590.5,968.99,886.5,1014.81
2019-04-11,1000.28,840.29,730.15,1352.13,,1187.75,593.01,591.47,969.72,890.99,1017.01
2019-04-12,1001.68,843.2,724.92,1344.62,,1190.52,595.96,591.35,972.48,890.24,1015.68
2019-04-16,996.01,839.88,719.43,1328.95,,1183.5,595.3,588.21,963.48,892.8,1005.68
2019-04-17,985.7,831.89,720.46,1306.56,,1179.77,591.89,584.35,954.06,889.47,1004.77
2019-04-18,972.83,826.32,713.22,1298.18,,1157.06,580.58,581.05,943.85,878.26,995.65
2019-04-19,978.7,828.98,713.82,1305.83,,1164.96,583.71,584.1,953.87,877.68,1001.11
2019-04-22,969.95,820.36,706.91,1315.82,,1160.73,588.14,579.06,954.74,866.38,1003.09
2019-04-23,971.6,821.74,707.04,1321.77,,1163.56,587.7,580.25,957.15,855.91,1007.51
2019-04-24,978.04,827.29,715.96,1334.01,,1160.64,585.81,582.92,989.19,865.41,1011.64
2019-04-25,974.23,825.67,709.77,1332.88,,1164.18,586.73,582.71,982.95,863.81,1012.0
2019-04-26,979.06,826.05,711.72,1346.2,,1176.6,584.9,585.12,994.0,864.32,1021.65
2019-05-02,974.99,823.75,707.79,1343.3,,1188.23,594.97,588.7,1003.07,870.2,1033.79
2019-05-03,972.02,819.84,712.09,1333.06,,1177.21,589.71,588.58,1004.27,873.21,1030.26
2019-05-06,955.05,813.21,696.21,1315.2,,1181.06,572.82,581.15,983.84,860.06,1016.09
2019-05-07,957.18,814.28,690.59,1310.09,,1171.49,586.57,580.16,986.36,864.66,1018.45
2019-05-08,952.22,814.13,688.54,1299.31,,1160.88,596.86,578.04,977.89,858.34,1014.23
2019-05-09,952.14,810.2,689.44,1295.81,,1172.59,594.83,576.85,971.28,859.21,1015.45
2019-05-10,959.62,812.94,696.71,1296.66,,1176.66,606.59,577.5,973.15,867.22,1022.82
2019-05-13,967.38,814.01,698.86,1307.29,,1174.42,603.79,580.85,956.75,880.44,1028.12
2019-05-14,969.57,814.46,696.55,1309.6,,1167.08,625.82,584.41,964.8,887.62,1032.23
2019-05-15,980.99,819.53,710.12,1328.81,,1158.06,619.91,589.46,966.65,891.57,1045.27
2019-05-16,981.84,816.79,707.81,1340.67,,1157.63,616.32,589.01,964.72,890.88,1041.7
2019-05-17,979.32,818.72,705.66,1335.31,,1150.79,618.62,591.68,962.77,890.03,1043.56
2019-05-20,985.54,821.13,712.13,1341.66,,1144.82,629.1,593.45,973.64,902.41,1071.56
2019-05-21,983.11,822.9,713.79,1339.02,,1149.1,627.77,592.38,975.59,893.76,1069.2
2019-05-22,981.46,822.81,712.01,1335.21,,1150.27,620.11,590.88,977.76,886.31,1072.64
2019-05-23,985.41,823.32,708.82,1332.84,,1135.59,616.89,588.65,977.61,885.78,1077.73
2019-05-24,979.56,819.61,698.99,1313.69,,1150.31,603.15,589.71,964.61,873.34,1074.08
2019-05-27,980.1,818.68,702.36,1314.63,,1152.13,601.25,590.02,965.95,890.14,1066.9
2019-05-28,983.82,820.0,698.88,1303.96,,1153.05,612.8,598.3,964.03,878.52,1075.87
2019-05-29,982.42,821.72,694.04,1310.99,,1144.87,605.19,594.03,975.26,882.58,1063.52
2019-05-30,979.73,821.49,698.0,1308.65,,1150.07,602.28,596.01,964.37,874.22,1061.96
2019-05-31,967.24,814.37,690.11,1301.58,,1155.27,583.06,591.94,960.91,867.3,1039.65
2019-06-03,951.87,802.08,678.4,1287.87,,1136.26,561.66,583.03,943.03,859.06,1021.78
2019-06-04,950.9,805.07,676.03,1291.3,,1143.22,567.26,581.39,944.18,862.0,1028.16
2019-06-05,954.02,810.29,674.4,1298.86,,1152.88,567.97,582.37,932.9,858.35,1039.8
2019-06-06,953.28,807.92,675.23,1297.93,,1153.78,571.64,581.36,904.17,854.83,1038.8
2019-06-07,963.69,814.73,680.66,1315.24,,1153.75,584.52,585.01,914.12,858.13,1057.38
2019-06-10,968.03,818.24,682.65,1319.61,,1143.62,582.07,589.78,915.23,861.05,1062.47
2019-06-11,973.8,816.8,685.5,1316.4,,1136.85,580.43,591.15,918.68,851.6,1066.58
2019-06-12,969.06,814.63,681.23,1301.82,,1123.28,571.73,588.28,919.27,848.53,1064.17
2019-06-13,967.59,815.6,680.48,1297.17,,1109.96,573.26,583.18,916.48,839.63,1050.26
2019-06-14,967.35,815.42,684.62,1299.31,,1098.61,566.73,583.9,914.72,840.75,1045.3
2019-06-17,961.09,812.6,680.68,1279.06,,1085.58,565.44,577.65,898.83,838.92,1030.21
2019-06-18,955.5,811.83,673.15,1273.44,,1070.32,560.51,572.8,915.03,832.52,1029.96
2019-06-19,961.03,813.5,673.05,1286.87,,1071.68,567.15,575.13,935.83,838.01,1033.99
2019-06-20,961.03,813.5,673.05,1286.87,,1071.68,567.15,575.13,935.83,838.01,1033.99
2019-06-21,961.03,813.5,673.05,1286.87,,1071.68,567.15,575.13,935.83,838.01,1033.99
2019-06-24,964.69,815.29,692.61,1297.93,,1089.08,579.91,583.97,921.82,841.88,1057.31
2019-06-25,966.13,812.71,689.68,1298.16,,1088.92,578.1,584.8,913.35,844.45,1056.22
2019-06-26,963.04,813.93,680.87,1299.16,,1093.46,585.46,585.81,908.03,848.45,1064.36
2019-06-27,956.6,809.47,674.65,1281.08,,1103.95,575.83,582.08,896.0,835.77,1050.03
2019-06-28,964.01,810.87,679.87,1292.3,,1119.66,577.41,590.12,922.41,840.42,1070.01
2019-07-01,968.52,817.63,690.42,1310.69,,1104.62,584.73,589.6,914.62,854.22,1082.67
2019-07-02,965.55,816.36,686.62,1304.78,,1113.64,583.73,591.68,901.46,851.09,1088.49
2019-07-03,965.11,818.6,682.13,1301.97,,1107.62,577.77,594.34,889.12,855.02,1085.49
2019-07-04,971.79,820.13,693.57,1323.18,,1117.18,579.83,597.77,894.55,859.16,1088.72
2019-07-05,972.83,822.06,692.74,1333.97,,1102.03,579.16,597.08,894.83,859.75,1088.07
2019-07-08,972.04,820.14,686.28,1318.48,,1097.98,580.61,593.91,879.77,852.68,1075.88
2019-07-09,973.6,823.73,685.76,1322.52,,1098.86,585.76,595.3,870.4,854.82,1091.14
2019-07-10,973.69,825.13,686.17,1327.07,,1101.09,591.65,601.62,870.15,855.97,1098.3
2019-07-11,975.53,826.55,693.92,1327.69,,1101.63,594.22,601.41,873.25,854.75,1096.08
2019-07-12,973.73,825.45,689.11,1320.54,,1100.29,594.5,599.01,882.15,848.65,1098.45
2019-07-15,972.8,827.08,694.35,1307.63,,1095.05,596.54,598.46,871.2,839.84,1118.62
2019-07-16,969.25,824.49,699.04,1325.2,,1080.15,591.98,601.78,874.98,843.83,1124.6
2019-07-17,974.84,824.17,700.54,1324.03,,1082.15,593.61,599.89,866.48,849.11,1119.55
2019-07-18,973.54,822.64,694.71,1316.14,,1066.31,592.06,595.81,856.52,836.99,1130.87
2019-07-19,974.15,822.95,703.77,1329.31,,1080.99,585.24,598.74,847.5,846.41,1146.83
2019-07-22,969.02,816.63,697.81,1326.56,,1073.76,575.94,598.53,849.89,843.97,1160.84
2019-07-23,969.32,815.5,700.1,1349.75,,1070.54,573.96,600.34,872.98,844.69,1176.3
2019-07-24,967.56,813.58,694.88,1360.56,,1059.71,579.71,602.23,868.83,846.53,1164.34
2019-07-25,968.94,816.96,691.43,1372.31,,1064.84,579.59,604.89,890.8,846.82,1171.56
2019-07-26,965.32,817.13,689.45,1366.65,,1066.42,584.58,603.33,893.4,842.55,1163.47
2019-07-29,962.18,814.35,691.54,1375.2,,1065.74,592.03,603.0,881.35,838.71,1155.35
2019-07-30,955.64,808.59,685.46,1346.14,,1059.75,587.89,599.47,862.42,837.8,1135.34
2019-07-31,957.15,807.64,683.93,1363.69,,1049.52,600.59,600.14,889.79,836.1,1155.84
2019-08-01,962.41,810.14,681.6,1389.53,,1041.69,597.09,600.05,893.2,840.96,1173.66
2019-08-02,960.08,816.38,681.96,1377.71,,1036.67,588.69,599.86,889.83,836.66,1182.28
2019-08-05,957.94,817.21,675.57,1329.46,,1043.72,583.99,598.71,879.83,824.48,1193.66
2019-08-06,950.15,814.93,668.74,1329.15,,1038.67,565.02,595.57,867.65,813.16,1204.49
2019-08-07,949.9,815.89,666.53,1323.07,,1040.12,569.85,595.57,875.59,815.5,1235.59
2019-08-08,958.32,822.17,670.37,1347.15,,1034.21,590.43,602.74,908.85,815.27,1225.16
2019-08-09,964.85,821.19,674.18,1341.1,,1032.32,590.67,603.84,905.57,816.89,1240.04
2019-08-12,963.5,819.64,674.37,1340.95,,1035.5,586.65,607.91,916.48,814.86,1247.48
2019-08-13,957.86,815.9,675.36,1324.98,,1046.83,568.56,601.57,910.67,804.16,1253.08
2019-08-14,957.58,816.87,677.91,1327.24,,1043.56,566.75,600.14,910.01,807.18,1253.65
2019-08-15,956.6,818.03,685.46,1347.25,,1032.65,566.15,600.4,904.68,823.22,1264.92
2019-08-16,963.73,818.79,691.61,1349.89,,1033.56,575.78,603.46,900.69,830.29,1247.81
2019-08-19,963.9,821.99,687.03,1354.65,,1036.39,585.55,602.62,899.48,833.3,1247.72
2019-08-20,968.99,828.62,687.57,1363.68,,1036.83,590.22,604.91,896.62,830.02,1265.43
2019-08-21,969.01,828.9,695.0,1373.41,,1042.84,612.1,605.52,905.79,829.66,1264.59
2019-08-22,969.36,831.12,695.88,1391.3,,1045.8,617.08,605.86,903.45,831.26,1243.81
2019-08-23,966.57,830.99,696.61,1377.99,,1073.21,625.06,608.74,912.01,824.83,1232.12
2019-08-26,961.91,831.17,692.61,1373.13,,1128.78,614.88,605.05,892.28,811.49,1231.0
2019-08-27,963.79,828.7,694.24,1362.05,,1168.59,625.57,605.29,881.47,803.01,1214.53
2019-08-28,963.51,825.33,693.36,1364.09,,1165.63,622.24,604.48,873.9,805.84,1206.67
2019-08-29,968.74,823.87,692.87,1366.4,,1162.65,620.55,606.4,870.93,820.72,1212.64
2019-08-30,973.33,822.74,693.74,1375.24,,1165.44,620.05,609.28,875.83,821.93,1223.15
2019-09-03,959.18,813.36,688.57,1368.18,,1155.01,599.73,605.17,858.43,821.65,1219.91
2019-09-04,958.59,811.84,688.07,1369.78,,1128.2,610.64,600.09,856.14,820.68,1216.81
2019-09-05,957.66,810.57,691.27,1366.71,,1135.58,611.24,600.9,858.23,813.47,1206.95
2019-09-06,957.97,809.09,691.59,1363.19,,1139.1,609.85,601.77,850.73,815.31,1205.2
2019-09-09,955.67,803.45,686.38,1365.47,,1141.82,610.74,604.11,845.13,822.37,1194.68
2019-09-10,952.47,795.54,682.77,1360.01,,1172.05,595.22,602.61,844.83,822.47,1177.04
2019-09-11,957.38,800.24,685.84,1353.5,,1170.95,597.37,605.62,864.79,819.46,1187.35
2019-09-12,964.19,805.63,694.43,1358.63,,1236.59,607.33,614.05,878.54,816.01,1199.83
2019-09-13,970.0,807.52,707.14,1367.79,,1234.52,610.71,618.6,880.0,816.69,1238.22
2019-09-16,975.23,809.13,707.35,1374.58,,1238.84,616.77,623.6,880.29,817.18,1245.75
2019-09-17,980.54,809.68,706.23,1387.59,,1230.97,624.66,624.11,881.31,826.12,1244.4
2019-09-18,979.95,808.32,708.31,1382.77,,1227.79,617.6,624.37,889.06,833.59,1238.94
2019-09-19,980.87,810.35,718.39,1379.7,,1222.48,615.1,624.16,888.53,831.18,1256.83
2019-09-20,975.45,809.75,716.62,1362.19,,1234.19,617.48,622.39,882.27,825.71,1267.34
2019-09-23,970.5,801.87,711.94,1356.68,,1233.54,616.37,619.61,862.56,833.96,1249.97
2019-09-24,974.35,801.97,712.48,1363.65,,1263.12,610.16,619.34,866.78,840.7,1240.51
2019-09-25,975.63,805.35,714.64,1361.44,,1296.94,613.58,620.61,859.37,837.66,1258.24
2019-09-26,980.81,804.76,722.95,1352.65,,1304.69,606.35,621.34,869.86,850.85,1255.85
2019-09-27,982.33,801.42,728.9,1362.24,,1322.11,611.75,622.41,866.33,853.57,1269.63
2019-09-30,983.22,801.07,730.11,1362.95,,1337.52,611.4,623.42,862.06,849.1,1255.81
2019-10-01,987.03,805.01,738.89,1361.77,,1330.65,600.09,625.11,863.25,843.63,1259.14
2019-10-02,983.87,799.76,737.71,1348.11,,1321.49,591.97,622.57,859.08,836.46,1248.69
2019-10-03,985.27,805.21,738.49,1349.87,,1331.44,597.65,623.2,856.66,845.45,1251.18
2019-10-04,982.29,807.57,731.08,1348.05,,1282.75,582.04,623.2,854.65,841.13,1240.3
2019-10-07,976.07,804.13,722.63,1337.58,,1304.49,577.29,621.18,850.24,841.47,1223.23
2019-10-08,977.67,804.85,733.99,1336.61,,1321.86,577.36,621.9,865.35,841.03,1234.57
2019-10-09,977.75,803.53,734.77,1338.67,,1368.31,577.92,620.59,867.21,832.25,1237.15
2019-10-10,977.96,799.65,734.4,1337.52,,1357.22,583.0,619.35,857.74,832.81,1237.28
2019-10-11,978.82,801.52,735.84,1342.35,,1360.35,584.77,622.96,858.6,837.97,1239.59
2019-10-14,979.85,801.58,744.58,1338.09,,1368.72,578.94,623.98,857.68,840.23,1246.08
2019-10-15,980.84,801.69,747.09,1336.61,,1361.52,577.9,622.93,856.47,841.87,1250.34
2019-10-16,978.78,801.23,748.69,1334.38,,1369.07,576.27,619.34,854.77,848.85,1254.29
2019-10-17,981.06,799.23,744.39,1327.44,,1363.3,573.4,616.32,858.33,849.46,1247.35
2019-10-18,979.6,799.47,741.99,1329.93,,1344.9,569.51,617.26,855.97,852.87,1246.61
2019-10-21,975.84,797.86,734.22,1327.71,,1346.94,565.55,616.82,849.67,852.43,1243.9
2019-10-22,973.54,799.28,736.62,1326.44,,1337.28,563.67,620.17,859.55,848.77,1247.67
2019-10-23,970.82,797.87,738.08,1328.14,,1334.32,558.74,620.73,866.94,850.61,1246.14
2019-10-24,977.43,796.93,739.8,1332.85,,1314.6,565.24,623.24,872.44,852.45,1275.58
2019-10-25,974.75,796.01,742.35,1331.32,,1305.29,569.05,624.34,866.01,857.84,1275.46
2019-10-28,976.69,797.76,740.95,1332.43,,1301.68,573.17,621.67,875.62,856.35,1273.26
2019-10-29,972.95,794.37,736.66,1339.29,,1292.26,573.46,619.15,874.08,856.23,1264.66
2019-10-30,978.12,793.6,739.63,1355.07,,1322.64,578.03,623.62,868.96,848.5,1253.61
2019-10-31,968.48,788.69,738.79,1349.85,,1304.5,574.4,619.93,862.6,840.57,1250.91
2019-11-01,969.88,786.32,741.49,1396.18,,1304.5,577.11,620.98,866.67,852.6,1253.74
2019-11-04,971.03,785.26,753.61,1397.14,,1318.22,575.5,620.3,861.39,848.71,1264.74
2019-11-05,974.29,788.05,760.05,1406.61,,1331.56,588.56,619.47,865.64,840.47,1260.05
2019-11-06,976.31,789.6,759.78,1412.8,,1362.56,587.94,616.87,870.27,844.25,1254.9
2019-11-07,975.09,789.48,761.99,1407.74,,1357.5,585.54,616.28,886.77,841.8,1257.54
2019-11-08,974.28,789.84,765.44,1400.28,,1365.12,580.98,614.69,886.42,842.59,1256.27
2019-11-11,971.07,788.78,763.24,1392.98,,1374.17,578.24,613.78,885.45,836.44,1237.59
2019-11-12,972.22,791.95,762.23,1391.36,,1356.23,582.12,615.52,893.63,830.63,1240.92
2019-11-13,970.09,790.63,758.19,1384.45,,1373.24,574.64,615.4,882.4,820.38,1228.99
2019-11-14,969.07,788.13,752.62,1386.73,,1431.23,576.75,613.98,880.76,823.33,1207.54
2019-11-15,966.22,785.87,751.99,1387.42,,1483.13,583.04,613.94,879.3,810.43,1216.05
2019-11-18,962.76,785.39,744.45,1378.84,,1476.42,584.92,614.76,885.3,801.89,1207.58
2019-11-19,966.82,785.89,750.19,1376.76,,1420.95,585.68,617.25,882.63,814.61,1215.92
2019-11-20,969.82,786.51,741.55,1371.84,,1451.42,579.02,617.8,873.64,810.7,1204.65
2019-11-21,966.92,788.31,721.86,1362.27,,1419.52,576.29,612.93,861.28,796.81,1180.78
2019-11-22,954.84,777.87,715.63,1356.03,,1415.3,565.06,608.49,859.28,789.16,1165.54
2019-11-25,948.68,776.96,717.1,1348.0,,1406.34,560.29,607.38,861.91,795.31,1167.61
2019-11-26,949.88,781.06,720.4,1345.56,,1422.44,559.82,609.31,871.26,795.05,1176.7
2019-11-27,952.1,783.14,718.02,1347.34,,1422.89,560.65,608.47,871.04,791.3,1171.91
2019-11-28,947.36,781.68,708.1,1338.14,,1416.65,556.62,608.11,868.43,788.3,1144.59
2019-11-29,950.38,784.96,709.85,1344.76,,1435.15,561.68,609.37,877.14,785.02,1144.15
2019-12-02,941.91,778.42,694.89,1336.17,,1424.22,550.88,606.64,878.83,771.17,1134.57
2019-12-03,939.28,777.51,688.03,1334.69,,1433.54,541.27,604.86,892.76,753.95,1143.31
2019-12-04,945.22,782.03,711.35,1340.14,,1436.79,549.12,606.3,894.18,760.02,1170.62
2019-12-05,943.48,782.92,707.48,1345.33,,1427.45,546.17,605.21,884.03,755.95,1155.8
2019-12-06,945.06,784.8,706.47,1347.48,,1490.7,546.53,604.44,904.36,751.78,1156.81
2019-12-09,945.38,788.5,701.67,1349.26,,1488.56,539.58,603.56,916.33,756.56,1160.22
2019-12-10,940.02,785.63,694.85,1343.08,,1481.21,534.38,600.1,920.46,747.56,1160.09
2019-12-11,938.24,789.12,701.16,1343.82,,1448.41,528.85,602.38,921.36,747.31,1170.37
2019-12-12,944.73,791.38,709.59,1345.41,,1448.91,537.96,607.35,916.81,755.13,1171.05
2019-12-13,941.6,792.08,710.94,1330.14,,1406.71,542.06,604.8,906.16,749.06,1166.11
2019-12-16,942.81,796.4,707.22,1321.91,,1389.75,545.81,604.36,904.99,749.13,1167.65
2019-12-17,936.36,796.05,699.33,1312.83,,1405.41,542.67,601.74,885.45,741.97,1161.62
2019-12-18,929.53,793.14,697.29,1299.54,,1406.41,546.21,600.57,867.92,747.77,1138.41
2019-12-19,924.84,792.11,692.57,1301.38,,1406.32,547.38,597.56,874.15,749.07,1139.23
2019-12-20,922.58,797.66,701.48,1306.76,,1403.48,546.22,594.55,880.52,750.5,1144.27
2019-12-23,923.81,796.33,707.93,1305.6,,1387.14,540.46,597.69,878.67,736.45,1148.24
2019-12-24,924.12,797.2,705.54,1305.9,,1401.5,540.58,598.09,883.3,743.87,1145.72
2019-12-25,928.13,797.41,707.4,1307.05,,1373.67,538.96,600.09,881.64,743.87,1164.53
2019-12-26,927.94,792.54,705.98,1311.55,,1368.53,543.43,596.24,876.19,743.28,1159.73
2019-12-27,929.61,788.73,710.04,1314.86,,1368.5,546.07,594.05,890.43,746.1,1163.36
2019-12-30,929.53,781.94,715.35,1323.94,,1355.43,552.37,593.24,892.88,739.76,1164.07
2019-12-31,928.87,780.61,716.52,1319.96,,1363.52,550.16,593.81,887.06,738.01,1161.58
2020-01-02,931.18,781.32,725.53,1317.82,1136.3,1374.6,548.04,596.72,902.54,743.48,1184.12
2020-01-03,930.37,778.41,721.29,1317.05,1118.06,1383.78,546.95,595.64,904.09,746.36,1173.74
2020-01-06,928.85,767.2,709.08,1298.94,1107.14,1365.82,562.61,591.77,898.0,740.35,1167.13
2020-01-07,928.73,764.93,713.18,1303.09,1127.13,1359.21,556.54,591.13,888.54,746.17,1176.94
2020-01-08,913.99,752.0,704.17,1283.2,1102.82,1338.6,551.65,581.06,878.61,743.96,1150.68
2020-01-09,920.83,754.93,717.52,1298.82,1117.13,1342.9,541.66,585.33,897.42,746.89,1166.26
2020-01-10,922.47,751.17,729.91,1302.57,1115.69,1320.6,537.79,585.77,902.56,749.06,1176.06
2020-01-13,920.15,746.2,724.27,1306.88,1108.31,1317.63,531.82,583.95,903.03,743.61,1173.44
2020-01-14,928.83,744.76,727.33,1310.51,1106.4,1318.03,526.94,588.1,923.0,743.86,1170.4
2020-01-15,933.09,744.31,729.51,1306.71,1107.16,1320.36,525.23,590.42,929.66,743.5,1172.84
2020-01-16,934.75,744.38,740.64,1305.62,1125.31,1300.07,527.63,589.4,935.79,743.81,1183.12
2020-01-17,932.44,741.81,746.68,1302.74,1118.15,1299.73,523.15,593.55,927.9,742.94,1189.72
2020-01-20,929.07,740.77,748.52,1298.99,1114.46,1307.23,517.66,591.49,940.15,743.28,1206.48
2020-01-21,935.39,744.02,763.06,1308.71,1079.09,1314.11,522.49,593.82,951.34,750.94,1212.35
2020-01-22,942.66,752.97,765.12,1317.65,1098.32,1328.66,524.15,594.33,967.65,750.73,1213.43
2020-01-30,922.78,744.89,734.58,1295.77,1063.16,1353.83,504.41,577.4,935.43,719.97,1167.3
2020-01-31,896.47,730.48,716.0,1285.6,1011.62,1410.71,480.0,552.45,895.36,684.26,1130.48
2020-02-03,876.59,710.51,713.21,1274.41,999.41,1402.16,459.5,536.47,901.83,679.2,1109.71
2020-02-04,872.09,704.66,726.06,1270.8,1006.48,1351.58,453.11,538.81,902.26,662.96,1103.99
2020-02-05,875.18,708.08,729.47,1268.99,1009.12,1332.56,461.56,536.67,897.82,665.87,1101.39
2020-02-06,892.24,720.42,754.13,1281.78,1040.01,1325.2,474.08,541.97,922.84,671.07,1119.71
2020-02-07,894.38,722.0,749.21,1290.21,1034.9,1303.97,472.57,549.51,901.17,683.42,1113.64
2020-02-10,890.9,717.71,736.47,1279.3,1022.6,1322.04,467.63,546.89,899.7,677.7,1092.04
2020-02-11,895.63,723.58,747.36,1280.68,1040.95,1312.51,476.64,550.44,881.44,671.02,1097.86
2020-02-12,906.11,733.53,756.63,1277.06,1050.08,1316.68,479.7,556.04,889.7,674.26,1118.42
2020-02-13,907.1,739.75,758.44,1277.04,1053.36,1305.1,481.09,558.72,887.05,674.39,1116.27
2020-02-14,908.22,741.43,767.32,1272.55,1060.23,1296.07,479.27,556.49,887.25,671.74,1111.72
2020-02-17,904.87,742.6,772.2,1257.98,1055.04,1243.65,480.01,556.45,887.9,673.33,1108.87
2020-02-18,906.14,745.51,771.89,1235.44,1088.05,1232.55,477.44,556.75,876.69,663.98,1122.84
2020-02-19,906.28,752.6,770.91,1237.17,1082.57,1225.42,476.97,559.2,876.47,669.12,1139.17
2020-02-20,911.57,757.27,773.04,1268.57,1084.87,1280.27,479.77,560.5,895.45,671.34,1143.34
2020-02-21,908.18,751.56,767.47,1263.12,1065.11,1216.04,473.88,557.58,889.08,683.89,1137.54
2020-02-24,875.69,725.18,728.5,1229.67,1020.35,1153.3,452.6,541.62,858.23,668.35,1100.88
2020-02-25,879.63,726.65,749.71,1227.01,1048.27,1167.87,454.32,539.02,871.08,673.88,1107.95
2020-02-26,869.77,720.13,745.61,1211.48,1064.96,1181.44,446.45,530.72,859.86,659.47,1101.22
2020-02-27,873.28,728.52,754.79,1211.46,1084.26,1199.7,454.1,527.79,867.0,668.07,1114.87
2020-02-28,859.57,717.55,738.39,1203.18,1066.24,1192.27,449.58,518.75,848.26,650.53,1096.58
2020-03-02,862.68,719.55,743.99,1205.14,1076.99,1190.32,445.18,517.51,848.18,652.81,1095.46
2020-03-03,872.51,728.41,747.72,1208.32,1082.82,1179.82,444.68,523.29,850.69,656.3,1097.08
2020-03-04,877.61,732.59,750.06,1210.96,1075.73,1179.64,448.09,524.71,854.69,653.98,1093.88
2020-03-05,877.69,733.59,750.83,1214.24,1058.79,1186.96,449.7,525.4,854.43,656.51,1091.02
2020-03-06,877.3,736.13,748.25,1212.14,1048.27,1190.3,444.86,520.81,854.41,659.93,1075.2
2020-03-09,826.13,698.52,700.4,1135.13,976.37,1156.78,415.42,489.72,798.63,620.38,1003.98
2020-03-10,826.17,699.41,703.42,1139.2,1002.67,1153.38,395.31,489.31,821.66,639.39,989.09
2020-03-11,805.06,684.43,666.89,1129.07,982.12,1156.17,371.33,469.2,785.85,630.21,930.63
2020-03-12,764.82,657.79,626.05,1070.58,928.99,1130.63,346.24,443.4,740.86,621.67,870.27
2020-03-13,749.76,649.1,626.83,1073.09,927.54,1122.23,333.69,435.36,734.32,611.74,844.92
2020-03-16,743.84,650.46,599.48,1063.81,916.31,1137.12,335.28,432.24,734.84,604.07,814.28
2020-03-17,756.13,657.47,610.48,1034.72,932.34,1138.26,346.12,442.62,739.46,597.78,820.73
2020-03-18,760.08,667.98,611.57,1034.48,930.44,1136.64,353.81,448.19,753.87,592.91,831.68
2020-03-19,745.98,653.83,592.3,1025.87,916.74,1129.71,337.2,435.21,735.2,565.3,800.06
2020-03-20,739.19,646.55,590.76,969.81,916.67,1146.35,344.4,439.36,716.32,567.8,809.87
2020-03-23,700.05,611.41,554.88,913.51,853.25,1111.74,321.17,410.5,669.57,537.18,755.76
2020-03-24,696.84,610.14,552.37,866.96,854.7,1117.86,318.26,410.96,662.38,544.5,737.04
2020-03-25,714.6,620.91,573.55,914.73,884.97,1160.51,336.11,418.4,685.41,568.37,778.66
2020-03-26,700.83,611.06,557.62,949.42,852.21,1137.66,329.35,411.66,660.02,578.1,742.69
2020-03-27,693.45,601.52,549.23,968.64,832.23,1116.32,326.03,408.85,639.22,581.1,708.53
2020-03-30,669.23,578.2,517.11,916.39,781.92,1093.68,301.35,399.3,634.35,564.37,667.88
2020-03-31,658.37,571.92,505.84,920.74,794.12,1085.94,300.88,398.41,645.73,562.81,657.19
2020-04-01,669.6,585.31,524.76,935.2,816.97,1087.88,316.08,407.45,663.1,576.55,680.05
2020-04-03,682.34,600.01,539.34,972.0,861.0,1134.81,328.73,413.99,679.34,588.28,719.71
2020-04-06,710.9,618.05,570.43,1027.31,916.66,1157.16,338.63,426.22,718.41,605.96,765.04
2020-04-07,718.53,619.23,577.31,1048.97,915.93,1188.34,337.46,427.4,721.1,621.66,797.85
2020-04-08,723.73,623.34,570.66,1052.87,906.99,1183.59,339.98,428.31,714.87,628.36,791.8
2020-04-09,734.69,631.72,578.53,1057.78,912.08,1188.63,353.65,435.96,719.7,640.15,804.03
2020-04-10,730.78,633.07,570.09,1053.95,899.2,1181.4,354.48,444.28,721.39,633.6,790.96
2020-04-13,735.61,638.97,581.92,1067.42,901.06,1188.44,358.01,455.82,736.06,627.94,809.97
2020-04-14,736.56,642.03,587.47,1069.74,957.11,1200.73,352.03,452.37,754.82,635.66,808.42
2020-04-15,752.98,653.44,602.84,1074.36,969.33,1202.04,351.23,455.94,763.61,640.51,829.0
2020-04-16,760.5,657.14,604.42,1073.72,974.04,1210.59,360.9,468.55,769.44,643.03,831.17
2020-04-17,776.21,669.5,609.87,1083.25,992.15,1235.99,368.61,478.36,784.38,646.08,864.68
2020-04-20,783.73,672.79,603.72,1085.11,994.5,1240.22,390.87,479.25,803.71,650.51,881.85
2020-04-21,753.35,653.49,574.4,1053.99,954.53,1200.57,364.83,463.31,772.28,627.03,838.96
2020-04-22,762.98,664.45,584.38,1039.42,988.41,1235.07,360.77,466.04,796.07,634.92,860.65
2020-04-23,766.38,667.22,582.76,1048.54,988.09,1238.71,361.95,469.02,818.43,631.3,874.51
2020-04-24,769.07,671.84,585.63,1042.84,988.42,1252.21,364.1,468.91,833.56,660.84,874.61
2020-04-27,774.12,679.61,581.63,1036.49,982.03,1253.14,353.71,470.98,829.31,659.47,865.9
2020-04-28,776.86,681.53,582.61,1035.01,981.61,1247.65,347.27,471.41,816.84,650.55,855.7
2020-04-29,782.04,683.18,583.53,1034.4,984.81,1245.26,354.72,476.32,819.74,640.75,860.67
2020-05-04,769.63,670.64,581.45,1037.16,979.27,1220.68,353.55,467.87,801.57,629.36,843.31
2020-05-05,775.63,673.85,582.21,1037.86,986.47,1204.62,357.92,466.79,814.24,638.48,841.0
2020-05-06,785.7,683.8,589.61,1068.88,1023.74,1201.55,368.55,471.9,841.46,649.71,855.16
2020-05-07,792.98,689.25,599.86,1076.11,1035.32,1208.76,368.71,478.92,877.67,664.34,868.95
2020-05-08,794.98,690.97,624.38,1099.87,1038.25,1206.92,378.36,486.38,872.99,676.62,876.37
2020-05-11,808.35,698.36,645.25,1112.77,1044.68,1210.8,388.63,488.9,888.21,696.45,888.92
2020-05-12,827.7,706.71,653.66,1111.7,1052.41,1209.92,396.86,490.83,889.28,716.49,899.22
2020-05-13,837.65,716.25,659.27,1093.73,1096.11,1207.02,401.09,490.45,904.11,715.73,908.48
2020-05-14,840.7,719.56,657.19,1094.17,1081.19,1222.45,397.73,492.5,897.51,716.71,897.24
2020-05-15,831.52,712.43,652.1,1099.08,1066.65,1213.93,392.38,489.55,881.95,704.11,883.07
2020-05-18,835.25,715.73,665.67,1099.72,1074.09,1214.47,401.17,491.44,926.88,706.98,907.97
2020-05-19,844.27,717.22,677.03,1108.89,1092.95,1212.14,410.47,493.45,954.27,715.49,921.2
2020-05-20,844.91,721.22,676.14,1130.26,1084.95,1211.05,408.05,491.79,964.75,724.98,918.98
2020-05-21,844.37,721.07,693.09,1140.54,1093.08,1208.72,407.13,493.5,963.65,730.86,923.29
2020-05-22,839.56,719.73,676.4,1121.97,1074.85,1205.11,402.89,491.48,986.97,724.13,907.22
2020-05-25,854.73,728.0,677.94,1131.05,1075.3,1204.24,405.0,495.64,993.41,737.46,922.57
2020-05-26,870.64,735.47,686.39,1133.91,1082.8,1188.56,413.16,502.42,1024.39,739.85,931.77
2020-05-27,855.96,731.07,672.88,1121.7,1065.18,1187.59,408.97,497.6,991.01,728.31,913.1
2020-05-28,856.87,732.69,675.75,1131.15,1065.26,1185.75,407.64,498.12,991.36,728.41,911.81
2020-05-29,862.52,739.02,677.47,1141.24,1064.29,1190.17,403.31,499.07,997.36,731.02,914.07
2020-06-01,876.48,754.02,699.17,1158.94,1071.56,1193.49,408.04,503.12,1008.8,738.79,927.81
2020-06-02,868.94,744.79,697.39,1147.58,1064.54,1211.86,412.72,501.12,987.34,741.6,919.21
2020-06-03,879.51,750.24,708.64,1153.2,1079.61,1204.19,419.86,501.08,988.3,743.26,923.59
2020-06-04,885.98,759.71,709.13,1150.44,1076.19,1190.2,419.66,506.47,981.73,747.97,924.23
2020-06-05,901.22,772.69,711.87,1148.08,1083.21,1197.5,420.43,513.35,999.36,754.66,931.72
2020-06-08,919.06,787.93,717.79,1159.64,1100.17,1180.76,432.1,520.9,1022.89,774.65,965.03
2020-06-09,918.37,791.1,715.6,1156.47,1093.45,1185.48,427.65,525.07,1010.71,781.11,956.28
2020-06-10,927.83,803.63,725.35,1157.35,1089.4,1202.51,427.59,529.07,1008.83,772.68,961.84
2020-06-11,888.92,779.14,694.78,1128.7,1026.5,1182.41,399.0,508.36,955.4,756.87,901.91
2020-06-12,890.69,774.54,699.44,1117.18,1048.53,1199.97,400.16,510.29,981.88,735.99,911.61
2020-06-15,863.93,760.15,675.91,1076.59,1025.33,1209.14,385.68,495.68,945.87,701.93,877.04
2020-06-16,881.74,773.51,688.95,1129.59,1038.8,1223.97,393.77,497.28,972.18,726.92,896.46
2020-06-17,878.12,770.68,684.47,1128.98,1035.12,1229.09,400.23,497.56,976.88,720.92,892.17
2020-06-18,879.08,772.66,682.8,1129.06,1043.07,1218.98,403.5,499.84,990.05,718.42,894.0
2020-06-19,898.7,786.97,694.73,1166.49,1054.07,1234.65,403.44,505.6,1010.06,718.82,904.04
2020-06-22,902.3,787.04,694.12,1171.75,1055.96,1218.96,405.23,507.26,1014.12,723.35,912.59
2020-06-23,908.95,789.09,694.81,1153.81,1067.27,1223.84,407.22,509.42,1005.2,725.55,910.15
2020-06-24,895.36,778.23,686.34,1143.38,1061.35,1210.01,402.96,502.95,1000.83,724.61,907.43
2020-06-25,894.1,778.58,680.25,1137.21,1052.65,1209.02,400.36,501.1,1011.17,720.31,895.69
2020-06-26,890.64,768.0,678.51,1131.24,1054.18,1202.88,399.69,498.61,1005.05,718.17,898.81
2020-06-29,866.21,744.31,659.31,1103.36,1035.21,1194.97,389.08,487.49,980.36,695.83,871.14
2020-06-30,860.21,733.94,651.02,1104.78,1028.97,1178.24,387.74,484.57,978.51,694.78,867.66
2020-07-01,874.92,751.11,667.13,1128.93,1042.45,1185.68,393.89,490.92,1001.82,708.92,883.48
2020-07-02,876.12,750.45,665.23,1121.31,1043.46,1196.87,394.26,493.44,1005.2,707.77,883.05
2020-07-03,879.82,754.42,667.55,1130.98,1043.1,1205.23,395.61,496.73,1003.32,714.8,882.58
2020-07-06,885.65,758.45,679.72,1154.23,1054.14,1196.21,398.89,498.42,1007.93,727.5,897.05
2020-07-07,882.01,758.58,679.73,1153.45,1068.13,1177.91,400.42,498.09,1026.24,725.23,897.93
2020-07-08,886.7,759.72,680.93,1150.7,1071.2,1180.77,399.89,499.82,1019.84,725.79,897.91
2020-07-09,900.9,771.05,698.54,1156.07,1087.35,1196.31,403.16,506.76,1026.64,734.35,904.93
2020-07-10,902.42,769.37,689.81,1149.59,1077.17,1190.82,399.94,507.83,1015.96,731.38,894.87
2020-07-13,902.88,766.6,686.66,1143.87,1092.98,1179.98,401.33,510.65,1012.85,726.34,891.48
2020-07-14,907.38,768.16,685.14,1147.72,1091.08,1196.64,401.19,513.53,1020.82,724.7,893.0
2020-07-15,906.7,772.18,691.88,1148.57,1092.02,1202.84,401.64,514.37,1023.21,725.95,906.31
2020-07-16,906.73,771.27,697.71,1163.96,1091.76,1200.98,405.25,519.35,1036.05,736.19,905.35
2020-07-17,906.23,775.64,695.91,1150.77,1081.89,1192.09,407.02,514.99,1035.94,731.52,901.74
2020-07-20,896.14,770.45,687.47,1134.53,1067.41,1192.29,398.7,509.72,1018.08,722.51,891.72
2020-07-21,896.47,771.88,687.46,1133.57,1077.02,1189.49,396.81,512.77,1022.61,722.99,894.53
2020-07-22,891.42,767.5,680.64,1129.86,1068.26,1186.69,393.18,507.62,1021.11,713.38,887.46
2020-07-23,885.98,762.13,680.17,1140.51,1074.41,1185.95,397.16,507.22,1021.54,712.55,886.59
2020-07-24,853.65,732.51,653.76,1112.49,1031.0,1161.28,383.53,488.17,974.96,690.96,846.71
2020-07-27,809.24,696.18,612.88,1065.55,981.95,1130.1,357.7,462.26,934.83,647.78,792.47
2020-07-28,839.22,720.74,636.34,1093.42,1028.03,1145.71,371.34,470.86,983.94,680.56,818.29
2020-07-29,818.72,701.29,621.83,1067.63,1002.58,1130.33,355.84,460.62,941.16,657.62,787.12
2020-07-30,824.98,705.12,627.83,1088.44,1015.89,1140.93,360.69,465.18,953.56,670.72,795.36
2020-07-31,817.11,699.93,619.83,1098.22,1001.23,1156.51,359.59,461.49,936.71,662.91,794.84
2020-08-03,837.39,718.96,635.57,1107.14,1032.52,1172.46,372.19,472.74,980.93,679.12,811.34
2020-08-04,852.31,729.42,645.85,1117.53,1048.32,1178.77,378.2,481.84,988.21,691.64,821.98
2020-08-05,864.41,739.09,657.94,1117.05,1059.28,1176.65,383.42,491.21,1025.54,699.25,841.77
2020-08-06,863.16,741.55,654.12,1119.18,1054.96,1170.94,388.14,491.68,1023.2,711.24,846.45
2020-08-07,866.79,747.45,653.26,1119.16,1061.26,1164.92,386.95,494.3,1031.13,715.46,843.52
2020-08-10,874.26,755.75,656.59,1126.57,1064.37,1165.49,392.54,496.68,1038.43,711.81,846.73
2020-08-11,876.1,755.27,660.57,1120.51,1060.02,1161.56,395.03,496.59,1037.45,711.32,849.59
2020-08-12,877.16,752.03,665.53,1119.69,1070.03,1165.64,405.51,498.25,1037.89,714.37,847.82
2020-08-13,881.38,760.29,670.39,1125.94,1079.39,1182.94,406.15,502.67,1049.09,719.85,868.5
2020-08-14,877.74,759.87,667.38,1122.16,1076.14,1176.64,401.41,498.81,1037.66,718.65,874.67
2020-08-17,882.16,761.96,668.59,1123.16,1058.83,1191.47,405.33,500.5,1045.05,718.55,866.71
2020-08-18,886.61,765.09,666.58,1114.57,1056.4,1204.52,404.45,503.46,1042.67,711.62,861.71
2020-08-19,894.45,770.96,669.59,1117.63,1059.81,1221.41,409.15,506.78,1048.71,711.98,867.02
2020-08-20,893.53,770.93,667.01,1115.5,1065.94,1216.31,403.17,503.67,1043.88,710.21,866.07
2020-08-21,906.66,780.84,679.29,1117.27,1073.87,1232.42,405.4,507.17,1058.41,715.01,872.21
2020-08-24,916.35,790.32,696.99,1137.31,1098.74,1231.73,418.04,511.45,1076.19,722.3,892.55
2020-08-25,919.61,793.26,699.71,1148.73,1105.77,1241.86,426.2,513.51,1067.54,727.18,916.94
2020-08-26,924.59,797.89,696.96,1150.44,1098.01,1246.74,438.83,516.79,1059.55,725.05,913.23
2020-08-27,931.0,805.47,699.07,1148.82,1131.7,1240.81,445.15,517.39,1066.98,725.64,922.17
2020-08-28,927.42,807.69,707.38,1143.23,1131.19,1246.36,442.49,518.0,1064.4,735.01,952.28
2020-08-31,919.69,798.76,704.29,1141.13,1121.41,1243.49,445.96,517.44,1070.55,744.57,949.17
2020-09-01,933.98,805.23,711.19,1157.42,1132.65,1255.24,451.65,525.58,1081.64,753.03,957.08
2020-09-03,940.48,806.5,721.89,1174.17,1143.45,1261.4,445.99,532.76,1086.16,762.52,965.7
2020-09-04,940.35,802.79,716.87,1174.34,1133.64,1253.7,442.73,532.72,1082.88,765.16,957.63
2020-09-07,935.84,797.78,699.66,1154.65,1101.74,1248.31,434.9,529.13,1067.08,766.09,929.75
2020-09-08,943.23,802.93,706.26,1150.97,1124.35,1257.69,438.27,529.89,1073.75,760.29,949.94
2020-09-09,949.6,809.28,702.29,1151.91,1120.21,1259.23,435.14,530.01,1076.94,760.17,953.21
2020-09-10,955.08,813.26,703.85,1151.78,1119.51,1258.88,431.76,534.86,1076.88,762.71,957.98
2020-09-11,958.93,821.15,705.37,1156.54,1120.67,1256.94,430.49,534.42,1075.67,760.06,954.56
2020-09-14,967.3,826.66,711.89,1169.62,1124.46,1248.88,433.97,539.58,1087.67,763.28,954.85
2020-09-15,968.91,827.9,709.52,1179.02,1139.74,1267.22,435.14,538.95,1091.35,764.38,955.58
2020-09-16,973.13,827.69,709.64,1184.04,1148.5,1265.9,446.4,539.91,1094.29,760.45,968.45
2020-09-17,973.01,828.0,707.45,1171.79,1137.66,1266.49,440.56,538.92,1113.35,760.53,962.81
2020-09-18,982.43,831.1,719.83,1175.44,1162.6,1265.92,443.09,541.64,1126.98,768.88,966.31
2020-09-21,983.52,829.39,727.05,1189.76,1164.0,1265.88,443.46,542.45,1123.53,784.68,991.22
2020-09-22,987.22,828.47,732.45,1189.54,1164.08,1259.49,443.15,542.28,1123.77,784.59,995.13
2020-09-23,990.18,829.2,738.9,1185.78,1162.12,1260.2,452.91,543.28,1129.21,783.09,1018.39
2020-09-24,990.22,827.97,738.87,1173.81,1149.03,1284.63,454.51,541.41,1128.63,773.77,1009.63
2020-09-25,983.72,826.9,741.46,1169.38,1154.85,1270.74,456.28,539.05,1133.02,775.67,1004.63
2020-09-28,991.46,832.44,754.73,1166.99,1162.88,1267.53,459.13,539.72,1159.71,778.5,1019.87
2020-09-29,980.39,827.02,744.14,1152.54,1141.41,1260.81,451.92,534.11,1151.98,785.53,1019.45
2020-09-30,988.92,833.55,747.17,1156.16,1137.62,1266.63,451.39,538.14,1160.45,785.94,1026.81
2020-10-01,1004.34,843.11,756.83,1169.87,1154.66,1263.62,455.35,545.14,1179.23,790.56,1035.35
2020-10-02,1003.78,838.84,751.36,1170.65,1143.66,1261.86,455.94,544.38,1167.48,782.53,1025.13
2020-10-05,1020.34,853.21,760.58,1171.89,1147.61,1261.89,464.53,550.73,1192.02,784.02,1028.86
2020-10-06,1024.66,861.18,762.37,1168.1,1147.48,1266.88,463.34,551.26,1220.3,787.5,1038.04
2020-10-07,1019.68,862.36,752.89,1174.5,1146.17,1265.45,458.29,549.02,1206.58,801.06,1051.35
2020-10-08,1013.22,859.21,747.02,1169.67,1160.7,1263.74,458.04,546.25,1215.59,797.43,1067.05
2020-10-09,1016.27,858.83,748.67,1177.75,1154.13,1261.0,457.45,547.95,1227.05,805.39,1065.14
2020-10-12,1008.27,848.6,750.53,1177.66,1154.13,1250.05,449.38,544.15,1217.04,807.63,1050.24
2020-10-13,1008.21,846.82,755.15,1181.03,1149.89,1250.5,446.52,543.73,1207.53,815.9,1045.03
2020-10-14,1009.4,844.82,771.74,1188.35,1155.24,1247.89,447.08,540.33,1215.67,829.29,1061.93
2020-10-15,1007.7,835.9,775.47,1198.31,1160.36,1242.75,448.9,540.24,1234.09,831.04,1070.73
2020-10-16,1007.25,831.84,779.48,1196.74,1202.55,1232.13,449.76,535.64,1238.34,827.43,1074.25
2020-10-19,1008.94,833.35,785.47,1193.24,1200.51,1227.52,445.56,534.21,1232.25,828.19,1063.29
2020-10-20,1016.64,839.12,798.24,1196.76,1202.78,1226.07,446.42,537.92,1250.16,828.17,1064.69
2020-10-21,1004.04,833.38,791.92,1195.16,1193.57,1223.61,444.22,535.87,1237.52,827.98,1057.06
2020-10-22,1007.93,835.71,801.91,1215.88,1218.58,1226.23,446.4,536.7,1255.15,830.86,1078.49
2020-10-23,1009.77,840.37,802.83,1245.17,1216.78,1227.31,446.52,538.64,1295.3,849.05,1087.26
2020-10-26,995.27,833.9,778.97,1242.16,1192.71,1224.82,443.28,532.42,1289.86,853.81,1090.77
2020-10-27,985.69,825.0,770.65,1237.93,1177.74,1210.72,437.62,527.49,1304.81,848.19,1088.88
2020-10-28,963.2,808.53,745.56,1195.28,1147.45,1196.41,427.49,517.44,1263.65,832.28,1044.56
2020-10-29,968.17,812.03,745.73,1200.55,1153.08,1217.04,430.97,515.8,1270.06,826.23,1033.98
2020-10-30,971.39,813.96,744.07,1229.54,1165.16,1216.02,435.69,515.42,1271.89,831.72,1057.98
2020-11-02,984.03,822.52,754.95,1231.83,1170.66,1235.17,432.79,522.12,1284.82,831.75,1074.89
2020-11-03,992.89,828.27,761.03,1223.12,1196.73,1233.68,433.96,526.19,1290.91,832.34,1080.32
2020-11-04,1007.66,838.64,768.31,1222.74,1202.9,1233.81,441.71,533.35,1292.75,835.36,1081.06
2020-11-05,1000.04,835.71,759.74,1227.97,1181.0,1224.27,438.54,530.24,1277.92,846.02,1083.88
2020-11-06,1004.54,840.21,756.0,1230.18,1192.27,1234.25,436.99,531.84,1284.92,849.27,1078.4
2020-11-09,1023.88,852.82,768.32,1246.81,1215.42,1254.83,443.47,537.86,1326.16,861.98,1091.01
2020-11-10,1023.44,851.92,766.85,1243.23,1209.03,1273.01,448.93,548.03,1318.83,854.3,1089.74
2020-11-11,1026.69,855.88,767.31,1240.14,1207.17,1267.48,453.2,549.54,1324.5,854.21,1098.77
2020-11-12,1036.88,859.11,775.88,1252.5,1220.69,1262.97,451.49,553.17,1330.37,849.0,1122.64
2020-11-13,1043.86,865.18,789.86,1262.33,1225.4,1269.29,453.35,555.92,1346.62,846.38,1122.92
2020-11-16,1035.28,865.41,781.83,1223.39,1212.58,1245.47,447.29,551.96,1353.99,831.21,1107.14
2020-11-17,1052.03,876.62,798.21,1255.95,1228.36,1252.68,454.57,560.33,1394.54,836.24,1130.6
2020-11-18,1060.15,883.9,800.85,1249.26,1227.21,1254.79,457.89,565.28,1431.87,841.83,1122.63
2020-11-19,1059.21,888.96,805.99,1246.89,1251.71,1260.85,473.0,565.19,1452.94,846.25,1133.52
2020-11-20,1071.56,901.59,808.31,1255.86,1257.72,1256.81,472.17,581.62,1465.69,852.7,1128.07
2020-11-23,1074.75,907.24,810.03,1263.88,1274.98,1263.67,471.53,586.67,1514.15,852.75,1153.25
2020-11-24,1079.02,907.57,812.76,1274.54,1267.93,1254.6,471.4,584.53,1521.09,846.42,1144.49
2020-11-25,1074.21,907.76,818.84,1280.86,1260.66,1291.49,474.26,583.91,1464.78,852.35,1145.53
2020-11-26,1076.79,911.37,825.15,1280.32,1271.63,1287.75,478.74,586.7,1456.37,852.84,1150.43
2020-11-27,1086.98,918.06,833.24,1278.69,1281.81,1288.47,477.2,589.38,1490.9,852.25,1174.92
2020-11-30,1088.1,918.17,838.01,1271.63,1264.28,1276.48,470.34,587.36,1469.01,839.2,1175.14
2020-12-01,1093.72,924.54,852.93,1280.4,1259.91,1268.63,471.11,591.68,1474.0,849.82,1177.04
2020-12-02,1098.51,925.41,859.0,1288.84,1265.45,1296.24,471.74,597.73,1461.5,848.48,1163.21
2020-12-03,1113.72,932.08,860.37,1294.87,1267.61,1303.86,473.56,603.02,1509.79,850.75,1173.06
2020-12-04,1117.7,930.74,854.57,1295.38,1269.35,1302.96,477.32,600.79,1513.84,856.68,1170.48
2020-12-07,1123.87,943.7,862.02,1298.67,1270.56,1299.86,480.33,600.82,1557.6,863.56,1174.26
2020-12-08,1128.5,951.05,869.21,1292.84,1282.13,1300.84,476.23,602.45,1567.08,858.81,1177.87
2020-12-09,1133.24,956.1,882.73,1304.72,1308.66,1307.05,488.16,606.25,1567.24,860.5,1184.25
2020-12-10,1118.97,946.05,872.19,1292.54,1286.64,1311.05,479.88,600.98,1535.52,867.03,1158.72
2020-12-11,1130.92,956.48,882.72,1309.53,1298.2,1313.23,491.55,609.42,1576.91,874.33,1179.2
2020-12-14,1147.25,973.48,899.43,1337.51,1303.68,1322.41,503.1,620.86,1594.76,880.08,1193.91
2020-12-15,1152.5,980.08,891.14,1326.92,1292.79,1320.47,497.86,621.53,1577.22,869.04,1191.49
2020-12-16,1160.29,991.33,919.44,1333.98,1301.8,1319.61,501.28,628.78,1585.66,872.48,1197.03
2020-12-17,1156.59,992.27,916.81,1312.37,1289.25,1311.84,493.31,620.47,1552.45,864.31,1180.63
2020-12-18,1177.56,1002.27,952.25,1317.83,1297.32,1316.98,501.87,627.38,1585.95,866.68,1193.35
2020-12-21,1202.68,1017.1,975.61,1340.38,1309.86,1324.95,505.62,633.31,1587.57,870.02,1202.56
2020-12-22,1228.9,1038.46,979.85,1345.44,1322.64,1336.5,500.94,639.23,1624.29,864.02,1226.7
2020-12-23,1220.21,1042.13,961.28,1347.17,1310.84,1368.51,499.0,642.65,1639.87,863.58,1213.88
2020-12-24,1207.64,1023.02,945.77,1337.17,1301.38,1368.05,493.1,635.95,1628.68,854.05,1199.18
2020-12-25,1232.34,1043.54,975.6,1351.42,1314.74,1390.5,496.84,644.74,1655.92,857.91,1218.06
2020-12-28,1245.4,1055.81,975.9,1357.34,1323.55,1390.22,518.42,647.13,1678.04,857.46,1212.81
2020-12-29,1257.41,1066.96,972.77,1380.85,1338.48,1383.52,521.07,654.14,1679.13,863.9,1215.98
2020-12-30,1252.37,1066.58,976.54,1385.95,1332.09,1387.21,522.92,651.48,1659.17,861.54,1222.66
2020-12-31,1265.67,1075.41,993.31,1384.53,1357.02,1394.13,524.85,654.28,1677.72,871.34,1234.56
2021-01-04,1294.87,1097.97,1027.48,1396.47,1381.6,1403.83,539.12,667.29,1715.58,876.28,1248.12
2021-01-05,1308.05,1107.52,1037.08,1427.02,1432.29,1395.7,540.42,675.13,1718.93,884.28,1255.66
2021-01-06,1307.23,1110.75,1057.7,1431.23,1424.76,1382.2,542.64,673.78,1729.32,877.09,1253.28
2021-01-07,1330.23,1123.46,1082.61,1446.89,1426.67,1390.87,555.8,680.86,1736.03,889.44,1254.14
2021-01-08,1337.14,1133.95,1099.31,1475.37,1443.46,1391.94,568.05,687.11,1739.0,901.66,1265.22
2021-01-11,1349.91,1148.45,1092.73,1523.16,1475.36,1401.39,585.93,702.88,1751.43,925.7,1295.35
2021-01-12,1369.84,1163.92,1090.27,1529.7,1498.17,1422.62,589.0,716.47,1813.09,928.39,1300.88
2021-01-13,1361.67,1165.07,1093.39,1502.53,1512.5,1438.92,582.9,712.82,1806.35,918.37,1300.12
2021-01-14,1377.66,1176.68,1111.36,1503.52,1509.86,1436.9,581.73,715.03,1800.56,910.88,1308.43
2021-01-15,1392.58,1190.99,1136.1,1513.61,1515.21,1444.22,598.98,721.6,1807.94,916.45,1312.93
2021-01-18,1406.88,1198.51,1117.83,1514.24,1506.51,1443.02,608.7,725.06,1815.98,918.04,1315.29
2021-01-19,1345.25,1143.1,1048.51,1445.66,1408.28,1386.44,574.85,690.64,1706.9,874.86,1252.81
2021-01-20,1339.86,1133.02,1051.77,1453.55,1434.75,1384.06,578.49,688.74,1709.56,879.94,1276.11
2021-01-21,1383.57,1168.07,1094.46,1484.35,1487.6,1401.61,600.69,707.83,1796.25,890.69,1304.58
2021-01-22,1398.97,1166.98,1094.76,1502.66,1515.32,1399.96,596.5,717.32,1780.08,886.21,1330.19
2021-01-25,1421.8,1171.87,1077.62,1522.12,1516.13,1385.68,586.02,724.68,1782.57,889.39,1375.67
2021-01-26,1382.81,1141.64,1038.98,1492.87,1490.47,1381.46,561.94,706.45,1724.41,872.4,1368.33
2021-01-27,1332.28,1100.73,985.56,1450.82,1422.41,1374.95,535.89,691.15,1648.7,842.25,1362.32
2021-01-28,1247.41,1034.81,922.07,1353.89,1323.09,1301.82,498.98,644.97,1538.31,783.68,1272.59
2021-01-29,1279.6,1051.01,943.84,1418.61,1413.53,1360.12,517.45,660.04,1598.66,812.83,1345.09
2021-02-01,1238.38,1015.52,934.99,1375.31,1428.98,1331.24,499.03,640.24,1557.04,802.45,1268.37
2021-02-02,1261.19,1026.13,983.31,1449.13,1486.38,1341.17,516.24,651.33,1624.46,827.3,1305.84
2021-02-03,1308.59,1059.86,1025.42,1489.65,1570.86,1356.49,536.05,670.72,1685.84,857.1,1315.53
2021-02-04,1318.64,1066.43,1027.19,1480.2,1626.13,1360.73,547.9,674.11,1681.12,855.13,1321.71
2021-02-05,1334.54,1082.56,1052.23,1500.89,1638.05,1358.76,556.59,679.5,1705.3,861.92,1340.4
2021-02-08,1288.34,1058.39,1016.11,1424.1,1597.53,1345.1,553.78,652.69,1642.71,839.79,1311.03
2021-02-09,1321.59,1081.57,1052.65,1475.64,1674.09,1355.72,569.22,671.68,1683.89,853.94,1336.21
2021-02-17,1379.59,1119.54,1104.25,1529.68,1749.19,1374.18,602.22,695.93,1753.92,870.99,1400.01
2021-02-18,1401.99,1130.09,1113.41,1559.59,1757.14,1417.7,614.19,701.72,1768.32,884.16,1415.98
2021-02-19,1402.45,1135.57,1111.72,1547.94,1723.07,1449.3,605.64,703.77,1760.31,879.64,1403.57
2021-02-22,1401.01,1142.77,1110.7,1559.7,1728.74,1447.33,616.27,702.46,1764.91,875.48,1393.83
2021-02-23,1392.97,1150.33,1120.69,1556.85,1702.63,1437.05,618.62,705.55,1764.75,867.92,1384.28
2021-02-24,1375.34,1140.79,1103.15,1529.24,1698.59,1427.65,611.03,695.74,1768.64,857.74,1367.38
2021-02-25,1376.75,1145.3,1104.24,1530.04,1716.79,1442.81,621.83,700.03,1789.3,849.79,1384.33
2021-02-26,1384.59,1157.58,1106.89,1524.23,1716.19,1449.73,619.51,706.24,1837.16,852.68,1388.02
2021-03-01,1415.12,1184.59,1134.21,1537.57,1756.57,1456.88,635.49,721.29,1869.88,861.54,1389.18
2021-03-02,1409.9,1193.31,1139.96,1532.28,1758.98,1444.41,628.26,724.35,1890.44,857.74,1392.63
2021-03-03,1415.69,1212.34,1143.53,1529.57,1753.89,1464.95,624.56,727.48,1904.07,856.18,1398.41
2021-03-04,1395.31,1198.05,1118.53,1511.95,1715.5,1454.35,628.72,716.31,1875.4,844.47,1373.1
2021-03-05,1395.69,1205.9,1119.81,1501.48,1720.55,1464.36,643.87,717.43,1885.4,843.17,1370.58
2021-03-08,1411.53,1231.51,1116.51,1501.1,1719.65,1485.24,652.69,720.91,1904.51,837.96,1366.28
2021-03-09,1416.15,1237.62,1115.21,1500.11,1704.02,1478.03,629.68,722.09,1891.61,829.5,1351.8
2021-03-10,1427.2,1240.09,1125.69,1519.27,1734.49,1490.06,620.59,723.83,1887.5,835.34,1367.25
2021-03-11,1439.0,1249.04,1149.97,1523.63,1741.9,1523.87,621.48,728.18,1915.0,844.68,1385.73
2021-03-12,1438.22,1251.27,1151.58,1524.15,1740.1,1522.09,619.41,727.75,1914.11,843.36,1374.58
2021-03-15,1443.46,1267.73,1155.98,1525.24,1745.55,1556.04,628.21,730.09,1918.95,846.79,1385.62
2021-03-16,1446.41,1272.76,1148.65,1523.09,1847.64,1536.11,626.92,730.7,1910.37,841.84,1384.85
2021-03-17,1446.13,1276.46,1163.18,1517.17,1843.06,1535.14,632.91,729.5,1920.88,838.1,1384.94
2021-03-18,1460.46,1279.79,1190.52,1533.99,1845.5,1531.58,629.49,733.99,1931.5,850.57,1395.93
2021-03-19,1475.68,1285.54,1185.22,1534.25,1818.61,1539.48,615.12,731.83,1951.06,844.66,1393.55
2021-03-22,1470.9,1296.41,1176.75,1536.76,1797.83,1535.25,614.95,739.31,1940.32,839.6,1386.38
2021-03-23,1453.42,1283.9,1158.5,1523.77,1795.41,1527.07,617.23,730.66,1935.08,831.13,1380.64
2021-03-24,1419.43,1259.35,1132.57,1515.87,1760.37,1512.26,600.23,709.67,1890.29,818.71,1374.85
2021-03-25,1418.62,1257.69,1128.03,1526.84,1745.68,1518.77,595.3,707.12,1874.12,816.82,1373.22
2021-03-26,1414.33,1251.03,1129.63,1527.47,1732.06,1515.83,592.1,707.21,1903.28,810.57,1380.73
2021-03-29,1437.98,1280.34,1146.03,1540.31,1769.49,1529.58,595.64,721.53,1916.5,822.19,1393.52
2021-03-30,1458.74,1291.12,1162.39,1565.95,1757.98,1532.56,600.41,727.01,1925.59,828.02,1394.33
2021-03-31,1462.87,1299.86,1168.33,1574.55,1768.29,1526.88,597.87,723.88,1941.64,832.73,1398.94
2021-04-01,1482.72,1309.32,1194.74,1617.65,1812.94,1522.03,611.98,735.74,1993.98,846.16,1429.19
2021-04-02,1487.64,1311.32,1208.65,1627.16,1815.36,1508.46,612.46,737.7,2007.3,855.9,1441.07
2021-04-05,1495.87,1312.54,1229.98,1646.81,1811.67,1525.31,607.83,737.64,2012.47,855.37,1437.45
2021-04-06,1500.01,1315.31,1241.88,1662.82,1810.04,1521.64,606.68,740.74,2015.38,847.09,1431.57
2021-04-07,1512.75,1328.86,1244.41,1664.16,1813.27,1528.02,608.48,753.5,2026.27,845.0,1441.04
2021-04-08,1517.09,1326.85,1237.37,1653.91,1811.54,1518.39,607.96,756.07,2024.66,841.61,1437.57
2021-04-09,1520.32,1333.25,1236.82,1653.93,1864.27,1519.39,607.5,754.17,2033.57,840.18,1440.41
2021-04-12,1543.04,1349.41,1261.95,1715.55,1862.27,1527.0,604.24,761.87,2081.32,843.31,1454.89
2021-04-13,1518.55,1335.04,1250.16,1755.21,1830.8,1516.01,593.72,753.03,2040.66,845.3,1446.31
2021-04-14,1539.27,1352.56,1264.29,1751.62,1838.82,1519.38,601.75,758.07,2129.76,853.75,1455.21
2021-04-15,1533.11,1348.89,1245.97,1757.43,1816.1,1512.3,594.07,750.87,2174.83,849.37,1445.98
2021-04-16,1515.25,1327.64,1227.5,1776.38,1806.84,1496.04,580.09,734.52,2170.31,836.36,1438.93
2021-04-19,1532.45,1341.34,1253.88,1803.99,1846.91,1501.54,579.62,738.85,2270.21,845.97,1472.58
2021-04-20,1520.51,1333.76,1250.47,1816.73,1874.73,1506.06,579.16,736.91,2245.03,856.63,1501.62
2021-04-22,1455.83,1294.45,1206.48,1746.71,1811.42,1482.69,550.88,716.77,2153.62,830.25,1492.3
2021-04-23,1491.74,1310.63,1249.31,1765.19,1874.42,1486.7,555.4,726.48,2204.59,842.57,1528.2
2021-04-26,1459.96,1280.03,1232.88,1712.08,1829.71,1474.85,533.58,708.79,2159.41,816.06,1490.75
2021-04-27,1458.46,1276.72,1238.07,1722.21,1819.25,1482.53,524.58,706.82,2198.15,818.73,1493.88
2021-04-28,1479.48,1291.09,1263.99,1738.43,1823.31,1498.22,535.47,712.52,2194.47,812.32,1488.57
2021-04-29,1483.59,1289.64,1291.6,1739.4,1827.67,1508.48,537.93,713.36,2256.19,808.18,1499.74
2021-05-04,1467.95,1282.92,1317.92,1750.87,1874.1,1513.01,529.07,705.5,2310.03,791.41,1482.17
2021-05-05,1488.86,1300.68,1355.76,1759.79,1873.76,1516.51,551.45,717.99,2303.83,795.1,1495.13
2021-05-06,1485.43,1293.43,1359.17,1752.91,1869.97,1513.82,550.32,714.84,2310.4,781.82,1497.39
2021-05-07,1469.85,1283.71,1358.95,1739.83,1877.25,1505.72,542.54,701.62,2359.27,765.25,1482.04
2021-05-10,1475.43,1282.1,1390.31,1737.77,1934.65,1499.81,562.79,700.76,2443.39,804.61,1461.01
2021-05-11,1490.47,1291.59,1383.42,1726.92,1926.48,1504.21,564.79,708.05,2408.86,798.54,1461.3
2021-05-12,1511.22,1309.89,1417.27,1731.65,1932.26,1507.41,572.04,715.44,2439.69,810.05,1484.25
2021-05-13,1509.11,1306.39,1419.95,1715.7,1901.17,1501.02,572.12,708.09,2400.92,800.89,1479.96
2021-05-14,1511.91,1305.03,1438.63,1712.57,1925.46,1498.79,571.4,710.29,2394.93,803.84,1491.18
2021-05-17,1497.09,1297.71,1425.05,1719.05,1942.56,1493.79,563.55,702.83,2405.56,783.94,1480.23
2021-05-18,1481.82,1296.41,1434.42,1696.86,1973.15,1476.53,570.89,696.6,2451.33,784.67,1477.41
2021-05-19,1485.85,1289.71,1467.12,1697.92,2053.42,1490.16,564.89,689.79,2525.39,792.0,1474.6
2021-05-20,1476.66,1281.89,1481.96,1715.63,2154.51,1494.74,561.08,690.33,2531.32,803.16,1543.07
2021-05-21,1496.83,1298.84,1485.92,1732.16,2114.94,1519.85,581.79,699.74,2508.12,807.42,1529.31
2021-05-24,1524.87,1316.06,1491.0,1743.79,2115.38,1534.15,581.06,713.06,2510.94,820.86,1536.37
2021-05-25,1538.01,1322.1,1515.7,1739.78,2122.09,1547.76,585.26,712.0,2581.62,822.51,1534.64
2021-05-26,1548.69,1316.91,1545.48,1736.61,2152.48,1560.75,580.71,709.19,2584.85,826.82,1526.65
2021-05-27,1549.69,1307.78,1526.71,1731.96,2116.22,1563.07,567.65,706.0,2550.15,815.84,1508.62
2021-05-28,1574.7,1321.08,1573.33,1731.54,2135.03,1575.34,582.87,711.21,2568.02,824.86,1510.58
2021-05-31,1591.03,1323.69,1608.2,1710.49,2194.95,1581.17,590.39,706.31,2695.24,816.29,1482.75
2021-06-01,1589.81,1318.3,1603.13,1735.95,2243.88,1568.02,598.35,699.95,2796.18,806.21,1461.2
2021-06-02,1597.94,1330.34,1604.79,1733.25,2204.58,1578.0,603.88,704.49,2745.24,803.93,1481.15
2021-06-03,1639.84,1363.74,1654.78,1755.15,2196.76,1592.78,607.1,722.14,2772.36,811.09,1492.78
2021-06-04,1664.93,1374.6,1661.22,1774.38,2184.03,1599.52,635.51,727.18,2794.54,812.58,1482.22
2021-06-07,1649.12,1361.73,1614.73,1787.73,2133.38,1604.67,645.25,730.16,2722.25,806.71,1468.23
2021-06-08,1595.28,1331.31,1539.14,1748.28,2083.45,1601.18,613.83,722.35,2595.55,805.89,1452.1
2021-06-09,1604.12,1335.83,1576.43,1761.08,2106.86,1598.17,612.08,718.68,2612.54,804.41,1454.62
2021-06-10,1603.59,1336.02,1558.86,1735.37,2116.63,1573.14,589.28,712.43,2662.91,819.62,1450.63
2021-06-11,1626.36,1360.28,1610.88,1766.84,2159.19,1616.46,604.59,725.47,2727.07,824.59,1467.49
2021-06-14,1646.12,1368.59,1613.2,1795.96,2166.26,1651.7,618.31,728.06,2754.57,830.37,1476.01
2021-06-15,1668.28,1378.25,1590.31,1824.41,2152.37,1654.12,613.77,735.09,2750.01,832.56,1475.48
2021-06-16,1661.63,1384.11,1562.75,1799.21,2149.99,1687.06,623.34,735.82,2693.08,826.22,1467.35
2021-06-17,1685.98,1397.68,1563.54,1789.38,2138.67,1706.64,633.38,744.78,2697.03,822.59,1487.11
2021-06-18,1705.13,1415.91,1588.14,1807.75,2169.18,1700.79,627.09,749.76,2739.21,836.07,1511.47
2021-06-21,1694.92,1414.15,1575.93,1812.11,2210.57,1679.53,641.14,741.56,2703.29,833.44,1539.96
2021-06-22,1693.88,1405.14,1591.92,1819.02,2204.82,1671.21,646.07,743.65,2712.89,831.2,1540.74
2021-06-23,1673.97,1389.27,1608.16,1801.39,2190.33,1670.9,633.31,735.9,2691.58,824.3,1527.96
2021-06-24,1665.64,1378.57,1603.32,1817.7,2187.01,1688.27,623.97,730.31,2655.33,817.16,1525.12
2021-06-25,1674.89,1389.79,1622.95,1833.21,2202.55,1693.16,628.25,730.59,2666.82,822.03,1520.33
2021-06-28,1694.77,1404.35,1652.23,1846.51,2213.17,1680.14,633.83,739.36,2748.72,825.62,1534.13
2021-06-29,1691.9,1396.97,1654.88,1866.48,2282.75,1671.77,619.83,741.48,2723.1,833.25,1542.91
2021-06-30,1683.89,1392.19,1648.31,1864.93,2273.54,1662.39,610.42,740.93,2710.63,834.63,1576.14
2021-07-01,1700.93,1400.66,1677.17,1864.04,2296.79,1660.83,615.43,741.78,2765.16,840.81,1572.32
2021-07-02,1704.68,1407.45,1701.3,1857.52,2371.55,1634.35,615.63,741.7,2742.9,836.12,1606.4
2021-07-05,1685.02,1394.06,1730.91,1819.23,2394.01,1585.37,602.04,732.49,2690.27,823.38,1665.81
2021-07-06,1613.93,1346.88,1637.24,1763.69,2248.13,1594.06,567.75,713.8,2530.92,802.81,1589.8
2021-07-07,1612.48,1347.46,1680.39,1806.41,2336.76,1583.83,573.57,717.75,2606.44,828.45,1677.01
2021-07-08,1599.36,1344.83,1660.35,1765.41,2325.8,1574.89,564.52,715.36,2556.16,828.27,1709.18
2021-07-09,1567.33,1317.18,1638.15,1713.33,2323.79,1567.62,544.55,702.75,2469.99,811.53,1729.26
2021-07-12,1512.14,1259.9,1559.02,1660.91,2229.51,1495.64,540.95,682.48,2347.36,807.37,1708.62
2021-07-13,1533.03,1274.17,1560.35,1667.29,2250.79,1511.45,554.05,689.02,2382.98,790.95,1690.42
2021-07-14,1519.08,1264.43,1499.74,1669.59,2203.49,1540.6,554.95,678.76,2363.67,795.84,1630.22
2021-07-15,1546.06,1285.92,1542.11,1667.3,2209.99,1553.17,556.28,686.22,2436.67,797.98,1634.31
2021-07-16,1542.86,1291.17,1536.18,1683.36,2242.16,1542.6,553.97,690.11,2446.02,811.0,1643.61
2021-07-19,1483.69,1246.98,1441.79,1631.78,2185.01,1536.27,525.21,670.63,2326.08,798.73,1558.02
2021-07-20,1516.43,1271.02,1482.22,1651.49,2238.06,1533.85,528.91,681.23,2464.15,811.57,1608.87
2021-07-21,1517.67,1274.86,1476.65,1662.19,2239.34,1538.18,530.66,681.91,2445.37,806.88,1601.01
2021-07-22,1554.89,1299.87,1497.82,1706.06,2312.14,1527.04,542.6,694.86,2473.36,818.2,1620.13
2021-07-23,1525.48,1287.61,1461.7,1665.29,2335.86,1518.48,530.54,687.11,2411.93,812.35,1592.64
2021-07-26,1541.41,1298.12,1444.41,1690.98,2422.21,1529.73,532.02,696.17,2405.69,823.97,1587.78
2021-07-27,1547.36,1304.43,1455.26,1686.0,2411.99,1519.4,541.07,700.79,2440.75,826.19,1573.97
2021-07-28,1544.58,1300.12,1456.44,1678.4,2380.36,1522.2,540.76,698.62,2460.39,821.88,1566.98
2021-07-29,1566.97,1313.67,1488.45,1688.76,2418.86,1523.2,548.51,703.19,2487.31,828.0,1610.82
2021-07-30,1589.25,1326.33,1518.99,1708.51,2437.88,1533.74,548.75,710.98,2504.6,837.37,1629.32
2021-08-02,1586.36,1345.29,1506.75,1711.13,2480.39,1518.76,552.31,715.06,2517.6,841.62,1669.8
2021-08-03,1597.69,1364.32,1528.59,1765.4,2491.29,1518.43,548.98,722.43,2518.06,845.88,1674.59
2021-08-04,1608.29,1376.69,1536.1,1764.7,2486.03,1539.75,560.71,724.57,2533.17,845.35,1676.87
2021-08-05,1629.68,1390.14,1557.15,1775.49,2508.85,1541.27,560.07,728.78,2596.35,842.61,1696.32
2021-08-06,1624.43,1396.75,1535.19,1780.18,2509.93,1541.97,560.43,733.3,2584.49,843.95,1689.09
2021-08-09,1652.91,1428.32,1556.52,1798.91,2537.53,1545.45,563.89,750.12,2656.94,860.26,1706.51
2021-08-10,1663.31,1445.79,1552.78,1791.0,2546.64,1544.29,582.03,760.36,2653.59,863.61,1711.24
2021-08-11,1653.5,1452.69,1552.05,1765.37,2503.03,1552.8,581.76,760.83,2636.48,865.07,1719.52
2021-08-12,1650.19,1461.19,1541.98,1772.61,2444.54,1547.12,581.48,764.3,2604.97,858.07,1689.44
2021-08-13,1657.87,1472.28,1550.63,1785.84,2474.29,1543.73,586.3,766.93,2622.24,855.38,1696.3
2021-08-16,1687.47,1497.64,1593.54,1778.73,2470.16,1575.59,584.42,769.83,2674.66,856.74,1692.67
2021-08-17,1687.24,1494.69,1590.08,1756.27,2451.66,1625.08,586.46,761.49,2715.88,852.77,1692.51
2021-08-18,1686.66,1495.82,1578.91,1744.57,2455.32,1679.78,588.37,763.92,2712.43,861.61,1706.24
2021-08-19,1689.85,1511.64,1581.68,1788.74,2467.59,1705.7,582.81,771.27,2746.24,870.13,1707.09
2021-08-20,1639.12,1483.75,1517.97,1719.53,2431.23,1671.63,554.25,761.93,2654.99,849.23,1640.19
2021-08-23,1595.78,1466.83,1467.4,1696.42,2394.66,1681.05,531.9,750.41,2587.19,824.37,1583.86
2021-08-24,1584.34,1445.5,1468.33,1696.83,2420.95,1660.94,539.6,743.82,2583.33,827.83,1594.18
2021-08-25,1603.45,1460.29,1478.11,1696.99,2417.36,1652.69,548.51,755.96,2615.98,845.92,1606.89
2021-08-26,1609.11,1472.61,1457.15,1682.07,2406.93,1656.9,545.08,765.62,2598.17,848.08,1602.79
2021-08-27,1633.39,1495.83,1456.08,1705.47,2421.7,1756.97,555.61,780.15,2616.83,854.65,1620.42
2021-08-30,1671.72,1535.97,1484.43,1711.23,2427.66,1836.32,561.28,790.31,2681.01,854.88,1638.8
2021-08-31,1680.55,1545.38,1470.0,1719.85,2436.85,1815.68,569.95,796.02,2710.29,861.34,1640.12
2021-09-01,1684.65,1568.46,1466.62,1722.8,2434.65,1778.67,578.31,803.43,2719.35,860.97,1634.4
2021-09-06,1707.91,1607.18,1475.83,1743.83,2505.73,1786.72,589.93,816.9,2812.58,859.16,1646.87
2021-09-07,1690.32,1573.47,1503.45,1726.07,2475.04,1780.3,573.47,796.8,2770.94,843.7,1633.03
2021-09-08,1684.67,1567.24,1488.12,1706.79,2464.83,1782.94,568.03,794.01,2802.02,836.32,1638.39
2021-09-09,1699.6,1590.03,1499.64,1704.78,2473.57,1790.93,578.94,808.96,2836.29,842.91,1722.83
2021-09-10,1698.35,1606.96,1499.68,1705.98,2491.32,1773.97,576.35,811.27,2820.0,849.1,1738.53
2021-09-13,1679.74,1616.85,1487.04,1701.84,2493.54,1726.28,578.56,803.89,2783.94,859.19,1787.72
2021-09-14,1666.3,1630.35,1469.24,1702.88,2531.56,1694.28,575.33,797.15,2765.36,870.26,1776.97
2021-09-15,1682.17,1657.18,1467.19,1701.56,2542.42,1735.55,591.88,805.01,2840.39,887.3,1791.4
2021-09-16,1684.9,1653.2,1479.23,1683.3,2543.17,1731.25,596.18,807.22,2825.84,897.27,1787.8
2021-09-17,1709.11,1679.39,1501.53,1681.01,2576.64,1724.04,602.42,812.61,2850.28,896.04,1783.93
2021-09-20,1708.73,1673.98,1520.7,1674.46,2552.02,1689.46,598.57,804.91,2813.05,901.08,1770.39
2021-09-21,1710.05,1681.81,1506.87,1654.5,2529.21,1664.4,606.53,804.79,2807.47,906.03,1771.53
2021-09-22,1727.53,1711.32,1505.46,1668.37,2526.55,1683.77,609.3,817.14,2817.78,930.09,1803.86
2021-09-23,1714.71,1689.53,1502.77,1682.8,2520.31,1686.16,606.22,811.59,2816.5,915.72,1852.66
2021-09-24,1702.85,1661.69,1512.2,1679.25,2508.66,1657.18,595.75,804.54,2791.8,905.86,1835.25
2021-09-27,1645.41,1602.5,1482.91,1649.12,2484.23,1632.89,589.91,788.05,2750.7,877.51,1784.42
2021-09-28,1674.22,1625.31,1490.04,1662.7,2514.24,1635.82,613.53,798.09,2833.11,885.14,1800.35
2021-09-29,1667.97,1628.92,1475.48,1659.47,2513.97,1643.33,618.35,800.44,2869.51,892.06,1812.39
2021-09-30,1672.89,1646.1,1475.27,1671.74,2519.14,1652.45,620.21,803.31,2866.47,898.49,1834.37
2021-10-01,1657.85,1647.27,1447.27,1657.41,2517.76,1647.31,631.97,802.4,2893.61,896.1,1824.1
2021-10-04,1658.82,1665.24,1422.41,1666.35,2553.54,1648.12,645.42,814.25,2992.19,900.81,1824.87
2021-10-05,1676.32,1678.26,1447.77,1687.85,2548.9,1641.6,651.15,814.99,2986.33,899.75,1825.54
2021-10-06,1684.76,1705.85,1445.47,1704.55,2552.07,1641.28,651.2,823.42,3027.04,899.64,1845.96
2021-10-07,1699.71,1731.2,1456.23,1711.25,2552.59,1639.72,650.22,832.24,3010.41,897.93,1842.83
2021-10-08,1702.89,1726.9,1466.09,1716.88,2661.39,1666.38,649.82,833.56,3008.38,910.86,1856.5
2021-10-11,1722.97,1729.77,1513.7,1744.81,2667.42,1685.49,655.11,840.46,3063.33,916.18,1869.06
2021-10-12,1731.46,1739.69,1511.11,1751.7,2661.97,1676.8,661.51,844.18,3062.17,917.89,1885.96
2021-10-13,1733.81,1747.74,1504.87,1751.43,2670.18,1667.11,653.38,848.99,3057.78,912.43,1905.39
2021-10-14,1746.33,1765.87,1506.16,1750.7,2655.79,1650.73,660.28,856.17,3073.52,908.56,1906.15
2021-10-15,1750.27,1776.52,1512.06,1746.99,2660.4,1650.23,657.82,852.8,3107.21,907.55,1897.67
2021-10-18,1746.5,1779.57,1517.82,1751.63,2658.15,1657.92,669.6,854.68,3121.33,907.28,1873.22
2021-10-19,1745.52,1786.3,1516.65,1752.61,2650.32,1667.69,665.59,860.82,3098.03,903.0,1862.57
2021-10-20,1748.96,1800.16,1513.77,1754.05,2623.24,1661.35,660.44,864.84,3100.15,907.51,1861.89
2021-10-21,1761.49,1818.71,1499.12,1747.08,2601.94,1662.14,666.68,866.48,3116.86,899.01,1844.39
2021-10-22,1776.85,1825.76,1491.19,1765.45,2587.02,1650.37,670.34,879.57,3100.93,906.1,1854.31
2021-10-25,1766.8,1824.92,1471.69,1771.66,2555.89,1683.57,679.55,883.39,3027.74,903.66,1861.84
2021-10-26,1785.93,1843.74,1477.37,1775.0,2603.78,1669.62,689.03,893.43,3084.09,903.27,1855.21
2021-10-27,1815.45,1874.23,1504.38,1822.72,2642.3,1677.3,704.09,907.95,3149.48,922.32,1910.1
2021-10-28,1833.48,1896.05,1520.16,1838.89,2637.16,1677.25,696.74,918.35,3165.29,934.38,1911.67
2021-10-29,1831.69,1916.89,1518.26,1873.85,2609.58,1670.15,691.72,926.63,3131.31,931.6,1915.4
2021-11-01,1855.24,1939.73,1519.98,1866.25,2585.44,1682.53,684.39,935.1,3076.55,922.76,1897.52
2021-11-02,1900.49,1980.16,1534.0,1886.93,2590.57,1718.22,695.1,960.68,3081.15,922.54,1905.61
2021-11-03,1869.26,1907.66,1577.11,1838.18,2585.16,1684.46,680.68,925.51,3043.77,916.95,1892.76
2021-11-04,1890.75,1930.08,1570.58,1837.3,2584.42,1692.46,678.27,938.87,3085.33,924.74,1902.27
2021-11-05,1913.0,1951.59,1564.58,1839.26,2627.54,1702.51,696.64,949.48,3122.87,935.88,1943.58
2021-11-08,1946.92,1973.66,1567.32,1845.83,2621.07,1729.67,710.88,968.69,3137.72,957.33,1943.9
2021-11-09,1961.87,1983.31,1565.49,1851.42,2597.91,1744.81,725.49,978.76,3124.71,942.37,1922.58
2021-11-10,1983.48,2006.87,1563.17,1856.46,2609.25,1743.49,753.5,997.45,3092.68,943.56,1929.72
2021-11-11,1994.94,2025.52,1546.03,1869.26,2582.02,1760.1,750.86,1014.06,3037.14,941.56,1965.58
2021-11-12,2036.01,2048.41,1569.28,1875.97,2632.17,1750.87,746.3,1033.7,3073.86,948.91,1998.51
2021-11-15,2048.17,2070.17,1570.43,1886.44,2628.31,1764.32,749.93,1042.43,3031.17,956.29,2032.9
2021-11-16,2028.69,2064.29,1563.07,1864.45,2662.95,1769.76,752.7,1040.21,2964.45,949.22,2008.82
2021-11-17,2041.81,2088.41,1565.6,1882.05,2662.31,1754.16,766.38,1054.58,2942.7,949.83,2011.09
2021-11-18,2065.81,2115.66,1556.36,1880.81,2634.45,1750.55,743.18,1079.07,2865.19,944.35,2022.05
2021-11-19,2041.89,2070.33,1580.11,1853.45,2613.42,1745.9,711.39,1065.31,2752.65,933.65,2002.23
2021-11-22,1992.15,1993.37,1620.39,1822.12,2608.21,1742.77,666.86,1015.02,2754.31,934.21,1993.27
2021-11-23,2005.52,2026.05,1620.31,1849.54,2638.33,1749.91,689.1,1015.61,2812.29,954.81,2044.34
2021-11-24,2046.89,2028.84,1697.07,1858.79,2677.45,1797.64,688.56,1019.07,2771.13,963.97,2053.97
2021-11-25,2086.48,2056.61,1699.87,1882.1,2726.6,1789.75,693.06,1046.62,2809.46,966.34,2057.45
2021-11-26,2070.35,2058.43,1684.06,1900.81,2693.29,1785.34,675.33,1039.11,2814.6,966.15,2014.15
2021-11-29,2070.75,2071.59,1655.48,1948.33,2674.06,1843.42,658.9,1046.61,2785.84,951.52,1963.52
2021-11-30,2078.98,2076.75,1620.46,1952.86,2636.36,1841.03,666.94,1061.97,2819.16,942.61,1978.82
2021-12-01,2088.88,2082.31,1643.57,1961.75,2664.47,1814.51,674.04,1056.91,2824.5,943.51,1978.79
2021-12-02,2080.54,2086.49,1623.31,1970.8,2637.17,1833.3,679.3,1053.21,2805.27,948.24,1965.02
2021-12-03,2007.45,2036.15,1571.54,1928.9,2587.82,1821.81,650.22,1021.3,2729.6,930.9,1916.9
2021-12-06,1928.66,1962.08,1531.57,1904.43,2558.24,1798.5,636.52,993.03,2608.05,920.56,1875.92
2021-12-07,1980.3,2013.65,1563.11,1950.52,2608.87,1808.83,667.3,1018.5,2698.26,934.34,1911.9
2021-12-08,1999.74,2008.83,1579.42,1951.97,2594.13,1796.2,669.69,1018.63,2682.3,932.81,1927.86
2021-12-09,2033.87,2035.17,1592.87,1977.67,2635.07,1788.44,679.34,1039.01,2688.42,946.7,1938.3
2021-12-10,2042.73,2036.28,1592.61,1950.75,2606.95,1761.44,673.55,1045.38,2666.99,945.76,1935.51
2021-12-13,2083.91,2085.78,1586.99,1976.59,2609.34,1747.08,680.16,1078.12,2684.37,954.99,1950.99
2021-12-14,2102.24,2092.54,1579.73,1967.37,2595.21,1769.35,683.41,1087.8,2741.87,957.11,1945.71
2021-12-15,2099.0,2083.27,1583.25,1961.05,2599.39,1788.43,679.46,1086.45,2744.4,961.75,1947.1
2021-12-16,2128.23,2106.27,1569.15,1979.38,2589.41,1785.08,681.59,1107.48,2728.88,961.93,1921.93
2021-12-17,2132.9,2118.02,1572.23,2005.81,2614.56,1785.32,674.05,1116.78,2693.26,950.33,1939.87
2021-12-20,2124.4,2123.02,1584.19,1980.97,2596.75,1758.83,653.33,1108.15,2693.22,957.63,1923.08
2021-12-21,2147.33,2136.22,1572.57,2006.17,2577.96,1749.45,659.54,1127.8,2678.38,964.2,1922.38
2021-12-22,2160.64,2156.05,1552.66,2025.01,2570.24,1752.16,650.51,1144.13,2641.94,969.64,1938.72
2021-12-23,2136.33,2142.97,1523.63,1968.1,2520.99,1752.03,670.45,1131.19,2641.71,968.1,1920.99
2021-12-24,2167.78,2138.2,1578.57,1978.58,2543.88,1724.86,674.75,1132.73,2681.04,975.69,1938.29
2021-12-27,2202.45,2166.8,1589.42,2002.56,2574.59,1734.29,686.43,1160.21,2668.72,974.96,1950.66
2021-12-28,2231.35,2183.95,1615.13,2000.88,2572.99,1739.11,685.67,1173.31,2673.27,977.86,1959.81
2021-12-29,2214.82,2187.7,1616.31,1972.48,2548.04,1754.27,692.29,1158.98,2670.49,977.65,1941.04
2021-12-30,2212.97,2177.28,1631.43,1959.66,2543.03,1770.09,694.06,1154.28,2666.58,977.24,1937.34
2021-12-31,2232.77,2171.7,1652.68,1974.7,2528.04,1745.91,689.84,1165.98,2694.32,979.63,1959.09
2022-01-04,2267.66,2205.1,1669.89,2036.52,2545.62,1731.98,717.47,1192.54,2716.82,981.66,1974.85
2022-01-05,2283.66,2231.16,1653.42,2042.83,2547.13,1728.46,716.0,1211.22,2716.29,965.09,1966.73
2022-01-06,2299.82,2248.19,1643.41,2097.04,2539.04,1722.69,714.2,1232.53,2688.98,944.89,1961.18
2022-01-07,2317.19,2283.06,1627.31,2088.3,2538.18,1711.43,723.89,1261.64,2668.74,943.05,1942.73
2022-01-10,2245.22,2245.71,1600.5,2061.63,2495.61,1697.86,691.95,1228.83,2642.41,930.71,1910.62
2022-01-11,2232.83,2228.75,1592.36,2035.74,2430.13,1699.52,682.59,1237.9,2607.9,908.88,1894.15
2022-01-12,2224.82,2180.36,1652.83,2028.66,2433.53,1717.08,707.64,1191.44,2652.82,906.65,1923.49
2022-01-13,2160.55,2113.43,1652.15,1978.93,2494.23,1725.71,694.78,1139.41,2652.15,897.93,1924.61
2022-01-14,2144.44,2095.39,1642.0,1977.64,2476.77,1728.06,701.17,1133.24,2621.72,903.24,1914.42
2022-01-17,2039.28,1995.0,1589.71,1896.64,2407.58,1695.44,690.93,1074.43,2516.47,880.25,1865.63
2022-01-18,1985.55,1912.33,1586.06,1857.9,2373.04,1702.62,700.45,1041.1,2483.75,878.82,1860.87
2022-01-19,2001.46,1896.92,1590.34,1871.55,2380.05,1700.58,694.5,1033.36,2472.14,894.89,1895.26
2022-01-20,2055.62,1945.08,1608.43,1892.02,2382.77,1702.41,705.29,1063.42,2507.97,904.38,1904.54
2022-01-21,2066.77,1965.77,1635.07,1899.2,2356.49,1701.84,710.91,1073.44,2472.68,906.49,1900.39
2022-01-24,1979.69,1876.26,1619.21,1836.07,2272.07,1667.62,696.19,1024.0,2328.34,871.71,1867.26
2022-01-25,2031.65,1875.66,1672.62,1890.36,2310.61,1672.72,697.64,1036.09,2431.97,889.31,1879.21
2022-01-26,2029.86,1845.18,1696.88,1890.08,2309.42,1676.85,705.71,1016.01,2433.23,876.96,1901.16
2022-01-27,2009.99,1819.16,1685.89,1880.3,2304.82,1679.89,705.49,999.16,2382.88,877.74,1898.61
2022-01-28,2025.16,1850.34,1711.72,1891.92,2403.12,1696.83,683.71,1001.31,2386.6,880.49,1928.99
2022-02-07,2052.59,1907.7,1715.76,1886.5,2417.63,1711.99,708.59,1031.27,2448.48,899.24,1965.52
2022-02-08,2063.36,1920.55,1733.02,1859.6,2442.67,1732.18,707.08,1028.02,2564.12,895.51,1983.72
2022-02-09,2083.2,1952.46,1724.4,1867.36,2447.48,1752.35,708.47,1053.25,2649.85,900.52,1985.42
2022-02-10,2086.94,1963.58,1722.18,1849.14,2476.97,1782.01,721.59,1054.18,2651.77,907.05,1982.97
2022-02-11,2094.46,1970.3,1730.62,1828.94,2469.34,1747.21,716.94,1048.96,2671.73,906.95,1980.91
2022-02-14,2049.21,1959.41,1649.36,1809.21,2454.57,1724.05,729.54,1054.31,2625.4,907.94,1950.62
2022-02-15,2082.21,1969.62,1675.58,1847.45,2464.77,1757.44,717.43,1068.09,2620.71,927.52,1967.76
2022-02-16,2102.87,2004.58,1668.52,1852.62,2469.4,1765.51,719.97,1096.84,2632.55,923.39,1966.16
2022-02-17,2113.62,2020.85,1683.06,1866.91,2503.5,1775.85,725.44,1110.31,2651.33,938.63,1993.03
2022-02-18,2132.39,2052.26,1670.6,1856.58,2491.98,1825.89,721.71,1139.87,2680.26,941.16,1994.12
2022-02-21,2149.87,2091.42,1676.75,1876.91,2523.33,1823.44,726.63,1151.55,2671.05,937.71,2004.17
2022-02-22,2122.04,2068.85,1679.14,1851.67,2506.72,1821.56,748.17,1128.98,2646.78,927.7,2053.56
2022-02-23,2143.48,2092.55,1683.97,1862.95,2509.16,1837.52,773.28,1151.58,2675.69,932.57,2054.21
2022-02-24,2124.13,2061.0,1669.31,1833.81,2484.7,1831.02,798.15,1123.5,2643.0,929.24,2044.9
2022-02-25,2148.31,2083.44,1689.34,1833.74,2503.42,1847.53,776.83,1130.28,2648.32,928.3,2052.4
2022-02-28,2138.44,2093.13,1676.77,1808.26,2529.67,1835.42,787.02,1119.96,2731.01,922.45,2022.72
2022-03-01,2161.32,2116.98,1677.1,1835.87,2538.35,1860.67,781.12,1134.18,2732.67,928.33,2030.84
2022-03-02,2138.63,2108.66,1630.51,1829.37,2525.82,1821.5,799.37,1129.58,2745.49,930.05,2011.2
2022-03-03,2171.9,2143.88,1654.3,1842.65,2533.92,1829.29,815.33,1146.28,2885.6,942.96,2037.12
2022-03-04,2177.96,2164.93,1662.57,1847.45,2533.64,1841.96,795.63,1156.23,2868.8,944.23,2045.2
2022-03-07,2179.54,2178.76,1641.3,1819.61,2537.69,1832.01,839.35,1149.13,2943.34,940.17,2035.72
2022-03-08,2128.08,2132.56,1618.57,1785.13,2559.38,1854.42,819.52,1118.63,2855.96,930.18,2013.0
2022-03-09,2143.05,2137.3,1618.62,1779.67,2574.68,1875.57,852.89,1128.12,2892.22,922.35,2025.94
2022-03-10,2156.32,2166.84,1627.65,1803.27,2560.3,1872.13,830.63,1133.85,2863.09,921.7,2027.95
2022-03-11,2144.64,2146.49,1625.47,1795.71,2524.8,1840.2,792.95,1120.01,2810.05,906.54,2011.5
2022-03-14,2109.33,2115.06,1616.2,1783.66,2482.97,1833.55,757.1,1111.33,2705.43,885.0,1971.35
2022-03-15,2130.26,2131.84,1625.7,1789.13,2461.11,1852.23,763.81,1130.19,2716.24,895.6,1986.46
2022-03-16,2149.38,2155.8,1634.73,1796.43,2482.27,1875.81,759.68,1134.48,2728.47,901.6,1995.24
2022-03-17,2152.32,2176.68,1635.59,1806.88,2509.44,1864.22,751.47,1137.21,2705.53,892.16,2002.4
2022-03-18,2158.97,2191.02,1636.45,1817.22,2584.09,1857.25,761.19,1151.19,2738.64,886.47,2006.81
2022-03-21,2195.14,2219.84,1648.86,1886.11,2591.2,1876.89,769.65,1163.37,2762.33,917.42,2042.26
2022-03-22,2214.95,2223.19,1661.99,1898.94,2606.93,1885.88,778.35,1164.58,2783.76,929.99,2048.82
2022-03-23,2228.98,2236.46,1656.5,1888.97,2623.12,1872.11,765.21,1174.8,2788.26,931.97,2047.99
2022-03-24,2231.82,2261.28,1644.72,1883.82,2613.89,1903.61,763.78,1191.93,2784.08,929.87,2049.73
2022-03-25,2235.99,2283.74,1640.69,1890.27,2619.96,1945.07,760.09,1189.11,2806.15,931.73,2109.22
2022-03-28,2210.93,2255.24,1614.1,1859.63,2685.98,1953.68,767.4,1164.34,2795.39,931.36,2154.28
2022-03-29,2231.51,2286.35,1625.54,1880.56,2847.4,1976.67,778.71,1187.68,2795.81,932.97,2190.59
2022-03-30,2208.79,2238.82,1637.83,1856.52,2882.96,1964.22,753.74,1154.27,2741.15,934.81,2164.75
2022-03-31,2197.95,2211.95,1640.43,1857.18,2903.54,1981.1,744.76,1151.7,2704.84,946.05,2180.77
2022-04-01,2231.61,2240.62,1672.67,1882.45,3008.21,1978.1,734.76,1170.85,2748.96,961.71,2294.03
2022-04-04,2232.49,2260.76,1680.52,1889.87,2964.64,1962.63,743.23,1177.56,2746.63,967.37,2286.19
2022-04-05,2227.02,2258.21,1664.64,1886.78,2960.01,1948.72,747.36,1171.21,2755.38,964.53,2293.02
2022-04-06,2210.63,2223.28,1689.08,1860.83,3060.16,1926.44,742.59,1144.31,2782.79,964.78,2326.11
2022-04-07,2171.77,2182.77,1678.19,1827.22,3051.31,1871.15,741.13,1113.78,2743.77,952.13,2275.43
2022-04-08,2122.92,2130.62,1652.42,1822.62,2931.84,1865.35,715.31,1090.56,2708.79,934.88,2221.84
2022-04-12,2067.7,2066.21,1621.57,1784.46,2955.68,1799.98,682.14,1058.02,2635.95,936.61,2231.66
2022-04-13,2122.5,2117.24,1639.88,1816.99,3093.57,1847.13,693.83,1086.63,2668.09,950.52,2287.1
2022-04-14,2121.77,2114.76,1627.61,1799.45,3141.47,1869.01,702.39,1076.24,2673.56,953.55,2332.39
2022-04-15,2092.57,2095.89,1589.78,1768.53,3108.74,1867.93,699.88,1060.95,2650.33,954.83,2345.97
2022-04-18,2038.08,2034.49,1538.47,1735.32,3140.49,1881.66,674.77,1039.49,2572.15,949.69,2369.22
2022-04-19,1984.18,1971.09,1492.9,1706.11,3052.39,1879.9,668.93,1016.33,2568.49,933.0,2314.46
2022-04-20,1928.06,1899.78,1480.73,1680.22,3042.53,1842.28,641.78,976.89,2520.76,933.0,2298.94
2022-04-21,1914.24,1850.75,1489.42,1632.17,3045.98,1857.26,615.46,950.09,2503.22,924.15,2287.65
2022-04-22,1900.51,1812.49,1512.95,1647.58,3003.28,1838.27,592.41,937.34,2489.2,920.77,2254.63
2022-04-25,1789.27,1715.03,1423.16,1595.55,2795.1,1770.22,552.37,882.13,2323.76,873.95,2102.44
2022-04-26,1844.36,1758.4,1462.88,1641.86,2813.61,1804.1,575.69,905.15,2368.53,888.76,2146.12
2022-04-27,1873.75,1801.81,1470.55,1652.47,2790.53,1797.29,579.02,927.73,2421.04,900.93,2138.95
2022-04-28,1870.17,1813.1,1467.37,1647.91,2852.84,1794.74,577.96,933.09,2445.92,892.11,2121.02
2022-04-29,1909.15,1864.75,1490.86,1678.48,2847.51,1804.17,592.54,955.77,2469.04,900.37,2175.65
2022-05-04,1872.42,1854.31,1448.77,1654.16,2830.71,1766.75,597.68,952.74,2389.16,886.44,2178.98
2022-05-05,1863.17,1829.55,1456.86,1677.41,2832.37,1743.71,594.09,944.49,2374.99,896.95,2177.74
2022-05-06,1806.44,1768.18,1406.46,1656.74,2706.39,1721.17,563.01,914.72,2353.75,880.27,2122.55
2022-05-09,1708.03,1663.52,1332.08,1609.35,2541.67,1642.17,524.67,862.83,2229.68,854.56,1978.64
2022-05-10,1724.55,1675.6,1358.61,1633.88,2646.33,1673.4,539.27,883.73,2259.65,861.13,2021.37
2022-05-11,1751.77,1694.83,1371.57,1647.95,2730.08,1675.9,535.55,896.63,2255.41,846.99,2046.22
2022-05-12,1658.73,1604.39,1289.55,1589.65,2560.69,1626.05,499.21,853.03,2125.11,801.38,1944.14
2022-05-13,1568.14,1513.29,1217.93,1544.38,2497.32,1573.51,472.68,809.02,1997.04,766.1,1827.39
2022-05-16,1548.45,1500.41,1219.63,1526.11,2473.61,1564.18,493.68,793.58,1984.47,741.02,1803.32
2022-05-17,1626.05,1578.91,1288.66,1573.76,2645.09,1602.85,526.74,834.81,2090.25,787.55,1918.07
2022-05-18,1659.0,1599.8,1302.35,1576.88,2610.52,1631.47,528.47,845.5,2111.17,811.15,1935.75
2022-05-19,1665.79,1593.64,1294.87,1573.28,2590.46,1618.19,540.6,849.16,2100.57,829.39,1927.05
2022-05-20,1677.28,1607.42,1297.66,1575.88,2607.36,1649.68,539.92,857.4,2111.43,816.59,1951.66
2022-05-23,1645.77,1588.41,1260.06,1559.8,2581.63,1635.77,544.79,841.29,2075.69,802.23,1918.44
2022-05-24,1667.1,1598.16,1286.1,1569.3,2626.18,1643.37,540.24,852.65,2006.07,829.7,1952.54
2022-05-25,1732.24,1654.83,1332.94,1599.48,2806.54,1684.56,570.53,886.89,2029.03,853.86,2045.24
2022-05-26,1734.95,1666.7,1329.65,1603.63,2824.78,1697.64,577.34,889.56,2049.49,848.62,2048.12
2022-05-27,1757.82,1680.38,1350.77,1616.61,2984.4,1703.59,577.34,902.3,2077.94,856.84,2153.05
2022-05-30,1773.28,1694.54,1361.72,1630.91,2972.57,1693.03,583.79,920.07,2080.92,858.29,2132.89
2022-05-31,1767.16,1683.95,1346.55,1622.67,2939.16,1688.39,598.85,912.79,2060.91,866.79,2105.03
2022-06-01,1770.28,1690.15,1339.51,1624.53,2982.83,1674.44,613.82,920.44,2052.97,880.33,2121.34
2022-06-02,1747.8,1686.49,1325.28,1611.19,2980.49,1664.9,597.47,903.41,2010.15,878.03,2171.45
2022-06-03,1750.71,1681.03,1320.74,1602.4,3041.06,1688.52,598.72,901.41,2028.47,880.39,2218.44
2022-06-06,1740.2,1658.77,1313.83,1586.36,3017.78,1684.93,602.61,890.96,2027.48,893.06,2236.83
2022-06-07,1739.95,1660.35,1303.37,1568.7,3079.47,1732.72,626.84,897.45,2010.21,906.45,2244.57
2022-06-08,1786.04,1699.72,1342.71,1588.94,3080.22,1749.27,634.38,913.81,2017.77,915.19,2260.46
2022-06-09,1789.33,1707.3,1339.12,1596.01,3087.91,1767.41,635.82,915.92,2065.25,908.46,2254.47
2022-06-10,1744.63,1657.37,1321.06,1588.64,2949.68,1727.91,602.42,889.96,2024.26,896.03,2192.35
2022-06-13,1652.51,1569.13,1247.85,1534.81,2773.19,1671.27,562.34,847.38,1906.41,847.96,2049.56
2022-06-14,1647.37,1536.56,1239.36,1534.31,2850.18,1655.78,578.88,844.51,1849.36,843.64,2090.45
2022-06-15,1609.77,1492.37,1219.66,1517.97,2892.33,1674.14,552.61,821.86,1799.1,836.6,2129.52
2022-06-16,1629.56,1493.98,1230.8,1521.08,2945.16,1655.79,564.02,831.34,1861.62,872.99,2244.06
2022-06-17,1589.15,1452.85,1182.72,1504.69,2940.3,1621.32,555.72,815.69,1808.89,877.21,2220.44
2022-06-20,1523.86,1394.7,1145.52,1474.35,2930.36,1609.91,519.47,784.16,1701.31,859.06,2123.2
2022-06-21,1485.25,1352.91,1148.38,1463.45,2842.67,1612.49,503.42,757.77,1638.06,863.35,2107.43
2022-06-22,1504.57,1360.55,1189.98,1472.09,2698.67,1628.4,485.45,762.96,1666.09,833.88,2015.21
2022-06-23,1556.26,1403.82,1212.12,1466.89,2737.26,1639.06,509.49,788.99,1695.49,855.95,2093.39
2022-06-24,1559.52,1409.96,1204.67,1468.87,2744.49,1622.06,505.31,786.23,1704.56,859.52,2091.25
2022-06-27,1581.59,1436.96,1222.92,1493.04,2779.9,1634.58,518.43,804.9,1754.74,868.8,2113.69
2022-06-28,1607.29,1453.4,1259.49,1490.06,2870.74,1631.67,529.06,813.4,1735.26,869.94,2144.61
2022-06-29,1609.07,1450.92,1258.07,1483.64,2870.51,1625.94,525.46,811.98,1751.24,877.24,2143.79
2022-06-30,1569.94,1422.86,1226.47,1467.75,2759.55,1616.35,506.77,787.82,1715.45,867.06,2113.25
2022-07-01,1581.94,1424.66,1243.48,1460.23,2813.66,1632.7,511.47,789.07,1721.67,860.18,2087.56
2022-07-04,1588.37,1425.86,1257.38,1457.27,2767.39,1633.28,513.91,787.83,1704.92,854.69,2022.47
2022-07-05,1555.68,1389.24,1271.01,1443.41,2716.77,1651.03,504.32,761.48,1681.13,819.29,1947.48
2022-07-06,1513.08,1350.32,1245.91,1397.47,2649.17,1637.13,475.03,741.64,1640.63,796.28,1882.71
2022-07-07,1529.46,1356.42,1254.7,1428.31,2644.8,1615.59,471.78,751.84,1657.72,820.13,1902.3
2022-07-08,1555.9,1388.95,1252.89,1439.41,2662.15,1636.81,482.25,767.38,1713.55,825.5,1925.89
2022-07-11,1537.55,1376.24,1219.01,1430.92,2627.73,1647.14,480.11,764.79,1688.78,815.47,1908.93
2022-07-12,1584.34,1421.98,1240.46,1443.37,2656.4,1665.6,500.43,789.48,1719.66,825.45,1919.86
2022-07-13,1581.79,1430.62,1246.09,1440.98,2627.46,1661.0,496.95,785.78,1718.74,818.88,1898.86
2022-07-14,1597.02,1441.56,1256.37,1446.47,2633.02,1665.58,502.34,792.28,1727.8,824.84,1884.19
2022-07-15,1595.98,1438.81,1254.06,1446.5,2612.04,1665.46,498.12,789.98,1775.63,818.18,1854.82
2022-07-18,1599.04,1447.01,1253.68,1430.76,2642.51,1665.51,504.98,790.65,1748.1,822.56,1847.84
2022-07-19,1603.28,1442.87,1248.49,1433.67,2642.82,1650.58,518.08,795.86,1724.46,830.33,1815.01
2022-07-20,1631.47,1480.17,1266.99,1446.36,2709.88,1667.83,523.5,814.88,1738.89,837.52,1857.39
2022-07-21,1633.12,1472.18,1273.2,1445.46,2721.45,1699.86,517.91,813.11,1755.8,843.72,1913.3
2022-07-22,1629.91,1463.42,1269.68,1428.63,2717.17,1721.09,512.32,810.82,1725.45,846.27,1917.76
2022-07-25,1615.89,1455.02,1257.61,1430.87,2722.53,1718.02,498.0,805.62,1696.01,848.82,1890.19
2022-07-26,1604.52,1444.59,1254.27,1424.22,2709.48,1717.31,500.89,799.54,1676.87,844.93,1879.49
2022-07-27,1621.87,1454.57,1259.75,1434.11,2721.06,1705.09,501.43,808.93,1665.82,847.58,1864.9
2022-07-28,1646.71,1477.34,1285.3,1454.53,2711.46,1710.5,510.44,823.21,1686.23,852.91,1868.18
2022-07-29,1639.99,1477.02,1291.27,1443.92,2666.62,1696.19,503.95,820.36,1682.17,839.92,1848.97
2022-08-01,1678.88,1502.63,1320.82,1467.25,2691.21,1693.35,516.9,838.26,1758.12,853.91,1870.58
2022-08-02,1683.56,1518.39,1323.09,1493.72,2719.14,1667.94,517.42,844.29,1773.72,855.56,1883.02
2022-08-03,1702.12,1535.55,1329.97,1493.55,2714.02,1679.99,522.37,852.97,1830.82,859.76,1878.15
2022-08-04,1696.04,1535.36,1335.67,1505.68,2759.3,1677.87,523.1,849.23,1826.86,853.72,1896.96
2022-08-05,1706.3,1550.76,1338.38,1507.73,2750.47,1667.98,535.47,853.4,1816.08,840.54,1894.8
2022-08-08,1713.49,1565.21,1345.68,1502.74,2761.79,1669.93,551.36,855.76,1841.14,843.21,1912.59
2022-08-09,1718.33,1574.43,1348.11,1509.64,2766.06,1671.76,548.19,860.51,1863.38,846.4,1918.07
2022-08-10,1717.59,1579.81,1339.11,1514.78,2755.99,1668.15,557.98,864.93,1848.85,847.69,1921.35
2022-08-11,1696.68,1556.22,1331.67,1509.89,2756.61,1667.23,554.81,850.0,1815.01,843.25,1901.83
2022-08-12,1716.69,1571.7,1343.64,1515.6,2780.07,1664.92,557.7,859.83,1854.09,849.57,1903.9
2022-08-15,1739.99,1580.12,1360.33,1522.04,2865.88,1671.19,560.87,867.6,1860.48,856.57,1948.43
2022-08-16,1743.69,1585.05,1356.46,1522.16,2864.07,1679.7,566.23,873.1,1887.82,859.5,1966.62
2022-08-17,1735.97,1582.43,1358.19,1539.37,2852.95,1702.39,563.25,867.11,1870.42,866.35,1947.38
2022-08-18,1727.93,1575.79,1357.11,1533.07,2850.17,1696.08,559.16,861.45,1862.09,872.37,1933.46
2022-08-19,1718.67,1571.01,1356.57,1518.84,2809.36,1679.85,569.34,858.47,1834.66,871.68,1924.37
2022-08-22,1713.58,1559.78,1348.84,1497.31,2810.05,1677.49,574.09,847.63,1811.6,868.05,1971.12
2022-08-23,1738.05,1584.69,1358.91,1501.67,2815.18,1667.3,591.72,864.49,1837.35,877.33,1981.73
2022-08-24,1746.75,1597.13,1365.57,1504.13,2791.86,1678.64,596.67,870.34,1840.65,886.11,1990.72
2022-08-25,1761.6,1603.86,1380.21,1523.38,2791.2,1676.34,597.15,873.13,1878.22,893.55,2017.65
2022-08-26,1751.24,1589.69,1371.0,1511.81,2813.85,1668.78,581.51,865.22,1855.75,886.04,2087.22
2022-08-29,1732.79,1570.19,1354.47,1484.84,2789.61,1640.59,597.31,852.96,1834.66,880.7,2110.46
2022-08-30,1722.36,1565.97,1357.24,1482.39,2787.47,1632.84,593.9,845.86,1840.74,890.09,2090.94
2022-08-31,1729.69,1575.78,1362.46,1485.37,2792.63,1635.09,582.11,851.49,1838.05,892.27,2108.11
2022-09-05,1730.78,1574.05,1350.56,1483.58,2784.31,1637.52,593.35,849.17,1891.22,902.03,2081.14
2022-09-06,1732.22,1569.33,1354.44,1485.34,2782.48,1650.01,588.89,852.8,1862.69,899.37,2084.44
2022-09-07,1672.36,1524.49,1319.07,1456.59,2718.4,1628.95,557.66,818.16,1818.12,872.62,2021.1
2022-09-08,1652.2,1505.55,1298.61,1455.87,2732.25,1619.94,551.12,805.14,1815.92,881.96,2041.58
2022-09-09,1680.87,1520.49,1306.67,1469.86,2738.0,1617.68,569.8,824.91,1862.33,890.35,2052.57
2022-09-12,1674.54,1525.78,1297.53,1477.25,2762.76,1640.58,577.51,820.36,1858.45,888.8,2093.72
2022-09-13,1680.73,1525.95,1298.2,1468.21,2761.81,1642.48,586.14,822.39,1852.43,889.69,2096.57
2022-09-14,1690.47,1525.54,1293.47,1463.06,2746.38,1629.0,596.12,824.72,1852.37,875.98,2082.74
2022-09-15,1693.9,1527.87,1292.93,1475.41,2741.12,1636.38,590.52,826.56,1851.6,875.96,2085.73
2022-09-16,1659.64,1502.23,1276.56,1463.46,2699.69,1632.88,589.08,807.9,1806.44,877.23,2051.41
2022-09-19,1606.34,1446.08,1242.08,1434.91,2699.42,1612.43,558.13,779.41,1749.87,866.55,2006.68
2022-09-20,1634.41,1459.18,1257.95,1446.48,2715.51,1614.87,564.13,788.74,1778.45,874.67,2038.44
2022-09-21,1624.91,1453.62,1243.92,1433.43,2681.33,1614.92,571.57,786.17,1769.97,871.98,2007.7
2022-09-22,1643.01,1473.93,1249.43,1436.74,2703.13,1628.26,569.16,796.76,1786.12,868.88,2015.09
2022-09-23,1626.68,1465.51,1232.94,1424.83,2685.03,1631.25,565.89,788.87,1765.68,861.65,2000.49
2022-09-26,1565.39,1411.58,1195.32,1387.25,2640.42,1614.52,535.1,760.93,1721.56,837.81,1953.93
2022-09-27,1557.09,1401.32,1201.63,1364.53,2606.19,1621.47,519.12,757.2,1717.13,825.69,1937.34
2022-09-28,1533.81,1373.33,1194.72,1334.03,2521.29,1599.63,516.02,739.26,1682.08,799.29,1888.89
2022-09-29,1508.52,1343.35,1181.27,1315.28,2492.23,1601.48,504.11,723.14,1653.34,788.62,1865.73
2022-09-30,1510.82,1350.63,1181.83,1320.81,2598.37,1591.25,510.43,727.87,1638.78,792.66,1854.3
2022-10-03,1433.8,1288.3,1122.0,1284.35,2478.71,1534.19,484.73,695.61,1534.15,762.56,1734.75
2022-10-04,1404.54,1267.35,1106.5,1287.69,2486.12,1526.45,482.38,690.06,1471.39,753.18,1750.61
2022-10-05,1457.12,1310.92,1127.39,1333.37,2525.63,1550.02,504.25,714.65,1508.34,766.32,1798.58
2022-10-06,1409.79,1263.77,1090.25,1309.01,2461.35,1509.55,490.74,690.25,1430.68,735.71,1716.05
2022-10-07,1355.38,1214.44,1031.15,1287.6,2377.05,1480.13,490.33,671.14,1379.39,711.29,1635.55
2022-10-10,1372.27,1234.09,1024.36,1280.71,2391.03,1480.64,509.25,674.39,1434.11,717.63,1704.48
2022-10-11,1316.89,1182.91,975.1,1239.45,2298.59,1461.91,484.9,644.61,1378.63,708.25,1664.5
2022-10-12,1364.48,1201.3,1021.69,1258.22,2352.65,1468.31,499.4,656.39,1457.2,723.58,1710.34
2022-10-13,1376.72,1205.39,1042.6,1266.58,2373.1,1466.76,499.3,659.12,1494.63,729.37,1715.09
2022-10-14,1402.18,1228.86,1062.26,1262.6,2412.37,1485.41,507.02,668.9,1506.92,736.43,1766.27
2022-10-17,1410.89,1234.69,1058.04,1226.52,2405.61,1465.08,519.01,671.67,1504.47,738.65,1751.1
2022-10-18,1416.36,1244.23,1061.83,1253.88,2431.53,1474.3,517.1,678.08,1484.81,755.36,1757.75
2022-10-19,1413.1,1242.62,1058.04,1246.57,2452.09,1472.47,518.58,676.82,1458.47,750.79,1765.61
2022-10-20,1396.58,1228.73,1051.96,1240.97,2515.13,1469.04,518.11,669.4,1438.84,749.54,1754.18
2022-10-21,1333.89,1170.61,1007.12,1199.99,2387.59,1437.59,484.52,642.17,1348.65,723.41,1656.16
2022-10-24,1284.22,1125.87,974.55,1153.83,2290.01,1397.97,452.17,614.04,1299.26,698.82,1571.68
2022-10-25,1295.97,1113.96,996.19,1145.66,2360.59,1375.44,449.63,605.09,1341.07,714.76,1600.71
2022-10-26,1285.71,1094.89,996.89,1123.02,2379.39,1378.07,435.55,593.24,1326.39,724.22,1600.57
2022-10-27,1346.68,1133.28,1056.86,1140.14,2447.04,1396.93,461.34,614.04,1372.35,752.86,1638.44
2022-10-28,1339.8,1141.08,1060.73,1145.92,2418.03,1407.86,454.34,616.32,1333.49,750.76,1639.82
2022-10-31,1330.54,1137.08,1064.88,1138.01,2431.64,1414.41,437.46,610.15,1271.7,755.48,1608.81
2022-11-01,1332.96,1146.49,1087.88,1144.71,2422.12,1418.83,434.01,612.13,1244.89,762.15,1574.32
2022-11-02,1319.23,1143.93,1077.5,1139.33,2378.57,1418.79,447.37,606.74,1256.47,739.17,1531.7
2022-11-03,1318.1,1137.37,1073.08,1120.58,2379.73,1420.9,445.1,606.16,1248.2,756.14,1557.9
2022-11-04,1276.89,1099.85,1048.09,1083.04,2329.16,1401.96,437.15,584.98,1200.58,748.35,1458.97
2022-11-07,1225.63,1054.14,1011.01,1042.74,2305.28,1388.69,428.46,563.71,1137.63,751.56,1394.36
2022-11-08,1231.74,1048.74,1029.95,1021.68,2330.82,1387.0,440.96,559.83,1110.18,756.17,1432.59
2022-11-09,1220.79,1052.37,1026.68,1010.56,2345.64,1395.91,439.6,558.07,1103.01,754.92,1451.79
2022-11-10,1158.3,1005.59,972.68,975.8,2303.99,1368.0,411.29,536.78,1029.34,721.54,1381.66
2022-11-11,1144.33,988.71,981.74,970.75,2290.78,1368.43,401.68,532.65,1026.42,731.06,1392.94
2022-11-14,1105.74,953.76,960.32,954.65,2224.32,1357.84,381.01,516.53,994.74,734.28,1340.26
2022-11-15,1055.04,908.79,916.71,936.69,2070.38,1332.02,355.94,494.41,980.28,718.25,1269.18
2022-11-16,1094.8,944.95,962.62,960.34,2180.2,1357.25,377.63,514.1,1041.15,717.58,1337.73
2022-11-17,1121.59,967.86,987.46,997.65,2235.53,1379.22,378.13,524.53,1095.25,741.61,1377.39
2022-11-18,1133.58,983.0,989.8,997.32,2256.82,1378.93,369.44,532.03,1142.1,734.88,1385.22
2022-11-21,1135.35,993.51,978.78,976.09,2208.68,1382.92,376.68,538.14,1142.68,736.15,1363.35
2022-11-22,1143.5,1000.28,979.44,945.92,2214.62,1387.42,394.71,538.09,1132.91,733.57,1358.72
2022-11-23,1132.17,982.32,974.94,922.81,2213.32,1389.43,394.42,532.46,1080.12,735.03,1371.28
2022-11-24,1134.19,979.16,980.31,928.49,2207.75,1389.7,391.94,534.97,1111.37,729.87,1316.83
2022-11-25,1166.72,1010.18,1008.63,961.62,2255.18,1396.98,405.5,550.96,1170.24,746.47,1324.87
2022-11-28,1214.74,1047.17,1052.82,995.9,2331.41,1417.59,424.96,569.52,1240.82,759.88,1385.85
2022-11-29,1246.89,1070.43,1066.67,1050.26,2342.76,1413.17,440.93,580.38,1301.59,775.29,1453.21
2022-11-30,1275.74,1088.48,1086.2,1076.88,2362.72,1434.14,447.21,591.47,1354.33,788.51,1484.58
2022-12-01,1272.57,1097.51,1090.1,1057.89,2369.42,1433.45,442.45,593.45,1348.27,775.64,1476.69
2022-12-02,1320.27,1120.74,1140.73,1109.59,2453.79,1446.87,461.62,613.51,1424.03,800.58,1544.57
2022-12-05,1345.97,1127.93,1168.68,1113.4,2478.77,1477.46,468.08,623.2,1458.36,810.0,1556.8
2022-12-06,1307.1,1100.86,1105.49,1063.26,2400.14,1458.29,450.64,607.37,1383.41,795.1,1480.03
2022-12-07,1285.57,1074.95,1086.68,1072.39,2405.11,1454.31,447.68,595.87,1356.82,786.79,1479.62
2022-12-08,1324.65,1096.17,1128.5,1069.65,2430.06,1446.24,455.78,608.24,1399.72,772.17,1512.12
2022-12-09,1334.57,1103.33,1135.03,1052.64,2456.61,1445.77,456.51,622.85,1418.83,771.39,1522.23
2022-12-12,1318.57,1089.64,1110.18,998.52,2423.83,1447.57,455.36,615.0,1386.32,769.9,1516.25
2022-12-13,1345.16,1105.27,1143.32,1014.99,2434.98,1453.8,467.25,622.67,1413.05,768.54,1530.82
2022-12-14,1352.46,1113.49,1147.69,1015.12,2407.01,1459.11,476.73,622.82,1426.94,766.69,1533.81
2022-12-15,1359.91,1116.64,1169.28,1002.68,2449.34,1462.86,477.47,624.85,1433.5,772.65,1543.17
2022-12-16,1365.11,1123.07,1168.93,979.65,2456.44,1485.98,476.38,631.83,1484.59,761.98,1556.81
2022-12-19,1345.48,1115.29,1157.42,959.71,2413.34,1495.92,463.24,617.23,1468.56,756.89,1538.3
2022-12-20,1318.9,1088.32,1130.14,937.81,2405.02,1484.82,464.72,598.79,1418.8,756.21,1516.31
2022-12-21,1304.12,1066.79,1133.75,926.1,2417.73,1473.08,462.03,587.2,1401.31,760.75,1511.41
2022-12-22,1310.45,1068.83,1146.2,934.68,2421.19,1485.74,472.81,589.68,1397.15,750.52,1510.09
2022-12-23,1302.36,1064.56,1139.15,934.21,2443.23,1490.2,476.44,591.04,1363.59,747.56,1493.19
2022-12-26,1246.56,1027.67,1083.31,888.29,2385.18,1493.09,462.3,568.68,1280.41,728.07,1423.12
2022-12-27,1285.7,1052.86,1111.45,910.4,2396.0,1496.7,472.26,580.39,1348.55,736.73,1449.44
2022-12-28,1305.45,1059.42,1122.9,921.92,2401.82,1482.99,484.78,584.12,1351.47,747.08,1444.22
2022-12-29,1296.02,1056.93,1110.4,924.41,2387.95,1505.62,481.17,578.36,1338.23,746.74,1458.18
2022-12-30,1308.53,1064.1,1112.17,922.86,2409.03,1523.43,484.66,578.88,1339.91,740.48,1480.16
2023-01-03,1342.5,1096.6,1154.04,963.56,2508.16,1521.06,499.28,598.56,1414.4,761.86,1501.61
2023-01-04,1343.66,1094.22,1155.27,958.1,2507.57,1510.39,516.39,598.38,1428.15,773.05,1489.04
2023-01-05,1351.52,1099.66,1167.21,962.24,2524.37,1496.38,513.04,603.57,1450.95,782.36,1493.19
2023-01-06,1343.61,1089.37,1174.01,958.54,2512.07,1523.08,494.98,592.85,1418.58,766.55,1477.24
2023-01-09,1340.09,1081.85,1180.12,954.13,2510.21,1530.19,500.7,591.67,1426.54,768.47,1452.9
2023-01-10,1340.42,1086.02,1179.7,947.83,2519.14,1527.72,510.35,595.51,1439.5,764.15,1457.35
2023-01-11,1341.31,1090.5,1180.36,958.67,2532.13,1532.16,510.31,598.86,1461.43,761.86,1458.78
2023-01-12,1338.34,1092.45,1183.4,958.66,2525.84,1522.74,524.29,599.77,1457.13,757.54,1447.46
2023-01-13,1341.55,1093.61,1192.81,954.45,2504.8,1540.29,520.12,597.18,1451.98,765.28,1447.1
2023-01-16,1344.31,1093.27,1207.0,945.63,2525.48,1529.87,516.17,595.28,1473.13,760.14,1448.97
2023-01-17,1371.27,1114.36,1235.72,964.1,2563.88,1508.78,531.15,610.39,1552.42,775.35,1475.88
2023-01-18,1383.59,1129.74,1242.44,979.22,2613.71,1522.78,534.02,620.1,1556.02,786.14,1519.83
2023-01-19,1394.75,1140.4,1252.54,981.94,2631.82,1552.19,541.51,628.34,1534.5,793.25,1537.34
2023-01-27,1409.97,1149.55,1257.2,1000.74,2639.1,1555.25,539.91,637.84,1560.33,794.78,1569.95
2023-01-30,1400.45,1156.75,1234.26,986.89,2628.01,1551.15,531.97,636.83,1576.73,786.56,1567.13
2023-01-31,1413.31,1168.06,1258.24,983.51,2626.47,1578.32,538.13,649.4,1598.44,779.1,1563.0
2023-02-01,1361.86,1134.25,1211.29,942.47,2572.74,1565.45,514.29,625.99,1530.08,760.68,1551.45
2023-02-02,1347.06,1121.03,1209.94,940.8,2568.81,1572.65,507.46,617.26,1533.36,759.64,1595.24
2023-02-03,1337.47,1125.63,1198.55,949.54,2520.24,1571.61,511.18,616.53,1527.57,758.59,1543.48
2023-02-06,1350.29,1129.18,1212.37,955.01,2530.27,1572.85,517.46,623.62,1526.95,764.23,1539.53
2023-02-07,1321.54,1111.75,1186.88,931.3,2533.39,1584.57,514.25,612.43,1448.9,748.74,1510.91
2023-02-08,1323.73,1118.04,1193.21,925.4,2551.04,1588.21,511.53,611.09,1499.8,747.48,1488.29
2023-02-09,1324.23,1123.27,1184.04,915.81,2534.24,1592.86,530.27,604.38,1489.15,740.57,1479.2
2023-02-10,1307.05,1108.44,1165.29,908.02,2530.16,1599.32,522.94,596.46,1479.66,741.81,1441.72
2023-02-13,1269.3,1075.18,1144.72,886.26,2528.47,1592.13,520.86,581.17,1453.26,739.86,1444.17
2023-02-14,1276.36,1084.28,1144.27,872.73,2531.86,1587.2,525.89,581.03,1477.72,737.05,1440.98
2023-02-15,1289.28,1103.36,1154.2,877.79,2556.13,1594.07,537.63,591.24,1496.07,743.39,1449.22
2023-02-16,1307.14,1118.54,1172.9,887.08,2558.24,1596.67,553.15,597.69,1515.84,746.82,1466.05
2023-02-17,1312.23,1119.28,1176.43,891.92,2556.61,1598.58,549.63,598.96,1499.04,738.69,1467.31
2023-02-20,1350.28,1150.36,1218.5,920.31,2595.5,1589.6,561.05,616.01,1554.82,756.96,1498.18
2023-02-21,1343.8,1154.77,1208.07,922.19,2598.05,1589.2,561.94,616.11,1535.87,753.28,1501.66
2023-02-22,1304.04,1132.28,1174.52,884.64,2564.27,1592.77,540.1,601.06,1498.61,734.61,1462.65
2023-02-23,1303.08,1132.36,1183.35,873.88,2552.57,1582.45,545.45,595.32,1514.05,724.42,1459.5
2023-02-24,1279.5,1118.79,1157.25,861.41,2531.2,1565.73,529.5,584.98,1475.47,714.75,1432.34
2023-02-27,1242.52,1095.14,1135.27,846.27,2508.92,1558.2,525.44,572.5,1429.37,694.19,1374.87
2023-02-28,1247.31,1094.31,1137.19,851.38,2513.88,1563.87,530.38,575.07,1426.91,703.15,1369.47
2023-03-01,1270.54,1112.47,1167.62,851.4,2518.45,1559.43,553.6,586.13,1475.99,708.62,1392.95
2023-03-02,1272.13,1107.16,1164.14,849.66,2501.22,1546.93,551.99,583.81,1467.2,701.54,1393.56
2023-03-03,1252.15,1099.13,1145.27,842.54,2454.56,1546.24,548.38,575.93,1451.9,688.84,1370.63
2023-03-06,1262.98,1102.03,1151.58,859.92,2445.83,1500.87,550.48,573.01,1454.32,679.88,1368.06
2023-03-07,1274.07,1107.0,1165.48,861.91,2460.68,1534.93,555.52,574.94,1488.72,693.87,1377.27
2023-03-08,1293.55,1118.7,1185.59,872.22,2481.0,1533.55,564.34,585.12,1496.36,702.88,1378.04
2023-03-09,1302.02,1124.25,1198.98,871.75,2519.21,1523.68,560.95,591.82,1503.58,705.8,1390.07
2023-03-10,1294.81,1117.74,1187.87,874.91,2487.81,1518.61,549.48,586.74,1510.5,715.23,1381.98
2023-03-13,1285.9,1108.46,1185.34,888.25,2467.56,1522.19,549.78,581.76,1495.9,716.59,1376.69
2023-03-14,1263.4,1090.64,1168.5,877.23,2454.39,1507.58,525.53,575.62,1448.55,711.91,1359.32
2023-03-15,1298.68,1120.66,1202.99,899.53,2513.29,1517.96,544.28,591.42,1507.27,719.8,1391.06
2023-03-16,1282.65,1106.09,1184.11,887.05,2472.65,1516.72,525.97,581.76,1477.85,712.84,1374.51
2023-03-17,1285.74,1108.33,1189.61,887.43,2467.65,1525.18,524.84,590.03,1465.15,705.56,1367.13
2023-03-20,1259.62,1091.65,1159.46,871.64,2423.01,1516.89,508.29,578.99,1435.24,696.18,1341.88
2023-03-21,1271.97,1099.4,1172.43,889.43,2438.7,1510.06,510.2,581.13,1460.32,693.51,1347.46
2023-03-22,1272.73,1100.44,1182.84,900.76,2445.3,1489.05,509.45,582.43,1452.36,695.35,1335.54
2023-03-23,1283.58,1100.95,1192.77,901.86,2433.09,1486.59,517.44,584.83,1458.65,697.32,1329.35
2023-03-24,1289.84,1105.46,1197.49,916.06,2449.84,1488.42,521.14,588.13,1457.91,693.77,1337.0
2023-03-27,1299.44,1114.84,1206.62,920.25,2462.97,1478.51,518.94,595.23,1480.1,688.43,1336.74
2023-03-28,1298.19,1116.7,1208.06,918.58,2464.93,1477.99,520.35,595.4,1477.31,690.85,1352.48
2023-03-29,1299.41,1118.99,1212.52,918.85,2455.67,1472.35,522.48,595.01,1484.94,695.52,1339.71
2023-03-30,1296.88,1118.32,1216.54,929.73,2453.28,1475.2,526.99,595.13,1479.64,696.45,1339.75
2023-03-31,1306.25,1123.11,1227.54,948.79,2451.99,1475.59,530.06,595.8,1478.71,690.6,1337.92
2023-04-03,1334.86,1143.88,1248.81,980.25,2508.85,1481.83,541.79,605.43,1494.33,688.72,1345.7
2023-04-04,1348.41,1157.93,1254.73,968.32,2502.71,1486.52,548.67,611.06,1506.39,694.15,1364.2
2023-04-05,1356.19,1169.97,1253.93,974.74,2510.22,1504.74,551.97,617.23,1529.58,694.47,1367.69
2023-04-06,1336.47,1162.25,1236.17,962.07,2497.67,1501.08,541.2,613.35,1527.17,688.85,1351.42
2023-04-07,1340.05,1168.96,1239.65,960.06,2502.89,1496.17,544.84,618.24,1509.41,692.11,1348.2
2023-04-10,1343.06,1167.88,1241.66,954.8,2503.14,1494.77,540.92,615.2,1480.22,692.52,1391.3
2023-04-11,1351.85,1179.21,1245.23,967.26,2505.45,1493.1,544.72,620.84,1489.18,695.47,1391.67
2023-04-12,1357.47,1183.09,1243.48,974.94,2503.76,1492.96,544.27,620.54,1487.41,697.63,1390.73
2023-04-13,1352.44,1175.36,1238.97,964.61,2484.63,1515.48,543.62,617.56,1477.28,692.64,1395.44
2023-04-14,1332.54,1156.89,1224.97,945.8,2480.78,1513.15,529.19,604.87,1478.97,686.55,1374.91
2023-04-17,1335.34,1158.5,1225.96,952.68,2479.87,1513.59,524.82,606.61,1486.5,683.95,1375.73
2023-04-18,1338.9,1169.75,1220.47,957.21,2478.22,1508.97,531.87,611.78,1494.18,691.45,1379.61
2023-04-19,1326.52,1161.89,1206.18,945.64,2480.02,1505.71,526.89,609.02,1482.75,689.25,1388.97
2023-04-20,1327.05,1167.63,1203.07,946.91,2480.9,1534.16,526.73,609.82,1481.85,688.33,1385.7
2023-04-21,1320.15,1169.2,1199.23,940.17,2476.87,1580.72,525.01,605.04,1467.48,680.87,1363.83
2023-04-24,1314.14,1173.37,1202.03,945.16,2469.13,1613.55,528.51,605.63,1459.53,669.86,1340.77
2023-04-25,1303.75,1169.42,1187.68,940.26,2445.34,1594.36,528.78,602.25,1477.56,663.04,1321.74
2023-04-26,1313.43,1178.9,1200.74,928.4,2444.86,1591.97,535.52,607.99,1522.46,667.45,1337.26
2023-04-27,1320.9,1181.46,1200.61,924.67,2444.24,1592.11,537.68,612.46,1514.75,665.41,1340.86
2023-04-28,1337.6,1188.22,1211.26,952.18,2424.03,1594.33,539.28,618.91,1513.73,668.98,1357.58
2023-05-04,1334.09,1195.66,1204.46,944.12,2451.77,1631.47,532.27,617.9,1496.72,653.83,1328.13
2023-05-05,1332.64,1193.72,1200.1,937.13,2448.79,1616.11,537.92,617.75,1503.57,663.11,1326.65
2023-05-08,1343.47,1200.38,1216.69,940.96,2449.99,1615.97,546.72,621.15,1513.61,673.06,1326.52
2023-05-09,1347.15,1204.59,1217.51,939.88,2462.68,1595.21,554.39,620.09,1527.3,672.0,1326.98
2023-05-10,1360.83,1218.56,1227.26,949.64,2468.76,1600.55,553.47,627.59,1525.17,671.62,1346.7
2023-05-11,1362.64,1223.43,1225.57,952.97,2471.15,1601.5,561.6,631.62,1533.23,670.35,1341.98
2023-05-12,1369.63,1229.72,1234.43,969.41,2510.57,1599.16,561.37,635.31,1558.4,670.63,1348.53
2023-05-15,1357.57,1222.99,1236.01,978.01,2522.82,1607.05,553.28,630.79,1541.98,666.4,1344.82
2023-05-16,1358.34,1225.93,1235.92,973.93,2535.18,1601.97,560.66,634.48,1534.23,666.99,1332.4
2023-05-17,1344.39,1223.76,1221.7,970.09,2535.19,1605.25,553.03,632.1,1523.67,663.96,1326.24
2023-05-18,1346.19,1224.39,1230.87,979.25,2576.33,1600.34,557.48,630.43,1528.59,664.29,1321.81
2023-05-19,1353.47,1226.51,1235.46,973.58,2573.33,1609.23,569.87,632.36,1522.39,659.72,1320.63
2023-05-22,1369.01,1239.42,1248.65,976.13,2567.43,1616.68,574.84,641.51,1532.46,657.61,1326.15
2023-05-23,1367.55,1239.12,1245.41,972.53,2551.53,1615.41,575.55,642.41,1527.87,648.87,1319.9
2023-05-24,1360.12,1245.76,1235.12,976.24,2530.42,1613.96,570.81,643.65,1504.33,649.74,1310.51
2023-05-25,1357.78,1246.11,1229.4,978.1,2583.77,1623.77,577.86,644.31,1502.57,652.48,1309.75
2023-05-26,1365.19,1255.51,1230.52,978.89,2581.15,1624.25,579.32,649.2,1499.57,651.83,1318.39
2023-05-29,1385.39,1278.94,1247.06,990.71,2585.31,1632.36,580.13,657.69,1525.73,652.04,1327.71
2023-05-30,1394.04,1288.91,1251.12,990.27,2615.12,1629.5,584.35,660.41,1533.61,653.88,1341.46
2023-05-31,1395.63,1299.35,1248.82,982.15,2616.8,1621.6,583.33,662.84,1526.86,652.3,1339.01
2023-06-01,1411.65,1308.45,1258.97,983.5,2601.97,1601.35,580.02,668.94,1537.78,652.03,1342.55
2023-06-02,1429.54,1308.35,1291.42,985.5,2614.23,1631.99,587.69,669.42,1556.16,652.4,1382.93
2023-06-05,1432.36,1308.3,1291.05,982.34,2654.59,1626.71,593.43,669.93,1571.33,661.61,1392.72
2023-06-06,1449.22,1318.03,1308.81,997.5,2665.89,1620.43,592.28,677.07,1581.13,660.91,1402.79
2023-06-07,1458.07,1333.4,1307.9,1007.55,2658.21,1623.09,595.17,683.11,1623.78,665.83,1403.25
2023-06-08,1429.82,1318.53,1284.8,998.2,2612.88,1618.18,583.91,671.61,1618.64,659.49,1378.7
2023-06-09,1448.1,1324.73,1297.27,1001.29,2647.16,1676.95,581.1,677.99,1638.24,666.41,1392.15
2023-06-12,1456.71,1336.83,1301.27,1009.07,2663.59,1704.36,580.7,681.88,1647.17,681.51,1431.78
2023-06-13,1456.2,1345.24,1302.29,1025.22,2647.22,1707.77,584.67,682.87,1666.1,681.14,1437.4
2023-06-14,1446.4,1330.07,1299.77,1020.18,2638.88,1697.83,579.23,675.85,1642.62,675.92,1414.98
2023-06-15,1446.48,1322.38,1299.92,1014.66,2635.27,1678.16,590.72,675.61,1642.11,670.72,1410.28
2023-06-16,1447.08,1320.36,1306.33,1008.33,2646.06,1702.33,579.78,673.76,1649.44,665.71,1400.91
2023-06-19,1446.1,1310.37,1298.66,991.43,2654.99,1709.53,579.19,671.68,1641.71,659.75,1399.69
2023-06-20,1464.57,1328.26,1302.95,1002.14,2681.49,1716.24,583.91,683.39,1668.26,661.62,1422.43
2023-06-21,1480.07,1346.91,1311.96,1005.2,2689.95,1713.51,593.51,690.31,1719.71,667.76,1434.91
2023-06-22,1494.86,1354.38,1317.94,1015.31,2682.72,1708.6,595.93,695.91,1741.97,672.21,1449.81
2023-06-23,1499.51,1357.66,1330.83,1012.4,2669.0,1705.58,585.49,697.32,1762.57,683.82,1453.61
2023-06-26,1498.48,1350.29,1330.04,1012.07,2700.28,1716.1,589.27,697.54,1756.13,689.88,1483.21
2023-06-27,1497.27,1353.63,1326.69,1018.14,2741.03,1726.93,605.05,697.32,1780.96,689.36,1476.52
2023-06-28,1497.4,1349.7,1337.36,1014.48,2730.59,1716.21,603.66,694.82,1810.97,688.66,1469.34
2023-06-29,1470.4,1327.59,1316.5,999.2,2709.82,1714.17,599.01,680.5,1761.55,687.07,1444.15
2023-06-30,1474.22,1325.74,1314.34,994.62,2698.24,1712.25,599.28,683.62,1779.28,682.28,1461.5
2023-07-03,1480.02,1331.39,1313.95,998.95,2710.53,1705.57,604.31,686.19,1787.56,685.22,1451.01
2023-07-04,1498.56,1345.95,1322.51,1007.61,2729.84,1711.29,627.34,693.42,1794.94,687.99,1459.37
2023-07-05,1499.4,1349.43,1324.05,1006.42,2705.16,1708.02,624.83,692.69,1830.9,686.5,1462.64
2023-07-06,1493.35,1340.52,1312.27,988.88,2697.67,1727.28,617.61,687.55,1832.98,689.33,1454.07
2023-07-07,1509.66,1352.63,1327.05,988.05,2729.37,1722.78,616.83,694.33,1865.46,689.97,1496.3
2023-07-10,1524.15,1368.01,1339.24,997.32,2734.7,1743.4,628.51,702.22,1881.5,703.22,1546.97
2023-07-11,1528.2,1368.02,1344.97,997.97,2727.68,1742.62,625.08,702.43,1863.36,709.8,1570.61
2023-07-12,1526.74,1366.16,1336.87,1009.54,2739.94,1746.66,631.18,701.68,1858.07,714.82,1570.51
2023-07-13,1551.19,1379.93,1348.03,1025.75,2761.82,1736.2,632.19,713.27,1874.12,722.11,1595.13
2023-07-14,1558.26,1385.49,1347.19,1029.66,2843.71,1744.43,627.7,720.77,1896.82,723.13,1600.96
2023-07-17,1569.33,1393.39,1351.86,1056.47,2865.53,1762.53,630.28,722.38,1888.14,715.98,1598.5
2023-07-18,1573.58,1388.53,1362.87,1054.25,2854.98,1770.25,625.9,721.82,1878.43,714.2,1580.49
2023-07-19,1567.0,1383.68,1360.31,1043.15,2848.98,1787.81,621.41,719.78,1885.05,715.77,1581.49
2023-07-20,1574.67,1389.28,1359.16,1043.53,2913.61,1815.62,618.15,724.64,1924.21,713.55,1593.41
2023-07-21,1597.77,1398.1,1374.47,1062.96,2946.6,1786.77,626.73,734.16,1942.08,728.94,1662.15
2023-07-24,1611.91,1413.69,1384.03,1072.44,2945.35,1796.74,630.41,741.75,1938.48,733.03,1697.64
2023-07-25,1613.35,1407.69,1394.79,1067.61,2951.71,1796.73,632.15,740.97,1938.5,734.7,1683.79
2023-07-26,1620.17,1406.5,1395.54,1076.2,2994.42,1780.62,634.38,740.86,1946.0,741.46,1670.82
2023-07-27,1626.46,1403.1,1389.38,1080.02,3033.59,1758.82,627.67,744.01,1942.23,742.29,1694.51
2023-07-28,1643.78,1414.22,1404.74,1097.3,3056.57,1769.8,635.69,746.08,1951.34,752.87,1711.73
2023-07-31,1649.92,1418.37,1414.91,1138.38,3100.67,1762.95,639.05,754.15,1949.53,757.67,1699.47
2023-08-01,1636.92,1398.85,1411.26,1135.69,3062.17,1730.44,628.64,744.56,1919.21,748.16,1651.69
2023-08-02,1654.82,1409.65,1423.16,1133.69,3032.64,1734.21,631.49,746.76,1922.44,746.35,1654.41
2023-08-03,1650.66,1410.58,1413.58,1122.41,3044.46,1731.62,621.22,747.58,1894.13,736.23,1678.1
2023-08-04,1673.31,1427.44,1434.65,1169.3,3032.96,1734.32,629.56,756.49,1921.13,737.7,1681.72
2023-08-07,1687.79,1439.75,1459.3,1179.2,3073.36,1737.86,631.72,761.65,1930.37,752.39,1704.1
2023-08-08,1682.66,1442.4,1446.66,1192.46,3060.82,1732.72,640.31,761.88,1918.2,758.02,1695.48
2023-08-09,1675.17,1448.13,1443.36,1176.25,3026.93,1737.54,632.03,756.86,1942.53,748.95,1672.47
2023-08-10,1656.27,1430.16,1426.35,1180.0,2992.7,1729.14,628.66,745.91,1915.02,730.22,1646.83
2023-08-11,1669.43,1428.19,1435.51,1217.96,2984.41,1732.18,626.26,748.19,1936.47,733.98,1672.36
2023-08-14,1695.84,1445.21,1444.57,1226.15,3006.73,1723.11,627.8,759.33,1964.51,726.59,1688.34
2023-08-15,1690.92,1451.99,1439.55,1217.03,3052.22,1743.86,626.48,762.0,1968.87,725.13,1684.15
2023-08-16,1696.37,1448.43,1456.94,1247.58,3086.33,1733.16,627.41,760.06,1964.3,723.48,1684.53
2023-08-17,1685.81,1436.44,1449.74,1212.69,3117.11,1740.62,619.82,754.03,1961.83,723.39,1680.85
2023-08-18,1590.31,1358.92,1374.71,1134.69,3089.43,1684.48,579.91,715.17,1847.96,704.53,1589.49
2023-08-21,1595.01,1343.43,1387.55,1124.69,3100.77,1679.08,584.13,706.63,1830.48,699.56,1576.18
2023-08-22,1614.46,1356.09,1401.47,1119.98,3133.16,1673.39,585.06,714.55,1826.41,697.17,1595.56
2023-08-23,1605.4,1357.19,1386.01,1112.92,3132.61,1671.19,585.44,711.72,1807.98,698.9,1584.11
2023-08-24,1645.81,1378.81,1407.29,1130.17,3256.53,1682.85,590.92,726.45,1850.79,716.41,1603.07
2023-08-25,1656.71,1376.63,1400.79,1121.48,3279.61,1685.96,589.12,726.1,1847.07,718.47,1607.34
2023-08-28,1692.13,1390.96,1416.08,1143.73,3398.67,1704.66,592.57,736.84,1906.21,734.09,1641.08
2023-08-29,1700.41,1398.12,1424.4,1140.31,3386.4,1695.45,599.74,741.94,1902.72,730.76,1667.53
2023-08-30,1727.37,1412.42,1442.95,1140.3,3489.34,1683.15,600.41,750.96,1921.03,732.73,1688.61
2023-08-31,1755.97,1433.37,1455.7,1148.92,3492.67,1704.49,611.4,767.76,1958.56,741.11,1694.9
2023-09-05,1767.57,1446.16,1467.41,1150.83,3498.98,1703.33,623.95,777.06,1982.48,749.57,1705.79
2023-09-06,1787.07,1462.85,1485.06,1155.14,3573.59,1724.6,627.26,783.97,2047.19,753.4,1725.22
2023-09-07,1790.64,1472.24,1485.44,1150.93,3531.88,1724.12,631.39,784.28,2030.55,751.24,1740.26
2023-09-08,1804.48,1479.71,1478.84,1136.9,3526.46,1721.51,633.56,794.42,2058.97,753.43,1751.75
2023-09-11,1769.15,1449.39,1458.35,1107.71,3519.36,1719.4,637.61,771.88,2012.77,744.05,1726.85
2023-09-12,1810.77,1474.96,1492.92,1132.95,3576.0,1725.24,646.48,790.84,2054.67,753.61,1755.28
2023-09-13,1802.97,1474.58,1486.86,1115.24,3543.87,1729.38,651.3,791.62,2036.83,744.0,1780.82
2023-09-14,1774.72,1452.21,1480.91,1073.81,3468.14,1727.86,652.11,776.56,2002.18,738.91,1763.66
2023-09-15,1775.22,1449.95,1488.68,1073.24,3519.56,1736.51,657.7,774.66,1996.08,741.39,1740.71
2023-09-18,1757.15,1437.38,1467.02,1058.71,3496.16,1752.64,649.04,765.38,1992.15,735.57,1726.21
2023-09-19,1764.76,1439.42,1463.18,1051.64,3552.11,1748.52,652.68,772.99,2037.61,735.58,1735.08
2023-09-20,1808.51,1468.16,1477.35,1084.9,3560.87,1759.88,669.99,787.02,2064.32,740.84,1756.04
2023-09-21,1780.84,1466.53,1454.6,1070.04,3499.56,1755.38,661.11,781.88,2057.73,736.61,1725.56
2023-09-22,1716.81,1429.2,1430.39,1024.55,3487.57,1754.76,648.24,749.61,2001.7,720.98,1678.81
2023-09-25,1620.78,1362.22,1375.7,975.99,3395.08,1718.64,613.05,714.69,1894.02,697.08,1641.13
2023-09-26,1592.41,1338.41,1366.98,946.98,3367.66,1728.32,605.3,703.75,1884.12,695.21,1634.76
2023-09-27,1642.41,1362.02,1392.21,963.39,3404.9,1731.2,622.94,727.2,1915.87,708.16,1650.86
2023-09-28,1639.87,1360.9,1384.67,957.75,3392.95,1713.72,645.96,726.84,1928.75,701.62,1665.81
2023-09-29,1644.08,1365.24,1388.71,973.58,3355.69,1719.09,642.3,727.89,1913.65,699.15,1665.82
2023-10-02,1652.05,1370.41,1386.56,979.39,3369.14,1725.41,645.74,729.95,1919.23,711.12,1655.25
2023-10-03,1579.95,1321.58,1340.69,936.63,3322.91,1729.51,611.89,701.36,1832.91,689.95,1588.76
2023-10-04,1611.97,1338.29,1352.8,954.97,3338.3,1737.35,628.69,709.9,1875.51,690.96,1601.72
2023-10-05,1589.46,1324.48,1336.21,943.9,3306.16,1719.31,617.13,702.91,1851.36,682.33,1561.26
2023-10-06,1621.98,1339.52,1358.14,962.38,3351.68,1723.94,624.84,715.89,1864.9,688.95,1590.74
2023-10-09,1647.6,1353.33,1373.68,965.99,3451.26,1729.29,638.68,723.64,1904.89,690.6,1592.87
2023-10-10,1645.23,1364.03,1383.32,968.22,3475.1,1756.0,634.35,726.24,1915.93,693.16,1607.64
2023-10-11,1668.86,1376.19,1396.01,971.35,3503.25,1741.99,661.68,736.11,1939.22,694.83,1623.85
2023-10-12,1671.56,1375.82,1393.57,983.84,3490.0,1750.16,663.89,735.43,1923.96,696.53,1606.37
2023-10-13,1683.31,1374.24,1392.04,990.64,3479.09,1760.89,672.45,743.45,1930.28,697.99,1627.55
2023-10-16,1656.52,1356.68,1374.98,968.8,3493.34,1746.54,676.54,732.76,1886.8,691.91,1606.6
2023-10-17,1591.53,1330.61,1364.51,940.43,3357.72,1735.09,642.73,706.79,1836.53,682.11,1553.56
2023-10-18,1563.78,1291.14,1349.99,919.66,3357.52,1718.72,638.79,695.78,1784.75,665.22,1508.01
2023-10-19,1539.49,1265.75,1322.85,908.19,3317.4,1704.3,637.15,684.81,1765.04,650.2,1467.98
2023-10-20,1588.02,1294.0,1348.15,934.81,3349.74,1730.76,649.94,701.04,1808.17,666.78,1500.81
2023-10-23,1569.33,1282.26,1334.06,932.45,3279.98,1736.43,642.2,688.49,1776.39,649.07,1459.92
2023-10-24,1595.09,1291.68,1352.55,943.83,3314.69,1736.41,639.97,698.15,1783.74,653.77,1464.98
2023-10-25,1585.71,1285.91,1345.68,946.48,3279.0,1734.52,633.75,694.48,1779.36,647.27,1472.26
2023-10-26,1509.55,1226.62,1290.95,890.32,3126.17,1668.33,590.48,659.46,1684.65,621.05,1431.49
2023-10-27,1538.78,1238.28,1310.14,878.13,3129.55,1704.59,594.57,671.18,1716.45,612.32,1430.02
2023-10-30,1485.14,1213.7,1277.04,863.26,3051.95,1697.19,571.03,649.55,1677.47,605.75,1389.28
2023-10-31,1444.3,1179.34,1270.1,843.45,2974.56,1680.73,546.37,630.79,1653.95,599.18,1328.96
2023-11-01,1481.21,1191.37,1288.22,847.15,3060.64,1678.87,564.75,651.38,1704.63,614.75,1283.51
2023-11-02,1549.41,1242.51,1331.94,882.29,3191.86,1697.78,588.65,679.17,1801.1,632.5,1338.88
2023-11-03,1556.58,1245.22,1328.4,889.47,3126.69,1698.38,584.75,683.72,1800.85,633.61,1378.4
2023-11-06,1576.73,1252.78,1352.93,896.31,3177.86,1696.75,587.42,692.5,1839.58,640.22,1375.44
2023-11-07,1563.12,1246.32,1337.27,882.74,3172.86,1688.58,594.01,688.74,1836.05,632.75,1373.11
2023-11-08,1632.73,1289.86,1384.9,915.67,3326.1,1699.08,617.92,723.35,1923.47,645.07,1413.47
2023-11-09,1644.59,1304.64,1369.02,949.43,3324.28,1704.63,612.25,723.82,1912.89,639.21,1430.19
2023-11-10,1637.26,1296.43,1352.23,940.95,3287.35,1696.55,602.03,725.96,1899.29,630.85,1409.68
2023-11-13,1648.15,1294.31,1349.38,936.54,3286.15,1680.44,609.65,726.13,1933.69,629.55,1420.5
2023-11-14,1668.39,1307.72,1373.89,936.97,3327.85,1679.33,612.14,730.97,1932.91,632.75,1459.67
2023-11-15,1673.71,1320.74,1389.0,942.87,3322.73,1688.94,610.81,733.55,1935.24,650.1,1469.63
2023-11-16,1688.98,1334.22,1392.62,944.98,3346.85,1695.07,618.89,740.88,1952.74,651.0,1460.33
2023-11-17,1662.82,1326.94,1358.68,913.78,3277.11,1687.44,601.02,729.64,1913.2,643.11,1461.41
2023-11-20,1671.59,1339.36,1363.79,917.97,3269.88,1684.66,603.22,732.31,1922.47,638.68,1444.14
2023-11-21,1690.21,1348.34,1369.49,921.36,3319.44,1683.6,620.0,740.11,1947.51,642.57,1461.07
2023-11-22,1708.19,1361.9,1374.93,926.03,3356.88,1680.93,620.2,749.22,1960.42,644.16,1440.47
2023-11-23,1646.65,1328.6,1339.25,902.79,3269.23,1667.97,604.26,722.08,1873.72,635.21,1388.98
2023-11-24,1667.18,1326.47,1346.22,908.1,3288.02,1659.12,607.93,726.52,1908.58,632.43,1411.85
2023-11-27,1639.47,1317.61,1325.41,910.53,3268.9,1635.28,611.76,715.7,1894.78,628.65,1392.43
2023-11-28,1649.21,1326.46,1337.36,919.85,3281.94,1638.4,613.56,722.48,1917.46,632.26,1390.51
2023-11-29,1670.4,1336.48,1339.62,926.5,3306.68,1642.93,637.84,732.99,1939.84,639.67,1412.24
2023-11-30,1665.57,1337.31,1332.55,919.99,3310.92,1692.6,630.61,723.52,1919.26,625.28,1410.5
2023-12-01,1678.6,1344.87,1341.26,923.49,3329.73,1688.37,635.66,731.29,1937.05,637.46,1416.07
2023-12-04,1724.05,1377.41,1366.42,943.84,3374.08,1696.62,644.26,752.77,1982.03,643.71,1442.64
2023-12-05,1718.67,1370.43,1356.08,937.3,3409.63,1686.74,643.73,751.83,1971.1,637.92,1440.32
2023-12-06,1743.52,1389.32,1370.04,942.96,3425.39,1689.97,651.86,761.1,1995.18,647.34,1461.15
2023-12-07,1723.93,1384.98,1374.3,933.27,3398.79,1706.28,635.17,753.39,1985.27,649.67,1452.11
2023-12-08,1723.51,1375.8,1372.31,934.0,3396.69,1680.99,637.97,751.55,1987.32,658.57,1484.75
2023-12-11,1719.18,1368.63,1366.94,942.87,3422.74,1682.37,637.47,748.21,1977.44,668.95,1485.0
2023-12-12,1720.72,1373.33,1369.25,943.67,3481.08,1679.32,640.54,751.54,1995.31,663.32,1490.75
2023-12-13,1695.22,1357.36,1352.29,931.1,3423.95,1680.71,621.72,742.02,1957.61,656.66,1472.02
2023-12-14,1677.62,1349.08,1347.35,924.04,3452.72,1663.02,615.93,735.25,1939.74,652.76,1465.21
2023-12-15,1672.85,1349.47,1343.88,919.7,3454.92,1665.29,613.42,730.72,1923.04,643.94,1448.68
2023-12-18,1664.83,1342.05,1328.25,916.76,3378.57,1647.09,609.91,731.62,1908.99,638.26,1428.74
2023-12-19,1674.44,1345.17,1338.35,917.25,3401.55,1632.48,617.95,735.3,1937.95,635.33,1446.09
2023-12-20,1682.4,1353.66,1340.2,921.63,3407.45,1639.3,629.05,738.99,1938.19,644.93,1485.73
2023-12-21,1689.2,1356.33,1339.0,923.08,3421.38,1627.69,627.9,742.05,1940.28,646.96,1507.74
2023-12-22,1688.62,1353.75,1341.6,922.4,3406.72,1625.35,625.63,743.94,1932.4,643.85,1503.78
2023-12-25,1710.75,1365.58,1354.29,935.79,3459.29,1633.34,638.86,759.43,1957.16,656.41,1515.92
2023-12-26,1718.56,1365.71,1356.03,942.01,3500.95,1618.59,633.83,759.75,1980.46,657.44,1520.89
2023-12-27,1718.71,1366.77,1358.39,939.99,3490.75,1650.13,633.75,757.61,1982.25,657.81,1522.98
2023-12-28,1722.06,1368.29,1373.45,954.81,3480.26,1660.32,629.73,758.22,1991.62,661.49,1526.47
2023-12-29,1729.44,1371.45,1382.79,955.57,3469.99,1664.88,632.9,760.15,1996.46,657.26,1529.24
2024-01-02,1721.91,1369.98,1387.54,946.51,3464.76,1642.57,632.09,752.26,1970.07,665.74,1522.93
2024-01-03,1738.12,1391.46,1407.11,953.46,3488.96,1682.77,635.84,760.03,1993.9,670.46,1538.76
2024-01-04,1739.09,1393.93,1429.54,953.41,3515.32,1682.56,635.31,757.9,1994.75,666.71,1530.31
2024-01-05,1741.27,1395.36,1438.56,952.84,3521.41,1697.24,631.23,758.51,1996.02,665.94,1536.09
2024-01-08,1747.76,1405.48,1447.31,961.25,3517.5,1694.41,626.14,761.05,1994.87,659.34,1525.74
2024-01-09,1744.78,1402.79,1447.16,953.88,3491.0,1694.88,612.53,760.32,1984.75,658.5,1521.06
2024-01-10,1734.03,1390.79,1459.29,944.02,3424.18,1681.73,616.52,753.15,1963.33,655.31,1516.17
2024-01-11,1745.05,1389.87,1463.49,940.68,3433.94,1679.03,620.53,754.8,1972.35,658.37,1515.48
2024-01-12,1725.78,1370.16,1472.73,925.98,3421.57,1669.13,617.33,741.31,1944.36,650.03,1498.19
2024-01-15,1710.66,1362.4,1461.35,923.33,3443.09,1676.33,619.11,735.42,1940.99,648.78,1513.72
2024-01-16,1735.43,1373.18,1468.27,934.75,3457.29,1678.45,621.84,743.69,1989.95,656.47,1550.68
2024-01-17,1739.54,1379.35,1465.52,932.96,3453.3,1685.63,624.09,745.99,1977.46,653.39,1574.5
2024-01-18,1749.91,1382.78,1474.86,948.35,3450.64,1687.99,621.78,746.53,1980.1,654.07,1594.27
2024-01-19,1751.63,1383.46,1490.2,947.5,3474.94,1689.76,622.62,747.5,1985.21,661.03,1594.43
2024-01-22,1754.52,1382.07,1494.83,946.78,3477.28,1690.74,619.95,749.37,2007.05,662.77,1594.7
2024-01-23,1751.93,1381.39,1489.79,938.77,3447.02,1686.54,627.91,751.3,2000.8,660.52,1588.67
2024-01-24,1746.85,1375.17,1486.78,939.1,3424.47,1683.25,626.34,748.52,1994.46,653.62,1567.41
2024-01-25,1749.08,1375.12,1484.0,935.01,3431.54,1680.31,623.15,747.34,1994.55,654.03,1590.96
2024-01-26,1756.22,1378.87,1493.63,937.16,3458.78,1667.5,623.8,750.64,2005.68,651.63,1586.48
2024-01-29,1757.43,1380.55,1489.88,932.8,3459.3,1655.62,622.92,751.73,1997.4,651.52,1593.84
2024-01-30,1773.08,1391.37,1494.53,936.69,3451.79,1658.81,628.36,758.1,2005.7,654.67,1618.76
2024-01-31,1753.54,1380.01,1472.31,924.5,3452.42,1657.36,620.07,749.21,1986.17,645.74,1613.23
2024-02-01,1766.45,1392.48,1472.87,926.72,3598.58,1671.47,621.4,757.67,2001.78,652.62,1640.25
2024-02-02,1766.72,1392.95,1469.83,926.56,3671.99,1678.91,622.53,756.39,2003.67,651.71,1663.65
2024-02-05,1775.21,1396.07,1511.15,925.41,3722.19,1677.64,627.42,756.85,2010.77,650.74,1659.49
2024-02-06,1782.56,1401.1,1515.4,925.63,3741.23,1676.55,634.08,757.12,2027.39,649.79,1657.73
2024-02-07,1792.96,1409.79,1538.13,930.69,3766.32,1681.15,636.07,761.18,2039.38,651.66,1655.74
2024-02-15,1808.02,1418.51,1550.34,934.08,3741.23,1682.14,637.31,764.9,2062.24,653.45,1643.86
2024-02-16,1808.6,1426.9,1548.83,949.85,3776.24,1678.71,640.97,769.62,2063.52,664.41,1649.97
2024-02-19,1811.93,1425.28,1552.11,984.23,3773.36,1681.04,648.02,769.28,2093.0,680.58,1650.23
2024-02-20,1814.46,1431.88,1551.54,1001.54,3746.27,1686.18,644.77,771.09,2100.85,677.12,1648.64
2024-02-21,1819.38,1435.85,1559.23,994.29,3800.45,1686.87,638.31,770.57,2094.1,673.93,1639.16
2024-02-22,1814.86,1442.31,1557.26,994.91,3755.25,1683.86,646.69,772.14,2079.52,675.77,1631.74
2024-02-23,1777.62,1416.93,1538.28,960.73,3726.52,1679.83,630.13,756.94,2055.62,666.59,1601.63
2024-02-26,1805.84,1432.75,1551.23,960.5,3864.7,1695.2,629.69,766.84,2102.42,671.36,1617.79
2024-02-27,1826.61,1449.83,1562.98,976.3,3865.06,1741.4,641.63,773.74,2184.09,679.21,1634.87
2024-02-28,1832.14,1454.92,1586.46,983.97,3883.96,1749.39,665.37,775.58,2193.82,683.18,1646.74
2024-02-29,1841.92,1450.8,1585.02,978.2,3900.73,1755.44,663.04,776.23,2209.33,690.57,1674.19
2024-03-01,1868.17,1463.04,1585.5,985.01,3974.41,1770.12,673.6,792.32,2215.0,689.16,1701.69
2024-03-04,1879.47,1468.79,1583.89,999.56,3992.47,1766.23,670.66,795.22,2213.82,691.72,1718.94
2024-03-05,1893.1,1476.6,1595.74,996.38,3970.22,1760.44,672.28,799.61,2232.48,711.56,1777.58
2024-03-06,1871.44,1467.2,1586.31,987.3,3911.77,1776.34,671.41,787.17,2208.65,710.92,1742.72
2024-03-07,1891.2,1473.31,1587.0,992.59,3984.05,1764.87,680.36,790.78,2241.98,724.75,1758.78
2024-03-08,1863.38,1463.11,1550.97,978.9,3946.4,1743.06,667.37,783.41,2205.52,708.81,1734.79
2024-03-11,1850.02,1454.66,1529.94,967.64,3943.0,1746.66,653.88,776.27,2183.4,705.85,1731.2
2024-03-12,1859.16,1461.96,1535.29,970.55,4023.39,1751.07,657.37,781.5,2202.85,708.46,1742.31
2024-03-13,1908.92,1489.3,1572.77,990.18,4203.36,1769.96,673.97,797.12,2266.76,721.01,1791.45
2024-03-14,1906.03,1503.16,1555.19,997.11,4201.5,1761.01,702.32,800.94,2249.8,712.69,1764.13
2024-03-15,1905.53,1513.0,1558.35,986.83,4177.24,1807.5,703.78,803.69,2242.03,705.53,1754.79
2024-03-18,1871.36,1488.69,1523.91,1000.71,4064.74,1803.06,681.86,795.55,2176.38,696.17,1717.08
2024-03-19,1868.05,1487.36,1522.0,1001.68,4026.94,1805.63,685.27,792.8,2196.98,694.81,1703.91
2024-03-20,1899.69,1496.5,1564.12,998.95,4114.84,1802.64,695.55,801.19,2218.53,697.57,1759.41
2024-03-21,1921.0,1511.94,1595.66,1016.42,4171.88,1811.34,703.06,812.09,2237.27,702.07,1773.56
2024-03-22,1930.7,1508.69,1601.5,1019.34,4130.97,1804.26,695.12,816.14,2254.0,701.24,1782.53
2024-03-25,1907.75,1499.04,1584.47,1013.59,4092.62,1792.56,689.99,809.51,2220.94,688.11,1750.85
2024-03-26,1934.36,1513.72,1611.19,1027.41,4128.28,1792.51,703.82,818.5,2252.02,686.72,1766.22
2024-03-27,1939.39,1526.77,1609.42,1024.58,4137.56,1797.91,702.18,828.11,2258.91,692.27,1805.21
2024-03-28,1947.6,1530.66,1630.69,1027.87,4201.33,1799.03,696.19,825.93,2266.03,697.08,1824.35
2024-03-29,1941.62,1525.14,1624.64,1022.52,4181.69,1796.87,696.1,823.09,2247.99,690.24,1830.26
2024-04-01,1935.7,1524.97,1616.1,1026.08,4191.92,1791.99,700.48,825.25,2231.04,683.65,1830.86
2024-04-02,1954.98,1532.27,1611.84,1032.95,4203.31,1773.44,731.03,831.99,2261.88,687.84,1837.24
2024-04-03,1930.05,1520.69,1588.7,1024.01,4141.93,1783.58,716.65,821.12,2239.02,681.53,1795.48
2024-04-04,1917.81,1509.32,1575.17,1019.53,4112.2,1768.47,709.08,817.7,2215.65,685.94,1805.54
2024-04-05,1887.81,1484.96,1556.89,1010.21,4098.69,1767.07,699.15,805.77,2183.4,678.48,1801.57
2024-04-08,1871.53,1467.71,1556.86,1001.2,4048.15,1760.2,696.78,799.65,2173.34,675.11,1766.73
2024-04-09,1905.7,1478.9,1577.45,1009.49,4072.96,1757.54,700.75,808.27,2195.48,680.7,1823.99
2024-04-10,1898.16,1473.12,1570.68,1012.85,4099.76,1767.35,681.03,803.41,2181.31,677.85,1823.14
2024-04-11,1898.06,1471.53,1566.74,1007.82,4136.87,1770.72,682.14,803.5,2199.22,674.27,1832.04
2024-04-12,1929.86,1484.38,1607.56,1016.34,4161.91,1791.16,695.25,820.0,2202.01,676.84,1841.69
2024-04-15,1815.4,1412.19,1527.16,964.6,4009.82,1732.67,655.53,780.06,2079.38,645.05,1756.24
2024-04-16,1804.73,1398.8,1536.44,955.69,4055.02,1729.74,663.58,771.13,2074.87,637.67,1754.96
2024-04-17,1772.5,1385.08,1504.81,933.85,4001.99,1720.02,643.88,758.79,2040.35,637.66,1729.34
2024-04-19,1731.28,1357.83,1486.82,901.47,3896.82,1724.38,636.65,741.84,2007.89,632.2,1701.26
2024-04-22,1773.22,1377.01,1514.21,911.01,3950.59,1719.9,640.76,752.17,2031.91,637.36,1724.33
2024-04-23,1751.24,1361.05,1506.06,890.62,4011.75,1709.27,637.03,741.41,2001.02,626.88,1741.06
2024-04-24,1813.49,1395.41,1538.61,915.48,4288.97,1734.75,653.38,764.0,2083.47,640.23,1807.09
2024-04-25,1806.27,1390.21,1528.24,916.03,4389.0,1728.28,647.13,763.32,2069.67,646.59,1836.13
2024-04-26,1811.13,1393.9,1533.21,926.41,4392.0,1720.01,649.49,768.19,2072.88,645.26,1868.73
2024-05-02,1819.54,1399.45,1529.02,931.85,4532.05,1723.04,652.44,775.3,2086.35,651.93,1893.13
2024-05-03,1823.02,1393.34,1538.75,939.49,4482.0,1723.05,654.61,779.49,2094.57,657.87,1896.23
2024-05-06,1859.44,1426.35,1562.74,948.65,4549.36,1718.22,671.36,799.85,2145.45,666.87,1943.58
2024-05-07,1868.95,1434.31,1560.68,949.94,4677.47,1711.42,682.27,810.46,2185.44,676.99,1974.85
2024-05-08,1875.88,1445.05,1557.71,948.54,4679.11,1720.45,709.68,813.11,2215.54,681.79,1972.92
2024-05-09,1868.55,1440.71,1554.91,946.28,4664.34,1727.43,717.54,810.39,2206.92,674.41,1968.52
2024-05-10,1872.85,1446.52,1551.65,942.25,4696.48,1720.54,727.27,809.52,2208.14,672.18,1968.19
2024-05-13,1868.58,1454.09,1547.61,941.51,4650.46,1710.97,725.08,811.0,2197.78,671.07,1951.21
2024-05-14,1872.77,1454.8,1549.47,947.17,4693.69,1723.91,712.43,808.94,2206.24,673.2,1983.62
2024-05-15,1894.37,1470.8,1559.66,952.55,4816.47,1719.29,714.17,817.51,2261.83,679.73,2004.78
2024-05-16,1921.05,1475.26,1596.03,959.97,4852.55,1719.31,721.64,823.85,2280.27,681.54,1992.62
2024-05-17,1948.33,1485.59,1602.72,967.96,4831.45,1727.59,722.75,830.33,2288.3,696.12,1995.48
2024-05-20,1953.17,1501.68,1611.86,966.65,4776.51,1726.28,718.05,831.47,2303.88,699.01,1995.7
2024-05-21,1959.51,1513.84,1601.13,966.42,4885.07,1745.98,725.86,832.66,2305.42,698.6,2012.79
2024-05-22,1955.85,1510.16,1576.82,965.45,4946.72,1741.08,718.26,823.66,2282.51,687.58,2017.82
2024-05-23,1975.63,1521.06,1586.44,969.34,4938.94,1755.98,737.53,837.46,2343.6,701.99,2038.47
2024-05-24,1930.72,1494.21,1569.47,946.88,4739.6,1733.24,727.65,814.83,2301.52,688.1,1990.33
2024-05-27,1942.49,1502.43,1572.71,947.52,4767.37,1741.98,740.03,821.34,2310.17,689.32,1978.13
2024-05-28,1975.35,1522.51,1590.5,955.2,4919.41,1739.89,744.0,833.12,2328.46,701.35,2014.44
2024-05-29,1977.06,1531.69,1581.0,948.24,4867.52,1751.16,737.37,828.99,2302.07,696.29,1990.55
2024-05-30,1973.41,1535.96,1573.54,937.33,4843.94,1743.98,744.41,828.44,2281.62,700.3,2033.84
2024-05-31,1975.75,1534.33,1565.71,938.36,4838.39,1745.62,735.04,827.9,2297.76,696.26,2062.25
2024-06-03,2003.41,1546.67,1594.04,955.35,4924.9,1757.65,745.93,837.63,2326.37,705.51,2071.43
2024-06-04,2001.27,1549.39,1592.67,952.85,5005.74,1752.96,748.22,838.94,2343.39,703.69,2074.16
2024-06-05,1992.96,1552.69,1587.22,950.58,5032.1,1750.06,740.0,837.25,2337.34,716.51,2035.02
2024-06-06,1989.43,1557.39,1596.63,942.95,5018.24,1759.61,740.98,837.03,2336.96,711.06,2036.62
2024-06-07,1995.55,1563.03,1602.7,942.31,5099.43,1767.78,740.49,839.72,2341.99,714.16,2039.62
2024-06-10,2002.18,1580.29,1605.07,941.57,5167.72,1772.74,754.96,847.33,2348.65,710.85,2060.53
2024-06-11,1989.17,1574.83,1601.94,931.67,5249.33,1764.23,759.08,836.49,2339.94,703.56,2046.2
2024-06-12,2011.85,1582.34,1628.88,939.44,5431.52,1759.75,759.93,841.52,2368.66,712.07,2085.33
2024-06-13,2019.23,1582.07,1639.12,940.4,5356.08,1789.14,752.64,843.26,2360.47,711.29,2100.75
2024-06-14,1979.73,1542.91,1613.09,921.02,5387.45,1787.65,726.07,826.78,2312.81,699.29,2065.1
2024-06-17,1975.26,1542.68,1607.11,915.79,5293.93,1794.51,720.88,826.73,2341.39,692.88,2046.08
2024-06-18,1983.57,1555.5,1605.61,919.18,5264.24,1824.14,731.76,829.69,2368.86,694.91,2053.72
2024-06-19,1980.16,1558.01,1608.67,911.11,5402.98,1820.38,732.7,830.01,2364.47,687.09,2076.53
2024-06-20,1976.55,1556.98,1614.68,907.64,5471.91,1851.27,726.15,833.1,2367.39,689.56,2086.1
2024-06-21,1983.46,1560.13,1611.54,903.59,5584.15,1854.78,734.1,830.32,2360.53,689.57,2089.82
2024-06-24,1932.67,1513.18,1568.74,895.64,5409.39,1827.06,699.16,807.92,2294.26,675.95,2050.15
2024-06-25,1946.38,1523.49,1571.01,907.14,5322.46,1806.66,708.04,813.78,2307.98,676.47,2047.2
2024-06-26,1951.31,1531.54,1570.87,903.07,5394.9,1811.58,715.26,814.39,2327.44,676.58,2066.25
2024-06-27,1948.63,1529.88,1563.79,903.21,5428.83,1803.47,709.13,814.84,2319.38,675.99,2079.15
2024-06-28,1921.44,1500.75,1551.26,898.78,5330.86,1773.97,693.78,801.82,2269.45,673.48,2051.19
2024-07-01,1929.04,1511.9,1556.65,906.32,5268.29,1782.24,705.18,805.92,2278.58,681.58,2110.11
2024-07-02,1961.52,1519.46,1581.61,916.05,5249.68,1777.04,712.17,810.75,2305.62,685.12,2120.66
2024-07-03,1972.58,1525.06,1596.31,913.03,5363.84,1778.88,718.38,813.25,2317.51,686.59,2113.38
2024-07-04,1982.23,1532.19,1599.79,914.26,5549.2,1820.85,729.15,813.78,2318.4,687.48,2108.49
2024-07-05,1988.6,1535.77,1605.41,911.54,5661.57,1849.42,728.44,816.3,2319.07,688.26,2122.28
2024-07-08,1990.47,1548.94,1601.64,896.24,5695.96,1858.25,748.74,820.49,2349.94,687.2,2155.4
2024-07-09,2009.87,1564.87,1615.07,901.94,5620.16,1869.26,748.09,832.84,2366.73,692.25,2165.73
2024-07-10,1996.82,1557.84,1604.06,900.83,5488.34,1858.15,745.84,830.07,2357.09,689.54,2129.31
2024-07-11,1998.71,1561.56,1601.31,909.49,5449.7,1883.36,741.87,830.11,2344.86,683.6,2119.06
2024-07-12,1991.01,1556.94,1591.13,910.47,5477.08,1903.77,736.95,828.06,2332.62,681.18,2114.7
2024-07-15,1989.18,1563.87,1588.7,904.09,5430.08,1927.02,749.95,830.76,2332.01,680.57,2103.56
2024-07-16,1983.57,1562.98,1597.31,899.5,5470.81,2013.64,743.37,829.75,2326.51,678.82,2098.67
2024-07-17,1942.59,1510.13,1614.25,876.25,5378.42,1965.27,711.96,807.38,2283.21,663.65,2071.35
2024-07-18,1958.18,1528.81,1620.6,883.76,5235.48,1949.1,729.52,813.65,2303.57,666.79,2103.02
2024-07-19,1941.19,1507.47,1619.09,878.65,5163.65,1886.02,715.99,802.0,2275.48,662.3,2112.82
2024-07-22,1911.28,1471.28,1613.07,876.58,5085.12,1838.2,699.57,786.99,2229.2,664.38,2094.81
2024-07-23,1872.83,1440.13,1574.67,872.05,5123.26,1799.88,693.49,773.24,2186.0,656.53,2032.69
2024-07-24,1894.25,1458.11,1578.19,882.9,5134.34,1835.23,702.78,788.0,2198.31,659.1,2018.77
2024-07-25,1884.95,1455.91,1564.01,883.88,5097.1,1852.64,702.81,787.73,2185.37,657.29,2007.46
2024-07-26,1894.87,1464.58,1567.23,883.22,5220.62,1870.09,718.21,794.82,2204.19,672.08,2011.16
2024-07-29,1901.12,1472.17,1569.43,878.96,5260.32,1866.33,716.25,794.31,2231.33,678.59,2034.87
2024-07-30,1885.03,1468.46,1568.59,875.16,5217.13,1837.44,714.59,792.03,2224.71,678.06,2053.47
2024-07-31,1880.39,1458.97,1583.78,874.71,5237.51,1824.87,708.24,790.35,2179.2,689.42,2070.21
2024-08-01,1829.1,1409.53,1551.67,853.62,5069.41,1802.31,699.58,765.28,2114.34,674.12,2029.65
2024-08-02,1848.4,1425.71,1566.03,852.83,5019.89,1818.46,712.9,773.82,2154.66,683.72,2050.64
2024-08-05,1755.24,1359.84,1500.33,819.13,4822.7,1761.48,671.73,729.06,2041.75,662.18,1987.37
2024-08-06,1802.46,1386.12,1528.75,831.7,4915.81,1785.46,689.09,743.13,2090.13,685.51,2011.09
2024-08-07,1809.8,1389.95,1520.72,854.63,4963.45,1788.88,694.43,743.05,2088.32,686.88,2013.55
2024-08-08,1798.06,1383.78,1506.57,847.31,4934.88,1764.68,693.17,742.93,2055.09,683.85,2012.92
2024-08-09,1825.49,1400.87,1530.33,848.28,5157.46,1789.08,700.51,753.93,2091.16,688.97,2081.83
2024-08-12,1842.57,1408.98,1543.3,841.66,5279.79,1790.58,709.38,760.06,2094.17,688.95,2109.63
2024-08-13,1837.28,1408.95,1538.9,843.12,5267.58,1784.12,706.9,758.7,2072.33,690.47,2114.8
2024-08-14,1827.87,1401.37,1533.75,847.52,5256.32,1773.23,709.94,756.89,2067.45,695.69,2109.65
2024-08-15,1819.46,1390.74,1531.26,846.07,5221.49,1742.22,702.54,754.86,2041.77,689.7,2092.44
2024-08-16,1889.36,1432.44,1571.63,873.34,5307.18,1778.66,725.75,781.73,2093.88,700.55,2161.1
2024-08-19,1912.39,1439.33,1582.24,877.16,5307.03,1780.31,728.94,787.23,2111.87,712.21,2193.15
2024-08-20,1933.98,1450.32,1588.42,897.61,5346.23,1780.84,728.4,795.41,2116.74,711.63,2217.71
2024-08-21,1943.53,1453.12,1605.9,900.49,5423.93,1776.33,731.68,795.66,2132.03,709.99,2240.31
2024-08-22,1941.72,1453.18,1610.18,903.06,5441.26,1808.0,729.21,792.1,2108.82,705.79,2247.5
2024-08-23,1943.49,1450.41,1613.14,903.59,5412.87,1814.65,726.16,793.07,2123.71,708.54,2241.99
2024-08-26,1931.77,1445.15,1614.08,910.47,5345.28,1799.64,719.22,789.24,2108.86,697.62,2206.52
2024-08-27,1924.37,1441.28,1608.3,928.55,5381.61,1800.43,720.81,785.89,2095.68,700.09,2203.42
2024-08-28,1925.53,1437.47,1613.84,920.79,5411.0,1801.85,723.0,781.02,2099.07,704.48,2189.16
2024-08-29,1917.62,1431.73,1617.66,919.07,5429.15,1801.24,716.09,778.58,2096.82,701.94,2181.54
2024-08-30,1921.9,1432.87,1623.58,920.25,5472.81,1825.15,719.88,777.94,2099.63,701.5,2201.01
2024-09-04,1911.23,1426.11,1600.53,926.78,5403.52,1850.07,701.92,776.04,2084.77,696.88,2183.47
2024-09-05,1896.45,1419.85,1589.02,932.96,5310.43,1841.33,692.09,769.17,2063.27,694.15,2154.83
2024-09-06,1898.09,1418.84,1591.79,933.99,5368.03,1843.24,700.33,768.26,2083.61,700.82,2154.78
2024-09-09,1892.79,1412.36,1582.17,925.36,5336.25,1831.05,698.39,763.52,2093.67,698.34,2142.66
2024-09-10,1875.83,1401.64,1563.91,909.95,5282.56,1818.97,693.75,761.1,2065.67,699.88,2141.23
2024-09-11,1868.36,1398.73,1560.2,906.25,5305.34,1842.28,689.44,759.22,2076.34,697.89,2140.89
2024-09-12,1867.1,1400.11,1564.99,902.89,5368.24,1861.38,689.16,760.6,2068.48,699.52,2135.98
2024-09-13,1871.01,1401.35,1564.22,906.92,5395.04,1847.87,687.2,761.22,2063.72,691.94,2132.36
2024-09-16,1851.85,1391.14,1553.76,891.03,5320.59,1814.68,673.01,755.32,2049.44,682.62,2106.97
2024-09-17,1880.68,1402.55,1579.65,914.25,5392.63,1854.93,674.11,764.89,2078.38,694.67,2124.43
2024-09-18,1886.64,1408.66,1589.7,912.59,5464.16,1861.76,677.93,768.02,2072.44,694.4,2152.81
2024-09-19,1895.63,1416.83,1599.33,921.02,5486.55,1866.22,679.61,773.72,2084.38,695.26,2150.37
2024-09-20,1900.31,1415.65,1615.0,914.05,5491.97,1871.25,696.32,774.14,2103.51,694.8,2144.32
2024-09-23,1894.6,1412.63,1610.73,909.91,5439.11,1880.33,689.27,772.53,2103.58,692.42,2132.74
2024-09-24,1909.99,1417.79,1627.82,921.12,5460.53,1906.63,696.99,776.48,2115.09,684.48,2147.92
2024-09-25,1931.3,1427.31,1652.66,927.19,5472.65,1904.79,699.68,781.37,2137.85,684.56,2160.27
2024-09-26,1939.71,1426.52,1669.06,928.01,5451.46,1903.19,704.07,781.36,2130.05,689.34,2152.56
2024-09-27,1940.45,1424.75,1678.0,923.55,5444.82,1910.14,694.57,778.48,2128.1,690.6,2134.96
2024-09-30,1943.23,1425.53,1682.08,914.52,5454.41,1906.44,694.83,777.07,2145.19,686.83,2145.01
2024-10-01,1945.8,1436.11,1686.0,921.87,5513.23,1917.52,693.3,778.29,2163.97,690.24,2135.65
2024-10-02,1930.96,1428.23,1682.96,911.05,5488.77,1924.62,698.49,772.62,2144.18,686.38,2125.09
2024-10-03,1909.79,1410.62,1679.23,888.43,5432.03,1908.47,690.25,763.89,2125.06,684.79,2096.7
2024-10-04,1901.93,1400.73,1663.24,884.19,5433.7,1889.58,696.19,760.27,2121.26,678.23,2088.2
2024-10-07,1910.42,1403.48,1670.34,883.17,5431.62,1888.49,700.45,758.3,2129.54,671.65,2086.87
2024-10-08,1918.22,1407.67,1676.96,885.57,5416.22,1950.49,705.58,759.07,2156.83,677.12,2064.78
2024-10-09,1932.93,1414.8,1692.92,896.11,5482.93,1975.3,701.82,764.52,2188.55,682.62,2047.39
2024-10-10,1924.62,1412.78,1689.72,891.73,5728.02,1943.35,697.81,765.55,2174.64,691.63,2068.25
2024-10-11,1928.8,1421.28,1690.13,904.63,5648.76,1953.67,698.73,772.75,2177.92,694.65,2059.88
2024-10-14,1913.89,1417.93,1682.03,911.83,5572.46,1977.98,693.56,766.98,2169.86,691.32,2039.84
2024-10-15,1894.31,1407.88,1677.48,899.59,5544.78,1954.01,676.75,757.14,2167.53,689.8,2049.35
2024-10-16,1884.93,1410.0,1670.64,896.93,5522.05,1969.69,668.92,755.88,2158.07,691.15,2070.65
2024-10-17,1905.87,1416.28,1688.62,907.05,5550.8,1965.68,673.72,758.41,2166.12,691.86,2078.55
2024-10-18,1900.75,1411.42,1690.98,906.06,5547.09,1959.04,669.35,755.44,2148.45,689.25,2074.51
2024-10-21,1893.87,1399.03,1681.38,917.29,5493.44,1952.5,658.8,750.48,2128.65,686.45,2071.47
2024-10-22,1884.5,1395.43,1670.73,915.66,5391.65,1935.76,656.16,749.09,2113.99,681.66,2070.98
2024-10-23,1894.09,1400.87,1673.76,918.85,5430.59,1934.79,663.68,753.15,2107.25,684.71,2061.95
2024-10-24,1876.3,1390.58,1643.86,894.62,5429.5,1956.38,658.82,748.39,2103.44,683.91,2053.99
2024-10-25,1870.11,1390.61,1639.48,892.65,5416.87,1971.06,655.16,748.13,2095.25,677.04,2053.15
2024-10-28,1874.86,1397.58,1643.55,889.63,5453.28,1970.57,658.49,749.47,2117.81,676.47,2057.94
2024-10-29,1887.1,1404.63,1652.95,889.27,5480.09,1958.32,659.1,756.0,2141.56,676.87,2088.26
2024-10-30,1885.01,1404.88,1654.56,883.87,5497.64,1982.32,655.26,755.48,2133.55,674.21,2074.45
2024-10-31,1888.57,1406.16,1664.77,885.95,5495.84,1972.83,658.52,755.44,2132.68,669.9,2084.96
2024-11-01,1869.7,1398.25,1647.24,883.59,5441.61,1970.43,653.69,750.6,2108.75,661.85,2054.82
2024-11-04,1854.46,1391.42,1628.8,881.44,5374.45,1946.5,644.37,746.58,2087.44,655.61,2043.37
2024-11-05,1858.44,1390.26,1629.1,882.17,5363.91,1951.59,644.64,746.52,2097.84,656.55,2056.07
2024-11-06,1886.8,1408.9,1651.04,895.06,5449.03,1972.03,651.57,757.37,2133.91,662.57,2065.66
2024-11-07,1887.67,1413.62,1645.69,897.53,5472.15,1969.15,652.9,759.78,2133.82,660.67,2057.34
2024-11-08,1880.95,1411.25,1633.31,884.36,5501.06,1964.07,654.82,758.02,2131.96,657.37,2052.26
2024-11-11,1876.8,1415.84,1610.27,885.49,5604.62,1946.49,651.5,761.29,2177.2,659.76,2013.93
2024-11-12,1873.73,1408.81,1605.68,881.12,5547.41,1929.19,638.87,759.88,2165.76,658.65,1972.96
2024-11-13,1875.06,1403.8,1606.58,886.0,5589.36,1929.92,631.55,756.88,2147.69,660.37,1990.16
2024-11-14,1846.95,1395.45,1580.66,880.66,5513.7,1902.9,624.69,749.17,2101.6,654.75,1974.5
2024-11-15,1823.29,1379.2,1561.22,875.53,5431.17,1883.06,618.99,742.53,2063.11,646.96,1940.97
2024-11-18,1823.03,1383.74,1566.29,874.1,5430.49,1873.88,616.76,738.28,2060.32,643.31,1925.19
2024-11-19,1793.94,1360.23,1552.33,874.13,5266.98,1854.61,611.38,725.3,2021.57,638.83,1889.57
2024-11-20,1817.57,1367.83,1569.34,889.95,5360.53,1864.14,615.44,733.84,2031.65,643.74,1884.89
2024-11-21,1834.63,1376.52,1589.4,893.31,5385.75,1864.31,622.31,740.59,2051.69,648.64,1931.85
2024-11-22,1826.35,1375.45,1587.18,880.79,5418.07,1892.32,624.25,738.14,2061.4,648.85,1937.24
2024-11-25,1837.57,1382.28,1591.49,891.98,5413.85,1905.03,628.04,744.76,2073.07,653.56,1939.23
2024-11-26,1850.2,1393.14,1600.76,896.8,5465.12,1913.49,628.09,748.85,2080.34,658.5,1956.49
2024-11-27,1849.74,1392.14,1601.56,891.88,5609.23,1906.7,621.09,746.79,2074.34,657.45,1961.52
2024-11-28,1849.97,1396.96,1603.25,886.59,5628.52,1977.57,626.25,747.43,2080.72,656.61,1961.57
2024-11-29,1858.33,1403.08,1610.01,884.49,5829.62,2050.49,628.45,748.26,2101.02,661.0,1974.52
2024-12-02,1865.14,1406.54,1614.13,882.67,5748.36,2071.09,625.25,749.47,2112.59,658.29,1978.78
2024-12-03,1866.42,1405.02,1612.58,882.26,5857.33,2117.41,624.68,749.32,2114.1,656.26,1965.17
2024-12-04,1848.82,1402.34,1599.96,871.93,5796.26,2101.04,624.11,749.01,2089.93,650.95,1934.66
2024-12-05,1895.16,1427.51,1647.73,896.9,5990.87,2121.93,634.62,763.84,2156.91,662.38,1999.41
2024-12-06,1899.98,1428.2,1646.42,899.22,6029.31,2107.6,634.53,763.92,2162.21,661.61,2005.48
2024-12-09,1909.84,1443.91,1650.74,903.54,5930.61,2135.58,634.29,766.63,2171.08,663.56,2009.27
2024-12-10,1906.92,1444.24,1647.9,896.72,6024.37,2133.08,634.14,764.11,2182.9,662.96,2004.57
2024-12-11,1901.63,1443.84,1648.37,895.06,6063.57,2127.0,630.74,760.58,2173.9,665.84,1988.82
2024-12-12,1899.38,1438.86,1649.15,891.5,6046.82,2123.74,629.16,759.45,2161.94,665.82,1991.45
2024-12-13,1887.77,1429.49,1644.41,887.6,6013.08,2083.54,622.2,754.41,2136.29,661.55,2007.86
2024-12-16,1893.29,1427.82,1644.18,889.87,6030.83,2095.95,625.1,754.03,2127.57,665.15,2016.86
2024-12-17,1891.87,1430.29,1641.8,890.95,5960.2,2117.22,623.72,752.98,2124.84,664.24,2002.91
2024-12-18,1903.51,1442.67,1645.62,890.75,5988.89,2126.69,636.12,755.82,2146.23,669.39,2002.89
2024-12-19,1887.7,1435.86,1624.26,881.93,5966.92,2105.57,635.74,749.78,2123.75,662.04,1992.71
2024-12-20,1883.39,1448.64,1624.58,883.15,6021.45,2125.81,633.23,750.48,2117.28,665.05,2007.58
2024-12-23,1894.56,1459.03,1632.3,887.04,6031.66,2146.66,629.25,756.44,2135.45,666.0,2018.25
2024-12-24,1890.58,1460.18,1632.75,880.35,6051.62,2148.23,632.52,757.05,2131.44,665.16,2025.39
2024-12-25,1909.35,1465.59,1662.73,885.98,6069.01,2106.93,635.49,767.51,2157.85,666.35,2042.87
2024-12-26,1899.16,1467.37,1665.9,885.31,6028.31,2118.51,634.51,763.87,2146.86,662.35,2029.26
2024-12-27,1907.9,1463.87,1685.82,880.4,6014.52,2116.93,632.44,761.57,2135.53,661.12,2026.61
2024-12-30,1906.45,1456.99,1689.44,880.45,6049.07,2118.04,629.76,756.72,2125.98,658.14,2017.45
2024-12-31,1900.74,1451.02,1681.24,878.58,6123.43,2116.51,621.63,754.4,2117.67,656.91,2021.35
2025-01-02,1900.09,1455.9,1675.21,877.67,6109.7,2164.9,626.8,757.28,2137.11,659.26,2015.87
2025-01-03,1871.89,1439.33,1640.53,873.73,5991.34,2154.7,627.07,748.79,2111.45,651.92,1972.46
2025-01-06,1846.13,1414.84,1633.42,867.76,5994.94,2120.21,615.28,739.31,2067.88,638.4,1936.51
2025-01-07,1836.21,1405.18,1638.43,863.87,6019.16,2133.95,601.88,733.69,2060.38,634.71,1925.88
2025-01-08,1850.8,1416.44,1643.17,867.84,5949.01,2142.99,605.74,738.46,2074.38,638.86,1948.71
2025-01-09,1842.46,1409.28,1630.37,869.84,5964.07,2157.4,606.92,736.88,2056.55,637.85,1937.29
2025-01-10,1812.67,1391.42,1604.28,859.15,5900.74,2160.15,599.31,727.73,2019.7,628.31,1922.88
2025-01-13,1828.13,1398.07,1616.15,860.55,5913.11,2160.11,609.37,731.06,2039.79,629.97,1921.39
2025-01-14,1817.29,1394.28,1605.93,855.22,5818.64,2170.12,609.75,726.76,2029.67,625.6,1922.73
2025-01-15,1834.41,1412.26,1617.02,862.35,5834.19,2201.26,615.14,735.97,2057.15,633.76,1920.24
2025-01-16,1846.69,1415.99,1626.71,864.16,5874.76,2191.15,615.81,740.04,2062.97,636.41,1932.23
2025-01-17,1858.03,1428.34,1641.3,866.32,5978.18,2219.44,625.2,745.92,2077.58,635.61,1937.09
2025-01-20,1855.49,1424.08,1646.06,863.04,6016.23,2203.29,624.42,743.31,2075.45,635.77,1937.53
2025-01-21,1852.98,1416.96,1644.37,860.97,6010.17,2172.14,621.72,740.93,2061.89,635.34,1942.66
2025-01-22,1855.15,1409.72,1645.38,854.82,5999.63,2162.66,614.21,737.48,2048.51,631.86,1945.39
2025-01-23,1891.25,1420.82,1682.64,860.78,6178.21,2171.48,621.83,742.62,2085.45,635.95,1981.74
2025-01-24,1907.77,1421.26,1692.21,864.58,6144.68,2192.22,620.89,749.34,2080.9,642.82,2010.14
2025-02-03,1896.72,1424.98,1669.23,858.44,5838.18,2168.68,613.35,748.16,2074.51,636.77,2002.78
2025-02-04,1921.32,1444.39,1691.84,860.88,5869.01,2185.39,621.92,756.24,2109.43,640.85,2000.91
2025-02-05,1931.54,1456.73,1699.34,866.87,5875.95,2170.3,624.75,764.12,2109.73,642.33,1996.02
2025-02-06,1929.0,1460.29,1710.47,865.8,5883.83,2202.22,628.18,761.47,2106.67,640.29,1988.82
2025-02-07,1926.28,1463.06,1718.9,865.94,5866.63,2202.53,625.86,762.53,2097.07,642.02,1978.79
2025-02-10,1899.03,1447.61,1719.97,850.12,5704.55,2184.82,620.91,749.44,2021.36,643.81,1933.37
2025-02-11,1909.93,1454.96,1728.15,850.48,5835.9,2216.78,621.76,753.97,2056.68,644.92,1917.41
2025-02-12,1912.35,1458.68,1724.89,850.79,5823.48,2200.52,625.0,757.54,2046.08,646.24,1917.2
2025-02-13,1918.01,1467.57,1731.72,854.31,5752.07,2215.04,627.22,764.19,2059.77,646.51,1888.03
2025-02-14,1925.78,1475.43,1735.3,857.73,5819.72,2221.27,638.87,762.96,2072.72,643.02,1901.83
2025-02-17,1933.18,1483.14,1735.12,858.03,5767.4,2234.17,638.85,763.1,2072.22,636.73,1882.46
2025-02-18,1941.04,1487.03,1737.54,862.51,5779.05,2228.14,641.93,766.48,2095.31,638.29,1883.88
2025-02-19,1970.77,1504.43,1748.89,875.74,5787.09,2199.96,646.01,776.87,2100.38,646.59,1915.16
2025-02-20,1972.81,1505.79,1754.32,883.53,5748.78,2233.84,646.78,774.54,2116.58,647.23,1925.27
2025-02-21,1968.25,1506.81,1760.5,878.55,5711.22,2225.51,643.63,776.07,2110.65,649.67,1945.11
2025-02-24,1979.06,1507.64,1774.57,881.04,5654.83,2196.49,647.4,775.54,2167.34,658.9,1946.38
2025-02-25,1980.01,1512.78,1771.92,883.39,5597.83,2171.64,648.96,775.79,2159.31,657.96,1943.76
2025-02-26,1982.03,1514.47,1766.25,882.59,5705.96,2192.35,645.54,775.72,2173.51,657.82,1957.0
2025-02-27,1994.24,1525.02,1768.61,891.31,5686.87,2172.42,647.48,779.08,2218.55,658.66,1956.98
2025-02-28,1995.0,1522.58,1760.65,896.12,5650.3,2159.36,653.17,775.63,2204.0,655.92,1947.91
2025-03-03,2002.31,1517.87,1762.36,907.89,5658.18,2162.87,653.97,777.16,2209.77,660.27,1953.12
2025-03-04,2001.68,1514.12,1774.07,906.57,5637.88,2145.98,650.16,776.41,2196.41,665.28,1962.47
2025-03-05,1977.97,1497.0,1767.09,904.64,5600.22,2156.95,639.65,766.5,2168.38,659.65,1958.02
2025-03-06,2006.97,1507.69,1787.6,912.88,5704.24,2171.18,638.97,774.54,2198.58,664.57,2004.61
2025-03-07,2004.69,1508.5,1797.48,932.7,5697.76,2168.17,635.38,773.33,2201.52,662.71,2005.21
2025-03-10,1997.08,1507.05,1797.67,941.88,5615.9,2147.79,637.05,774.11,2192.41,660.74,2001.26
2025-03-11,2003.25,1510.97,1804.18,943.76,5548.35,2156.27,636.86,775.43,2202.63,659.81,2017.71
2025-03-12,1994.82,1511.32,1804.42,951.15,5481.16,2177.04,634.71,771.18,2185.39,658.01,2001.31
2025-03-13,1970.15,1488.63,1782.83,965.12,5499.46,2169.03,625.63,759.55,2171.69,660.62,1976.32
2025-03-14,1961.03,1481.44,1787.95,970.27,5304.31,2151.74,618.27,755.03,2155.64,662.6,1963.05
2025-03-17,1987.0,1484.56,1807.28,980.12,5250.41,2151.53,618.52,758.71,2168.42,663.78,1976.92
2025-03-18,1981.55,1482.33,1800.87,967.87,5250.43,2154.33,624.84,759.36,2153.88,659.95,1970.76
2025-03-19,1975.16,1478.01,1794.88,971.28,5039.98,2188.15,620.77,756.3,2137.22,655.23,1930.77
2025-03-20,1971.05,1470.37,1796.75,967.13,5053.06,2174.82,619.51,756.62,2130.03,651.91,1939.78
2025-03-21,1963.41,1469.97,1786.24,976.97,5169.78,2172.24,619.1,754.68,2124.66,648.36,1943.76
2025-03-24,1964.45,1462.32,1794.2,1008.7,5207.52,2117.04,612.32,752.64,2121.32,651.43,1933.16
2025-03-25,1966.55,1469.5,1791.4,1015.65,5112.14,2099.4,612.1,754.34,2131.63,652.06,1932.94
2025-03-26,1953.27,1466.71,1777.85,1012.96,4973.82,2100.65,617.5,752.56,2150.02,649.54,1932.4
2025-03-27,1950.94,1465.03,1771.31,1011.36,5096.48,2100.39,613.45,753.14,2146.47,651.81,1918.39
2025-03-28,1939.09,1463.4,1768.25,1013.38,5007.95,2082.85,604.83,750.67,2120.86,644.65,1892.62
2025-03-31,1931.31,1451.56,1762.62,1011.51,4888.55,2057.23,596.15,746.59,2080.6,638.79,1877.43
2025-04-01,1939.2,1454.07,1781.04,1030.94,4871.67,2058.83,601.65,750.31,2090.17,638.31,1857.28
2025-04-02,1939.64,1455.69,1779.13,1031.07,4930.31,2046.91,599.72,750.92,2097.35,637.08,1853.67
2025-04-03,1810.36,1362.5,1659.11,961.85,4587.14,1907.56,558.86,700.21,1953.89,596.29,1725.67
2025-04-04,1743.47,1316.68,1656.64,953.21,4549.03,1853.78,526.41,676.13,1872.75,585.49,1659.75
2025-04-08,1630.58,1233.52,1549.08,895.29,4231.22,1725.51,490.3,632.88,1745.94,549.67,1547.08
2025-04-09,1546.32,1183.48,1505.07,889.08,4221.46,1731.45,458.82,600.31,1633.49,525.03,1461.47
2025-04-10,1649.7,1262.12,1608.81,948.52,4514.08,1851.71,490.58,641.33,1744.3,560.16,1559.04
2025-04-11,1721.92,1301.69,1684.09,987.01,4754.34,1915.42,506.4,664.73,1842.28,582.63,1655.62
2025-04-14,1762.11,1316.5,1685.47,1030.47,4762.27,1943.27,522.75,677.85,1910.0,593.43,1738.55
2025-04-15,1730.56,1306.59,1657.16,1021.92,4658.68,1943.07,502.46,671.49,1916.58,586.7,1729.72
2025-04-16,1707.27,1300.2,1649.4,998.62,4341.74,1926.23,494.87,665.79,1888.83,578.28,1705.8
2025-04-17,1720.75,1306.2,1656.9,1014.99,4402.25,1924.55,499.24,680.08,1889.47,580.49,1708.4
2025-04-18,1746.99,1320.95,1676.22,986.9,4491.07,1936.91,505.8,687.14,1897.31,589.13,1717.3
2025-04-21,1730.99,1313.37,1664.34,965.81,4488.89,1917.31,503.17,681.82,1866.9,588.86,1697.36
2025-04-22,1697.03,1288.59,1652.83,952.66,4436.24,1860.4,486.84,668.48,1854.36,585.78,1722.12
2025-04-23,1734.07,1312.3,1666.91,970.69,4442.34,1889.39,493.57,682.98,1900.31,594.45,1768.47
2025-04-24,1750.56,1326.89,1664.39,1009.27,4505.29,1903.4,498.74,690.02,1909.41,597.82,1797.72
2025-04-25,1750.83,1333.49,1652.82,1032.52,4521.46,1899.54,501.31,702.01,1913.47,611.3,1802.48
2025-04-28,1753.27,1334.87,1661.67,1019.38,4411.56,1896.14,499.91,697.63,1915.36,611.9,1815.87
2025-04-29,1755.42,1346.07,1658.99,1023.2,4405.95,1930.81,497.28,700.54,1908.4,611.16,1818.94
2025-05-05,1792.43,1363.34,1665.46,1054.26,4379.77,1968.63,502.71,719.18,1944.04,610.43,1829.19
2025-05-06,1788.94,1364.32,1664.52,1056.19,4426.65,1979.7,507.79,715.87,1927.34,607.48,1835.53
2025-05-07,1799.87,1373.7,1663.87,1085.61,4425.66,1983.48,509.33,720.74,1927.06,606.45,1829.06
2025-05-08,1818.39,1384.25,1685.25,1115.03,4604.62,2016.67,521.96,726.94,1948.6,613.98,1834.36
2025-05-09,1816.38,1385.7,1691.04,1105.12,4668.44,2014.12,518.45,726.23,1943.23,614.94,1847.72
2025-05-12,1830.41,1391.78,1721.96,1123.23,4755.4,2009.99,526.29,730.64,1938.69,617.12,1868.83
2025-05-13,1852.46,1400.82,1733.65,1128.14,4803.93,1988.38,526.8,736.72,1959.12,620.13,1938.27
2025-05-14,1869.7,1402.36,1760.77,1121.67,5070.76,1986.63,527.78,742.82,1983.82,613.51,1965.47
2025-05-15,1870.63,1402.65,1785.61,1107.52,5020.39,1989.17,527.66,739.09,1986.72,615.91,1963.64
2025-05-16,1855.67,1402.89,1757.53,1109.28,4861.71,1992.15,525.52,738.68,1966.97,612.02,1935.08
2025-05-19,1843.57,1395.99,1730.46,1139.89,4749.93,2015.24,519.85,736.74,1947.66,606.39,1928.48
2025-05-20,1864.67,1406.09,1754.74,1189.47,4791.38,2042.44,517.87,743.59,1951.07,611.25,1953.47
2025-05-21,1870.69,1409.69,1764.12,1214.32,4754.12,2042.2,518.65,753.77,1950.19,613.56,1935.57
2025-05-22,1862.32,1406.03,1750.54,1206.78,4694.96,2023.8,513.59,745.73,1945.03,611.99,1924.81
2025-05-23,1867.59,1413.3,1744.99,1212.3,4702.02,2058.14,510.54,753.51,1943.19,612.61,1923.81
2025-05-26,1906.07,1440.76,1757.94,1248.33,4712.99,2076.0,521.36,771.53,1960.21,619.0,1943.88
2025-05-27,1935.8,1460.05,1761.89,1261.9,4784.27,2074.12,527.49,789.33,1969.28,620.46,1949.72
2025-05-28,1925.02,1451.99,1753.86,1280.31,4760.94,2067.44,533.11,782.5,1967.92,619.33,1945.22
2025-05-29,1935.34,1452.8,1753.94,1294.97,4711.33,2068.39,527.17,781.0,1961.54,616.95,1963.82
2025-05-30,1913.71,1440.88,1736.53,1298.2,4684.92,2054.69,517.77,770.63,1964.85,610.69,1918.51
2025-06-02,1933.48,1453.74,1752.42,1301.25,4673.52,2068.98,532.93,780.32,1954.91,610.61,1876.21
2025-06-03,1950.06,1462.81,1770.65,1304.48,4728.92,2094.93,536.95,785.63,1986.76,616.48,1904.8
2025-06-04,1960.94,1473.15,1764.7,1305.78,4719.7,2140.81,542.1,791.06,1980.62,626.21,1886.92
2025-06-05,1952.32,1469.91,1755.29,1301.63,4710.21,2101.49,544.06,789.38,1976.43,628.48,1891.75
2025-06-06,1927.99,1453.93,1738.06,1286.04,4633.7,2087.43,548.51,781.88,1980.04,621.6,1855.2
2025-06-09,1899.76,1437.71,1722.91,1228.9,4680.74,2064.89,540.23,767.06,1978.68,616.12,1854.14
2025-06-10,1912.31,1438.39,1730.9,1240.76,4670.52,2071.08,532.57,769.88,1986.48,618.88,1889.92
2025-06-11,1910.37,1441.21,1731.62,1233.21,4765.23,2064.74,533.91,767.15,1988.45,619.66,1893.96
2025-06-12,1935.12,1448.51,1759.57,1212.67,4735.93,2076.28,539.72,771.9,2029.91,626.73,1931.56
2025-06-13,1907.08,1433.42,1753.13,1190.74,4673.29,2084.4,564.45,759.58,2003.99,621.74,1914.82
2025-06-16,1950.06,1449.17,1784.4,1192.05,4815.47,2123.7,597.55,772.34,2042.99,631.07,1955.71
2025-06-17,1956.98,1454.06,1791.61,1215.54,4808.51,2130.21,581.23,772.85,2061.06,634.07,1958.78
2025-06-18,1948.51,1449.78,1790.8,1223.05,4741.56,2111.26,579.51,772.29,2068.17,632.57,1937.45
2025-06-19,1949.45,1446.12,1802.26,1231.67,4712.08,2098.38,582.82,770.78,2061.8,633.62,1943.73
2025-06-20,1956.16,1449.17,1807.43,1214.02,4718.05,2119.96,581.05,773.14,2060.01,639.97,1943.58
2025-06-23,1951.18,1444.91,1796.95,1255.99,4703.14,2112.5,597.42,771.3,2055.62,639.35,1963.19
2025-06-24,1967.55,1445.58,1807.98,1285.65,4727.47,2092.91,568.06,776.44,2064.83,644.59,1962.54
2025-06-25,1968.12,1444.41,1804.64,1288.14,4754.04,2095.03,557.77,775.16,2078.16,649.94,1962.88
2025-06-26,1969.57,1444.7,1805.88,1275.74,4757.9,2086.72,556.74,777.8,2084.2,653.83,1962.5
2025-06-27,1973.64,1445.66,,,,,,,,,
2025-06-30,1995.4,1455.0,1812.98,1289.76,4811.56,2036.33,556.73,787.47,2092.5,677.45,1997.54
2025-07-01,1988.25,1449.16,1816.9,1284.47,4835.44,2050.68,550.66,786.28,2088.72,671.36,1981.59
2025-07-02,2017.45,1461.55,1837.89,1287.85,4826.86,2055.53,551.08,794.06,2114.66,673.31,1988.96
2025-07-03,2025.08,1457.6,1840.5,1282.41,4800.73,2065.01,554.3,799.09,2120.17,667.78,2002.81
2025-07-04,2037.52,1464.71,1852.29,1275.03,4974.06,2067.72,558.1,805.16,2124.45,669.79,2022.37
2025-07-07,2054.35,1473.89,1889.21,1290.61,5023.28,2066.03,555.61,806.7,2149.95,671.25,2023.16
2025-07-08,2071.91,1484.73,1900.35,1305.82,5051.77,2062.51,560.21,821.46,2213.77,677.75,2035.57
2025-07-09,2084.47,1490.09,1920.14,1332.22,4985.82,2077.77,562.28,818.23,2214.15,683.13,2047.09
2025-07-10,2086.38,1496.81,1924.15,1384.6,5035.87,2092.05,569.14,823.06,2236.18,684.32,2046.24
2025-07-11,2092.68,1492.81,1935.8,1416.37,5133.54,2082.08,564.82,823.48,2282.46,683.56,2048.64
2025-07-14,2125.76,1502.97,1946.73,1454.57,5153.67,2083.95,564.33,829.11,2275.38,683.97,2097.95
2025-07-15,2123.02,1501.79,1940.84,1441.81,5108.63,2114.79,561.17,827.44,2255.02,679.02,2097.74
2025-07-16,2142.8,1516.09,1958.02,1476.71,5120.81,2106.39,561.52,833.91,2287.68,680.37,2119.81
2025-07-17,2151.78,1529.24,1958.26,1535.66,5149.28,2109.66,561.43,839.9,2287.96,686.3,2123.2
2025-07-18,2166.29,1539.19,1988.78,1530.26,5119.25,2111.36,568.6,840.02,2283.42,699.98,2126.5
2025-07-21,2162.5,1529.78,1993.32,1477.52,5145.44,2093.79,563.17,841.39,2302.26,692.36,2107.25
2025-07-22,2211.89,1542.65,2019.3,1527.65,5226.39,2100.59,561.58,864.54,2320.08,697.02,2117.55
2025-07-23,2242.86,1553.89,2029.77,1504.26,5223.58,2103.48,567.93,883.83,2343.05,702.64,2130.56
2025-07-24,2265.41,1556.6,2054.92,1517.12,5189.91,2105.2,576.23,897.39,2319.56,705.87,2112.4
2025-07-25,2316.78,1571.65,2083.28,1522.27,5171.14,2103.43,577.96,927.23,2323.28,706.45,2128.45
2025-07-28,2397.62,1604.12,2141.46,1554.5,5197.23,2132.25,580.1,958.92,2351.35,716.65,2129.34
2025-07-29,2270.71,1545.12,2026.03,1497.43,4945.65,2075.81,566.69,905.72,2263.5,690.17,2041.97
2025-07-30,2310.0,1565.89,2069.67,1485.67,4948.54,2082.58,565.26,924.07,2290.49,694.14,2062.03
2025-07-31,2335.5,1572.76,2081.94,1475.2,4858.92,2073.07,565.01,935.64,2264.03,687.15,2026.19
2025-08-01,2315.64,1575.39,2072.15,1469.75,4990.67,2078.18,566.6,921.59,2265.23,683.04,2049.72
2025-08-04,2354.31,1591.57,2127.57,1523.03,4977.93,2077.52,566.7,941.74,2284.3,691.62,2061.68
2025-08-05,2348.06,1575.63,2159.14,1572.79,4936.65,2061.68,564.25,941.26,2337.25,695.33,2087.24
2025-08-06,2392.14,1589.61,2215.83,1586.7,4910.89,2081.19,576.22,951.15,2397.91,707.38,2147.77
2025-08-07,2417.69,1610.32,2240.67,1571.57,4968.94,2072.43,573.44,956.09,2489.78,707.8,2150.15
2025-08-08,2443.02,1619.77,2235.62,1588.45,4940.85,2077.32,599.17,963.07,2474.49,713.81,2139.01
2025-08-11,2473.25,1639.44,2260.36,1580.24,4983.63,2076.4,596.52,978.44,2484.58,732.76,2146.78
2025-08-12,2494.86,1646.46,2274.98,1586.46,5035.02,2073.33,600.37,991.2,2513.58,740.72,2153.53
2025-08-13,2520.88,1659.78,2292.06,1600.42,4932.18,2093.07,593.33,996.37,2488.85,746.2,2129.65
2025-08-14,2553.01,1659.62,2387.44,1619.49,4878.01,2065.11,594.13,1011.63,2486.18,742.97,2138.65
2025-08-15,2546.14,1634.0,2384.22,1607.22,4764.03,2074.35,595.04,1017.64,2463.23,732.22,2097.06
2025-08-18,2581.88,1657.11,2400.03,1617.63,4717.09,2094.99,600.99,1030.87,2497.21,735.07,2077.13
2025-08-19,2594.04,1680.59,2469.45,1626.26,4707.78,2088.63,598.97,1041.14,2474.46,739.22,2043.77
2025-08-20,2565.04,1649.9,2504.62,1672.96,4581.19,2059.14,579.78,1023.42,2408.43,729.84,2056.95
2025-08-21,2553.27,1624.88,2594.88,1669.09,4753.23,2063.62,573.83,1016.5,2395.57,729.91,2075.15
2025-08-22,2495.4,1580.41,2492.82,1647.04,4631.93,2038.5,561.75,985.06,2304.13,709.45,2057.6
2025-08-25,2419.76,1557.43,2383.13,1672.48,4615.43,2010.11,554.42,962.92,2287.76,706.5,2023.7
2025-08-26,2519.49,1594.15,2481.42,1746.04,4677.86,2002.52,564.7,994.4,2376.58,719.58,2118.82
2025-08-27,2535.09,1597.17,2476.64,1732.6,4894.02,2009.32,565.3,996.94,2348.59,723.73,2146.07
2025-08-28,2568.85,1606.59,2507.36,1725.92,4875.08,2015.81,565.51,1009.4,2371.82,727.84,2189.64
2025-08-29,2574.28,1615.55,2538.7,1715.09,4746.1,2032.06,563.65,1001.2,2389.98,725.88,2197.09
2025-09-03,2608.57,1636.8,2534.09,1701.99,4824.72,2041.75,574.4,1018.32,2437.22,730.71,2162.23
2025-09-04,2632.59,1644.29,2554.58,1701.73,4907.02,2052.55,581.02,1022.62,2545.07,738.64,2207.56
2025-09-05,2572.78,1628.95,2484.18,1686.96,4831.57,2064.49,582.59,1009.06,2483.46,729.22,2160.56
2025-09-08,2469.19,1586.95,2381.23,1672.57,4755.82,2053.49,569.45,973.76,2472.03,715.94,2122.45
2025-09-09,2501.13,1592.78,2409.05,1702.59,4766.95,2053.72,567.86,987.67,2465.11,716.74,2159.82
2025-09-10,2496.5,1590.84,2414.48,1709.51,4731.16,2070.39,574.18,989.88,2464.47,715.91,2153.96
2025-09-11,2502.42,1593.91,2419.57,1756.71,4771.17,2068.98,574.85,995.15,2496.0,725.45,2210.1
2025-09-12,2535.73,1610.73,2413.53,1771.65,4763.88,2087.33,588.41,1012.05,2554.6,745.1,2228.23
2025-09-15,2586.54,1636.64,2437.38,1774.66,4779.57,2116.7,590.26,1034.8,2588.83,757.17,2246.41
2025-09-16,2564.36,1624.45,2447.16,1742.91,4851.9,2125.6,589.91,1016.94,2560.78,757.34,2264.19
2025-09-17,2520.11,1616.64,2415.3,1774.56,4941.46,2141.88,587.79,1006.69,2511.36,746.03,2212.87
2025-09-18,2517.88,1612.29,2405.14,1786.21,4823.42,2130.89,579.69,1006.28,2506.83,738.92,2222.55
2025-09-19,2496.2,1612.85,2378.99,1816.6,4820.23,2139.12,575.92,1007.12,2499.1,731.58,2222.79
2025-09-22,2469.77,1590.41,2338.22,1780.26,4666.7,2126.93,565.99,999.33,2438.86,719.83,2179.27
2025-09-23,2462.6,1588.38,2347.63,1773.83,4593.46,2140.55,573.45,984.69,2450.66,721.67,2198.68
2025-09-24,2504.97,1608.68,2413.89,1781.1,4664.43,2165.62,577.06,998.84,2483.66,728.84,2227.62
2025-09-25,2521.96,1620.99,2404.51,1836.3,4595.98,2178.84,584.35,1019.64,2472.67,725.31,2217.43
2025-09-26,2494.26,1616.17,2378.2,1865.96,4568.66,2145.34,574.39,1009.33,2453.18,723.09,2190.74
2025-09-29,2488.01,1601.34,2381.47,1919.36,4479.88,2140.44,573.88,1006.57,2444.57,718.66,2164.78
2025-09-30,2463.63,1585.07,2387.92,1926.53,4370.83,2132.85,562.58,994.46,2404.77,714.33,2170.93
2025-10-01,2476.47,1589.84,2418.87,1898.66,4388.99,2134.65,558.3,994.18,2414.86,724.15,2173.26
2025-10-02,2430.57,1574.16,2405.24,1877.43,4330.6,2117.39,554.54,975.54,2389.59,720.54,2157.25
2025-10-03,2394.74,1557.96,2380.23,1903.28,4382.91,2115.88,543.66,962.48,2357.72,716.6,2149.97
2025-10-06,2488.17,1595.39,2473.55,1955.62,4483.42,2144.54,556.25,997.84,2461.29,732.59,2174.6
2025-10-07,2454.81,1579.35,2449.1,1949.06,4479.43,2155.66,549.5,983.48,2442.61,725.79,2189.0
2025-10-08,2474.36,1584.68,2459.8,1963.23,4437.17,2160.5,553.67,989.38,2461.52,735.01,2239.77
2025-10-09,2491.55,1587.27,2479.34,2008.93,4421.8,2147.8,559.26,995.49,2450.08,737.48,2263.04
2025-10-10,2513.3,1587.46,2488.22,2117.15,4506.33,2141.87,555.77,1008.95,2488.2,742.62,2279.88
2025-10-13,2518.66,1584.35,2502.32,2208.16,4407.65,2131.74,550.36,1027.52,2456.5,750.72,2292.78
2025-10-14,2511.92,1563.52,2488.18,2243.24,4335.2,2114.93,542.0,1046.28,2412.03,735.31,2307.2
2025-10-15,2532.16,1559.77,2503.4,2220.59,4215.12,2114.13,540.03,1073.54,2396.86,733.57,2297.12
2025-10-16,2570.12,1569.08,2499.86,2254.32,4223.65,2107.69,539.36,1099.16,2403.51,742.31,2342.54
2025-10-17,2532.93,1560.04,2449.36,2170.93,4146.02,2094.17,532.39,1088.87,2380.02,733.89,2329.89
2025-10-20,2376.18,1491.31,2298.68,2048.86,4085.67,2040.28,511.22,1037.28,2227.65,691.72,2213.25
2025-10-21,2374.35,1501.53,2327.79,2101.85,4352.77,2058.01,524.81,1043.05,2281.13,687.39,2275.47
2025-10-22,2397.18,1514.72,2335.71,2115.7,4533.52,2080.08,531.65,1052.3,2291.64,692.79,2317.42
2025-10-23,2379.3,1516.48,2322.56,2186.53,4443.44,2076.17,536.05,1050.47,2276.19,691.13,2355.09
2025-10-24,2363.85,1510.01,2289.53,2205.19,4566.26,2072.91,535.24,1040.01,2270.32,697.37,2374.65
2025-10-27,2330.7,1506.85,2254.32,2127.58,4579.4,2066.72,532.72,1009.64,2272.45,692.27,2287.83
2025-10-28,2375.43,1523.18,2306.79,2173.56,4768.12,2061.94,534.8,1043.3,2309.24,696.34,2352.62
2025-10-29,2400.97,1544.01,2332.79,2123.39,4745.66,2064.04,543.21,1063.18,2343.37,704.12,2352.84
2025-10-30,2380.39,1545.61,2294.14,2087.26,4795.84,2075.93,539.98,1056.23,2321.19,703.77,2350.0
2025-10-31,2346.31,1540.69,2254.64,1990.18,4846.93,2112.37,555.46,1028.87,2318.32,706.58,2327.59
2025-11-03,2278.14,1524.66,2194.1,1981.23,4891.39,2113.96,557.76,1005.31,2275.93,694.29,2284.92
2025-11-04,2345.44,1542.53,2272.83,2040.76,4819.42,2090.09,563.64,1028.79,2318.93,706.52,2281.57
2025-11-05,2323.32,1526.89,2253.41,2053.87,4709.82,2083.6,585.97,1015.02,2299.97,709.69,2259.93
2025-11-06,2303.18,1527.71,2220.08,2052.1,4676.52,2099.58,587.48,1011.62,2285.79,702.4,2256.49
2025-11-07,2239.14,1504.6,2156.86,1965.81,4709.25,2084.75,581.17,984.68,2265.26,689.27,2170.95
2025-11-10,2200.08,1498.57,2144.27,1925.74,4497.47,2080.22,579.14,963.66,2276.11,684.25,2172.9
2025-11-11,2229.24,1502.81,2159.93,1956.06,4495.78,2066.57,575.33,972.09,2287.19,700.28,2208.37
2025-11-12,2280.39,1524.18,2207.08,2040.14,4696.89,2098.81,579.21,997.83,2323.83,708.22,2258.11
2025-11-13,2280.26,1529.68,2192.64,2035.21,4618.62,2065.11,605.1,1001.23,2322.78,715.18,2259.57
2025-11-14,2296.95,1529.98,2194.87,2041.44,4667.36,2062.4,610.67,1008.4,2337.86,718.19,2281.37
2025-11-17,2335.81,1539.05,2217.61,2086.11,4722.86,2053.25,613.21,1023.63,2364.08,725.79,2299.61
2025-11-18,2339.17,1541.2,2226.94,2108.5,4687.62,2051.78,605.97,1023.94,2371.56,720.76,2309.28
2025-11-19,2305.95,1529.44,2207.53,2098.86,4593.8,2028.93,603.9,1013.3,2372.22,716.05,2293.8
2025-11-20,2296.26,1528.7,2208.01,2141.75,4641.42,2028.58,602.01,1023.08,2353.3,713.69,2255.64
2025-11-21,2280.74,1524.75,2195.13,2156.96,4721.35,2003.53,594.74,1025.51,2352.94,707.98,2235.88
2025-11-24,2272.46,1516.77,2189.9,2224.25,4690.81,2020.87,593.39,1028.78,2329.69,719.43,2223.0
2025-11-25,2247.13,1499.59,2163.69,2230.55,4665.23,1989.56,596.06,1039.88,2306.37,712.8,2207.54
2025-11-26,2305.23,1515.28,2199.15,2249.96,4634.3,2009.17,606.31,1053.28,2329.77,722.82,2243.79
2025-11-27,2310.75,1512.63,2200.46,2262.63,4660.53,2025.76,600.93,1044.35,2318.33,717.09,2254.97
2025-11-28,2295.67,1509.97,2187.9,2323.54,4554.55,2031.77,610.61,1039.94,2294.54,717.31,2258.77
2025-12-01,2282.47,1505.55,2172.22,2375.66,4532.25,2050.57,605.26,1039.5,2290.94,727.93,2256.47
2025-12-02,2285.96,1507.54,2184.19,2402.84,4527.52,2064.45,614.38,1054.52,2298.84,729.14,2255.98
2025-12-03,2310.55,1520.2,2234.71,2379.91,4536.17,2077.52,606.25,1056.78,2319.34,736.19,2349.43
2025-12-04,2328.21,1530.08,2262.51,2367.94,4574.79,2082.39,615.07,1053.72,2351.4,730.26,2369.86
2025-12-05,2309.86,1522.59,2226.8,2456.32,4516.79,2078.73,606.95,1046.81,2324.4,724.37,2364.5
2025-12-08,2276.25,1520.83,2201.91,2557.78,4482.99,2057.94,608.23,1033.25,2302.89,723.92,2346.18
2025-12-09,2258.67,1521.05,2163.19,2608.25,4540.0,2060.29,586.94,1021.62,2283.21,717.33,2322.58
2025-12-10,2239.97,1516.15,2173.48,2473.28,4483.51,2047.12,586.63,1003.86,2293.83,718.14,2297.68
2025-12-11,2238.19,1510.37,2155.11,2435.25,4499.32,2042.26,585.81,991.35,2283.47,711.08,2286.47
2025-12-12,2142.29,1473.73,2081.8,2355.23,4388.5,2024.15,566.89,954.82,2223.38,691.9,2209.01
2025-12-15,2133.47,1468.41,2081.51,2338.21,4387.3,2008.33,577.24,948.01,2241.41,698.59,2199.41
2025-12-16,2204.0,1492.14,2145.21,2365.94,4445.88,2038.63,600.11,975.89,2259.71,714.09,2287.33
2025-12-17,2195.26,1491.09,2130.59,2358.69,4489.97,2055.35,612.51,973.18,2225.9,706.94,2285.31
2025-12-18,2197.15,1491.21,2145.66,2360.44,4424.73,2040.82,613.7,982.99,2208.8,709.86,2277.88
2025-12-19,2213.98,1485.72,2164.89,2455.83,4401.15,2039.68,618.48,986.0,2214.94,716.81,2302.29
2025-12-22,2259.15,1494.48,2221.27,2591.68,4395.54,2058.23,625.49,1010.03,2242.01,716.33,2348.4
2025-12-23,2244.64,1492.9,2212.37,2731.65,4404.56,2072.46,621.74,1005.56,2220.32,713.43,2388.31
2025-12-24,2252.07,1489.72,2242.59,2767.19,4387.02,2055.68,625.14,998.05,2190.74,711.19,2405.2
2025-12-25,2220.68,1479.99,2200.39,2600.28,4358.31,2068.92,609.34,1003.33,2170.88,708.99,2367.22
2025-12-26,2210.52,1473.74,2194.11,2547.86,4334.83,2055.76,620.57,994.15,2193.11,705.35,2382.68
2025-12-29,2223.27,1478.18,2200.84,2632.46,4419.63,2049.8,640.26,1004.89,2189.77,707.19,2386.63
2025-12-30,2230.45,1478.9,2217.78,2663.96,4514.41,2077.5,634.98,1000.87,2192.11,712.95,2418.17
2025-12-31,2217.21,1475.95,2222.96,2757.18,4481.97,2093.84,628.98,999.36,2193.54,710.7,2419.69
2026-01-05,2183.61,1460.72,2188.41,2831.94,4455.63,2082.45,644.14,982.72,2156.31,702.86,2411.03
2026-01-06,2186.79,1458.46,2221.8,2877.85,4414.02,2074.68,663.62,987.1,2153.62,704.51,2435.54
2026-01-07,2227.87,1472.87,2245.63,2973.14,4570.59,2090.09,690.77,996.49,2207.13,711.15,2474.51
2026-01-08,2220.81,1467.06,2252.66,2890.72,4521.01,2089.58,697.19,981.16,2193.69,715.06,2431.92
2026-01-09,2175.65,1455.18,2245.58,2868.88,4565.04,2101.82,692.47,956.65,2187.29,702.76,2398.76
2026-01-12,2236.28,1477.18,2337.32,2710.05,4663.07,2105.15,673.69,970.57,2272.91,717.72,2429.48
2026-01-13,2274.23,1486.18,2336.4,2772.4,4635.4,2118.93,717.85,985.41,2263.09,724.76,2423.21
2026-01-14,2266.7,1493.96,2316.11,2655.62,4678.61,2146.96,724.69,977.65,2275.23,748.55,2399.45
2026-01-15,2280.63,1500.76,2318.52,2563.79,4627.14,2150.35,730.49,976.82,2311.56,760.28,2367.98
2026-01-16,2277.93,1504.25,2311.34,2645.59,4943.64,2183.04,729.91,974.13,2300.62,757.4,2461.13
2026-01-19,2297.36,1506.65,2330.27,2673.0,4963.05,2209.89,750.03,978.23,2308.45,756.76,2484.88
2026-01-20,2284.13,1509.72,2328.4,2649.65,4890.67,2197.86,755.77,977.33,2281.87,767.38,2458.96
2026-01-21,2245.6,1496.67,2318.21,2638.85,4925.08,2194.57,769.99,961.16,2265.76,754.89,2435.52
2026-01-22,2277.85,1514.96,2328.66,2646.46,4855.18,2215.22,754.81,974.72,2297.92,757.04,2462.59
2026-01-23,2248.06,1499.31,2315.48,2687.87,4745.84,2217.2,723.25,972.06,2275.79,740.16,2454.59
2026-01-26,2182.19,1472.95,2265.78,2599.42,4626.63,2220.64,735.51,928.94,2227.49,735.17,2432.18
2026-01-27,2184.25,1474.28,2270.71,2472.74,4787.51,2225.25,773.44,927.91,2236.81,729.81,2457.18
2026-01-28,2187.77,1475.1,2257.63,2341.84,4889.09,2230.01,780.58,920.03,2251.8,739.86,2485.8
2026-01-29,2203.76,1486.23,2253.31,2355.48,4971.81,2240.57,765.91,917.95,2282.38,769.91,2600.48
2026-01-30,2227.23,1493.66,2279.11,2359.74,4909.55,2259.84,783.33,930.35,2269.48,768.19,2668.89
2026-02-02,2217.83,1496.6,2263.12,2228.84,4913.2,2243.31,825.51,926.96,2255.74,777.75,2635.99
2026-02-03,2257.39,1509.24,2265.41,2228.77,4910.35,2275.7,822.94,947.97,2277.0,776.03,2609.49
2026-02-04,2261.0,1517.02,2273.01,2114.88,4823.32,2271.42,831.7,946.89,2366.47,774.78,2610.15
2026-02-05,2221.56,1500.9,2239.03,2216.78,4682.51,2260.19,822.4,933.04,2314.42,749.3,2566.55
2026-02-06,2154.2,1472.58,2201.86,2206.77,4618.1,2251.06,812.63,912.81,2252.24,738.51,2479.82
2026-02-09,2160.15,1471.38,2198.02,2214.81,4674.45,2247.37,822.8,907.2,2256.98,740.03,2514.75
2026-02-10,2149.34,1465.24,2190.52,2328.98,4606.39,2249.48,777.37,902.94,2239.6,729.43,2519.94
2026-02-11,2208.27,1484.56,2257.92,2438.36,4649.06,2249.84,778.3,929.07,2262.9,737.55,2582.28
2026-02-12,2220.94,1488.7,2254.56,2543.65,4659.13,2259.88,786.84,933.24,2263.32,738.5,2607.16
2026-02-13,2243.4,1490.73,2271.43,2549.39,4548.51,2260.55,800.44,945.4,2265.14,740.79,2617.36
2026-02-23,2284.47,1508.06,2296.89,2583.87,4476.1,2256.62,852.17,972.13,2319.24,750.73,2608.28
2026-02-24,2304.24,1517.36,2302.01,2589.98,4387.6,2271.9,885.9,987.06,2394.2,755.49,2607.65
2026-02-25,2293.16,1519.08,2320.34,2522.55,4237.38,2262.88,895.98,972.46,2456.1,760.86,2607.49
2026-02-26,2302.01,1518.0,2329.95,2629.06,4301.34,2267.52,911.44,979.98,2448.45,754.43,2619.82
2026-02-27,2300.03,1517.43,2315.68,2647.24,4397.94,2254.7,942.79,982.13,2422.63,739.76,2625.15
2026-03-02,2273.86,1500.1,2257.81,2553.08,4236.88,2228.21,1007.89,961.06,2428.29,732.69,2573.76
2026-03-03,2273.36,1504.02,2237.21,2406.01,4109.8,2235.85,1076.14,953.57,2399.5,713.96,2517.29
2026-03-04,2247.12,1491.7,2231.69,2403.36,4027.2,2237.19,1125.47,929.62,2376.55,715.19,2513.17
2026-03-05,2225.85,1485.99,2217.23,2492.64,3995.87,2223.23,1062.46,920.47,2336.27,705.79,2435.28
2026-03-06,2200.78,1467.81,2185.13,2408.24,3867.76,2218.66,1079.72,911.55,2334.8,692.78,2381.63
2026-03-09,2058.13,1378.64,2044.45,2243.55,3598.12,2165.59,1022.58,857.05,2188.02,648.36,2218.05
2026-03-10,2076.51,1384.92,2113.21,2221.27,3757.45,2219.05,974.68,856.41,2305.8,664.91,2324.12
2026-03-11,2169.33,1423.4,2164.7,2307.93,3803.06,2228.27,1021.97,897.29,2343.31,688.67,2464.25
2026-03-12,2169.16,1416.6,2130.71,2301.58,3687.87,2206.79,1021.41,896.68,2330.03,683.6,2438.09
2026-03-13,2161.06,1416.26,2126.73,2311.41,3652.44,2183.15,964.28,902.58,2301.44,692.28,2387.3
2026-03-16,2151.46,1414.85,2130.36,2329.38,3706.26,2204.44,911.07,897.32,2280.4,686.5,2361.5
2026-03-17,2156.31,1413.74,2156.25,2351.01,3763.59,2212.26,862.06,903.7,2259.96,691.49,2395.12
2026-03-18,2154.22,1415.19,2139.57,2346.11,3726.51,2194.54,898.86,914.91,2255.91,691.03,2398.18
2026-03-19,2136.07,1407.75,2125.24,2345.11,3645.54,2178.67,866.32,909.11,2232.36,685.52,2387.13
2026-03-20,2111.97,1391.25,2087.07,2230.45,3543.63,2172.84,816.25,905.26,2160.21,665.18,2334.83
2026-03-23,2019.95,1348.61,2019.28,2109.58,3466.92,2153.63,787.79,862.18,2111.69,662.44,2214.34
2026-03-24,2076.57,1377.62,2067.25,2115.54,3575.04,2172.93,781.13,886.46,2146.61,670.52,2268.65
2026-03-25,2143.91,1403.61,2116.49,2196.9,3653.6,2193.1,809.26,917.33,2185.62,682.87,2342.62
2026-03-26,2140.17,1398.62,2097.21,2191.13,3535.81,2168.75,805.47,920.54,2166.45,675.19,2308.6
2026-03-27,2190.66,1419.04,2125.61,2240.49,3622.6,2183.68,823.7,937.49,2206.88,684.52,2374.25
2026-03-30,2181.71,1413.8,2114.71,2209.86,3531.04,2188.34,837.52,933.69,2221.83,688.08,2359.57
2026-03-31,2195.29,1422.71,2137.84,2263.19,3560.73,2180.08,808.79,943.05,2216.23,689.93,2374.99
2026-04-01,2202.12,1430.44,2153.21,2358.35,3589.29,2211.66,795.78,952.77,2225.58,697.05,2389.28
2026-04-02,2177.37,1418.77,2124.28,2376.13,3562.56,2212.03,787.15,939.59,2247.27,690.95,2374.17
2026-04-03,2141.97,1406.6,2111.18,2384.51,3522.58,2184.51,782.47,915.46,2208.95,683.68,2330.07
2026-04-06,2115.92,1389.84,2110.64,2374.34,3516.17,2164.31,754.44,911.99,2195.97,684.17,2287.42
2026-04-07,2134.68,1389.45,2128.87,2384.69,3516.6,2142.8,754.27,917.3,2199.73,684.47,2263.33
2026-04-08,2234.53,1426.12,2225.81,2538.47,3755.17,2134.94,777.91,956.84,2287.15,704.02,2372.58
2026-04-09,2233.44,1427.45,2212.29,2504.97,3719.82,2122.15,761.54,954.17,2294.88,702.04,2346.33
2026-04-10,2242.64,1425.33,2236.4,2524.2,3691.54,2111.93,800.26,951.55,2289.18,705.97,2359.69
2026-04-13,2254.76,1423.92,2218.69,2611.95,3616.58,2093.16,805.79,960.08,2277.68,702.29,2355.04
2026-04-14,2258.59,1428.22,2226.7,2688.04,3628.48,2101.79,783.75,962.85,2329.86,704.86,2359.12
2026-04-15,2247.84,1421.94,2219.06,2835.23,3574.87,2082.42,775.42,966.45,2292.83,700.63,2347.94
2026-04-16,2238.44,1416.27,2208.28,2975.31,3531.28,2080.57,769.14,962.28,2286.39,702.12,2373.06
2026-04-17,2235.94,1417.22,2210.59,2927.32,3618.24,2080.74,787.62,956.52,2294.12,707.8,2452.89
2026-04-20,2247.67,1419.18,2221.47,2999.0,3657.93,2074.39,776.27,962.95,2312.51,710.11,2483.44
2026-04-21,2228.94,1412.16,2221.54,3025.38,3575.57,2059.74,776.63,954.22,2313.71,706.94,2438.32
2026-04-22,2229.82,1412.09,2217.46,3178.5,3554.4,1996.48,771.09,953.44,2297.89,707.32,2440.39
2026-04-23,2212.42,1407.32,2213.51,3240.04,3536.76,1973.89,769.33,946.56,2264.33,706.23,2395.95
2026-04-24,2206.44,1408.69,2209.18,3185.56,3496.21,1946.93,765.35,953.73,2265.55,699.09,2362.53
2026-04-28,2182.07,1402.22,2204.88,3361.08,3532.83,1929.21,724.92,943.02,2249.28,697.52,2388.2
2026-04-29,2194.26,1407.28,2201.15,3241.55,3583.71,1986.01,733.68,946.55,2263.62,694.2,2372.33
2026-05-04,2198.17,1410.0,2196.46,3204.7,3505.49,1976.59,761.85,947.18,2263.0,695.62,2388.0
2026-05-05,2187.48,1404.66,2194.02,3307.6,3530.76,1972.3,797.11,950.09,2243.93,695.05,2390.27
2026-05-06,2224.83,1412.37,2234.87,3309.92,3487.65,1963.87,790.82,966.93,2271.15,703.93,2419.03
2026-05-07,2222.46,1407.47,2261.29,3389.18,3477.3,1940.27,761.09,972.83,2270.26,711.79,2428.66
2026-05-08,2237.7,1401.01,2270.59,3415.89,3425.09,1941.63,758.58,973.1,2264.69,706.88,2412.18
2026-05-11,2243.79,1393.96,2265.15,3363.01,3332.47,1914.96,780.96,971.3,2208.73,697.48,2371.14
2026-05-12,2247.13,1394.39,2283.94,3358.31,3360.21,1922.24,800.82,978.38,2208.84,695.22,2380.08
2026-05-13,2249.55,1395.29,2272.87,3306.88,3362.95,1942.57,840.98,977.67,2224.76,695.94,2379.85
2026-05-14,2251.3,1395.04,2280.41,3411.49,3508.11,1941.99,834.34,976.71,2218.5,699.78,2383.64
2026-05-15,2242.25,1392.54,2264.1,3399.37,3464.03,1928.33,864.04,968.99,2196.84,694.01,2330.69
2026-05-18,2243.79,1393.03,2270.08,3349.58,3549.92,1918.73,912.66,966.71,2199.15,691.52,2277.88
2026-05-19,2243.36,1381.25,2243.8,3360.31,3532.97,1926.89,851.19,969.03,2167.61,690.22,2267.97
2026-05-20,2208.87,1370.77,2224.23,3373.22,3669.22,1920.57,865.17,955.02,2166.28,683.71,2254.41
2026-05-21,2192.94,1370.97,2230.98,3291.6,3618.78,1924.86,842.51,947.34,2181.14,685.85,2291.15
2026-05-22,2181.34,1371.29,2227.11,3242.34,3556.53,1921.72,821.01,932.53,2172.56,686.16,2287.88
2026-05-25,2183.93,1366.54,2243.51,3290.47,3483.91,1911.16,780.67,941.09,2173.62,689.29,2278.42
2026-05-26,2200.38,1370.15,2273.55,3221.26,3529.79,1917.49,787.61,943.58,2189.7,687.82,2281.42
2026-05-27,2199.57,1369.81,2286.33,3167.61,3491.9,1905.31,782.2,940.67,2181.44,685.08,2290.7
2026-05-28,2169.55,1363.14,2241.65,3208.41,3384.83,1906.27,782.43,923.24,2165.45,682.47,2259.65
2026-05-29,2149.68,1360.55,2231.51,3203.13,3398.01,1916.72,805.28,916.38,2163.19,677.07,2243.71
2026-06-01,2152.33,1364.69,2222.5,3125.98,3452.19,1915.22,785.55,919.77,2165.95,677.71,2277.02
2026-06-02,2115.69,1356.63,2192.93,3109.49,3535.38,1912.55,764.94,905.53,2137.52,668.71,2251.4
2026-06-03,2133.63,1358.41,2197.34,3027.56,3615.34,1907.04,774.33,910.85,2165.66,675.77,2263.03
2026-06-04,2140.73,1355.3,2208.04,3059.08,3595.03,1898.16,801.67,921.28,2152.8,672.91,2252.75
2026-06-05,2127.48,1350.72,2201.18,3127.38,3544.05,1893.86,795.96,926.48,2136.75,668.88,2250.81
2026-06-08,2089.28,1336.36,2161.32,2986.83,3449.64,1873.11,793.81,905.8,2094.18,657.06,2211.44
2026-06-09,2098.1,1338.0,2186.63,2965.93,3483.01,1894.84,783.97,909.24,2108.6,664.27,2225.54
2026-06-10,2116.78,1342.82,2189.59,3006.12,3505.86,1896.61,779.3,920.93,2117.23,666.02,2230.45
2026-06-11,2107.59,1343.38,2183.56,2994.91,3456.52,1888.68,779.75,911.62,2104.02,666.41,2196.05
2026-06-12,2103.89,1342.3,2188.66,2960.93,3473.02,1897.68,778.36,909.62,2095.56,665.07,2179.57
2026-06-15,2146.62,1349.96,2210.59,2928.18,3483.4,1891.91,750.25,928.55,2167.99,672.64,2252.97
2026-06-16,2172.93,1357.06,2213.35,2949.79,3471.77,1888.55,759.08,929.95,2159.43,674.1,2284.15
2026-06-17,2177.82,1365.89,2221.47,2920.2,3436.74,1884.59,758.56,942.02,2149.53,673.09,2281.3
2026-06-18,2164.06,1358.04,2213.2,3085.96,3401.53,1877.31,766.88,927.43,2128.0,670.26,2277.95
2026-06-19,2149.37,1350.95,2208.1,3084.25,3394.5,1871.77,764.97,922.93,2118.94,669.34,2260.93
2026-06-22,2149.3,1347.62,2209.24,3258.56,3354.53,1859.63,778.05,923.68,2116.9,666.51,2246.26
2026-06-23,2120.21,1340.76,2239.09,3334.2,3357.7,1847.84,749.13,912.42,2089.77,664.98,2216.09
2026-06-24,2119.61,1341.29,2252.31,3367.88,3357.66,1849.82,761.89,908.93,2099.88,664.91,2243.17
2026-06-25,2108.29,1342.72,2259.84,3299.44,3368.38,1850.94,746.56,905.77,2089.48,666.13,2215.49
2026-06-26,2106.56,1340.44,2256.08,3351.71,3357.68,1848.4,740.07,905.21,2089.65,658.52,2229.83
2026-06-29,2121.17,1339.23,2285.07,3201.71,3345.36,1821.56,753.48,913.47,2105.28,659.74,2236.1
2026-06-30,2130.54,1343.11,2276.94,3231.81,3336.61,1814.11,750.15,919.28,2085.65,656.08,2227.8
2026-07-01,2139.55,1345.39,2301.83,3192.06,3455.12,1812.51,771.72,919.13,2098.91,658.91,2251.37
2026-07-02,2135.14,1343.54,2289.14,3224.55,3437.72,1825.38,760.81,918.05,2092.96,658.69,2244.85
2026-07-03,2120.69,1340.93,2284.19,3225.38,3428.97,1831.81,751.87,915.37,2080.35,654.26,2197.93
2026-07-06,2069.86,1325.27,2259.48,3228.71,3453.31,1821.81,722.96,893.17,2061.93,648.96,2142.33
2026-07-07,2082.46,1328.92,2290.85,3213.65,3463.58,1811.81,736.92,896.48,2065.35,641.62,2109.68
2026-07-08,2092.86,1331.63,2291.76,3218.66,3416.07,1810.89,748.97,897.73,2083.08,645.61,2142.05
2026-07-09,2063.26,1326.66,2261.81,3212.01,3413.68,1811.12,769.05,884.32,2073.89,643.95,2120.19
2026-07-10,2033.86,1320.98,2240.06,3219.54,3346.55,1803.67,751.32,876.8,2049.46,646.18,2063.88
2026-07-13,2001.95,1304.54,2196.52,3182.33,3340.53,1772.32,742.51,866.59,2007.2,637.22,2036.99
2026-07-14,2023.79,1305.85,2210.76,3152.26,3332.52,1768.0,778.23,872.23,2024.02,640.96,2064.14
2026-07-15,1988.98,1290.89,2181.53,3104.82,3173.99,1760.9,760.36,854.75,2010.73,638.89,2031.77
2026-07-16,1993.33,1289.69,2210.12,3191.28,3226.59,1766.97,758.76,861.51,1998.23,639.65,2019.69
2026-07-17,1977.05,1280.07,2204.14,3148.51,3181.44,1748.24,738.72,848.3,1968.05,648.27,2023.27
2026-07-20,1904.6,1246.82,2141.35,3114.96,3172.38,1717.45,722.86,821.28,1867.28,633.18,1973.35
2026-07-21,1881.48,1235.69,2145.17,3085.0,3070.04,1692.82,688.19,809.8,1873.19,631.64,1965.54
2026-07-22,1841.49,1224.5,2099.71,2897.79,3055.32,1681.53,679.89,786.66,1859.66,628.39,1846.47
2026-07-23,1871.91,1229.09,2112.37,3031.03,3063.38,1667.4,697.57,798.79,1870.89,624.49,1855.31
2026-07-24,1845.8,1218.77,2095.55,3010.14,2980.05,1658.09,711.1,790.8,1864.66,626.95,1785.58
2026-07-27,1798.01,1200.95,2069.13,3005.42,2944.41,1660.22,692.75,769.89,1830.45,621.69,1724.76
2026-07-28,1826.22,1208.92,2084.47,3018.36,2984.63,1660.58,701.02,773.24,1879.91,632.86,1753.57
2026-07-29,1831.47,1215.75,2076.91,3109.93,3081.2,1673.1,709.97,777.4,1926.53,636.92,1783.64
2026-07-30,1882.59,1239.62,2116.98,3161.35,3169.26,1695.71,735.66,795.85,1949.48,649.8,1853.44
2026-07-31,1873.4,1232.51,2099.43,3105.89,3174.38,1677.0,722.88,798.83,1938.82,641.38,1856.44
2026-08-03,1913.16,1250.02,2153.95,3106.82,3381.98,1683.08,730.87,815.5,1997.1,645.6,1926.82
