time,open,high,low,close,volume,symbol,name
2018-08-20,51.47,51.79,51.2,51.38,12776449,UPCOMINDEX,UPCOM-Index
2018-08-21,51.41,51.55,51.24,51.39,11027693,UPCOMINDEX,UPCOM-Index
2018-08-22,51.39,51.63,51.38,51.6,9781807,UPCOMINDEX,UPCOM-Index
2018-08-23,51.69,51.72,51.33,51.42,8726865,UPCOMINDEX,UPCOM-Index
2018-08-24,51.42,51.6,51.24,51.59,9074416,UPCOMINDEX,UPCOM-Index
2018-08-27,51.91,52.09,51.5,51.54,12862496,UPCOMINDEX,UPCOM-Index
2018-08-28,51.55,51.7,51.06,51.28,9861777,UPCOMINDEX,UPCOM-Index
2018-08-29,51.47,51.54,51.19,51.32,12612896,UPCOMINDEX,UPCOM-Index
2018-08-30,51.33,51.78,51.33,51.78,14134766,UPCOMINDEX,UPCOM-Index
2018-08-31,51.78,52.02,51.69,51.86,15615451,UPCOMINDEX,UPCOM-Index
2018-09-04,51.86,51.88,51.43,51.55,10168067,UPCOMINDEX,UPCOM-Index
2018-09-05,51.49,51.55,50.85,50.97,10411132,UPCOMINDEX,UPCOM-Index
2018-09-06,50.97,51.05,50.83,50.91,7513095,UPCOMINDEX,UPCOM-Index
2018-09-07,50.88,51.17,50.87,51.0,13156935,UPCOMINDEX,UPCOM-Index
2018-09-10,51.0,51.17,50.9,51.04,11682037,UPCOMINDEX,UPCOM-Index
2018-09-11,51.04,51.45,50.96,51.45,16718555,UPCOMINDEX,UPCOM-Index
2018-09-12,51.47,51.66,51.37,51.46,17410051,UPCOMINDEX,UPCOM-Index
2018-09-13,51.43,51.79,51.36,51.72,15878194,UPCOMINDEX,UPCOM-Index
2018-09-14,51.73,51.95,51.71,51.95,16109744,UPCOMINDEX,UPCOM-Index
2018-09-17,51.97,52.05,51.78,51.82,13667631,UPCOMINDEX,UPCOM-Index
2018-09-18,51.82,51.98,51.67,51.98,19416823,UPCOMINDEX,UPCOM-Index
2018-09-19,51.99,52.55,51.96,52.46,28235939,UPCOMINDEX,UPCOM-Index
2018-09-20,52.52,53.01,52.47,52.99,24819688,UPCOMINDEX,UPCOM-Index
2018-09-21,52.99,53.49,52.91,53.49,33964844,UPCOMINDEX,UPCOM-Index
2018-09-24,53.51,53.73,53.36,53.67,19425358,UPCOMINDEX,UPCOM-Index
2018-09-25,53.64,54.08,53.6,53.99,23365012,UPCOMINDEX,UPCOM-Index
2018-09-26,53.99,54.18,53.86,54.05,24699072,UPCOMINDEX,UPCOM-Index
2018-09-27,54.05,54.24,53.87,54.19,21292346,UPCOMINDEX,UPCOM-Index
2018-09-28,54.19,54.36,54.03,54.21,32735194,UPCOMINDEX,UPCOM-Index
2018-10-01,54.33,54.55,54.12,54.14,27974478,UPCOMINDEX,UPCOM-Index
2018-10-02,54.14,54.37,54.04,54.21,22661194,UPCOMINDEX,UPCOM-Index
2018-10-03,54.21,54.46,54.18,54.41,19235008,UPCOMINDEX,UPCOM-Index
2018-10-04,54.45,54.65,54.34,54.55,19132273,UPCOMINDEX,UPCOM-Index
2018-10-05,54.55,54.6,53.95,54.04,21794953,UPCOMINDEX,UPCOM-Index
2018-10-08,54.11,54.13,53.49,53.67,15874103,UPCOMINDEX,UPCOM-Index
2018-10-09,53.63,53.83,53.54,53.7,14611235,UPCOMINDEX,UPCOM-Index
2018-10-10,53.7,54.12,53.68,53.82,18670441,UPCOMINDEX,UPCOM-Index
2018-10-11,52.83,53.83,51.61,52.04,35424503,UPCOMINDEX,UPCOM-Index
2018-10-12,52.04,52.86,51.54,52.75,19350632,UPCOMINDEX,UPCOM-Index
2018-10-15,52.75,52.76,52.33,52.41,11071666,UPCOMINDEX,UPCOM-Index
2018-10-16,52.6,52.9,52.4,52.77,10064438,UPCOMINDEX,UPCOM-Index
2018-10-17,52.78,53.27,52.78,52.98,11857327,UPCOMINDEX,UPCOM-Index
2018-10-18,52.98,53.05,52.57,52.71,11080286,UPCOMINDEX,UPCOM-Index
2018-10-19,52.71,52.71,52.22,52.47,13345125,UPCOMINDEX,UPCOM-Index
2018-10-22,52.62,52.78,52.41,52.42,11879536,UPCOMINDEX,UPCOM-Index
2018-10-23,52.42,52.51,51.67,52.05,13644227,UPCOMINDEX,UPCOM-Index
2018-10-24,51.99,52.23,51.43,51.51,11898778,UPCOMINDEX,UPCOM-Index
2018-10-25,51.49,51.49,50.78,51.29,15070031,UPCOMINDEX,UPCOM-Index
2018-10-26,51.26,51.64,51.07,51.13,9990190,UPCOMINDEX,UPCOM-Index
2018-10-29,51.13,51.36,50.9,50.94,9839317,UPCOMINDEX,UPCOM-Index
2018-10-30,51.0,51.21,50.82,51.21,6998108,UPCOMINDEX,UPCOM-Index
2018-10-31,51.21,51.78,51.1,51.78,11437136,UPCOMINDEX,UPCOM-Index
2018-11-01,51.78,51.89,51.27,51.31,8932121,UPCOMINDEX,UPCOM-Index
2018-11-02,51.33,51.78,51.23,51.74,10979136,UPCOMINDEX,UPCOM-Index
2018-11-05,51.73,51.77,51.4,51.55,6273682,UPCOMINDEX,UPCOM-Index
2018-11-06,51.55,51.95,51.53,51.64,9139463,UPCOMINDEX,UPCOM-Index
2018-11-07,51.64,51.73,51.41,51.57,7499577,UPCOMINDEX,UPCOM-Index
2018-11-08,51.82,52.04,51.57,52.01,8511860,UPCOMINDEX,UPCOM-Index
2018-11-09,52.0,52.13,51.49,51.59,10200591,UPCOMINDEX,UPCOM-Index
2018-11-12,51.59,51.71,51.3,51.66,7610916,UPCOMINDEX,UPCOM-Index
2018-11-13,51.45,51.67,51.15,51.46,12107037,UPCOMINDEX,UPCOM-Index
2018-11-14,51.34,51.58,51.1,51.24,9985878,UPCOMINDEX,UPCOM-Index
2018-11-15,51.2,51.46,51.1,51.25,8387040,UPCOMINDEX,UPCOM-Index
2018-11-16,51.38,52.02,51.24,52.01,13326994,UPCOMINDEX,UPCOM-Index
2018-11-19,51.81,52.31,51.75,52.29,7551701,UPCOMINDEX,UPCOM-Index
2018-11-20,52.38,52.39,51.67,52.06,6919748,UPCOMINDEX,UPCOM-Index
2018-11-21,52.06,52.08,51.52,52.06,7808037,UPCOMINDEX,UPCOM-Index
2018-11-22,51.98,52.37,51.97,52.16,14187170,UPCOMINDEX,UPCOM-Index
2018-11-23,52.16,52.26,51.83,51.87,9313050,UPCOMINDEX,UPCOM-Index
2018-11-26,51.87,52.16,51.78,52.11,7825682,UPCOMINDEX,UPCOM-Index
2018-11-27,52.27,52.42,52.01,52.14,10240250,UPCOMINDEX,UPCOM-Index
2018-11-28,52.14,52.26,52.04,52.16,6638773,UPCOMINDEX,UPCOM-Index
2018-11-29,52.4,52.51,52.14,52.29,10647449,UPCOMINDEX,UPCOM-Index
2018-11-30,52.28,52.5,52.08,52.36,10025993,UPCOMINDEX,UPCOM-Index
2018-12-03,52.38,53.1,52.31,53.06,12988677,UPCOMINDEX,UPCOM-Index
2018-12-04,53.06,53.36,52.99,53.36,13564018,UPCOMINDEX,UPCOM-Index
2018-12-05,52.91,53.38,52.87,53.38,11117104,UPCOMINDEX,UPCOM-Index
2018-12-06,53.28,53.51,53.1,53.35,12894280,UPCOMINDEX,UPCOM-Index
2018-12-07,53.35,53.79,53.3,53.78,11574374,UPCOMINDEX,UPCOM-Index
2018-12-10,53.78,53.82,53.27,53.34,8752987,UPCOMINDEX,UPCOM-Index
2018-12-11,53.37,53.45,53.07,53.3,11847840,UPCOMINDEX,UPCOM-Index
2018-12-12,53.36,53.6,53.24,53.59,9242913,UPCOMINDEX,UPCOM-Index
2018-12-13,53.59,53.88,53.49,53.87,8336622,UPCOMINDEX,UPCOM-Index
2018-12-14,53.86,53.94,53.39,53.47,8261249,UPCOMINDEX,UPCOM-Index
2018-12-17,53.39,53.54,52.76,52.84,10486370,UPCOMINDEX,UPCOM-Index
2018-12-18,52.65,52.85,52.16,52.61,12152286,UPCOMINDEX,UPCOM-Index
2018-12-19,52.67,52.77,52.31,52.69,7026319,UPCOMINDEX,UPCOM-Index
2018-12-20,52.74,52.82,52.51,52.74,7288392,UPCOMINDEX,UPCOM-Index
2018-12-21,52.74,52.75,52.43,52.75,7742182,UPCOMINDEX,UPCOM-Index
2018-12-24,52.8,52.82,52.36,52.46,8329055,UPCOMINDEX,UPCOM-Index
2018-12-25,52.43,52.46,51.11,51.88,14773833,UPCOMINDEX,UPCOM-Index
2018-12-26,51.99,52.19,51.83,52.19,11631991,UPCOMINDEX,UPCOM-Index
2018-12-27,52.66,52.66,52.21,52.58,16896149,UPCOMINDEX,UPCOM-Index
2018-12-28,52.6,53.11,52.45,52.83,15791403,UPCOMINDEX,UPCOM-Index
2019-01-02,52.83,53.17,52.76,52.79,6065330,UPCOMINDEX,UPCOM-Index
2019-01-03,52.78,52.82,52.01,52.17,8431557,UPCOMINDEX,UPCOM-Index
2019-01-04,52.14,52.19,51.8,52.19,6629507,UPCOMINDEX,UPCOM-Index
2019-01-07,52.41,52.52,52.19,52.42,5335950,UPCOMINDEX,UPCOM-Index
2019-01-08,52.41,52.67,52.39,52.55,5254503,UPCOMINDEX,UPCOM-Index
2019-01-09,52.73,53.03,52.51,53.01,6860258,UPCOMINDEX,UPCOM-Index
2019-01-10,53.16,53.23,52.91,53.03,5681035,UPCOMINDEX,UPCOM-Index
2019-01-11,53.05,53.23,52.98,53.18,8072688,UPCOMINDEX,UPCOM-Index
2019-01-14,53.02,53.25,52.96,53.14,4999062,UPCOMINDEX,UPCOM-Index
2019-01-15,53.17,53.3,52.98,53.11,5644649,UPCOMINDEX,UPCOM-Index
2019-01-16,53.16,53.32,53.11,53.32,7168392,UPCOMINDEX,UPCOM-Index
2019-01-17,53.33,53.61,53.17,53.29,5342217,UPCOMINDEX,UPCOM-Index
2019-01-18,53.27,53.44,53.05,53.26,6047517,UPCOMINDEX,UPCOM-Index
2019-01-21,53.25,53.38,52.95,53.37,10359426,UPCOMINDEX,UPCOM-Index
2019-01-22,53.48,53.88,53.37,53.86,7044490,UPCOMINDEX,UPCOM-Index
2019-01-23,53.81,53.97,53.64,53.89,6531644,UPCOMINDEX,UPCOM-Index
2019-01-24,53.9,53.93,53.61,53.76,5478432,UPCOMINDEX,UPCOM-Index
2019-01-25,53.76,53.87,53.57,53.72,5678755,UPCOMINDEX,UPCOM-Index
2019-01-28,53.72,54.24,53.69,54.01,6840575,UPCOMINDEX,UPCOM-Index
2019-01-29,54.01,54.13,53.85,54.06,13652097,UPCOMINDEX,UPCOM-Index
2019-01-30,54.34,54.44,54.08,54.28,7648741,UPCOMINDEX,UPCOM-Index
2019-01-31,54.27,54.82,54.25,54.68,13726892,UPCOMINDEX,UPCOM-Index
2019-02-01,54.57,54.82,54.38,54.81,5655244,UPCOMINDEX,UPCOM-Index
2019-02-11,54.81,55.62,54.8,55.61,5530159,UPCOMINDEX,UPCOM-Index
2019-02-12,55.64,55.97,55.29,55.64,11570926,UPCOMINDEX,UPCOM-Index
2019-02-13,55.53,55.91,55.48,55.8,10663822,UPCOMINDEX,UPCOM-Index
2019-02-14,55.58,55.83,55.32,55.39,7169382,UPCOMINDEX,UPCOM-Index
2019-02-15,55.39,55.55,55.09,55.24,7377213,UPCOMINDEX,UPCOM-Index
2019-02-18,55.24,55.53,55.02,55.26,11052548,UPCOMINDEX,UPCOM-Index
2019-02-19,55.43,55.56,55.12,55.24,14219990,UPCOMINDEX,UPCOM-Index
2019-02-20,55.24,55.51,55.19,55.47,10257529,UPCOMINDEX,UPCOM-Index
2019-02-21,55.46,55.61,55.31,55.54,9416195,UPCOMINDEX,UPCOM-Index
2019-02-22,55.39,55.57,55.35,55.55,10570613,UPCOMINDEX,UPCOM-Index
2019-02-25,55.62,55.72,55.29,55.59,9637007,UPCOMINDEX,UPCOM-Index
2019-02-26,55.76,55.9,55.55,55.58,9543149,UPCOMINDEX,UPCOM-Index
2019-02-27,55.58,55.73,55.43,55.6,9767774,UPCOMINDEX,UPCOM-Index
2019-02-28,55.6,55.66,54.97,55.13,10678033,UPCOMINDEX,UPCOM-Index
2019-03-01,55.18,55.79,55.1,55.68,11907070,UPCOMINDEX,UPCOM-Index
2019-03-04,55.68,56.1,55.63,56.04,12605201,UPCOMINDEX,UPCOM-Index
2019-03-05,56.06,56.11,55.9,55.98,14467311,UPCOMINDEX,UPCOM-Index
2019-03-06,55.96,56.16,55.84,56.06,11482341,UPCOMINDEX,UPCOM-Index
2019-03-07,56.11,56.35,56.02,56.25,20108547,UPCOMINDEX,UPCOM-Index
2019-03-08,56.25,56.36,55.87,55.94,15784819,UPCOMINDEX,UPCOM-Index
2019-03-11,55.94,56.13,55.87,56.04,11191904,UPCOMINDEX,UPCOM-Index
2019-03-12,56.12,56.63,56.07,56.57,14445137,UPCOMINDEX,UPCOM-Index
2019-03-13,56.57,56.86,56.54,56.77,15070847,UPCOMINDEX,UPCOM-Index
2019-03-14,56.77,57.15,56.67,57.09,14474396,UPCOMINDEX,UPCOM-Index
2019-03-15,57.01,57.26,56.94,57.26,16808469,UPCOMINDEX,UPCOM-Index
2019-03-18,57.22,57.48,57.03,57.42,18375668,UPCOMINDEX,UPCOM-Index
2019-03-19,57.43,57.48,56.98,57.1,18444623,UPCOMINDEX,UPCOM-Index
2019-03-20,57.1,57.18,56.84,57.01,14258986,UPCOMINDEX,UPCOM-Index
2019-03-21,57.14,57.4,56.83,56.89,19030219,UPCOMINDEX,UPCOM-Index
2019-03-22,56.89,57.27,56.89,57.23,13892319,UPCOMINDEX,UPCOM-Index
2019-03-25,57.23,57.23,56.55,56.77,16338265,UPCOMINDEX,UPCOM-Index
2019-03-26,56.77,57.1,56.76,57.06,12868913,UPCOMINDEX,UPCOM-Index
2019-03-27,57.06,57.31,57.05,57.15,12697215,UPCOMINDEX,UPCOM-Index
2019-03-28,57.15,57.39,56.98,57.39,10446191,UPCOMINDEX,UPCOM-Index
2019-03-29,57.5,57.51,57.29,57.5,16772018,UPCOMINDEX,UPCOM-Index
2019-04-01,57.4,57.5,56.97,57.27,11997897,UPCOMINDEX,UPCOM-Index
2019-04-02,57.33,57.46,56.96,57.1,11252107,UPCOMINDEX,UPCOM-Index
2019-04-03,56.98,57.12,56.55,56.64,12502138,UPCOMINDEX,UPCOM-Index
2019-04-04,56.64,56.9,56.57,56.86,10536320,UPCOMINDEX,UPCOM-Index
2019-04-05,56.85,57.08,56.82,56.93,13282321,UPCOMINDEX,UPCOM-Index
2019-04-08,56.83,57.0,56.75,56.76,13010763,UPCOMINDEX,UPCOM-Index
2019-04-09,56.75,56.9,56.55,56.58,13630104,UPCOMINDEX,UPCOM-Index
2019-04-10,56.62,56.69,56.35,56.56,10172968,UPCOMINDEX,UPCOM-Index
2019-04-11,56.61,56.65,56.28,56.49,7874823,UPCOMINDEX,UPCOM-Index
2019-04-12,56.3,56.67,56.27,56.64,10413333,UPCOMINDEX,UPCOM-Index
2019-04-16,56.7,56.79,56.3,56.53,11060400,UPCOMINDEX,UPCOM-Index
2019-04-17,56.53,56.66,56.34,56.37,9955028,UPCOMINDEX,UPCOM-Index
2019-04-18,56.34,56.39,55.98,56.01,10391990,UPCOMINDEX,UPCOM-Index
2019-04-19,56.0,56.18,55.89,56.05,8151429,UPCOMINDEX,UPCOM-Index
2019-04-22,56.05,56.11,55.53,55.65,8681732,UPCOMINDEX,UPCOM-Index
2019-04-23,55.67,55.74,55.49,55.68,7654824,UPCOMINDEX,UPCOM-Index
2019-04-24,55.68,56.09,55.66,56.06,11362261,UPCOMINDEX,UPCOM-Index
2019-04-25,55.89,56.09,55.85,56.08,10579652,UPCOMINDEX,UPCOM-Index
2019-04-26,56.09,56.23,55.84,56.23,9295019,UPCOMINDEX,UPCOM-Index
2019-05-02,56.12,56.24,55.78,55.9,7442189,UPCOMINDEX,UPCOM-Index
2019-05-03,55.85,55.94,55.63,55.77,10007871,UPCOMINDEX,UPCOM-Index
2019-05-06,55.7,55.77,55.26,55.28,11568488,UPCOMINDEX,UPCOM-Index
2019-05-07,55.28,55.49,55.26,55.47,6700932,UPCOMINDEX,UPCOM-Index
2019-05-08,55.24,55.4,54.92,55.1,9542167,UPCOMINDEX,UPCOM-Index
2019-05-09,55.1,55.23,54.82,54.87,7256920,UPCOMINDEX,UPCOM-Index
2019-05-10,54.87,55.17,54.83,55.15,9398594,UPCOMINDEX,UPCOM-Index
2019-05-13,55.15,55.36,55.0,55.25,8897525,UPCOMINDEX,UPCOM-Index
2019-05-14,55.24,55.29,55.0,55.15,12285641,UPCOMINDEX,UPCOM-Index
2019-05-15,55.15,55.52,55.14,55.47,11600745,UPCOMINDEX,UPCOM-Index
2019-05-16,55.48,55.57,55.35,55.48,7985098,UPCOMINDEX,UPCOM-Index
2019-05-17,55.47,55.55,55.09,55.24,13403088,UPCOMINDEX,UPCOM-Index
2019-05-20,55.23,55.34,55.13,55.31,10262600,UPCOMINDEX,UPCOM-Index
2019-05-21,55.34,55.48,55.27,55.39,9935061,UPCOMINDEX,UPCOM-Index
2019-05-22,55.39,55.54,55.28,55.39,9076286,UPCOMINDEX,UPCOM-Index
2019-05-23,55.39,55.47,55.19,55.4,12148498,UPCOMINDEX,UPCOM-Index
2019-05-24,55.31,55.46,55.13,55.27,13620472,UPCOMINDEX,UPCOM-Index
2019-05-27,55.27,55.35,55.14,55.25,8065371,UPCOMINDEX,UPCOM-Index
2019-05-28,55.21,55.35,55.04,55.13,13592753,UPCOMINDEX,UPCOM-Index
2019-05-29,55.13,55.17,55.0,55.07,11477026,UPCOMINDEX,UPCOM-Index
2019-05-30,54.94,55.06,54.87,55.05,7920789,UPCOMINDEX,UPCOM-Index
2019-05-31,55.09,55.32,54.95,55.13,12287074,UPCOMINDEX,UPCOM-Index
2019-06-03,55.03,55.12,54.67,54.8,10940888,UPCOMINDEX,UPCOM-Index
2019-06-04,54.8,55.03,54.73,54.9,7506221,UPCOMINDEX,UPCOM-Index
2019-06-05,54.65,54.95,54.41,54.54,6990971,UPCOMINDEX,UPCOM-Index
2019-06-06,54.54,54.57,54.27,54.43,8536430,UPCOMINDEX,UPCOM-Index
2019-06-07,54.44,54.67,54.43,54.61,18349812,UPCOMINDEX,UPCOM-Index
2019-06-10,54.59,54.91,54.55,54.83,9115932,UPCOMINDEX,UPCOM-Index
2019-06-11,54.83,55.14,54.8,55.13,10708715,UPCOMINDEX,UPCOM-Index
2019-06-12,55.14,55.2,54.87,55.12,12636558,UPCOMINDEX,UPCOM-Index
2019-06-13,55.13,55.19,54.83,54.97,11561487,UPCOMINDEX,UPCOM-Index
2019-06-14,54.97,55.05,54.83,55.04,13722527,UPCOMINDEX,UPCOM-Index
2019-06-17,55.04,55.16,54.81,54.97,8673740,UPCOMINDEX,UPCOM-Index
2019-06-18,54.97,54.99,54.56,54.67,11274541,UPCOMINDEX,UPCOM-Index
2019-06-19,54.67,54.97,54.65,54.86,8828873,UPCOMINDEX,UPCOM-Index
2019-06-20,54.83,55.15,54.63,55.15,10888760,UPCOMINDEX,UPCOM-Index
2019-06-21,55.15,55.37,54.98,55.12,10853798,UPCOMINDEX,UPCOM-Index
2019-06-24,55.12,55.28,54.95,55.15,8970317,UPCOMINDEX,UPCOM-Index
2019-06-25,55.17,55.45,55.12,55.2,8242792,UPCOMINDEX,UPCOM-Index
2019-06-26,55.29,55.51,54.79,55.39,10973970,UPCOMINDEX,UPCOM-Index
2019-06-27,55.51,55.53,54.8,55.11,12508501,UPCOMINDEX,UPCOM-Index
2019-06-28,55.13,55.65,54.85,55.65,14848094,UPCOMINDEX,UPCOM-Index
2019-07-01,55.26,55.66,55.09,55.17,8641305,UPCOMINDEX,UPCOM-Index
2019-07-02,55.17,55.34,54.85,54.96,11385532,UPCOMINDEX,UPCOM-Index
2019-07-03,54.96,55.3,54.87,55.29,8724824,UPCOMINDEX,UPCOM-Index
2019-07-04,55.16,55.73,55.05,55.56,9754541,UPCOMINDEX,UPCOM-Index
2019-07-05,55.56,56.49,55.43,56.38,13528749,UPCOMINDEX,UPCOM-Index
2019-07-08,56.38,56.51,55.46,55.68,8356921,UPCOMINDEX,UPCOM-Index
2019-07-09,55.68,56.22,55.51,55.88,11321641,UPCOMINDEX,UPCOM-Index
2019-07-10,56.04,56.34,55.82,56.3,12444754,UPCOMINDEX,UPCOM-Index
2019-07-11,56.29,56.92,56.16,56.78,12294081,UPCOMINDEX,UPCOM-Index
2019-07-12,56.78,57.02,56.45,56.61,13414794,UPCOMINDEX,UPCOM-Index
2019-07-15,56.6,56.72,56.29,56.55,12071207,UPCOMINDEX,UPCOM-Index
2019-07-16,56.55,57.59,56.55,57.3,12888212,UPCOMINDEX,UPCOM-Index
2019-07-17,57.11,57.38,56.61,57.05,10445115,UPCOMINDEX,UPCOM-Index
2019-07-18,56.98,57.43,56.83,57.42,11360837,UPCOMINDEX,UPCOM-Index
2019-07-19,57.42,57.77,57.2,57.54,18145259,UPCOMINDEX,UPCOM-Index
2019-07-22,57.54,58.31,57.33,58.01,13798871,UPCOMINDEX,UPCOM-Index
2019-07-23,57.91,58.57,57.71,58.46,20424867,UPCOMINDEX,UPCOM-Index
2019-07-24,58.46,59.23,58.34,59.23,16697761,UPCOMINDEX,UPCOM-Index
2019-07-25,59.04,59.71,58.9,59.34,16607328,UPCOMINDEX,UPCOM-Index
2019-07-26,59.34,59.34,58.56,58.82,14611270,UPCOMINDEX,UPCOM-Index
2019-07-29,58.82,59.24,58.65,59.18,10824991,UPCOMINDEX,UPCOM-Index
2019-07-30,59.17,59.6,58.43,58.43,15736194,UPCOMINDEX,UPCOM-Index
2019-07-31,58.45,58.98,57.59,58.89,13114120,UPCOMINDEX,UPCOM-Index
2019-08-01,58.89,58.93,58.49,58.84,9516175,UPCOMINDEX,UPCOM-Index
2019-08-02,58.56,58.83,58.18,58.58,18110518,UPCOMINDEX,UPCOM-Index
2019-08-05,58.29,58.7,58.25,58.37,18562012,UPCOMINDEX,UPCOM-Index
2019-08-06,58.37,58.54,57.99,58.31,20751939,UPCOMINDEX,UPCOM-Index
2019-08-07,58.3,58.42,57.87,58.22,15035302,UPCOMINDEX,UPCOM-Index
2019-08-08,58.21,58.43,58.06,58.36,14438059,UPCOMINDEX,UPCOM-Index
2019-08-09,58.36,58.71,58.25,58.43,14182396,UPCOMINDEX,UPCOM-Index
2019-08-12,58.26,58.57,57.87,57.93,12812229,UPCOMINDEX,UPCOM-Index
2019-08-13,57.92,57.95,57.06,57.15,15804280,UPCOMINDEX,UPCOM-Index
2019-08-14,57.14,57.33,56.91,57.14,9984318,UPCOMINDEX,UPCOM-Index
2019-08-15,57.14,57.39,56.81,57.35,12901521,UPCOMINDEX,UPCOM-Index
2019-08-16,57.35,57.81,57.19,57.55,15282252,UPCOMINDEX,UPCOM-Index
2019-08-19,57.55,57.87,57.45,57.6,10771256,UPCOMINDEX,UPCOM-Index
2019-08-20,57.6,57.8,57.51,57.72,17362605,UPCOMINDEX,UPCOM-Index
2019-08-21,57.73,58.04,57.63,57.84,13203702,UPCOMINDEX,UPCOM-Index
2019-08-22,57.84,58.08,57.75,57.93,13083185,UPCOMINDEX,UPCOM-Index
2019-08-23,57.83,58.0,57.81,57.95,14410690,UPCOMINDEX,UPCOM-Index
2019-08-26,57.94,57.95,57.52,57.53,13625720,UPCOMINDEX,UPCOM-Index
2019-08-27,57.65,58.04,57.52,58.01,15618937,UPCOMINDEX,UPCOM-Index
2019-08-28,58.0,58.15,57.91,57.97,14503883,UPCOMINDEX,UPCOM-Index
2019-08-29,57.97,58.21,57.75,57.9,14866227,UPCOMINDEX,UPCOM-Index
2019-08-30,58.1,58.16,57.7,57.83,17592264,UPCOMINDEX,UPCOM-Index
2019-09-03,57.83,57.85,57.13,57.31,15276467,UPCOMINDEX,UPCOM-Index
2019-09-04,57.32,57.32,56.76,57.1,13610880,UPCOMINDEX,UPCOM-Index
2019-09-05,57.09,57.35,56.66,56.8,8171013,UPCOMINDEX,UPCOM-Index
2019-09-06,56.79,56.97,56.65,56.76,11054585,UPCOMINDEX,UPCOM-Index
2019-09-09,56.75,56.85,56.43,56.49,9293909,UPCOMINDEX,UPCOM-Index
2019-09-10,56.49,56.59,55.37,56.15,13730794,UPCOMINDEX,UPCOM-Index
2019-09-11,56.15,56.2,55.69,55.82,9129230,UPCOMINDEX,UPCOM-Index
2019-09-12,55.82,56.47,55.82,56.4,6998383,UPCOMINDEX,UPCOM-Index
2019-09-13,56.39,56.72,56.28,56.72,10125959,UPCOMINDEX,UPCOM-Index
2019-09-16,56.71,56.74,56.31,56.54,11051937,UPCOMINDEX,UPCOM-Index
2019-09-17,56.44,56.57,56.06,56.41,7753661,UPCOMINDEX,UPCOM-Index
2019-09-18,56.41,56.86,56.36,56.41,13936940,UPCOMINDEX,UPCOM-Index
2019-09-19,56.42,56.69,56.19,56.69,8137591,UPCOMINDEX,UPCOM-Index
2019-09-20,56.69,56.97,56.37,56.97,10646312,UPCOMINDEX,UPCOM-Index
2019-09-23,56.96,57.03,56.65,56.69,8740872,UPCOMINDEX,UPCOM-Index
2019-09-24,56.68,56.87,56.46,56.87,9295872,UPCOMINDEX,UPCOM-Index
2019-09-25,56.88,56.94,56.58,56.72,8207129,UPCOMINDEX,UPCOM-Index
2019-09-26,56.71,57.22,56.69,57.22,10154464,UPCOMINDEX,UPCOM-Index
2019-09-27,57.21,57.29,56.73,56.94,9734470,UPCOMINDEX,UPCOM-Index
2019-09-30,56.95,57.08,56.56,56.78,12319148,UPCOMINDEX,UPCOM-Index
2019-10-01,56.81,56.85,56.58,56.84,11193621,UPCOMINDEX,UPCOM-Index
2019-10-02,56.84,56.86,56.52,56.85,11788357,UPCOMINDEX,UPCOM-Index
2019-10-03,56.83,57.15,56.44,57.15,8604378,UPCOMINDEX,UPCOM-Index
2019-10-04,57.15,57.18,56.67,56.93,9103799,UPCOMINDEX,UPCOM-Index
2019-10-07,56.93,57.03,56.74,56.85,7730652,UPCOMINDEX,UPCOM-Index
2019-10-08,56.85,56.99,56.66,56.82,10704602,UPCOMINDEX,UPCOM-Index
2019-10-09,56.83,56.83,56.52,56.62,8609234,UPCOMINDEX,UPCOM-Index
2019-10-10,56.62,56.78,56.38,56.6,7451369,UPCOMINDEX,UPCOM-Index
2019-10-11,56.6,57.03,56.53,56.97,12564933,UPCOMINDEX,UPCOM-Index
2019-10-14,56.96,57.12,56.51,56.78,10114430,UPCOMINDEX,UPCOM-Index
2019-10-15,56.78,56.8,56.31,56.76,9821430,UPCOMINDEX,UPCOM-Index
2019-10-16,56.75,56.85,56.42,56.47,17351563,UPCOMINDEX,UPCOM-Index
2019-10-17,56.49,56.62,56.31,56.47,10382697,UPCOMINDEX,UPCOM-Index
2019-10-18,56.47,56.66,56.4,56.46,7923882,UPCOMINDEX,UPCOM-Index
2019-10-21,56.44,56.96,56.38,56.6,8566831,UPCOMINDEX,UPCOM-Index
2019-10-22,56.6,56.86,56.55,56.78,10025057,UPCOMINDEX,UPCOM-Index
2019-10-23,56.72,56.79,56.4,56.6,7624325,UPCOMINDEX,UPCOM-Index
2019-10-24,56.6,56.71,56.32,56.71,10672678,UPCOMINDEX,UPCOM-Index
2019-10-25,56.71,56.73,56.23,56.51,14151588,UPCOMINDEX,UPCOM-Index
2019-10-28,56.49,56.76,55.97,56.4,6347960,UPCOMINDEX,UPCOM-Index
2019-10-29,56.39,56.44,56.05,56.36,7361293,UPCOMINDEX,UPCOM-Index
2019-10-30,56.36,56.37,56.11,56.26,8556612,UPCOMINDEX,UPCOM-Index
2019-10-31,56.26,56.42,55.86,56.23,10361502,UPCOMINDEX,UPCOM-Index
2019-11-01,56.23,56.37,56.07,56.22,9523517,UPCOMINDEX,UPCOM-Index
2019-11-04,56.22,56.89,56.19,56.59,11051636,UPCOMINDEX,UPCOM-Index
2019-11-05,56.59,56.64,56.47,56.61,7922493,UPCOMINDEX,UPCOM-Index
2019-11-06,56.61,56.79,56.5,56.6,9887137,UPCOMINDEX,UPCOM-Index
2019-11-07,56.6,56.9,56.58,56.83,7445391,UPCOMINDEX,UPCOM-Index
2019-11-08,56.83,57.01,56.69,56.73,8503906,UPCOMINDEX,UPCOM-Index
2019-11-11,56.74,56.96,56.67,56.72,6718450,UPCOMINDEX,UPCOM-Index
2019-11-12,56.75,56.87,56.63,56.8,10219105,UPCOMINDEX,UPCOM-Index
2019-11-13,56.8,56.85,56.63,56.82,8801664,UPCOMINDEX,UPCOM-Index
2019-11-14,56.82,57.42,56.65,56.71,9578564,UPCOMINDEX,UPCOM-Index
2019-11-15,56.71,57.08,56.7,57.0,11493955,UPCOMINDEX,UPCOM-Index
2019-11-18,57.0,57.21,56.85,56.91,7460330,UPCOMINDEX,UPCOM-Index
2019-11-19,56.86,57.02,56.58,57.02,7905522,UPCOMINDEX,UPCOM-Index
2019-11-20,57.03,57.03,56.66,56.88,6474214,UPCOMINDEX,UPCOM-Index
2019-11-21,56.88,56.89,56.48,56.57,7817728,UPCOMINDEX,UPCOM-Index
2019-11-22,56.57,56.82,56.21,56.4,11457977,UPCOMINDEX,UPCOM-Index
2019-11-25,56.39,57.09,55.71,56.05,6093407,UPCOMINDEX,UPCOM-Index
2019-11-26,56.05,56.21,55.73,55.97,6746942,UPCOMINDEX,UPCOM-Index
2019-11-27,56.03,56.21,55.88,56.02,7408494,UPCOMINDEX,UPCOM-Index
2019-11-28,56.02,56.11,55.58,55.7,8620941,UPCOMINDEX,UPCOM-Index
2019-11-29,55.68,55.85,55.41,55.66,8071411,UPCOMINDEX,UPCOM-Index
2019-12-02,55.66,55.88,55.4,55.52,9004986,UPCOMINDEX,UPCOM-Index
2019-12-03,55.63,55.72,55.39,55.53,8438354,UPCOMINDEX,UPCOM-Index
2019-12-04,55.53,56.11,55.53,55.91,8940659,UPCOMINDEX,UPCOM-Index
2019-12-05,55.91,56.3,55.67,55.86,8254228,UPCOMINDEX,UPCOM-Index
2019-12-06,55.84,55.98,55.7,55.92,6286166,UPCOMINDEX,UPCOM-Index
2019-12-09,55.92,56.07,55.66,55.79,4860880,UPCOMINDEX,UPCOM-Index
2019-12-10,55.78,55.87,55.29,55.36,7563742,UPCOMINDEX,UPCOM-Index
2019-12-11,55.36,55.53,55.34,55.4,7668784,UPCOMINDEX,UPCOM-Index
2019-12-12,55.4,55.63,55.37,55.52,5797907,UPCOMINDEX,UPCOM-Index
2019-12-13,55.52,55.76,55.47,55.73,9976465,UPCOMINDEX,UPCOM-Index
2019-12-16,55.72,55.94,55.43,55.53,6773768,UPCOMINDEX,UPCOM-Index
2019-12-17,55.53,55.72,55.21,55.33,8932269,UPCOMINDEX,UPCOM-Index
2019-12-18,55.33,55.6,55.27,55.3,7374568,UPCOMINDEX,UPCOM-Index
2019-12-19,55.29,55.65,55.29,55.47,6793971,UPCOMINDEX,UPCOM-Index
2019-12-20,55.46,55.73,55.45,55.67,6877727,UPCOMINDEX,UPCOM-Index
2019-12-23,55.67,55.78,55.44,55.48,9227951,UPCOMINDEX,UPCOM-Index
2019-12-24,55.48,55.81,55.48,55.75,7698439,UPCOMINDEX,UPCOM-Index
2019-12-25,55.74,55.78,55.43,55.6,6063888,UPCOMINDEX,UPCOM-Index
2019-12-26,55.6,55.86,55.45,55.66,9082889,UPCOMINDEX,UPCOM-Index
2019-12-27,55.66,55.99,55.58,55.81,11220969,UPCOMINDEX,UPCOM-Index
2019-12-30,55.81,56.1,55.55,56.06,6226650,UPCOMINDEX,UPCOM-Index
2019-12-31,56.06,56.6,56.06,56.56,6947333,UPCOMINDEX,UPCOM-Index
2020-01-02,56.53,56.73,56.48,56.65,6623247,UPCOMINDEX,UPCOM-Index
2020-01-03,56.65,56.77,56.47,56.65,9399317,UPCOMINDEX,UPCOM-Index
2020-01-06,56.65,56.72,55.88,55.88,10091845,UPCOMINDEX,UPCOM-Index
2020-01-07,55.89,56.12,55.65,55.76,6205066,UPCOMINDEX,UPCOM-Index
2020-01-08,55.76,55.78,54.99,55.02,9024885,UPCOMINDEX,UPCOM-Index
2020-01-09,55.08,55.33,55.01,55.18,8587558,UPCOMINDEX,UPCOM-Index
2020-01-10,55.18,55.58,55.17,55.56,11981520,UPCOMINDEX,UPCOM-Index
2020-01-13,55.56,55.76,55.47,55.64,8763015,UPCOMINDEX,UPCOM-Index
2020-01-14,55.64,55.79,55.59,55.7,6890890,UPCOMINDEX,UPCOM-Index
2020-01-15,55.69,55.73,55.25,55.35,5077487,UPCOMINDEX,UPCOM-Index
2020-01-16,55.35,55.57,55.33,55.46,8122610,UPCOMINDEX,UPCOM-Index
2020-01-17,55.46,55.59,55.3,55.41,9258390,UPCOMINDEX,UPCOM-Index
2020-01-20,55.41,55.55,55.33,55.49,7113921,UPCOMINDEX,UPCOM-Index
2020-01-21,55.49,55.99,55.48,55.96,16740655,UPCOMINDEX,UPCOM-Index
2020-01-22,56.02,56.22,55.79,56.22,7384683,UPCOMINDEX,UPCOM-Index
2020-01-30,56.22,56.25,55.44,55.73,8913665,UPCOMINDEX,UPCOM-Index
2020-01-31,55.73,55.78,54.97,55.13,13484598,UPCOMINDEX,UPCOM-Index
2020-02-03,55.13,55.17,53.76,54.38,16209691,UPCOMINDEX,UPCOM-Index
2020-02-04,54.38,54.74,54.28,54.74,9545155,UPCOMINDEX,UPCOM-Index
2020-02-05,54.97,55.4,54.78,55.21,9177011,UPCOMINDEX,UPCOM-Index
2020-02-06,55.22,55.61,55.15,55.61,11773401,UPCOMINDEX,UPCOM-Index
2020-02-07,55.61,55.78,55.49,55.76,9593074,UPCOMINDEX,UPCOM-Index
2020-02-10,55.76,55.77,55.31,55.37,6778160,UPCOMINDEX,UPCOM-Index
2020-02-11,55.37,55.69,55.34,55.67,7694563,UPCOMINDEX,UPCOM-Index
2020-02-12,55.67,55.93,55.61,55.91,9506077,UPCOMINDEX,UPCOM-Index
2020-02-13,55.91,56.29,55.85,56.17,13050302,UPCOMINDEX,UPCOM-Index
2020-02-14,56.17,56.51,56.1,56.47,12157838,UPCOMINDEX,UPCOM-Index
2020-02-17,56.47,56.7,56.24,56.26,9009991,UPCOMINDEX,UPCOM-Index
2020-02-18,56.26,56.43,56.17,56.25,9817437,UPCOMINDEX,UPCOM-Index
2020-02-19,56.28,56.52,56.21,56.4,9890782,UPCOMINDEX,UPCOM-Index
2020-02-20,56.4,56.47,56.1,56.34,10739216,UPCOMINDEX,UPCOM-Index
2020-02-21,56.34,56.7,56.16,56.3,16598956,UPCOMINDEX,UPCOM-Index
2020-02-24,56.3,56.3,55.19,55.23,16477176,UPCOMINDEX,UPCOM-Index
2020-02-25,55.23,55.55,54.75,55.53,11669122,UPCOMINDEX,UPCOM-Index
2020-02-26,55.47,55.47,55.16,55.34,10659160,UPCOMINDEX,UPCOM-Index
2020-02-27,55.34,55.6,55.27,55.52,9961469,UPCOMINDEX,UPCOM-Index
2020-02-28,55.52,55.52,54.87,55.05,18516470,UPCOMINDEX,UPCOM-Index
2020-03-02,55.08,55.26,54.89,55.17,23333363,UPCOMINDEX,UPCOM-Index
2020-03-03,55.17,55.6,55.18,55.47,17033409,UPCOMINDEX,UPCOM-Index
2020-03-04,55.86,55.93,55.36,55.54,18208464,UPCOMINDEX,UPCOM-Index
2020-03-05,55.54,55.8,55.3,55.45,17002234,UPCOMINDEX,UPCOM-Index
2020-03-06,55.45,55.52,55.06,55.42,14691406,UPCOMINDEX,UPCOM-Index
2020-03-09,55.41,55.41,52.2,52.44,32251766,UPCOMINDEX,UPCOM-Index
2020-03-10,52.44,53.55,52.2,53.41,15748246,UPCOMINDEX,UPCOM-Index
2020-03-11,53.41,53.82,52.34,52.48,16724649,UPCOMINDEX,UPCOM-Index
2020-03-12,52.47,52.47,50.66,50.92,22204618,UPCOMINDEX,UPCOM-Index
2020-03-13,50.92,50.93,49.44,50.49,23058085,UPCOMINDEX,UPCOM-Index
2020-03-16,50.49,50.56,49.96,50.15,11747025,UPCOMINDEX,UPCOM-Index
2020-03-17,50.15,50.35,49.67,50.31,11583012,UPCOMINDEX,UPCOM-Index
2020-03-18,50.3,50.63,50.26,50.37,15457401,UPCOMINDEX,UPCOM-Index
2020-03-19,50.35,50.38,49.67,49.9,10580829,UPCOMINDEX,UPCOM-Index
2020-03-20,49.9,50.05,49.6,49.85,16898585,UPCOMINDEX,UPCOM-Index
2020-03-23,49.85,49.85,47.41,47.57,27813298,UPCOMINDEX,UPCOM-Index
2020-03-24,47.57,48.54,47.49,48.51,11483679,UPCOMINDEX,UPCOM-Index
2020-03-25,48.51,49.54,48.49,49.53,12572782,UPCOMINDEX,UPCOM-Index
2020-03-26,49.53,49.58,48.88,49.0,10522828,UPCOMINDEX,UPCOM-Index
2020-03-27,49.0,49.23,48.65,48.82,11121099,UPCOMINDEX,UPCOM-Index
2020-03-30,48.81,48.82,47.5,47.63,12903768,UPCOMINDEX,UPCOM-Index
2020-03-31,47.63,48.46,47.49,47.74,10107843,UPCOMINDEX,UPCOM-Index
2020-04-01,47.74,48.67,47.56,48.63,10224938,UPCOMINDEX,UPCOM-Index
2020-04-03,48.63,49.28,48.61,49.14,15411357,UPCOMINDEX,UPCOM-Index
2020-04-06,49.13,50.34,49.13,50.33,17817924,UPCOMINDEX,UPCOM-Index
2020-04-07,50.33,50.71,50.12,50.43,13991554,UPCOMINDEX,UPCOM-Index
2020-04-08,50.42,50.63,50.04,50.31,10950079,UPCOMINDEX,UPCOM-Index
2020-04-09,50.3,51.11,50.26,50.74,17550584,UPCOMINDEX,UPCOM-Index
2020-04-10,50.74,50.8,50.38,50.63,19755524,UPCOMINDEX,UPCOM-Index
2020-04-13,50.63,51.11,50.55,50.86,14438841,UPCOMINDEX,UPCOM-Index
2020-04-14,50.86,51.12,50.37,50.78,17145048,UPCOMINDEX,UPCOM-Index
2020-04-15,50.78,51.69,50.77,51.51,19404685,UPCOMINDEX,UPCOM-Index
2020-04-16,51.51,51.59,51.22,51.54,16067498,UPCOMINDEX,UPCOM-Index
2020-04-17,51.54,52.33,51.53,52.16,34870001,UPCOMINDEX,UPCOM-Index
2020-04-20,52.16,52.85,52.16,52.64,28419087,UPCOMINDEX,UPCOM-Index
2020-04-21,52.64,52.72,51.01,51.18,26460100,UPCOMINDEX,UPCOM-Index
2020-04-22,51.18,51.58,50.71,51.48,16773538,UPCOMINDEX,UPCOM-Index
2020-04-23,51.48,52.03,51.47,51.74,14684177,UPCOMINDEX,UPCOM-Index
2020-04-24,51.74,51.86,51.48,51.66,17007414,UPCOMINDEX,UPCOM-Index
2020-04-27,51.67,51.97,51.57,51.97,14100593,UPCOMINDEX,UPCOM-Index
2020-04-28,51.96,52.13,51.8,52.11,11922319,UPCOMINDEX,UPCOM-Index
2020-04-29,52.11,52.39,52.06,52.22,12134527,UPCOMINDEX,UPCOM-Index
2020-05-04,52.22,52.29,51.79,51.91,11219742,UPCOMINDEX,UPCOM-Index
2020-05-05,51.91,52.03,51.71,51.98,8319135,UPCOMINDEX,UPCOM-Index
2020-05-06,51.98,52.34,51.86,52.34,15506218,UPCOMINDEX,UPCOM-Index
2020-05-07,52.35,52.46,52.21,52.37,14613385,UPCOMINDEX,UPCOM-Index
2020-05-08,52.37,53.13,52.28,52.91,31651876,UPCOMINDEX,UPCOM-Index
2020-05-11,52.9,53.49,52.9,53.49,24341876,UPCOMINDEX,UPCOM-Index
2020-05-12,53.49,53.63,53.01,53.63,19483075,UPCOMINDEX,UPCOM-Index
2020-05-13,53.64,53.88,53.23,53.73,20136990,UPCOMINDEX,UPCOM-Index
2020-05-14,53.73,53.73,53.44,53.48,22960179,UPCOMINDEX,UPCOM-Index
2020-05-15,53.48,53.61,53.11,53.15,26799134,UPCOMINDEX,UPCOM-Index
2020-05-18,53.15,53.31,53.01,53.29,14045023,UPCOMINDEX,UPCOM-Index
2020-05-19,53.29,54.0,53.28,53.8,21927340,UPCOMINDEX,UPCOM-Index
2020-05-20,53.8,54.15,53.75,54.01,16734191,UPCOMINDEX,UPCOM-Index
2020-05-21,54.01,54.36,53.98,54.31,13608188,UPCOMINDEX,UPCOM-Index
2020-05-22,54.32,54.48,54.07,54.24,24243651,UPCOMINDEX,UPCOM-Index
2020-05-25,54.24,54.93,54.22,54.93,16388585,UPCOMINDEX,UPCOM-Index
2020-05-26,54.92,55.33,54.88,55.33,19674005,UPCOMINDEX,UPCOM-Index
2020-05-27,55.33,55.6,54.92,54.93,24857154,UPCOMINDEX,UPCOM-Index
2020-05-28,54.92,55.15,54.9,55.01,12509084,UPCOMINDEX,UPCOM-Index
2020-05-29,55.02,55.2,54.84,55.03,22450943,UPCOMINDEX,UPCOM-Index
2020-06-01,55.04,55.67,54.97,55.59,26383384,UPCOMINDEX,UPCOM-Index
2020-06-02,55.58,56.25,55.55,55.98,48605296,UPCOMINDEX,UPCOM-Index
2020-06-03,55.98,56.33,55.84,56.33,35540796,UPCOMINDEX,UPCOM-Index
2020-06-04,56.32,56.67,56.21,56.33,58429475,UPCOMINDEX,UPCOM-Index
2020-06-05,56.32,56.51,55.99,56.43,49185795,UPCOMINDEX,UPCOM-Index
2020-06-08,56.43,57.41,56.41,57.3,45241550,UPCOMINDEX,UPCOM-Index
2020-06-09,57.3,57.52,57.02,57.29,37470264,UPCOMINDEX,UPCOM-Index
2020-06-10,57.3,57.41,56.67,57.3,35765235,UPCOMINDEX,UPCOM-Index
2020-06-11,57.31,57.48,55.7,55.94,57305311,UPCOMINDEX,UPCOM-Index
2020-06-12,55.95,55.97,54.92,55.95,44576561,UPCOMINDEX,UPCOM-Index
2020-06-15,55.95,56.27,55.35,55.54,33938426,UPCOMINDEX,UPCOM-Index
2020-06-16,55.55,56.22,55.52,56.08,21277025,UPCOMINDEX,UPCOM-Index
2020-06-17,56.07,56.56,55.64,55.88,20272610,UPCOMINDEX,UPCOM-Index
2020-06-18,55.88,55.92,55.49,55.77,12931717,UPCOMINDEX,UPCOM-Index
2020-06-19,55.77,56.42,55.74,56.34,49500726,UPCOMINDEX,UPCOM-Index
2020-06-22,56.33,56.84,56.33,56.68,23712976,UPCOMINDEX,UPCOM-Index
2020-06-23,56.68,56.9,56.33,56.64,20341380,UPCOMINDEX,UPCOM-Index
2020-06-24,56.64,56.92,56.41,56.74,19199120,UPCOMINDEX,UPCOM-Index
2020-06-25,56.74,56.74,56.26,56.63,15389352,UPCOMINDEX,UPCOM-Index
2020-06-26,56.63,56.84,56.26,56.41,28594449,UPCOMINDEX,UPCOM-Index
2020-06-29,56.41,56.44,55.17,55.51,23910115,UPCOMINDEX,UPCOM-Index
2020-06-30,55.51,56.02,55.12,55.52,17777523,UPCOMINDEX,UPCOM-Index
2020-07-01,55.52,56.05,55.31,56.05,12988142,UPCOMINDEX,UPCOM-Index
2020-07-02,56.02,56.17,55.73,55.89,10561445,UPCOMINDEX,UPCOM-Index
2020-07-03,55.88,56.4,55.68,56.26,18263754,UPCOMINDEX,UPCOM-Index
2020-07-06,56.26,56.57,56.19,56.48,13212407,UPCOMINDEX,UPCOM-Index
2020-07-07,56.48,56.69,56.2,56.35,12396111,UPCOMINDEX,UPCOM-Index
2020-07-08,56.35,56.81,56.24,56.78,12161981,UPCOMINDEX,UPCOM-Index
2020-07-09,56.78,57.18,56.69,57.16,22367776,UPCOMINDEX,UPCOM-Index
2020-07-10,57.12,57.33,57.02,57.25,26858409,UPCOMINDEX,UPCOM-Index
2020-07-13,57.25,57.64,57.2,57.28,12381673,UPCOMINDEX,UPCOM-Index
2020-07-14,57.56,57.56,56.77,56.94,12835558,UPCOMINDEX,UPCOM-Index
2020-07-15,56.94,57.17,56.81,56.98,15003165,UPCOMINDEX,UPCOM-Index
2020-07-16,56.98,57.19,56.86,57.03,10932487,UPCOMINDEX,UPCOM-Index
2020-07-17,57.02,57.57,56.94,57.57,29578820,UPCOMINDEX,UPCOM-Index
2020-07-20,57.57,57.65,57.1,57.29,13276021,UPCOMINDEX,UPCOM-Index
2020-07-21,57.29,57.41,56.98,57.37,16825788,UPCOMINDEX,UPCOM-Index
2020-07-22,57.36,57.76,57.35,57.57,26442815,UPCOMINDEX,UPCOM-Index
2020-07-23,57.57,57.69,56.98,57.32,12785541,UPCOMINDEX,UPCOM-Index
2020-07-24,57.31,57.35,55.39,55.78,39374423,UPCOMINDEX,UPCOM-Index
2020-07-27,55.67,55.67,53.47,53.65,42963024,UPCOMINDEX,UPCOM-Index
2020-07-28,53.65,55.34,53.51,55.27,20282371,UPCOMINDEX,UPCOM-Index
2020-07-29,55.27,55.27,53.59,54.17,20600811,UPCOMINDEX,UPCOM-Index
2020-07-30,54.16,54.9,54.12,54.86,13496298,UPCOMINDEX,UPCOM-Index
2020-07-31,54.86,55.11,54.53,54.8,24078518,UPCOMINDEX,UPCOM-Index
2020-08-03,54.79,55.51,54.62,55.51,14825699,UPCOMINDEX,UPCOM-Index
2020-08-04,55.51,56.04,55.5,55.89,14998056,UPCOMINDEX,UPCOM-Index
2020-08-05,55.89,56.14,55.74,56.06,18177968,UPCOMINDEX,UPCOM-Index
2020-08-06,56.05,56.88,55.97,56.12,16548633,UPCOMINDEX,UPCOM-Index
2020-08-07,56.26,56.38,55.97,56.22,18051421,UPCOMINDEX,UPCOM-Index
2020-08-10,56.11,56.39,55.92,56.3,14972456,UPCOMINDEX,UPCOM-Index
2020-08-11,56.3,56.62,56.26,56.52,21332305,UPCOMINDEX,UPCOM-Index
2020-08-12,56.51,56.86,56.44,56.78,18927726,UPCOMINDEX,UPCOM-Index
2020-08-13,56.78,57.03,56.74,56.86,16985366,UPCOMINDEX,UPCOM-Index
2020-08-14,56.86,57.02,56.59,56.74,28161935,UPCOMINDEX,UPCOM-Index
2020-08-17,56.73,56.9,56.46,56.86,21188416,UPCOMINDEX,UPCOM-Index
2020-08-18,56.87,57.13,56.78,57.09,19703160,UPCOMINDEX,UPCOM-Index
2020-08-19,57.08,57.19,56.95,57.17,16718011,UPCOMINDEX,UPCOM-Index
2020-08-20,57.17,57.3,57.03,57.24,17130385,UPCOMINDEX,UPCOM-Index
2020-08-21,57.24,57.41,57.19,57.39,30321190,UPCOMINDEX,UPCOM-Index
2020-08-24,57.4,58.45,57.36,57.98,27370092,UPCOMINDEX,UPCOM-Index
2020-08-25,57.99,58.29,57.94,58.19,24780082,UPCOMINDEX,UPCOM-Index
2020-08-26,58.19,58.61,58.14,58.52,25520090,UPCOMINDEX,UPCOM-Index
2020-08-27,58.52,59.05,58.42,59.05,18868359,UPCOMINDEX,UPCOM-Index
2020-08-28,59.05,59.42,58.99,59.33,32434585,UPCOMINDEX,UPCOM-Index
2020-08-31,59.33,59.48,58.68,58.82,26683932,UPCOMINDEX,UPCOM-Index
2020-09-01,58.81,58.88,58.55,58.8,17259680,UPCOMINDEX,UPCOM-Index
2020-09-03,58.81,59.23,58.75,58.96,21502473,UPCOMINDEX,UPCOM-Index
2020-09-04,58.97,59.0,58.45,58.89,36416707,UPCOMINDEX,UPCOM-Index
2020-09-07,58.9,59.06,58.57,58.64,22019367,UPCOMINDEX,UPCOM-Index
2020-09-08,58.64,58.87,58.5,58.82,16332591,UPCOMINDEX,UPCOM-Index
2020-09-09,58.82,58.84,58.32,58.84,21756969,UPCOMINDEX,UPCOM-Index
2020-09-10,58.84,59.11,58.81,59.03,18611169,UPCOMINDEX,UPCOM-Index
2020-09-11,59.04,59.25,58.91,59.09,44185264,UPCOMINDEX,UPCOM-Index
2020-09-14,59.09,59.53,59.05,59.41,33794576,UPCOMINDEX,UPCOM-Index
2020-09-15,59.34,59.71,59.34,59.56,23950306,UPCOMINDEX,UPCOM-Index
2020-09-16,59.56,59.8,59.54,59.76,30362165,UPCOMINDEX,UPCOM-Index
2020-09-17,59.78,60.06,59.63,59.87,36765384,UPCOMINDEX,UPCOM-Index
2020-09-18,59.88,60.6,59.75,60.59,49254404,UPCOMINDEX,UPCOM-Index
2020-09-21,60.6,60.89,60.47,60.74,36860164,UPCOMINDEX,UPCOM-Index
2020-09-22,60.74,60.74,60.34,60.66,31475948,UPCOMINDEX,UPCOM-Index
2020-09-23,60.66,61.04,60.66,60.96,27279591,UPCOMINDEX,UPCOM-Index
2020-09-24,60.96,61.22,60.8,61.0,26070238,UPCOMINDEX,UPCOM-Index
2020-09-25,61.0,61.3,60.93,61.29,40719111,UPCOMINDEX,UPCOM-Index
2020-09-28,61.29,61.79,61.24,61.78,30190024,UPCOMINDEX,UPCOM-Index
2020-09-29,61.78,61.92,61.39,61.52,31704455,UPCOMINDEX,UPCOM-Index
2020-09-30,61.53,61.78,61.32,61.73,26531684,UPCOMINDEX,UPCOM-Index
2020-10-01,61.73,62.42,61.73,62.42,35914710,UPCOMINDEX,UPCOM-Index
2020-10-02,62.43,62.78,61.63,62.35,57117741,UPCOMINDEX,UPCOM-Index
2020-10-05,62.37,62.84,62.23,62.81,25164642,UPCOMINDEX,UPCOM-Index
2020-10-06,62.81,63.91,62.81,63.91,32657860,UPCOMINDEX,UPCOM-Index
2020-10-07,63.95,64.12,63.47,63.95,26283343,UPCOMINDEX,UPCOM-Index
2020-10-08,63.99,64.04,62.95,63.53,28072466,UPCOMINDEX,UPCOM-Index
2020-10-09,63.56,64.02,63.38,64.01,40600963,UPCOMINDEX,UPCOM-Index
2020-10-12,64.01,64.31,63.22,63.47,27494476,UPCOMINDEX,UPCOM-Index
2020-10-13,63.47,63.48,62.96,63.43,19865366,UPCOMINDEX,UPCOM-Index
2020-10-14,63.43,63.43,62.65,63.13,35822648,UPCOMINDEX,UPCOM-Index
2020-10-15,63.13,63.51,62.66,63.48,56064988,UPCOMINDEX,UPCOM-Index
2020-10-16,63.48,64.01,63.39,63.85,35328827,UPCOMINDEX,UPCOM-Index
2020-10-19,63.85,64.22,63.83,63.95,24702695,UPCOMINDEX,UPCOM-Index
2020-10-20,63.95,64.13,63.32,63.71,35396903,UPCOMINDEX,UPCOM-Index
2020-10-21,63.71,63.82,63.51,63.75,30546503,UPCOMINDEX,UPCOM-Index
2020-10-22,63.75,63.77,63.39,63.64,20761733,UPCOMINDEX,UPCOM-Index
2020-10-23,63.53,63.97,63.53,63.91,39734839,UPCOMINDEX,UPCOM-Index
2020-10-26,63.91,63.99,63.32,63.57,18833440,UPCOMINDEX,UPCOM-Index
2020-10-27,63.57,63.63,63.19,63.4,14581716,UPCOMINDEX,UPCOM-Index
2020-10-28,63.41,63.42,62.44,62.73,21985330,UPCOMINDEX,UPCOM-Index
2020-10-29,62.71,62.86,62.17,62.74,14569648,UPCOMINDEX,UPCOM-Index
2020-10-30,62.74,62.98,62.45,62.85,20476958,UPCOMINDEX,UPCOM-Index
2020-11-02,62.85,63.18,62.81,63.08,10549447,UPCOMINDEX,UPCOM-Index
2020-11-03,63.08,64.01,62.93,63.14,10915737,UPCOMINDEX,UPCOM-Index
2020-11-04,63.14,63.5,62.98,63.5,13105181,UPCOMINDEX,UPCOM-Index
2020-11-05,63.49,63.55,63.24,63.31,13245878,UPCOMINDEX,UPCOM-Index
2020-11-06,63.31,63.6,63.28,63.57,17524105,UPCOMINDEX,UPCOM-Index
2020-11-09,63.6,64.05,63.37,64.02,13468805,UPCOMINDEX,UPCOM-Index
2020-11-10,64.03,64.97,64.03,64.16,16533130,UPCOMINDEX,UPCOM-Index
2020-11-11,64.19,65.11,64.11,65.03,13736795,UPCOMINDEX,UPCOM-Index
2020-11-12,65.03,65.24,64.37,64.52,14312133,UPCOMINDEX,UPCOM-Index
2020-11-13,64.53,64.81,64.48,64.7,24261203,UPCOMINDEX,UPCOM-Index
2020-11-16,64.7,65.14,64.69,64.85,18653863,UPCOMINDEX,UPCOM-Index
2020-11-17,64.84,66.15,64.83,66.15,23752474,UPCOMINDEX,UPCOM-Index
2020-11-18,66.12,66.43,65.67,65.88,21390106,UPCOMINDEX,UPCOM-Index
2020-11-19,65.88,66.07,65.83,66.05,21010190,UPCOMINDEX,UPCOM-Index
2020-11-20,66.03,66.43,65.96,66.43,34998318,UPCOMINDEX,UPCOM-Index
2020-11-23,66.43,66.73,66.42,66.69,30992867,UPCOMINDEX,UPCOM-Index
2020-11-24,66.69,66.86,66.19,66.76,25128155,UPCOMINDEX,UPCOM-Index
2020-11-25,66.76,67.05,66.46,66.6,29763583,UPCOMINDEX,UPCOM-Index
2020-11-26,66.63,66.66,66.29,66.5,28072592,UPCOMINDEX,UPCOM-Index
2020-11-27,66.49,66.86,66.41,66.79,32430997,UPCOMINDEX,UPCOM-Index
2020-11-30,66.63,67.01,66.63,66.9,23480612,UPCOMINDEX,UPCOM-Index
2020-12-01,66.89,67.81,66.56,67.81,29045346,UPCOMINDEX,UPCOM-Index
2020-12-02,67.8,68.6,67.74,68.6,25245758,UPCOMINDEX,UPCOM-Index
2020-12-03,68.6,69.04,68.59,69.02,34166759,UPCOMINDEX,UPCOM-Index
2020-12-04,69.02,69.2,68.4,68.61,46802578,UPCOMINDEX,UPCOM-Index
2020-12-07,68.61,68.71,68.33,68.7,31619294,UPCOMINDEX,UPCOM-Index
2020-12-08,68.7,68.95,68.57,68.94,34348915,UPCOMINDEX,UPCOM-Index
2020-12-09,68.94,69.54,68.84,69.26,46319817,UPCOMINDEX,UPCOM-Index
2020-12-10,69.26,69.39,68.57,68.71,35719968,UPCOMINDEX,UPCOM-Index
2020-12-11,68.71,68.79,68.33,68.72,45972376,UPCOMINDEX,UPCOM-Index
2020-12-14,68.74,69.36,68.6,69.36,44560236,UPCOMINDEX,UPCOM-Index
2020-12-15,69.66,69.84,69.49,69.62,39521462,UPCOMINDEX,UPCOM-Index
2020-12-16,69.63,70.25,69.63,70.25,32753429,UPCOMINDEX,UPCOM-Index
2020-12-17,70.25,70.69,70.01,70.29,46968539,UPCOMINDEX,UPCOM-Index
2020-12-18,70.3,70.97,70.27,70.95,50812605,UPCOMINDEX,UPCOM-Index
2020-12-21,70.95,71.7,70.92,71.64,57946670,UPCOMINDEX,UPCOM-Index
2020-12-22,71.64,72.85,71.6,72.82,55037733,UPCOMINDEX,UPCOM-Index
2020-12-23,72.82,73.59,72.42,73.59,59270362,UPCOMINDEX,UPCOM-Index
2020-12-24,73.59,73.85,72.12,73.07,60061290,UPCOMINDEX,UPCOM-Index
2020-12-25,73.07,73.36,72.06,72.94,67499084,UPCOMINDEX,UPCOM-Index
2020-12-28,72.98,73.42,72.88,73.1,52763201,UPCOMINDEX,UPCOM-Index
2020-12-29,73.1,73.93,72.92,73.83,53936651,UPCOMINDEX,UPCOM-Index
2020-12-30,73.83,74.08,73.21,73.41,46649075,UPCOMINDEX,UPCOM-Index
2020-12-31,73.41,74.45,73.32,74.45,40661473,UPCOMINDEX,UPCOM-Index
2021-01-04,74.45,74.46,73.9,74.2,50949119,UPCOMINDEX,UPCOM-Index
2021-01-05,74.2,74.47,74.01,74.43,46570926,UPCOMINDEX,UPCOM-Index
2021-01-06,74.43,74.88,74.27,74.82,53834857,UPCOMINDEX,UPCOM-Index
2021-01-07,74.78,75.21,74.66,75.19,51635194,UPCOMINDEX,UPCOM-Index
2021-01-08,75.38,76.08,75.38,76.07,102175816,UPCOMINDEX,UPCOM-Index
2021-01-11,76.07,76.95,76.06,76.95,55826425,UPCOMINDEX,UPCOM-Index
2021-01-12,76.94,77.91,76.75,77.89,63161622,UPCOMINDEX,UPCOM-Index
2021-01-13,77.89,78.32,77.67,77.93,60814612,UPCOMINDEX,UPCOM-Index
2021-01-14,77.93,78.07,77.38,77.75,50679488,UPCOMINDEX,UPCOM-Index
2021-01-15,77.75,78.67,77.75,78.64,93823029,UPCOMINDEX,UPCOM-Index
2021-01-18,78.64,79.07,78.35,78.55,62800948,UPCOMINDEX,UPCOM-Index
2021-01-19,78.56,78.86,74.6,76.15,91428865,UPCOMINDEX,UPCOM-Index
2021-01-20,76.15,76.31,74.03,76.18,53854642,UPCOMINDEX,UPCOM-Index
2021-01-21,76.18,77.46,76.12,77.46,51595737,UPCOMINDEX,UPCOM-Index
2021-01-22,77.47,78.06,77.46,77.6,101212201,UPCOMINDEX,UPCOM-Index
2021-01-25,77.6,77.66,77.34,77.42,52771354,UPCOMINDEX,UPCOM-Index
2021-01-26,77.41,77.61,75.62,76.42,64756437,UPCOMINDEX,UPCOM-Index
2021-01-27,76.4,76.64,74.13,74.46,55972936,UPCOMINDEX,UPCOM-Index
2021-01-28,74.46,74.46,68.35,69.12,59166099,UPCOMINDEX,UPCOM-Index
2021-01-29,69.09,72.17,67.71,72.08,104664671,UPCOMINDEX,UPCOM-Index
2021-02-01,72.08,72.53,70.62,71.08,33117992,UPCOMINDEX,UPCOM-Index
2021-02-02,71.08,71.73,70.53,71.66,27740622,UPCOMINDEX,UPCOM-Index
2021-02-03,71.66,73.55,71.6,73.3,40215424,UPCOMINDEX,UPCOM-Index
2021-02-04,73.31,74.08,73.19,74.06,36976095,UPCOMINDEX,UPCOM-Index
2021-02-05,74.06,74.48,73.43,73.89,61872493,UPCOMINDEX,UPCOM-Index
2021-02-08,73.89,73.99,72.4,72.65,48036685,UPCOMINDEX,UPCOM-Index
2021-02-09,72.65,73.82,72.55,73.81,30858367,UPCOMINDEX,UPCOM-Index
2021-02-17,73.82,75.81,73.82,75.74,46937986,UPCOMINDEX,UPCOM-Index
2021-02-18,75.74,76.35,75.19,75.35,57515990,UPCOMINDEX,UPCOM-Index
2021-02-19,75.34,76.22,75.33,76.13,72356165,UPCOMINDEX,UPCOM-Index
2021-02-22,76.13,76.73,76.13,76.57,38107059,UPCOMINDEX,UPCOM-Index
2021-02-23,76.57,76.75,76.24,76.47,42307047,UPCOMINDEX,UPCOM-Index
2021-02-24,76.46,76.7,75.98,76.22,55102798,UPCOMINDEX,UPCOM-Index
2021-02-25,76.25,76.65,76.08,76.48,36407235,UPCOMINDEX,UPCOM-Index
2021-02-26,76.48,76.65,75.66,76.64,67241137,UPCOMINDEX,UPCOM-Index
2021-03-01,76.64,77.2,76.63,77.15,70887650,UPCOMINDEX,UPCOM-Index
2021-03-02,77.16,77.83,77.16,77.46,51313679,UPCOMINDEX,UPCOM-Index
2021-03-03,77.46,78.29,77.43,78.1,58457500,UPCOMINDEX,UPCOM-Index
2021-03-04,78.11,78.51,77.29,77.96,108826670,UPCOMINDEX,UPCOM-Index
2021-03-05,77.96,78.57,77.41,78.56,117897792,UPCOMINDEX,UPCOM-Index
2021-03-08,78.56,79.65,78.46,79.42,80891020,UPCOMINDEX,UPCOM-Index
2021-03-09,79.47,79.79,78.9,79.54,89469255,UPCOMINDEX,UPCOM-Index
2021-03-10,79.54,80.26,79.51,80.24,57515775,UPCOMINDEX,UPCOM-Index
2021-03-11,80.25,80.7,80.01,80.34,55887470,UPCOMINDEX,UPCOM-Index
2021-03-12,80.36,80.68,80.01,80.33,82974550,UPCOMINDEX,UPCOM-Index
2021-03-15,80.33,80.88,80.25,80.82,51439911,UPCOMINDEX,UPCOM-Index
2021-03-16,80.82,81.18,80.52,80.93,71981660,UPCOMINDEX,UPCOM-Index
2021-03-17,80.93,81.71,80.73,81.71,81637201,UPCOMINDEX,UPCOM-Index
2021-03-18,81.63,82.14,81.38,81.69,50601749,UPCOMINDEX,UPCOM-Index
2021-03-19,81.68,81.68,81.04,81.48,113198236,UPCOMINDEX,UPCOM-Index
2021-03-22,81.2,81.54,80.99,81.28,60562296,UPCOMINDEX,UPCOM-Index
2021-03-23,81.28,81.68,80.55,81.14,58920987,UPCOMINDEX,UPCOM-Index
2021-03-24,81.14,81.14,79.49,80.5,74290382,UPCOMINDEX,UPCOM-Index
2021-03-25,80.5,80.92,79.95,80.38,51064019,UPCOMINDEX,UPCOM-Index
2021-03-26,80.38,80.38,78.1,79.85,110459427,UPCOMINDEX,UPCOM-Index
2021-03-29,79.86,80.54,79.76,80.52,56531715,UPCOMINDEX,UPCOM-Index
2021-03-30,80.52,80.8,80.07,80.63,53723258,UPCOMINDEX,UPCOM-Index
2021-03-31,80.62,81.43,80.59,81.41,88912969,UPCOMINDEX,UPCOM-Index
2021-04-01,81.41,81.89,81.2,81.71,74371686,UPCOMINDEX,UPCOM-Index
2021-04-02,81.71,82.51,81.69,82.27,113619406,UPCOMINDEX,UPCOM-Index
2021-04-05,82.27,83.01,82.27,82.84,85729780,UPCOMINDEX,UPCOM-Index
2021-04-06,82.84,82.87,82.24,82.6,81851697,UPCOMINDEX,UPCOM-Index
2021-04-07,82.58,82.72,82.25,82.56,77246566,UPCOMINDEX,UPCOM-Index
2021-04-08,82.83,83.26,82.31,83.07,91256591,UPCOMINDEX,UPCOM-Index
2021-04-09,83.07,83.31,82.64,83.01,109562294,UPCOMINDEX,UPCOM-Index
2021-04-12,83.01,84.15,83.01,84.1,79831791,UPCOMINDEX,UPCOM-Index
2021-04-13,84.12,84.32,82.95,83.13,117135171,UPCOMINDEX,UPCOM-Index
2021-04-14,83.14,83.4,82.38,83.4,75799898,UPCOMINDEX,UPCOM-Index
2021-04-15,83.4,83.61,82.47,82.7,73288247,UPCOMINDEX,UPCOM-Index
2021-04-16,82.7,82.91,81.05,81.79,129582833,UPCOMINDEX,UPCOM-Index
2021-04-19,81.79,82.04,81.1,81.99,56404452,UPCOMINDEX,UPCOM-Index
2021-04-20,81.98,82.38,81.5,81.73,66763333,UPCOMINDEX,UPCOM-Index
2021-04-22,81.7,82.0,79.58,79.75,64554286,UPCOMINDEX,UPCOM-Index
2021-04-23,79.75,80.48,78.88,80.4,111484649,UPCOMINDEX,UPCOM-Index
2021-04-26,80.4,80.85,79.26,79.42,50785605,UPCOMINDEX,UPCOM-Index
2021-04-27,79.42,79.96,79.24,79.41,39169704,UPCOMINDEX,UPCOM-Index
2021-04-28,79.42,80.13,79.28,80.12,30104907,UPCOMINDEX,UPCOM-Index
2021-04-29,80.12,80.83,80.04,80.68,41582916,UPCOMINDEX,UPCOM-Index
2021-05-04,80.68,80.7,79.26,79.86,40515134,UPCOMINDEX,UPCOM-Index
2021-05-05,79.86,80.76,79.8,80.66,52626921,UPCOMINDEX,UPCOM-Index
2021-05-06,80.64,81.41,80.54,81.18,53706362,UPCOMINDEX,UPCOM-Index
2021-05-07,81.18,81.33,80.07,80.85,98957097,UPCOMINDEX,UPCOM-Index
2021-05-10,80.85,80.87,80.34,80.84,53883365,UPCOMINDEX,UPCOM-Index
2021-05-11,80.82,81.13,80.63,81.07,47732846,UPCOMINDEX,UPCOM-Index
2021-05-12,81.08,81.48,80.87,81.47,48628127,UPCOMINDEX,UPCOM-Index
2021-05-13,81.46,81.67,81.04,81.17,52313024,UPCOMINDEX,UPCOM-Index
2021-05-14,81.17,81.55,80.84,81.0,86164874,UPCOMINDEX,UPCOM-Index
2021-05-17,81.01,81.14,80.12,80.42,46271013,UPCOMINDEX,UPCOM-Index
2021-05-18,80.42,80.51,79.92,80.06,58799580,UPCOMINDEX,UPCOM-Index
2021-05-19,80.07,80.28,79.62,79.81,39050622,UPCOMINDEX,UPCOM-Index
2021-05-20,79.82,80.0,79.43,79.75,62295071,UPCOMINDEX,UPCOM-Index
2021-05-21,79.74,81.8,79.53,81.63,117616427,UPCOMINDEX,UPCOM-Index
2021-05-24,81.63,82.79,81.59,82.63,49530250,UPCOMINDEX,UPCOM-Index
2021-05-25,82.64,83.18,82.58,82.91,60413426,UPCOMINDEX,UPCOM-Index
2021-05-26,82.99,83.23,82.81,83.06,57446712,UPCOMINDEX,UPCOM-Index
2021-05-27,83.16,84.41,83.08,84.08,72146170,UPCOMINDEX,UPCOM-Index
2021-05-28,84.18,86.37,84.12,86.11,125777531,UPCOMINDEX,UPCOM-Index
2021-05-31,86.11,88.79,86.02,88.77,108911249,UPCOMINDEX,UPCOM-Index
2021-06-01,88.77,90.68,88.35,88.87,97678718,UPCOMINDEX,UPCOM-Index
2021-06-02,88.87,89.81,87.81,89.39,114675159,UPCOMINDEX,UPCOM-Index
2021-06-03,89.39,91.02,89.27,90.67,117974612,UPCOMINDEX,UPCOM-Index
2021-06-04,90.69,91.1,89.88,90.59,173155179,UPCOMINDEX,UPCOM-Index
2021-06-07,90.59,90.73,87.8,89.06,111753623,UPCOMINDEX,UPCOM-Index
2021-06-08,89.04,89.32,86.0,86.4,109111208,UPCOMINDEX,UPCOM-Index
2021-06-09,86.4,87.99,85.06,87.25,85859163,UPCOMINDEX,UPCOM-Index
2021-06-10,87.25,87.87,86.84,87.17,76370650,UPCOMINDEX,UPCOM-Index
2021-06-11,87.17,89.14,87.17,88.93,118022887,UPCOMINDEX,UPCOM-Index
2021-06-14,88.9,89.3,88.34,88.83,91917133,UPCOMINDEX,UPCOM-Index
2021-06-15,88.82,89.38,88.54,88.87,73281722,UPCOMINDEX,UPCOM-Index
2021-06-16,88.87,89.32,88.45,88.82,82299380,UPCOMINDEX,UPCOM-Index
2021-06-17,88.82,89.56,88.41,89.55,69812905,UPCOMINDEX,UPCOM-Index
2021-06-18,89.56,90.23,89.52,90.22,133381688,UPCOMINDEX,UPCOM-Index
2021-06-21,90.23,90.38,89.47,89.71,80058534,UPCOMINDEX,UPCOM-Index
2021-06-22,89.7,90.29,89.7,90.1,77252975,UPCOMINDEX,UPCOM-Index
2021-06-23,90.09,90.51,89.66,90.04,89753411,UPCOMINDEX,UPCOM-Index
2021-06-24,90.02,90.43,89.44,89.68,51033399,UPCOMINDEX,UPCOM-Index
2021-06-25,89.67,90.1,88.97,89.48,95167003,UPCOMINDEX,UPCOM-Index
2021-06-28,89.48,89.99,89.17,89.8,68490705,UPCOMINDEX,UPCOM-Index
2021-06-29,89.8,91.08,89.8,90.3,69204645,UPCOMINDEX,UPCOM-Index
2021-06-30,90.31,90.61,89.99,90.25,53663440,UPCOMINDEX,UPCOM-Index
2021-07-01,90.26,90.55,89.75,90.44,83382205,UPCOMINDEX,UPCOM-Index
2021-07-02,90.44,90.95,90.23,90.64,105232078,UPCOMINDEX,UPCOM-Index
2021-07-05,90.64,91.19,90.0,90.47,80002701,UPCOMINDEX,UPCOM-Index
2021-07-06,90.48,91.47,88.99,89.07,87297523,UPCOMINDEX,UPCOM-Index
2021-07-07,89.07,89.59,88.25,89.14,74849315,UPCOMINDEX,UPCOM-Index
2021-07-08,89.14,89.25,88.17,88.49,47509424,UPCOMINDEX,UPCOM-Index
2021-07-09,88.49,88.78,86.7,87.08,115522439,UPCOMINDEX,UPCOM-Index
2021-07-12,87.08,87.74,82.52,83.89,87286224,UPCOMINDEX,UPCOM-Index
2021-07-13,83.89,85.69,83.47,85.36,49113129,UPCOMINDEX,UPCOM-Index
2021-07-14,85.36,85.39,83.77,84.56,41432425,UPCOMINDEX,UPCOM-Index
2021-07-15,84.56,85.0,83.91,84.98,34932534,UPCOMINDEX,UPCOM-Index
2021-07-16,84.99,85.54,84.99,85.33,65796805,UPCOMINDEX,UPCOM-Index
2021-07-19,85.33,85.33,82.45,82.59,62846440,UPCOMINDEX,UPCOM-Index
2021-07-20,82.59,83.71,82.27,83.69,46365192,UPCOMINDEX,UPCOM-Index
2021-07-21,83.69,84.58,83.56,84.3,31980991,UPCOMINDEX,UPCOM-Index
2021-07-22,84.8,85.71,84.64,85.57,44250967,UPCOMINDEX,UPCOM-Index
2021-07-23,85.57,85.57,84.21,84.37,72795856,UPCOMINDEX,UPCOM-Index
2021-07-26,84.37,84.4,83.06,83.87,35660633,UPCOMINDEX,UPCOM-Index
2021-07-27,83.47,84.88,83.45,84.77,57004499,UPCOMINDEX,UPCOM-Index
2021-07-28,84.78,85.17,84.75,84.96,36821862,UPCOMINDEX,UPCOM-Index
2021-07-29,84.96,86.14,84.96,86.14,42178696,UPCOMINDEX,UPCOM-Index
2021-07-30,86.14,86.94,85.97,86.93,83969636,UPCOMINDEX,UPCOM-Index
2021-08-02,86.94,87.57,86.89,87.35,58754928,UPCOMINDEX,UPCOM-Index
2021-08-03,87.36,87.71,86.92,87.59,63738812,UPCOMINDEX,UPCOM-Index
2021-08-04,87.59,87.91,87.16,87.52,62097025,UPCOMINDEX,UPCOM-Index
2021-08-05,87.53,87.95,87.29,87.93,54877249,UPCOMINDEX,UPCOM-Index
2021-08-06,87.93,88.67,87.77,88.28,103844696,UPCOMINDEX,UPCOM-Index
2021-08-09,88.28,89.4,88.1,89.38,74406848,UPCOMINDEX,UPCOM-Index
2021-08-10,89.38,90.54,89.29,90.53,90296527,UPCOMINDEX,UPCOM-Index
2021-08-11,90.53,92.36,90.52,92.01,79368128,UPCOMINDEX,UPCOM-Index
2021-08-12,92.02,92.71,91.89,91.98,86625154,UPCOMINDEX,UPCOM-Index
2021-08-13,91.98,92.3,90.89,92.17,144755113,UPCOMINDEX,UPCOM-Index
2021-08-16,92.18,94.04,92.08,94.04,98030120,UPCOMINDEX,UPCOM-Index
2021-08-17,94.04,94.98,93.72,94.2,81602844,UPCOMINDEX,UPCOM-Index
2021-08-18,94.75,95.02,94.32,94.48,70860682,UPCOMINDEX,UPCOM-Index
2021-08-19,94.51,94.72,94.17,94.71,99475571,UPCOMINDEX,UPCOM-Index
2021-08-20,94.71,94.87,91.36,92.47,224138896,UPCOMINDEX,UPCOM-Index
2021-08-23,92.71,92.78,91.09,91.46,102849330,UPCOMINDEX,UPCOM-Index
2021-08-24,91.46,91.73,90.3,91.13,89501203,UPCOMINDEX,UPCOM-Index
2021-08-25,91.13,91.55,90.54,91.53,61661660,UPCOMINDEX,UPCOM-Index
2021-08-26,91.53,92.01,91.26,91.55,63229189,UPCOMINDEX,UPCOM-Index
2021-08-27,91.55,92.04,90.74,92.01,120228314,UPCOMINDEX,UPCOM-Index
2021-08-30,92.13,93.31,92.08,93.22,90423068,UPCOMINDEX,UPCOM-Index
2021-08-31,93.22,93.97,93.09,93.77,101939529,UPCOMINDEX,UPCOM-Index
2021-09-01,93.77,94.01,93.26,94.01,101280603,UPCOMINDEX,UPCOM-Index
2021-09-06,94.01,94.66,93.91,94.66,125335339,UPCOMINDEX,UPCOM-Index
2021-09-07,94.66,95.18,94.22,94.7,128243405,UPCOMINDEX,UPCOM-Index
2021-09-08,94.74,95.04,94.1,94.36,78283578,UPCOMINDEX,UPCOM-Index
2021-09-09,94.36,94.83,94.17,94.83,76987126,UPCOMINDEX,UPCOM-Index
2021-09-10,94.83,95.41,94.78,95.41,146553292,UPCOMINDEX,UPCOM-Index
2021-09-13,95.4,95.81,94.83,95.26,111904781,UPCOMINDEX,UPCOM-Index
2021-09-14,95.27,95.55,94.85,95.01,95488703,UPCOMINDEX,UPCOM-Index
2021-09-15,95.02,95.86,94.72,95.81,130530044,UPCOMINDEX,UPCOM-Index
2021-09-16,95.81,96.3,95.61,96.25,108523550,UPCOMINDEX,UPCOM-Index
2021-09-17,96.25,97.4,96.22,97.4,169407039,UPCOMINDEX,UPCOM-Index
2021-09-20,97.41,98.59,97.13,97.45,139231943,UPCOMINDEX,UPCOM-Index
2021-09-21,97.46,97.49,95.83,96.77,116434155,UPCOMINDEX,UPCOM-Index
2021-09-22,96.77,97.66,96.38,97.65,116561149,UPCOMINDEX,UPCOM-Index
2021-09-23,97.66,98.56,97.46,98.37,139101996,UPCOMINDEX,UPCOM-Index
2021-09-24,98.37,98.81,97.56,98.07,165628584,UPCOMINDEX,UPCOM-Index
2021-09-27,98.07,98.2,95.65,95.76,107033274,UPCOMINDEX,UPCOM-Index
2021-09-28,95.74,96.04,94.56,96.01,110069969,UPCOMINDEX,UPCOM-Index
2021-09-29,96.01,96.07,95.17,95.94,63068605,UPCOMINDEX,UPCOM-Index
2021-09-30,95.94,96.56,95.67,96.56,61437771,UPCOMINDEX,UPCOM-Index
2021-10-01,96.57,96.62,95.67,95.98,147007860,UPCOMINDEX,UPCOM-Index
2021-10-04,95.98,96.18,95.39,96.18,113011287,UPCOMINDEX,UPCOM-Index
2021-10-05,96.18,96.91,95.92,96.9,82638219,UPCOMINDEX,UPCOM-Index
2021-10-06,96.9,97.4,96.84,97.38,89851618,UPCOMINDEX,UPCOM-Index
2021-10-07,97.4,98.25,97.24,97.96,99253664,UPCOMINDEX,UPCOM-Index
2021-10-08,97.97,98.39,97.7,98.3,125575743,UPCOMINDEX,UPCOM-Index
2021-10-11,98.3,98.89,97.97,98.8,84242257,UPCOMINDEX,UPCOM-Index
2021-10-12,98.8,99.07,98.39,98.81,100142747,UPCOMINDEX,UPCOM-Index
2021-10-13,98.82,99.28,98.37,98.78,73690857,UPCOMINDEX,UPCOM-Index
2021-10-14,98.78,99.35,98.48,99.28,80580394,UPCOMINDEX,UPCOM-Index
2021-10-15,99.35,99.61,99.01,99.44,157997608,UPCOMINDEX,UPCOM-Index
2021-10-18,99.44,99.8,99.1,99.37,117676505,UPCOMINDEX,UPCOM-Index
2021-10-19,99.37,99.62,98.89,99.6,84625180,UPCOMINDEX,UPCOM-Index
2021-10-20,99.56,100.01,98.98,99.68,108126690,UPCOMINDEX,UPCOM-Index
2021-10-21,99.72,99.98,99.36,99.77,85113045,UPCOMINDEX,UPCOM-Index
2021-10-22,99.78,100.58,99.7,100.36,170525783,UPCOMINDEX,UPCOM-Index
2021-10-25,100.37,101.24,100.31,100.92,100609532,UPCOMINDEX,UPCOM-Index
2021-10-26,100.91,101.88,100.71,101.88,82567460,UPCOMINDEX,UPCOM-Index
2021-10-27,101.88,102.75,101.58,102.67,114437851,UPCOMINDEX,UPCOM-Index
2021-10-28,102.68,104.41,102.39,104.38,122055384,UPCOMINDEX,UPCOM-Index
2021-10-29,104.39,105.39,103.63,105.38,148796509,UPCOMINDEX,UPCOM-Index
2021-11-01,105.38,106.25,105.14,105.95,136947217,UPCOMINDEX,UPCOM-Index
2021-11-02,105.95,106.96,105.38,106.93,129587443,UPCOMINDEX,UPCOM-Index
2021-11-03,106.92,108.01,106.25,106.98,172750306,UPCOMINDEX,UPCOM-Index
2021-11-04,107.04,107.41,106.27,107.38,105825111,UPCOMINDEX,UPCOM-Index
2021-11-05,107.39,108.24,106.58,108.2,169668266,UPCOMINDEX,UPCOM-Index
2021-11-08,108.2,109.35,108.07,109.03,126251479,UPCOMINDEX,UPCOM-Index
2021-11-09,109.03,109.43,108.6,109.18,131467818,UPCOMINDEX,UPCOM-Index
2021-11-10,109.18,109.71,108.7,109.66,117348106,UPCOMINDEX,UPCOM-Index
2021-11-11,109.66,110.14,108.45,109.21,140698743,UPCOMINDEX,UPCOM-Index
2021-11-12,109.26,110.68,108.98,110.66,199410047,UPCOMINDEX,UPCOM-Index
2021-11-15,110.69,111.94,110.29,111.74,164685885,UPCOMINDEX,UPCOM-Index
2021-11-16,111.46,112.16,110.53,111.48,126704411,UPCOMINDEX,UPCOM-Index
2021-11-17,111.48,112.22,111.16,112.21,119052370,UPCOMINDEX,UPCOM-Index
2021-11-18,112.2,113.52,111.96,113.52,146857651,UPCOMINDEX,UPCOM-Index
2021-11-19,113.52,115.03,111.31,113.24,321165648,UPCOMINDEX,UPCOM-Index
2021-11-22,113.21,114.52,111.52,111.96,150421865,UPCOMINDEX,UPCOM-Index
2021-11-23,111.97,113.08,110.82,113.03,88283161,UPCOMINDEX,UPCOM-Index
2021-11-24,113.04,114.64,112.9,114.64,100306721,UPCOMINDEX,UPCOM-Index
2021-11-25,114.65,115.12,113.82,114.61,89578670,UPCOMINDEX,UPCOM-Index
2021-11-26,114.61,115.27,113.46,114.34,205745932,UPCOMINDEX,UPCOM-Index
2021-11-29,114.34,114.34,112.35,114.06,106119222,UPCOMINDEX,UPCOM-Index
2021-11-30,114.09,115.36,113.62,114.1,121530554,UPCOMINDEX,UPCOM-Index
2021-12-01,114.2,114.62,113.66,114.58,97713552,UPCOMINDEX,UPCOM-Index
2021-12-02,114.63,115.23,114.37,114.55,102579190,UPCOMINDEX,UPCOM-Index
2021-12-03,114.55,115.35,111.87,112.11,191732628,UPCOMINDEX,UPCOM-Index
2021-12-06,112.12,112.4,108.21,109.19,99040185,UPCOMINDEX,UPCOM-Index
2021-12-07,109.2,110.85,108.97,110.85,77616941,UPCOMINDEX,UPCOM-Index
2021-12-08,110.85,111.47,110.59,111.29,61196993,UPCOMINDEX,UPCOM-Index
2021-12-09,111.29,111.92,110.6,111.91,65231584,UPCOMINDEX,UPCOM-Index
2021-12-10,111.92,112.53,111.17,111.81,191761443,UPCOMINDEX,UPCOM-Index
2021-12-13,111.83,112.38,111.73,112.3,76683475,UPCOMINDEX,UPCOM-Index
2021-12-14,112.3,112.61,111.68,112.09,84992731,UPCOMINDEX,UPCOM-Index
2021-12-15,112.08,112.3,111.42,111.72,71950629,UPCOMINDEX,UPCOM-Index
2021-12-16,111.72,111.86,111.36,111.73,66059769,UPCOMINDEX,UPCOM-Index
2021-12-17,111.75,111.91,111.5,111.6,187423085,UPCOMINDEX,UPCOM-Index
2021-12-20,111.6,111.93,110.68,111.02,81705149,UPCOMINDEX,UPCOM-Index
2021-12-21,111.02,111.39,110.61,111.37,73066819,UPCOMINDEX,UPCOM-Index
2021-12-22,111.48,111.68,110.65,110.93,97430544,UPCOMINDEX,UPCOM-Index
2021-12-23,110.93,111.34,108.81,109.53,128578710,UPCOMINDEX,UPCOM-Index
2021-12-24,109.53,110.2,109.25,110.2,145300907,UPCOMINDEX,UPCOM-Index
2021-12-27,110.2,111.06,109.98,110.37,83642604,UPCOMINDEX,UPCOM-Index
2021-12-28,110.37,111.04,109.94,110.44,107118148,UPCOMINDEX,UPCOM-Index
2021-12-29,110.46,111.11,110.33,110.76,82847474,UPCOMINDEX,UPCOM-Index
2021-12-30,110.78,111.93,110.67,111.56,87233257,UPCOMINDEX,UPCOM-Index
2021-12-31,111.55,112.68,111.55,112.68,172041451,UPCOMINDEX,UPCOM-Index
2022-01-04,112.66,113.75,112.66,113.72,113474487,UPCOMINDEX,UPCOM-Index
2022-01-05,113.71,114.29,113.6,114.26,118118173,UPCOMINDEX,UPCOM-Index
2022-01-06,114.27,114.73,113.96,114.39,116487545,UPCOMINDEX,UPCOM-Index
2022-01-07,114.39,115.68,114.39,115.6,174106867,UPCOMINDEX,UPCOM-Index
2022-01-10,115.71,115.98,114.27,114.3,143962719,UPCOMINDEX,UPCOM-Index
2022-01-11,114.22,115.03,114.07,114.54,100300883,UPCOMINDEX,UPCOM-Index
2022-01-12,114.54,114.73,112.52,114.19,112854514,UPCOMINDEX,UPCOM-Index
2022-01-13,114.21,114.67,112.29,112.67,87067595,UPCOMINDEX,UPCOM-Index
2022-01-14,112.77,112.79,110.93,112.22,150571108,UPCOMINDEX,UPCOM-Index
2022-01-17,112.22,112.48,108.99,109.36,95984610,UPCOMINDEX,UPCOM-Index
2022-01-18,109.37,109.45,106.91,107.47,66858786,UPCOMINDEX,UPCOM-Index
2022-01-19,107.48,108.42,107.15,107.84,55607530,UPCOMINDEX,UPCOM-Index
2022-01-20,107.85,109.71,107.84,109.67,57097931,UPCOMINDEX,UPCOM-Index
2022-01-21,109.67,110.44,109.5,109.68,132544878,UPCOMINDEX,UPCOM-Index
2022-01-24,109.67,109.93,106.55,106.71,56872457,UPCOMINDEX,UPCOM-Index
2022-01-25,106.71,108.03,106.61,108.03,49757768,UPCOMINDEX,UPCOM-Index
2022-01-26,108.06,109.32,107.98,109.05,52069788,UPCOMINDEX,UPCOM-Index
2022-01-27,109.13,109.86,108.56,108.73,40663365,UPCOMINDEX,UPCOM-Index
2022-01-28,108.73,109.75,108.18,109.69,115613072,UPCOMINDEX,UPCOM-Index
2022-02-07,109.69,111.13,109.69,110.75,51839294,UPCOMINDEX,UPCOM-Index
2022-02-08,110.79,111.62,110.72,111.52,48725508,UPCOMINDEX,UPCOM-Index
2022-02-09,111.52,112.0,111.28,112.0,61024133,UPCOMINDEX,UPCOM-Index
2022-02-10,112.02,112.64,112.0,112.64,65123544,UPCOMINDEX,UPCOM-Index
2022-02-11,112.64,112.78,112.05,112.54,95424321,UPCOMINDEX,UPCOM-Index
2022-02-14,112.54,112.58,110.73,110.85,72448693,UPCOMINDEX,UPCOM-Index
2022-02-15,110.85,111.28,110.48,111.22,46467519,UPCOMINDEX,UPCOM-Index
2022-02-16,111.21,111.83,111.14,111.8,60991717,UPCOMINDEX,UPCOM-Index
2022-02-17,111.81,112.43,111.57,112.42,60556393,UPCOMINDEX,UPCOM-Index
2022-02-18,112.43,112.73,112.12,112.72,109944124,UPCOMINDEX,UPCOM-Index
2022-02-21,112.73,113.72,112.61,113.67,82331551,UPCOMINDEX,UPCOM-Index
2022-02-22,113.71,113.75,112.23,113.01,82170816,UPCOMINDEX,UPCOM-Index
2022-02-23,113.06,113.75,112.99,113.51,88981276,UPCOMINDEX,UPCOM-Index
2022-02-24,113.47,113.72,110.39,112.32,117387748,UPCOMINDEX,UPCOM-Index
2022-02-25,112.33,112.98,112.29,112.66,118097127,UPCOMINDEX,UPCOM-Index
2022-02-28,112.66,112.83,112.05,112.2,69551381,UPCOMINDEX,UPCOM-Index
2022-03-01,112.2,112.58,111.97,112.38,71106684,UPCOMINDEX,UPCOM-Index
2022-03-02,112.38,112.39,111.37,111.8,76146296,UPCOMINDEX,UPCOM-Index
2022-03-03,111.83,113.31,111.68,113.19,106674364,UPCOMINDEX,UPCOM-Index
2022-03-04,113.19,113.74,113.19,113.29,130513347,UPCOMINDEX,UPCOM-Index
2022-03-07,113.29,113.58,112.99,113.22,116170622,UPCOMINDEX,UPCOM-Index
2022-03-08,113.22,113.25,112.48,112.61,110356426,UPCOMINDEX,UPCOM-Index
2022-03-09,112.6,113.97,112.51,113.37,98881262,UPCOMINDEX,UPCOM-Index
2022-03-10,113.36,115.34,113.2,115.29,94459060,UPCOMINDEX,UPCOM-Index
2022-03-11,115.3,116.4,114.93,115.37,161038939,UPCOMINDEX,UPCOM-Index
2022-03-14,115.4,115.75,114.49,115.05,92207442,UPCOMINDEX,UPCOM-Index
2022-03-15,115.1,115.65,113.77,115.56,69253062,UPCOMINDEX,UPCOM-Index
2022-03-16,115.56,116.73,115.54,116.04,46913361,UPCOMINDEX,UPCOM-Index
2022-03-17,116.04,116.56,115.87,115.94,57335306,UPCOMINDEX,UPCOM-Index
2022-03-18,115.94,116.46,115.75,116.04,102712102,UPCOMINDEX,UPCOM-Index
2022-03-21,116.03,116.47,115.6,116.18,74944221,UPCOMINDEX,UPCOM-Index
2022-03-22,116.18,116.8,115.83,116.8,65539785,UPCOMINDEX,UPCOM-Index
2022-03-23,116.74,116.91,116.09,116.58,65674310,UPCOMINDEX,UPCOM-Index
2022-03-24,116.58,117.28,116.23,117.27,62062504,UPCOMINDEX,UPCOM-Index
2022-03-25,117.31,117.39,116.38,117.0,119600448,UPCOMINDEX,UPCOM-Index
2022-03-28,117.0,117.03,115.42,116.01,91467857,UPCOMINDEX,UPCOM-Index
2022-03-29,116.01,117.37,115.98,117.37,69955998,UPCOMINDEX,UPCOM-Index
2022-03-30,117.36,117.78,116.4,116.88,94775014,UPCOMINDEX,UPCOM-Index
2022-03-31,116.88,117.49,116.53,117.04,62832257,UPCOMINDEX,UPCOM-Index
2022-04-01,117.04,117.19,115.54,117.19,116581085,UPCOMINDEX,UPCOM-Index
2022-04-04,117.19,117.86,116.99,117.67,75909898,UPCOMINDEX,UPCOM-Index
2022-04-05,117.67,117.75,117.1,117.7,52996268,UPCOMINDEX,UPCOM-Index
2022-04-06,117.7,117.77,116.39,116.84,53083151,UPCOMINDEX,UPCOM-Index
2022-04-07,116.84,116.89,115.58,115.81,50450939,UPCOMINDEX,UPCOM-Index
2022-04-08,115.83,115.88,113.67,113.84,101813827,UPCOMINDEX,UPCOM-Index
2022-04-12,113.84,114.42,112.39,112.53,59273575,UPCOMINDEX,UPCOM-Index
2022-04-13,112.54,113.32,111.54,113.3,44080619,UPCOMINDEX,UPCOM-Index
2022-04-14,113.32,113.68,112.88,113.41,34842480,UPCOMINDEX,UPCOM-Index
2022-04-15,113.41,113.53,112.09,112.36,79651323,UPCOMINDEX,UPCOM-Index
2022-04-18,112.36,112.75,109.37,110.21,63280103,UPCOMINDEX,UPCOM-Index
2022-04-19,110.22,111.08,108.0,108.32,53593573,UPCOMINDEX,UPCOM-Index
2022-04-20,108.32,108.55,105.61,106.4,59035461,UPCOMINDEX,UPCOM-Index
2022-04-21,106.42,106.42,102.35,104.89,76988825,UPCOMINDEX,UPCOM-Index
2022-04-22,104.89,105.54,102.35,104.15,91568585,UPCOMINDEX,UPCOM-Index
2022-04-25,104.15,104.37,98.35,99.54,56044873,UPCOMINDEX,UPCOM-Index
2022-04-26,99.55,101.2,96.5,101.15,53429260,UPCOMINDEX,UPCOM-Index
2022-04-27,101.2,101.8,100.31,101.37,36026535,UPCOMINDEX,UPCOM-Index
2022-04-28,101.36,102.85,101.32,102.69,35161053,UPCOMINDEX,UPCOM-Index
2022-04-29,102.68,104.56,102.6,104.31,73732792,UPCOMINDEX,UPCOM-Index
2022-05-04,104.29,104.87,103.68,104.02,35555286,UPCOMINDEX,UPCOM-Index
2022-05-05,104.02,104.9,103.1,103.82,36964082,UPCOMINDEX,UPCOM-Index
2022-05-06,103.79,103.8,101.36,101.88,59811731,UPCOMINDEX,UPCOM-Index
2022-05-09,101.88,101.88,96.04,96.5,49246695,UPCOMINDEX,UPCOM-Index
2022-05-10,96.48,99.08,95.19,99.06,36607556,UPCOMINDEX,UPCOM-Index
2022-05-11,99.06,99.39,97.64,98.79,22928919,UPCOMINDEX,UPCOM-Index
2022-05-12,98.79,100.02,95.45,96.44,31951158,UPCOMINDEX,UPCOM-Index
2022-05-13,96.43,97.03,91.76,93.61,76626675,UPCOMINDEX,UPCOM-Index
2022-05-16,93.71,95.62,92.58,93.2,28830615,UPCOMINDEX,UPCOM-Index
2022-05-17,93.2,95.89,92.56,95.89,42621180,UPCOMINDEX,UPCOM-Index
2022-05-18,95.89,96.27,94.43,94.73,32402704,UPCOMINDEX,UPCOM-Index
2022-05-19,94.73,94.78,93.44,94.58,34629272,UPCOMINDEX,UPCOM-Index
2022-05-20,94.58,94.99,93.89,94.11,56127171,UPCOMINDEX,UPCOM-Index
2022-05-23,94.24,95.02,93.1,93.63,36710532,UPCOMINDEX,UPCOM-Index
2022-05-24,93.92,94.85,92.0,93.12,37662468,UPCOMINDEX,UPCOM-Index
2022-05-25,93.18,94.79,93.18,94.78,47155350,UPCOMINDEX,UPCOM-Index
2022-05-26,94.8,95.67,94.47,94.95,47268880,UPCOMINDEX,UPCOM-Index
2022-05-27,94.96,95.48,94.86,95.29,58542799,UPCOMINDEX,UPCOM-Index
2022-05-30,95.29,95.71,95.07,95.71,46749660,UPCOMINDEX,UPCOM-Index
2022-05-31,95.72,96.24,94.95,95.45,58386472,UPCOMINDEX,UPCOM-Index
2022-06-01,95.44,95.67,94.39,95.1,43105965,UPCOMINDEX,UPCOM-Index
2022-06-02,95.09,95.43,94.11,94.32,50240566,UPCOMINDEX,UPCOM-Index
2022-06-03,94.32,94.44,93.63,94.17,63272966,UPCOMINDEX,UPCOM-Index
2022-06-06,94.17,94.62,93.66,93.9,72917766,UPCOMINDEX,UPCOM-Index
2022-06-07,93.9,94.01,92.83,93.69,66526808,UPCOMINDEX,UPCOM-Index
2022-06-08,93.71,95.06,93.69,95.0,50399606,UPCOMINDEX,UPCOM-Index
2022-06-09,95.01,95.39,94.66,94.89,45225696,UPCOMINDEX,UPCOM-Index
2022-06-10,94.82,95.06,93.59,93.72,87250064,UPCOMINDEX,UPCOM-Index
2022-06-13,93.72,93.72,90.36,90.53,72699068,UPCOMINDEX,UPCOM-Index
2022-06-14,90.53,91.12,89.51,90.62,53541213,UPCOMINDEX,UPCOM-Index
2022-06-15,90.56,91.15,87.92,88.65,56341098,UPCOMINDEX,UPCOM-Index
2022-06-16,88.66,89.75,88.37,89.25,49638736,UPCOMINDEX,UPCOM-Index
2022-06-17,89.25,89.28,86.1,87.1,72556457,UPCOMINDEX,UPCOM-Index
2022-06-20,87.13,87.51,84.79,85.44,119835956,UPCOMINDEX,UPCOM-Index
2022-06-21,85.44,85.66,84.63,85.03,53579962,UPCOMINDEX,UPCOM-Index
2022-06-22,85.03,85.94,84.97,85.63,52280074,UPCOMINDEX,UPCOM-Index
2022-06-23,85.64,86.7,85.46,86.7,34686777,UPCOMINDEX,UPCOM-Index
2022-06-24,86.7,87.33,86.66,87.1,105982052,UPCOMINDEX,UPCOM-Index
2022-06-27,87.11,88.14,86.94,88.14,33654828,UPCOMINDEX,UPCOM-Index
2022-06-28,88.14,89.02,87.88,89.01,40292725,UPCOMINDEX,UPCOM-Index
2022-06-29,89.01,89.39,88.53,88.88,36632037,UPCOMINDEX,UPCOM-Index
2022-06-30,88.9,89.13,87.52,88.58,33256037,UPCOMINDEX,UPCOM-Index
2022-07-01,88.58,88.66,86.57,88.18,130880938,UPCOMINDEX,UPCOM-Index
2022-07-04,88.18,88.59,87.73,87.9,23770324,UPCOMINDEX,UPCOM-Index
2022-07-05,87.9,88.07,86.61,87.19,35448008,UPCOMINDEX,UPCOM-Index
2022-07-06,87.19,87.31,85.85,86.22,56191333,UPCOMINDEX,UPCOM-Index
2022-07-07,86.24,86.39,85.43,86.38,28591538,UPCOMINDEX,UPCOM-Index
2022-07-08,86.38,86.97,86.25,86.96,45049258,UPCOMINDEX,UPCOM-Index
2022-07-11,86.96,86.98,85.65,86.25,28011932,UPCOMINDEX,UPCOM-Index
2022-07-12,86.25,86.78,86.19,86.78,34766940,UPCOMINDEX,UPCOM-Index
2022-07-13,86.78,87.11,86.42,87.09,42318747,UPCOMINDEX,UPCOM-Index
2022-07-14,87.09,87.4,86.82,87.19,31836523,UPCOMINDEX,UPCOM-Index
2022-07-15,87.19,87.82,86.89,87.32,60568061,UPCOMINDEX,UPCOM-Index
2022-07-18,87.32,87.56,87.05,87.46,36793204,UPCOMINDEX,UPCOM-Index
2022-07-19,87.46,87.89,87.03,87.89,78619496,UPCOMINDEX,UPCOM-Index
2022-07-20,87.89,88.88,87.89,88.88,86639066,UPCOMINDEX,UPCOM-Index
2022-07-21,88.88,89.31,88.78,89.12,36177932,UPCOMINDEX,UPCOM-Index
2022-07-22,89.11,89.29,88.59,88.84,64846187,UPCOMINDEX,UPCOM-Index
2022-07-25,89.02,89.1,88.17,88.35,31027796,UPCOMINDEX,UPCOM-Index
2022-07-26,88.38,88.7,88.15,88.41,35705967,UPCOMINDEX,UPCOM-Index
2022-07-27,88.41,88.88,88.06,88.87,23728609,UPCOMINDEX,UPCOM-Index
2022-07-28,88.87,89.69,88.84,89.5,37138537,UPCOMINDEX,UPCOM-Index
2022-07-29,89.5,89.91,88.9,89.61,55005899,UPCOMINDEX,UPCOM-Index
2022-08-01,89.61,89.94,89.0,89.91,48131761,UPCOMINDEX,UPCOM-Index
2022-08-02,89.92,90.29,89.8,90.13,50575159,UPCOMINDEX,UPCOM-Index
2022-08-03,90.11,90.38,89.84,90.32,45099337,UPCOMINDEX,UPCOM-Index
2022-08-04,90.32,90.89,89.71,90.86,43359149,UPCOMINDEX,UPCOM-Index
2022-08-05,90.87,91.33,90.71,91.32,79172410,UPCOMINDEX,UPCOM-Index
2022-08-08,91.3,92.32,91.29,92.32,49210614,UPCOMINDEX,UPCOM-Index
2022-08-09,92.32,92.93,92.22,92.86,47715990,UPCOMINDEX,UPCOM-Index
2022-08-10,92.87,93.3,92.76,93.11,42520589,UPCOMINDEX,UPCOM-Index
2022-08-11,93.12,93.62,92.24,92.72,64341517,UPCOMINDEX,UPCOM-Index
2022-08-12,92.72,92.99,92.57,92.84,75173959,UPCOMINDEX,UPCOM-Index
2022-08-15,92.84,93.34,92.48,92.64,36583289,UPCOMINDEX,UPCOM-Index
2022-08-16,92.65,93.15,92.44,92.84,43956411,UPCOMINDEX,UPCOM-Index
2022-08-17,92.85,93.23,92.75,93.07,42935528,UPCOMINDEX,UPCOM-Index
2022-08-18,93.07,93.24,92.51,92.85,29608979,UPCOMINDEX,UPCOM-Index
2022-08-19,92.86,93.15,92.21,92.77,75666379,UPCOMINDEX,UPCOM-Index
2022-08-22,92.8,92.83,92.0,92.22,34694045,UPCOMINDEX,UPCOM-Index
2022-08-23,92.23,92.78,91.81,92.78,52387164,UPCOMINDEX,UPCOM-Index
2022-08-24,92.8,93.3,92.71,93.3,45325886,UPCOMINDEX,UPCOM-Index
2022-08-25,93.31,93.91,93.18,93.59,42026921,UPCOMINDEX,UPCOM-Index
2022-08-26,93.59,93.86,92.52,92.88,60475588,UPCOMINDEX,UPCOM-Index
2022-08-29,92.88,92.88,90.59,91.57,60629509,UPCOMINDEX,UPCOM-Index
2022-08-30,91.57,92.45,91.57,92.39,39308940,UPCOMINDEX,UPCOM-Index
2022-08-31,92.4,92.52,91.71,92.44,32649578,UPCOMINDEX,UPCOM-Index
2022-09-05,92.46,92.49,91.59,91.78,30776406,UPCOMINDEX,UPCOM-Index
2022-09-06,91.79,92.14,91.55,91.64,32455460,UPCOMINDEX,UPCOM-Index
2022-09-07,91.66,91.86,90.18,90.38,53999383,UPCOMINDEX,UPCOM-Index
2022-09-08,90.4,90.91,89.97,90.31,38594296,UPCOMINDEX,UPCOM-Index
2022-09-09,90.31,90.83,89.52,90.64,51492047,UPCOMINDEX,UPCOM-Index
2022-09-12,90.65,90.92,90.14,90.25,23821796,UPCOMINDEX,UPCOM-Index
2022-09-13,90.25,90.71,90.17,90.4,25227901,UPCOMINDEX,UPCOM-Index
2022-09-14,90.41,90.42,89.49,90.16,33968052,UPCOMINDEX,UPCOM-Index
2022-09-15,90.18,90.51,90.11,90.27,22230407,UPCOMINDEX,UPCOM-Index
2022-09-16,90.28,90.38,89.33,89.46,48545281,UPCOMINDEX,UPCOM-Index
2022-09-19,89.47,89.63,88.03,88.34,39248778,UPCOMINDEX,UPCOM-Index
2022-09-20,88.35,88.71,87.72,88.51,31506480,UPCOMINDEX,UPCOM-Index
2022-09-21,88.51,88.55,88.01,88.23,29246979,UPCOMINDEX,UPCOM-Index
2022-09-22,88.23,88.55,87.64,88.55,33330422,UPCOMINDEX,UPCOM-Index
2022-09-23,88.56,88.75,88.28,88.59,50716293,UPCOMINDEX,UPCOM-Index
2022-09-26,88.6,88.62,85.98,86.68,40699314,UPCOMINDEX,UPCOM-Index
2022-09-27,86.67,87.06,86.52,86.71,25764950,UPCOMINDEX,UPCOM-Index
2022-09-28,86.73,86.84,85.34,85.84,35079963,UPCOMINDEX,UPCOM-Index
2022-09-29,85.86,86.32,85.01,85.22,27195373,UPCOMINDEX,UPCOM-Index
2022-09-30,85.23,85.36,83.26,84.96,53967610,UPCOMINDEX,UPCOM-Index
2022-10-03,84.96,84.98,82.17,82.76,27900098,UPCOMINDEX,UPCOM-Index
2022-10-04,82.77,83.59,82.23,82.38,28777468,UPCOMINDEX,UPCOM-Index
2022-10-05,82.39,83.79,82.39,83.79,24232500,UPCOMINDEX,UPCOM-Index
2022-10-06,83.79,83.92,81.98,82.41,28220372,UPCOMINDEX,UPCOM-Index
2022-10-07,82.41,82.52,78.99,79.98,50105787,UPCOMINDEX,UPCOM-Index
2022-10-10,79.98,80.14,78.84,80.14,26877688,UPCOMINDEX,UPCOM-Index
2022-10-11,80.14,80.49,77.51,77.95,30277195,UPCOMINDEX,UPCOM-Index
2022-10-12,77.96,79.3,77.72,78.94,24049404,UPCOMINDEX,UPCOM-Index
2022-10-13,78.95,79.43,78.5,78.97,18632403,UPCOMINDEX,UPCOM-Index
2022-10-14,78.98,80.3,78.96,80.16,45748094,UPCOMINDEX,UPCOM-Index
2022-10-17,80.17,80.41,79.43,80.01,20348936,UPCOMINDEX,UPCOM-Index
2022-10-18,80.02,80.64,80.02,80.32,22367093,UPCOMINDEX,UPCOM-Index
2022-10-19,80.33,80.99,80.29,80.67,25677167,UPCOMINDEX,UPCOM-Index
2022-10-20,80.67,81.17,80.09,80.78,17097782,UPCOMINDEX,UPCOM-Index
2022-10-21,80.79,81.01,77.87,78.57,54991200,UPCOMINDEX,UPCOM-Index
2022-10-24,78.57,78.88,75.76,76.45,33256160,UPCOMINDEX,UPCOM-Index
2022-10-25,76.45,76.87,74.41,76.25,34210101,UPCOMINDEX,UPCOM-Index
2022-10-26,76.26,76.6,75.35,75.85,16753901,UPCOMINDEX,UPCOM-Index
2022-10-27,75.85,77.29,75.26,77.28,26415402,UPCOMINDEX,UPCOM-Index
2022-10-28,77.29,77.51,75.79,76.09,37153212,UPCOMINDEX,UPCOM-Index
2022-10-31,76.1,76.76,75.01,76.29,17652283,UPCOMINDEX,UPCOM-Index
2022-11-01,76.29,76.6,76.02,76.49,19317798,UPCOMINDEX,UPCOM-Index
2022-11-02,76.53,76.86,75.68,76.01,17681759,UPCOMINDEX,UPCOM-Index
2022-11-03,76.03,76.22,75.32,75.66,14392447,UPCOMINDEX,UPCOM-Index
2022-11-04,75.66,75.99,73.68,74.26,40451731,UPCOMINDEX,UPCOM-Index
2022-11-07,74.33,74.61,72.08,72.25,22284488,UPCOMINDEX,UPCOM-Index
2022-11-08,72.25,72.78,71.71,72.28,20178198,UPCOMINDEX,UPCOM-Index
2022-11-09,72.28,72.61,71.74,72.2,14868238,UPCOMINDEX,UPCOM-Index
2022-11-10,72.21,72.37,68.04,68.8,34064730,UPCOMINDEX,UPCOM-Index
2022-11-11,68.8,69.6,68.35,68.62,35206308,UPCOMINDEX,UPCOM-Index
2022-11-14,68.63,68.86,65.82,66.81,32634645,UPCOMINDEX,UPCOM-Index
2022-11-15,66.81,66.82,61.93,63.3,40400410,UPCOMINDEX,UPCOM-Index
2022-11-16,63.28,65.45,61.4,65.32,60048534,UPCOMINDEX,UPCOM-Index
2022-11-17,65.33,66.54,65.15,66.54,29170813,UPCOMINDEX,UPCOM-Index
2022-11-18,66.55,67.15,65.72,67.15,66089753,UPCOMINDEX,UPCOM-Index
2022-11-21,67.18,67.68,66.87,67.64,29768229,UPCOMINDEX,UPCOM-Index
2022-11-22,67.64,68.96,67.64,68.41,43362616,UPCOMINDEX,UPCOM-Index
2022-11-23,68.41,68.99,67.47,67.65,26392907,UPCOMINDEX,UPCOM-Index
2022-11-24,67.66,67.93,66.86,67.51,26758217,UPCOMINDEX,UPCOM-Index
2022-11-25,67.51,68.44,67.43,68.41,48331701,UPCOMINDEX,UPCOM-Index
2022-11-28,68.42,70.06,68.42,70.03,37328885,UPCOMINDEX,UPCOM-Index
2022-11-29,70.05,70.67,69.4,70.38,49829432,UPCOMINDEX,UPCOM-Index
2022-11-30,70.38,70.88,70.1,70.87,38805707,UPCOMINDEX,UPCOM-Index
2022-12-01,70.87,71.95,70.87,71.41,60259753,UPCOMINDEX,UPCOM-Index
2022-12-02,71.42,72.23,70.88,72.21,87361494,UPCOMINDEX,UPCOM-Index
2022-12-05,72.21,73.34,72.21,73.24,42120379,UPCOMINDEX,UPCOM-Index
2022-12-06,73.24,73.84,70.84,71.02,69415878,UPCOMINDEX,UPCOM-Index
2022-12-07,71.09,71.7,70.09,70.45,47943276,UPCOMINDEX,UPCOM-Index
2022-12-08,70.45,71.83,70.45,71.62,37911134,UPCOMINDEX,UPCOM-Index
2022-12-09,71.65,72.07,71.34,71.6,50880275,UPCOMINDEX,UPCOM-Index
2022-12-12,71.6,72.48,71.41,71.5,37647851,UPCOMINDEX,UPCOM-Index
2022-12-13,71.5,71.85,70.99,71.84,28781575,UPCOMINDEX,UPCOM-Index
2022-12-14,71.84,72.33,71.78,72.11,33200511,UPCOMINDEX,UPCOM-Index
2022-12-15,72.11,72.71,72.08,72.59,28053043,UPCOMINDEX,UPCOM-Index
2022-12-16,72.59,72.76,71.95,72.19,50350300,UPCOMINDEX,UPCOM-Index
2022-12-19,72.24,72.79,71.69,72.12,32694553,UPCOMINDEX,UPCOM-Index
2022-12-20,72.11,72.33,70.12,71.03,41329266,UPCOMINDEX,UPCOM-Index
2022-12-21,71.03,71.42,69.64,70.7,30141518,UPCOMINDEX,UPCOM-Index
2022-12-22,70.7,71.35,70.27,70.83,19471344,UPCOMINDEX,UPCOM-Index
2022-12-23,70.83,71.14,70.7,71.01,32710723,UPCOMINDEX,UPCOM-Index
2022-12-26,71.02,71.57,69.55,69.71,27826219,UPCOMINDEX,UPCOM-Index
2022-12-27,69.71,70.52,69.58,70.52,21657694,UPCOMINDEX,UPCOM-Index
2022-12-28,70.57,70.91,70.04,70.44,14770325,UPCOMINDEX,UPCOM-Index
2022-12-29,70.45,71.12,70.45,70.89,17714879,UPCOMINDEX,UPCOM-Index
2022-12-30,70.9,71.65,70.72,71.65,28264046,UPCOMINDEX,UPCOM-Index
2023-01-03,71.65,72.47,71.45,72.4,34724259,UPCOMINDEX,UPCOM-Index
2023-01-04,72.4,72.88,72.39,72.76,31060633,UPCOMINDEX,UPCOM-Index
2023-01-05,72.76,73.08,72.59,72.82,25136115,UPCOMINDEX,UPCOM-Index
2023-01-06,72.82,73.31,72.56,72.75,43792937,UPCOMINDEX,UPCOM-Index
2023-01-09,72.75,73.24,72.45,72.73,19561660,UPCOMINDEX,UPCOM-Index
2023-01-10,72.73,72.96,72.25,72.48,26631632,UPCOMINDEX,UPCOM-Index
2023-01-11,72.48,72.8,72.23,72.37,23843187,UPCOMINDEX,UPCOM-Index
2023-01-12,72.37,72.68,72.11,72.19,28708553,UPCOMINDEX,UPCOM-Index
2023-01-13,72.2,72.58,71.96,72.09,34169305,UPCOMINDEX,UPCOM-Index
2023-01-16,72.15,72.33,71.84,72.22,21427649,UPCOMINDEX,UPCOM-Index
2023-01-17,72.23,72.97,72.18,72.97,26326543,UPCOMINDEX,UPCOM-Index
2023-01-18,72.98,73.62,72.95,73.54,36801237,UPCOMINDEX,UPCOM-Index
2023-01-19,73.6,73.98,73.53,73.98,31986671,UPCOMINDEX,UPCOM-Index
2023-01-27,73.98,74.99,73.97,74.99,44992106,UPCOMINDEX,UPCOM-Index
2023-01-30,75.0,75.49,74.94,75.4,46589380,UPCOMINDEX,UPCOM-Index
2023-01-31,75.41,75.84,75.04,75.84,36922208,UPCOMINDEX,UPCOM-Index
2023-02-01,75.84,76.44,74.72,74.93,51980845,UPCOMINDEX,UPCOM-Index
2023-02-02,74.93,75.3,74.74,74.88,32766799,UPCOMINDEX,UPCOM-Index
2023-02-03,74.88,75.54,74.87,75.54,33582787,UPCOMINDEX,UPCOM-Index
2023-02-06,75.54,75.96,75.35,75.96,18765065,UPCOMINDEX,UPCOM-Index
2023-02-07,75.96,76.57,75.43,75.54,29678084,UPCOMINDEX,UPCOM-Index
2023-02-08,75.55,76.52,75.54,76.43,24375132,UPCOMINDEX,UPCOM-Index
2023-02-09,76.44,77.3,76.38,77.25,32723108,UPCOMINDEX,UPCOM-Index
2023-02-10,77.25,78.02,77.19,77.34,29336820,UPCOMINDEX,UPCOM-Index
2023-02-13,77.34,78.35,76.76,77.2,33004122,UPCOMINDEX,UPCOM-Index
2023-02-14,77.21,78.36,77.16,77.94,18978393,UPCOMINDEX,UPCOM-Index
2023-02-15,77.95,79.47,77.95,79.47,20872802,UPCOMINDEX,UPCOM-Index
2023-02-16,79.47,80.86,78.95,79.66,29778874,UPCOMINDEX,UPCOM-Index
2023-02-17,79.66,79.79,78.57,78.94,38913212,UPCOMINDEX,UPCOM-Index
2023-02-20,78.94,79.03,77.92,78.83,41886266,UPCOMINDEX,UPCOM-Index
2023-02-21,78.84,78.91,77.89,78.18,41900209,UPCOMINDEX,UPCOM-Index
2023-02-22,78.19,78.97,77.34,77.45,52255551,UPCOMINDEX,UPCOM-Index
2023-02-23,77.45,77.48,76.21,77.4,34865654,UPCOMINDEX,UPCOM-Index
2023-02-24,77.39,77.64,76.42,76.73,36091216,UPCOMINDEX,UPCOM-Index
2023-02-27,76.74,76.82,75.75,75.85,27546080,UPCOMINDEX,UPCOM-Index
2023-02-28,75.85,76.48,75.63,76.44,18106447,UPCOMINDEX,UPCOM-Index
2023-03-01,76.44,76.64,75.97,76.64,23649585,UPCOMINDEX,UPCOM-Index
2023-03-02,76.64,77.02,76.08,76.28,16306877,UPCOMINDEX,UPCOM-Index
2023-03-03,76.28,76.54,75.76,75.8,34552511,UPCOMINDEX,UPCOM-Index
2023-03-06,75.81,76.47,75.78,76.0,20043485,UPCOMINDEX,UPCOM-Index
2023-03-07,76.0,76.35,75.87,76.17,17153260,UPCOMINDEX,UPCOM-Index
2023-03-08,76.18,76.5,75.96,76.49,24917959,UPCOMINDEX,UPCOM-Index
2023-03-09,76.49,76.64,76.33,76.6,23841828,UPCOMINDEX,UPCOM-Index
2023-03-10,76.61,76.88,76.4,76.77,35442214,UPCOMINDEX,UPCOM-Index
2023-03-13,76.78,76.8,76.26,76.38,23994035,UPCOMINDEX,UPCOM-Index
2023-03-14,76.38,76.57,75.61,75.77,28871188,UPCOMINDEX,UPCOM-Index
2023-03-15,75.78,77.01,75.76,76.59,27424721,UPCOMINDEX,UPCOM-Index
2023-03-16,76.6,76.61,75.78,76.02,28048043,UPCOMINDEX,UPCOM-Index
2023-03-17,76.02,76.43,75.9,76.43,34636634,UPCOMINDEX,UPCOM-Index
2023-03-20,76.43,76.46,75.83,76.02,32244578,UPCOMINDEX,UPCOM-Index
2023-03-21,76.03,76.27,75.39,75.67,22094374,UPCOMINDEX,UPCOM-Index
2023-03-22,75.69,76.2,75.47,75.9,18828703,UPCOMINDEX,UPCOM-Index
2023-03-23,75.9,76.17,75.85,76.17,16474058,UPCOMINDEX,UPCOM-Index
2023-03-24,76.17,76.49,75.92,76.17,30066571,UPCOMINDEX,UPCOM-Index
2023-03-27,76.17,76.46,75.33,75.68,20366411,UPCOMINDEX,UPCOM-Index
2023-03-28,75.7,75.94,75.38,75.58,26016226,UPCOMINDEX,UPCOM-Index
2023-03-29,75.59,76.73,75.59,76.73,21130209,UPCOMINDEX,UPCOM-Index
2023-03-30,76.74,76.89,76.23,76.49,27704448,UPCOMINDEX,UPCOM-Index
2023-03-31,76.49,76.76,76.3,76.76,34414104,UPCOMINDEX,UPCOM-Index
2023-04-03,76.77,77.29,76.59,77.28,48059929,UPCOMINDEX,UPCOM-Index
2023-04-04,77.28,77.6,77.08,77.59,40671365,UPCOMINDEX,UPCOM-Index
2023-04-05,77.6,77.89,77.43,77.74,49669831,UPCOMINDEX,UPCOM-Index
2023-04-06,77.74,78.62,77.67,78.34,50739542,UPCOMINDEX,UPCOM-Index
2023-04-07,78.28,78.57,77.8,78.16,49481218,UPCOMINDEX,UPCOM-Index
2023-04-10,78.17,78.36,77.59,77.99,35304506,UPCOMINDEX,UPCOM-Index
2023-04-11,77.99,78.81,77.94,78.81,38274388,UPCOMINDEX,UPCOM-Index
2023-04-12,78.83,79.3,78.66,79.15,39412476,UPCOMINDEX,UPCOM-Index
2023-04-13,79.15,79.38,78.19,79.35,42592240,UPCOMINDEX,UPCOM-Index
2023-04-14,79.35,79.56,78.52,78.69,49285465,UPCOMINDEX,UPCOM-Index
2023-04-17,78.69,78.84,78.28,78.38,19746335,UPCOMINDEX,UPCOM-Index
2023-04-18,78.39,78.87,78.28,78.73,20734660,UPCOMINDEX,UPCOM-Index
2023-04-19,78.73,78.78,78.03,78.11,23260160,UPCOMINDEX,UPCOM-Index
2023-04-20,78.12,78.6,77.79,77.85,25336449,UPCOMINDEX,UPCOM-Index
2023-04-21,77.86,78.35,77.79,77.99,37971291,UPCOMINDEX,UPCOM-Index
2023-04-24,78.0,78.12,77.64,77.9,20034272,UPCOMINDEX,UPCOM-Index
2023-04-25,77.9,78.32,77.62,77.99,25936165,UPCOMINDEX,UPCOM-Index
2023-04-26,78.01,78.17,77.65,78.01,20286069,UPCOMINDEX,UPCOM-Index
2023-04-27,78.02,78.08,77.36,77.42,20961964,UPCOMINDEX,UPCOM-Index
2023-04-28,77.42,78.16,77.42,77.77,36648793,UPCOMINDEX,UPCOM-Index
2023-05-04,77.77,77.87,77.13,77.27,29024634,UPCOMINDEX,UPCOM-Index
2023-05-05,77.3,77.7,77.08,77.56,46168818,UPCOMINDEX,UPCOM-Index
2023-05-08,77.57,78.38,77.53,78.38,39533371,UPCOMINDEX,UPCOM-Index
2023-05-09,78.4,78.71,78.11,78.34,40277488,UPCOMINDEX,UPCOM-Index
2023-05-10,78.34,78.86,78.18,78.84,45577245,UPCOMINDEX,UPCOM-Index
2023-05-11,78.84,79.3,78.76,79.13,40007331,UPCOMINDEX,UPCOM-Index
2023-05-12,79.13,80.08,79.07,80.05,65837595,UPCOMINDEX,UPCOM-Index
2023-05-15,80.05,80.86,80.05,80.48,55015458,UPCOMINDEX,UPCOM-Index
2023-05-16,80.47,80.87,80.38,80.66,48991782,UPCOMINDEX,UPCOM-Index
2023-05-17,80.66,81.25,80.39,80.57,53113128,UPCOMINDEX,UPCOM-Index
2023-05-18,80.57,80.99,80.51,80.91,42285632,UPCOMINDEX,UPCOM-Index
2023-05-19,80.9,81.1,80.5,81.08,66979917,UPCOMINDEX,UPCOM-Index
2023-05-22,81.08,81.38,80.93,81.21,42035708,UPCOMINDEX,UPCOM-Index
2023-05-23,81.22,81.66,80.94,81.0,49564492,UPCOMINDEX,UPCOM-Index
2023-05-24,81.0,81.3,80.86,80.93,34950289,UPCOMINDEX,UPCOM-Index
2023-05-25,80.94,81.13,80.41,80.71,46132367,UPCOMINDEX,UPCOM-Index
2023-05-26,80.72,80.94,80.51,80.58,82435260,UPCOMINDEX,UPCOM-Index
2023-05-29,80.58,81.13,80.56,81.13,62686789,UPCOMINDEX,UPCOM-Index
2023-05-30,81.14,81.84,81.11,81.67,68008799,UPCOMINDEX,UPCOM-Index
2023-05-31,81.68,82.17,81.55,82.05,89369774,UPCOMINDEX,UPCOM-Index
2023-06-01,82.05,83.52,82.04,83.51,77217742,UPCOMINDEX,UPCOM-Index
2023-06-02,83.51,84.5,83.25,83.96,123448552,UPCOMINDEX,UPCOM-Index
2023-06-05,83.96,84.88,83.81,84.11,69925431,UPCOMINDEX,UPCOM-Index
2023-06-06,84.12,84.53,84.0,84.43,66739783,UPCOMINDEX,UPCOM-Index
2023-06-07,84.45,84.69,84.19,84.56,66752811,UPCOMINDEX,UPCOM-Index
2023-06-08,84.76,84.77,83.89,84.02,84832689,UPCOMINDEX,UPCOM-Index
2023-06-09,84.02,84.43,83.57,84.19,106077491,UPCOMINDEX,UPCOM-Index
2023-06-12,84.2,84.71,84.05,84.53,54905579,UPCOMINDEX,UPCOM-Index
2023-06-13,84.52,85.05,84.45,85.0,69955769,UPCOMINDEX,UPCOM-Index
2023-06-14,85.02,85.29,84.66,84.82,73960560,UPCOMINDEX,UPCOM-Index
2023-06-15,84.83,85.05,84.25,84.55,53361344,UPCOMINDEX,UPCOM-Index
2023-06-16,84.55,85.07,84.35,84.62,111743834,UPCOMINDEX,UPCOM-Index
2023-06-19,84.62,84.93,84.17,84.55,47954457,UPCOMINDEX,UPCOM-Index
2023-06-20,84.56,84.84,84.4,84.82,40616929,UPCOMINDEX,UPCOM-Index
2023-06-21,84.82,85.46,84.69,85.45,59963800,UPCOMINDEX,UPCOM-Index
2023-06-22,85.45,85.83,85.26,85.5,60828719,UPCOMINDEX,UPCOM-Index
2023-06-23,85.5,85.82,85.22,85.71,87723194,UPCOMINDEX,UPCOM-Index
2023-06-26,85.71,86.03,85.02,85.6,62930345,UPCOMINDEX,UPCOM-Index
2023-06-27,85.6,85.92,85.32,85.65,40405853,UPCOMINDEX,UPCOM-Index
2023-06-28,85.65,86.29,85.62,85.99,47593674,UPCOMINDEX,UPCOM-Index
2023-06-29,85.99,86.23,85.48,85.63,48766215,UPCOMINDEX,UPCOM-Index
2023-06-30,85.64,86.17,85.25,86.0,57051768,UPCOMINDEX,UPCOM-Index
2023-07-03,86.01,86.37,85.39,85.77,30368338,UPCOMINDEX,UPCOM-Index
2023-07-04,85.77,85.99,85.07,85.53,45706877,UPCOMINDEX,UPCOM-Index
2023-07-05,85.53,85.72,85.19,85.41,46509030,UPCOMINDEX,UPCOM-Index
2023-07-06,85.41,86.14,84.75,85.09,47138345,UPCOMINDEX,UPCOM-Index
2023-07-07,85.09,85.1,84.34,84.66,62115421,UPCOMINDEX,UPCOM-Index
2023-07-10,84.67,85.24,84.63,85.23,80410447,UPCOMINDEX,UPCOM-Index
2023-07-11,85.24,86.08,85.2,85.82,57050848,UPCOMINDEX,UPCOM-Index
2023-07-12,85.82,86.23,85.5,85.91,59812336,UPCOMINDEX,UPCOM-Index
2023-07-13,86.05,86.24,85.78,86.21,57345541,UPCOMINDEX,UPCOM-Index
2023-07-14,86.22,86.51,85.82,86.29,85089324,UPCOMINDEX,UPCOM-Index
2023-07-17,86.29,86.92,86.29,86.81,60090935,UPCOMINDEX,UPCOM-Index
2023-07-18,86.82,87.03,86.42,87.02,50145021,UPCOMINDEX,UPCOM-Index
2023-07-19,87.03,87.53,86.84,87.13,56019067,UPCOMINDEX,UPCOM-Index
2023-07-20,87.13,87.66,87.11,87.65,43610908,UPCOMINDEX,UPCOM-Index
2023-07-21,87.65,88.16,87.58,88.15,69247005,UPCOMINDEX,UPCOM-Index
2023-07-24,88.16,88.71,88.08,88.69,70314026,UPCOMINDEX,UPCOM-Index
2023-07-25,88.7,89.29,88.37,88.58,63313589,UPCOMINDEX,UPCOM-Index
2023-07-26,88.59,89.07,88.08,88.6,48946742,UPCOMINDEX,UPCOM-Index
2023-07-27,88.6,89.27,87.98,88.64,56231023,UPCOMINDEX,UPCOM-Index
2023-07-28,88.64,89.12,88.59,88.91,82919848,UPCOMINDEX,UPCOM-Index
2023-07-31,88.92,89.63,88.92,89.35,83270994,UPCOMINDEX,UPCOM-Index
2023-08-01,89.36,90.45,89.36,90.21,80663809,UPCOMINDEX,UPCOM-Index
2023-08-02,90.21,90.92,90.19,90.88,66696414,UPCOMINDEX,UPCOM-Index
2023-08-03,90.88,91.68,90.14,91.02,67389638,UPCOMINDEX,UPCOM-Index
2023-08-04,91.02,91.75,90.95,91.7,103193836,UPCOMINDEX,UPCOM-Index
2023-08-07,91.7,92.74,91.7,92.57,85716005,UPCOMINDEX,UPCOM-Index
2023-08-08,92.57,93.89,92.57,93.64,98454175,UPCOMINDEX,UPCOM-Index
2023-08-09,93.65,94.58,93.41,93.8,88093820,UPCOMINDEX,UPCOM-Index
2023-08-10,93.81,94.37,93.0,93.1,87701001,UPCOMINDEX,UPCOM-Index
2023-08-11,93.1,93.87,92.38,93.28,107031762,UPCOMINDEX,UPCOM-Index
2023-08-14,93.28,94.19,93.02,93.46,61067999,UPCOMINDEX,UPCOM-Index
2023-08-15,93.46,93.73,92.91,93.49,58434197,UPCOMINDEX,UPCOM-Index
2023-08-16,93.49,93.68,93.04,93.67,55635576,UPCOMINDEX,UPCOM-Index
2023-08-17,93.68,93.96,92.63,92.74,66492538,UPCOMINDEX,UPCOM-Index
2023-08-18,92.74,92.75,88.69,89.27,146663975,UPCOMINDEX,UPCOM-Index
2023-08-21,89.27,90.06,88.43,89.5,51847087,UPCOMINDEX,UPCOM-Index
2023-08-22,89.5,89.71,87.81,89.51,47747691,UPCOMINDEX,UPCOM-Index
2023-08-23,89.5,89.83,89.14,89.39,31205726,UPCOMINDEX,UPCOM-Index
2023-08-24,89.39,90.9,89.39,90.85,34912429,UPCOMINDEX,UPCOM-Index
2023-08-25,90.85,91.51,90.83,91.01,58235303,UPCOMINDEX,UPCOM-Index
2023-08-28,90.94,91.75,90.94,91.73,37463026,UPCOMINDEX,UPCOM-Index
2023-08-29,91.73,92.56,91.73,92.36,51546991,UPCOMINDEX,UPCOM-Index
2023-08-30,92.36,92.68,92.03,92.68,39740285,UPCOMINDEX,UPCOM-Index
2023-08-31,92.84,93.32,92.65,93.32,48987328,UPCOMINDEX,UPCOM-Index
2023-09-05,93.33,94.29,93.33,94.29,55482173,UPCOMINDEX,UPCOM-Index
2023-09-06,94.29,94.74,93.89,94.56,83104438,UPCOMINDEX,UPCOM-Index
2023-09-07,94.56,95.29,94.46,94.7,62064384,UPCOMINDEX,UPCOM-Index
2023-09-08,94.7,95.13,94.43,94.72,87190364,UPCOMINDEX,UPCOM-Index
2023-09-11,94.72,95.09,93.35,93.71,81620537,UPCOMINDEX,UPCOM-Index
2023-09-12,93.72,94.27,93.45,94.27,59932994,UPCOMINDEX,UPCOM-Index
2023-09-13,94.27,94.62,93.66,94.18,85319729,UPCOMINDEX,UPCOM-Index
2023-09-14,94.18,94.51,93.37,93.65,64315436,UPCOMINDEX,UPCOM-Index
2023-09-15,93.65,94.08,93.29,93.76,71784335,UPCOMINDEX,UPCOM-Index
2023-09-18,93.76,93.96,92.73,93.17,45144843,UPCOMINDEX,UPCOM-Index
2023-09-19,93.17,93.67,92.5,93.07,49022063,UPCOMINDEX,UPCOM-Index
2023-09-20,93.07,93.43,92.66,93.35,45630484,UPCOMINDEX,UPCOM-Index
2023-09-21,93.35,93.46,92.35,92.39,66171531,UPCOMINDEX,UPCOM-Index
2023-09-22,92.4,92.53,90.13,90.76,105484983,UPCOMINDEX,UPCOM-Index
2023-09-25,90.76,91.11,88.36,88.7,72707393,UPCOMINDEX,UPCOM-Index
2023-09-26,88.71,89.53,88.21,88.43,56114799,UPCOMINDEX,UPCOM-Index
2023-09-27,88.43,88.73,86.98,88.73,56506797,UPCOMINDEX,UPCOM-Index
2023-09-28,88.73,88.8,87.96,88.44,44356032,UPCOMINDEX,UPCOM-Index
2023-09-29,88.44,89.14,88.39,88.78,43290181,UPCOMINDEX,UPCOM-Index
2023-10-02,88.79,89.15,88.52,88.69,33814213,UPCOMINDEX,UPCOM-Index
2023-10-03,88.69,88.71,86.39,86.68,67088646,UPCOMINDEX,UPCOM-Index
2023-10-04,86.68,87.57,86.28,87.47,36969536,UPCOMINDEX,UPCOM-Index
2023-10-05,87.47,87.74,86.63,86.79,36286209,UPCOMINDEX,UPCOM-Index
2023-10-06,86.8,87.2,86.27,87.2,44262979,UPCOMINDEX,UPCOM-Index
2023-10-09,87.2,87.22,86.52,86.89,33140294,UPCOMINDEX,UPCOM-Index
2023-10-10,86.9,87.68,86.89,87.45,46490942,UPCOMINDEX,UPCOM-Index
2023-10-11,87.45,88.41,87.37,87.75,35918236,UPCOMINDEX,UPCOM-Index
2023-10-12,87.75,88.15,87.6,88.08,35809574,UPCOMINDEX,UPCOM-Index
2023-10-13,88.08,88.12,87.26,87.9,45817480,UPCOMINDEX,UPCOM-Index
2023-10-16,87.91,88.16,87.26,87.35,41442284,UPCOMINDEX,UPCOM-Index
2023-10-17,87.35,87.7,86.53,86.65,43501763,UPCOMINDEX,UPCOM-Index
2023-10-18,86.66,87.02,85.1,85.95,54862583,UPCOMINDEX,UPCOM-Index
2023-10-19,85.95,86.08,84.78,85.0,33551805,UPCOMINDEX,UPCOM-Index
2023-10-20,85.01,85.65,84.13,85.62,46327027,UPCOMINDEX,UPCOM-Index
2023-10-23,85.62,85.72,85.02,85.27,24790786,UPCOMINDEX,UPCOM-Index
2023-10-24,85.27,85.6,84.95,85.54,22325789,UPCOMINDEX,UPCOM-Index
2023-10-25,85.55,85.8,85.21,85.57,29885077,UPCOMINDEX,UPCOM-Index
2023-10-26,85.57,85.59,82.15,82.79,64567723,UPCOMINDEX,UPCOM-Index
2023-10-27,82.79,83.21,82.3,83.1,39611301,UPCOMINDEX,UPCOM-Index
2023-10-30,83.1,83.26,82.17,82.28,22086164,UPCOMINDEX,UPCOM-Index
2023-10-31,82.29,82.71,80.48,80.93,36563109,UPCOMINDEX,UPCOM-Index
2023-11-01,80.94,81.7,80.72,81.7,35442907,UPCOMINDEX,UPCOM-Index
2023-11-02,81.7,83.97,81.69,83.97,45099960,UPCOMINDEX,UPCOM-Index
2023-11-03,83.97,84.33,83.64,84.16,39278480,UPCOMINDEX,UPCOM-Index
2023-11-06,84.17,85.05,84.17,85.05,27605093,UPCOMINDEX,UPCOM-Index
2023-11-07,85.06,85.18,84.34,84.61,31644159,UPCOMINDEX,UPCOM-Index
2023-11-08,84.58,86.17,84.23,86.17,50719988,UPCOMINDEX,UPCOM-Index
2023-11-09,86.17,86.59,85.97,86.22,44339314,UPCOMINDEX,UPCOM-Index
2023-11-10,86.23,86.31,85.62,86.03,53621321,UPCOMINDEX,UPCOM-Index
2023-11-13,86.04,86.2,85.36,85.98,29461369,UPCOMINDEX,UPCOM-Index
2023-11-14,85.98,86.76,85.97,86.65,34861682,UPCOMINDEX,UPCOM-Index
2023-11-15,86.64,87.5,86.63,87.0,38988448,UPCOMINDEX,UPCOM-Index
2023-11-16,87.01,87.13,86.5,87.13,29338154,UPCOMINDEX,UPCOM-Index
2023-11-17,87.12,87.16,85.48,86.02,62869124,UPCOMINDEX,UPCOM-Index
2023-11-20,86.03,86.13,85.42,86.13,27262296,UPCOMINDEX,UPCOM-Index
2023-11-21,86.13,86.32,85.77,86.22,26944489,UPCOMINDEX,UPCOM-Index
2023-11-22,86.23,86.31,85.46,86.04,29050088,UPCOMINDEX,UPCOM-Index
2023-11-23,86.04,86.26,84.77,84.95,46874520,UPCOMINDEX,UPCOM-Index
2023-11-24,84.95,84.99,84.21,84.99,46162248,UPCOMINDEX,UPCOM-Index
2023-11-27,84.99,85.14,84.36,84.5,21861669,UPCOMINDEX,UPCOM-Index
2023-11-28,84.5,84.66,83.87,84.66,23722105,UPCOMINDEX,UPCOM-Index
2023-11-29,84.65,85.04,84.32,85.04,25706455,UPCOMINDEX,UPCOM-Index
2023-11-30,85.05,85.33,84.79,84.99,24186641,UPCOMINDEX,UPCOM-Index
2023-12-01,84.99,85.28,84.61,85.19,30649185,UPCOMINDEX,UPCOM-Index
2023-12-04,85.19,85.98,85.18,85.97,54298494,UPCOMINDEX,UPCOM-Index
2023-12-05,85.97,86.25,85.84,86.02,37340922,UPCOMINDEX,UPCOM-Index
2023-12-06,86.03,86.34,85.96,86.31,33861369,UPCOMINDEX,UPCOM-Index
2023-12-07,86.31,86.4,85.19,85.71,52979139,UPCOMINDEX,UPCOM-Index
2023-12-08,85.71,85.93,85.53,85.71,52026068,UPCOMINDEX,UPCOM-Index
2023-12-11,85.71,86.08,85.18,85.48,26650479,UPCOMINDEX,UPCOM-Index
2023-12-12,85.49,85.68,85.06,85.35,24384242,UPCOMINDEX,UPCOM-Index
2023-12-13,85.36,85.55,84.51,85.09,43426634,UPCOMINDEX,UPCOM-Index
2023-12-14,85.06,85.54,84.83,85.22,28522003,UPCOMINDEX,UPCOM-Index
2023-12-15,85.23,85.34,84.7,85.05,36051232,UPCOMINDEX,UPCOM-Index
2023-12-18,85.06,85.21,84.66,84.88,24034815,UPCOMINDEX,UPCOM-Index
2023-12-19,84.89,85.13,84.43,85.1,23585183,UPCOMINDEX,UPCOM-Index
2023-12-20,85.1,85.49,84.92,85.48,19358589,UPCOMINDEX,UPCOM-Index
2023-12-21,85.48,86.16,85.26,86.16,17455017,UPCOMINDEX,UPCOM-Index
2023-12-22,86.17,86.67,85.79,86.14,28578091,UPCOMINDEX,UPCOM-Index
2023-12-25,86.17,86.54,85.98,86.21,22367677,UPCOMINDEX,UPCOM-Index
2023-12-26,86.22,86.56,86.05,86.24,20671335,UPCOMINDEX,UPCOM-Index
2023-12-27,86.24,86.68,86.21,86.46,26079167,UPCOMINDEX,UPCOM-Index
2023-12-28,86.46,86.97,86.46,86.97,23576925,UPCOMINDEX,UPCOM-Index
2023-12-29,86.97,87.22,86.25,87.04,42705158,UPCOMINDEX,UPCOM-Index
2024-01-02,87.05,88.06,87.0,87.58,35359617,UPCOMINDEX,UPCOM-Index
2024-01-03,87.58,87.92,87.26,87.8,33936498,UPCOMINDEX,UPCOM-Index
2024-01-04,87.8,88.15,87.31,87.73,44644733,UPCOMINDEX,UPCOM-Index
2024-01-05,87.75,88.18,87.3,87.93,40266722,UPCOMINDEX,UPCOM-Index
2024-01-08,87.93,88.55,87.54,87.79,32796845,UPCOMINDEX,UPCOM-Index
2024-01-09,87.81,88.11,87.44,87.72,40606749,UPCOMINDEX,UPCOM-Index
2024-01-10,87.73,87.81,86.84,87.15,35159432,UPCOMINDEX,UPCOM-Index
2024-01-11,87.15,87.69,87.07,87.56,35687653,UPCOMINDEX,UPCOM-Index
2024-01-12,87.56,87.67,86.76,86.9,49237434,UPCOMINDEX,UPCOM-Index
2024-01-15,86.91,87.2,86.5,86.61,24820447,UPCOMINDEX,UPCOM-Index
2024-01-16,86.63,87.02,86.34,87.02,22249086,UPCOMINDEX,UPCOM-Index
2024-01-17,87.02,87.42,86.76,86.96,25036361,UPCOMINDEX,UPCOM-Index
2024-01-18,86.95,87.34,86.8,87.16,27887820,UPCOMINDEX,UPCOM-Index
2024-01-19,87.17,87.51,87.0,87.46,38546579,UPCOMINDEX,UPCOM-Index
2024-01-22,87.47,87.72,87.13,87.72,32103357,UPCOMINDEX,UPCOM-Index
2024-01-23,87.72,87.76,87.1,87.45,27276855,UPCOMINDEX,UPCOM-Index
2024-01-24,87.45,87.64,87.11,87.64,35434627,UPCOMINDEX,UPCOM-Index
2024-01-25,87.64,87.87,87.37,87.68,25696990,UPCOMINDEX,UPCOM-Index
2024-01-26,87.68,88.17,87.25,87.7,39933502,UPCOMINDEX,UPCOM-Index
2024-01-29,87.7,87.91,87.41,87.6,26037226,UPCOMINDEX,UPCOM-Index
2024-01-30,87.6,87.89,87.04,87.85,30324244,UPCOMINDEX,UPCOM-Index
2024-01-31,87.85,88.22,87.36,87.69,36158255,UPCOMINDEX,UPCOM-Index
2024-02-01,87.69,88.05,87.53,88.02,28402228,UPCOMINDEX,UPCOM-Index
2024-02-02,88.04,88.38,87.96,88.37,36769896,UPCOMINDEX,UPCOM-Index
2024-02-05,88.38,88.53,88.17,88.53,29255180,UPCOMINDEX,UPCOM-Index
2024-02-06,88.51,88.9,88.5,88.86,22845489,UPCOMINDEX,UPCOM-Index
2024-02-07,88.87,89.33,88.68,89.33,21492727,UPCOMINDEX,UPCOM-Index
2024-02-15,89.33,90.06,89.25,90.06,28453051,UPCOMINDEX,UPCOM-Index
2024-02-16,90.06,90.21,89.61,90.06,40254130,UPCOMINDEX,UPCOM-Index
2024-02-19,90.07,90.65,89.96,90.45,54420067,UPCOMINDEX,UPCOM-Index
2024-02-20,90.46,90.66,90.12,90.53,37393119,UPCOMINDEX,UPCOM-Index
2024-02-21,90.53,90.62,90.04,90.61,35042539,UPCOMINDEX,UPCOM-Index
2024-02-22,90.61,90.96,90.26,90.57,54957712,UPCOMINDEX,UPCOM-Index
2024-02-23,90.58,90.95,89.92,90.16,74827987,UPCOMINDEX,UPCOM-Index
2024-02-26,90.17,90.49,89.71,90.49,38686935,UPCOMINDEX,UPCOM-Index
2024-02-27,90.5,90.51,90.04,90.4,45194329,UPCOMINDEX,UPCOM-Index
2024-02-28,90.4,90.68,90.24,90.54,43086917,UPCOMINDEX,UPCOM-Index
2024-02-29,90.57,91.0,90.18,90.63,34201152,UPCOMINDEX,UPCOM-Index
2024-03-01,90.63,91.19,90.63,91.16,55247193,UPCOMINDEX,UPCOM-Index
2024-03-04,91.16,91.5,91.05,91.13,43989298,UPCOMINDEX,UPCOM-Index
2024-03-05,91.13,91.78,91.02,91.78,38325656,UPCOMINDEX,UPCOM-Index
2024-03-06,91.78,91.9,90.84,91.24,44675785,UPCOMINDEX,UPCOM-Index
2024-03-07,91.25,91.61,91.12,91.61,45119597,UPCOMINDEX,UPCOM-Index
2024-03-08,91.61,91.73,91.04,91.23,55752232,UPCOMINDEX,UPCOM-Index
2024-03-11,91.24,91.47,90.5,90.66,37768627,UPCOMINDEX,UPCOM-Index
2024-03-12,90.66,90.94,90.64,90.77,37300407,UPCOMINDEX,UPCOM-Index
2024-03-13,90.79,91.54,90.71,91.53,51262013,UPCOMINDEX,UPCOM-Index
2024-03-14,91.55,91.95,91.3,91.62,49569918,UPCOMINDEX,UPCOM-Index
2024-03-15,91.62,91.74,90.91,91.35,53912578,UPCOMINDEX,UPCOM-Index
2024-03-18,91.35,91.45,89.39,90.32,59096170,UPCOMINDEX,UPCOM-Index
2024-03-19,90.32,90.68,90.22,90.6,30489087,UPCOMINDEX,UPCOM-Index
2024-03-20,90.59,90.77,90.25,90.54,36318827,UPCOMINDEX,UPCOM-Index
2024-03-21,90.55,90.82,90.33,90.82,39792538,UPCOMINDEX,UPCOM-Index
2024-03-22,90.83,91.3,90.71,90.95,61596383,UPCOMINDEX,UPCOM-Index
2024-03-25,90.96,91.48,90.8,91.09,38824235,UPCOMINDEX,UPCOM-Index
2024-03-26,91.1,91.24,90.91,91.2,31008141,UPCOMINDEX,UPCOM-Index
2024-03-27,91.22,91.46,90.91,91.18,43744738,UPCOMINDEX,UPCOM-Index
2024-03-28,91.19,91.54,91.16,91.48,36597746,UPCOMINDEX,UPCOM-Index
2024-03-29,91.49,91.76,91.35,91.57,42154412,UPCOMINDEX,UPCOM-Index
2024-04-01,91.57,91.63,91.21,91.33,32505522,UPCOMINDEX,UPCOM-Index
2024-04-02,91.33,91.41,90.8,91.4,49110891,UPCOMINDEX,UPCOM-Index
2024-04-03,91.41,91.55,91.09,91.15,50469383,UPCOMINDEX,UPCOM-Index
2024-04-04,91.15,91.25,90.76,91.01,40546381,UPCOMINDEX,UPCOM-Index
2024-04-05,91.01,91.04,90.33,90.65,79978183,UPCOMINDEX,UPCOM-Index
2024-04-08,90.66,90.94,90.42,90.53,39506309,UPCOMINDEX,UPCOM-Index
2024-04-09,90.53,90.62,90.1,90.57,39572249,UPCOMINDEX,UPCOM-Index
2024-04-10,90.57,91.09,90.5,90.65,39065742,UPCOMINDEX,UPCOM-Index
2024-04-11,90.65,90.94,90.32,90.92,29097065,UPCOMINDEX,UPCOM-Index
2024-04-12,90.92,91.37,90.8,91.21,64830003,UPCOMINDEX,UPCOM-Index
2024-04-15,91.21,91.23,88.74,88.98,71889980,UPCOMINDEX,UPCOM-Index
2024-04-16,88.99,89.08,87.49,88.63,59105255,UPCOMINDEX,UPCOM-Index
2024-04-17,88.63,88.93,88.02,88.15,44939576,UPCOMINDEX,UPCOM-Index
2024-04-19,88.15,88.17,86.62,87.16,66411195,UPCOMINDEX,UPCOM-Index
2024-04-22,87.16,88.06,87.16,88.02,35491242,UPCOMINDEX,UPCOM-Index
2024-04-23,88.02,88.29,87.27,87.51,27518105,UPCOMINDEX,UPCOM-Index
2024-04-24,87.51,88.53,87.47,88.37,25322507,UPCOMINDEX,UPCOM-Index
2024-04-25,88.37,88.56,87.9,88.33,21720992,UPCOMINDEX,UPCOM-Index
2024-04-26,88.33,88.81,88.26,88.76,33138435,UPCOMINDEX,UPCOM-Index
2024-05-02,88.76,89.7,88.56,89.7,22902985,UPCOMINDEX,UPCOM-Index
2024-05-03,89.69,90.49,89.39,89.78,33255809,UPCOMINDEX,UPCOM-Index
2024-05-06,89.79,90.67,89.79,90.65,43233229,UPCOMINDEX,UPCOM-Index
2024-05-07,90.64,91.31,90.6,91.1,42748111,UPCOMINDEX,UPCOM-Index
2024-05-08,91.1,91.69,90.87,91.57,58012676,UPCOMINDEX,UPCOM-Index
2024-05-09,91.57,92.11,91.52,91.91,52863216,UPCOMINDEX,UPCOM-Index
2024-05-10,91.91,92.17,91.16,91.72,61430351,UPCOMINDEX,UPCOM-Index
2024-05-13,91.74,92.14,91.13,91.48,41224033,UPCOMINDEX,UPCOM-Index
2024-05-14,91.5,92.01,91.26,91.62,42685083,UPCOMINDEX,UPCOM-Index
2024-05-15,91.63,92.3,91.63,92.1,47096412,UPCOMINDEX,UPCOM-Index
2024-05-16,92.12,92.77,92.12,92.7,61312489,UPCOMINDEX,UPCOM-Index
2024-05-17,92.71,93.27,92.59,93.07,68362672,UPCOMINDEX,UPCOM-Index
2024-05-20,93.07,93.65,93.02,93.53,61015423,UPCOMINDEX,UPCOM-Index
2024-05-21,93.53,94.54,93.49,94.45,141550845,UPCOMINDEX,UPCOM-Index
2024-05-22,94.45,95.28,94.32,94.7,108422141,UPCOMINDEX,UPCOM-Index
2024-05-23,94.71,95.22,94.16,95.17,93357240,UPCOMINDEX,UPCOM-Index
2024-05-24,95.13,95.79,93.67,94.4,135166995,UPCOMINDEX,UPCOM-Index
2024-05-27,94.37,95.13,94.29,94.87,53222867,UPCOMINDEX,UPCOM-Index
2024-05-28,94.88,95.62,94.8,95.62,63982635,UPCOMINDEX,UPCOM-Index
2024-05-29,95.62,96.42,95.62,95.92,85774491,UPCOMINDEX,UPCOM-Index
2024-05-30,95.92,95.94,94.77,95.8,68002409,UPCOMINDEX,UPCOM-Index
2024-05-31,95.8,96.2,95.55,95.88,101103272,UPCOMINDEX,UPCOM-Index
2024-06-03,95.88,97.05,95.85,96.93,58049376,UPCOMINDEX,UPCOM-Index
2024-06-04,96.89,97.16,96.63,97.0,76273247,UPCOMINDEX,UPCOM-Index
2024-06-05,96.97,97.71,96.97,97.46,66213108,UPCOMINDEX,UPCOM-Index
2024-06-06,97.46,98.56,97.46,98.32,66350163,UPCOMINDEX,UPCOM-Index
2024-06-07,98.32,98.87,98.19,98.86,100116486,UPCOMINDEX,UPCOM-Index
2024-06-10,98.87,99.71,98.85,99.56,64780810,UPCOMINDEX,UPCOM-Index
2024-06-11,99.56,99.74,98.47,98.95,72011018,UPCOMINDEX,UPCOM-Index
2024-06-12,98.96,99.14,97.95,99.14,76612051,UPCOMINDEX,UPCOM-Index
2024-06-13,99.14,99.45,98.67,99.02,63714899,UPCOMINDEX,UPCOM-Index
2024-06-14,99.02,99.17,97.83,98.05,111529603,UPCOMINDEX,UPCOM-Index
2024-06-17,98.05,98.27,97.61,98.09,52393218,UPCOMINDEX,UPCOM-Index
2024-06-18,98.09,98.62,97.91,98.31,62300935,UPCOMINDEX,UPCOM-Index
2024-06-19,98.31,98.46,97.61,98.36,55771774,UPCOMINDEX,UPCOM-Index
2024-06-20,98.38,99.27,98.21,99.27,63225144,UPCOMINDEX,UPCOM-Index
2024-06-21,99.28,100.59,99.28,100.58,114516620,UPCOMINDEX,UPCOM-Index
2024-06-24,100.58,101.25,98.69,99.06,98864811,UPCOMINDEX,UPCOM-Index
2024-06-25,99.06,99.28,98.29,98.83,57362591,UPCOMINDEX,UPCOM-Index
2024-06-26,98.81,99.01,98.1,98.9,52015646,UPCOMINDEX,UPCOM-Index
2024-06-27,98.9,99.07,98.14,98.53,43450153,UPCOMINDEX,UPCOM-Index
2024-06-28,98.52,98.72,96.8,97.54,82028120,UPCOMINDEX,UPCOM-Index
2024-07-01,97.54,97.62,96.53,97.3,41132475,UPCOMINDEX,UPCOM-Index
2024-07-02,97.26,97.58,97.18,97.58,37948423,UPCOMINDEX,UPCOM-Index
2024-07-03,97.58,97.9,97.46,97.9,37767620,UPCOMINDEX,UPCOM-Index
2024-07-04,97.91,98.39,97.9,98.26,60853437,UPCOMINDEX,UPCOM-Index
2024-07-05,98.26,98.76,98.01,98.26,62125681,UPCOMINDEX,UPCOM-Index
2024-07-08,98.27,98.75,98.08,98.58,53867794,UPCOMINDEX,UPCOM-Index
2024-07-09,98.59,99.25,98.55,99.25,62832230,UPCOMINDEX,UPCOM-Index
2024-07-10,99.26,99.6,98.64,98.7,62722422,UPCOMINDEX,UPCOM-Index
2024-07-11,98.68,99.3,98.24,98.32,45671459,UPCOMINDEX,UPCOM-Index
2024-07-12,98.32,98.58,97.78,98.14,62457895,UPCOMINDEX,UPCOM-Index
2024-07-15,98.15,98.41,97.53,97.92,39725996,UPCOMINDEX,UPCOM-Index
2024-07-16,97.92,98.49,97.9,98.26,61928722,UPCOMINDEX,UPCOM-Index
2024-07-17,98.22,98.77,96.34,97.27,91916897,UPCOMINDEX,UPCOM-Index
2024-07-18,97.23,97.71,96.38,97.61,53843092,UPCOMINDEX,UPCOM-Index
2024-07-19,97.63,98.04,96.49,96.78,53569001,UPCOMINDEX,UPCOM-Index
2024-07-22,96.78,96.82,94.88,95.65,62252071,UPCOMINDEX,UPCOM-Index
2024-07-23,95.64,95.8,94.05,94.4,55980071,UPCOMINDEX,UPCOM-Index
2024-07-24,94.4,94.54,93.28,94.53,46785412,UPCOMINDEX,UPCOM-Index
2024-07-25,94.54,94.63,93.89,94.51,30751698,UPCOMINDEX,UPCOM-Index
2024-07-26,94.51,95.18,94.39,95.18,43855558,UPCOMINDEX,UPCOM-Index
2024-07-29,95.18,95.73,95.11,95.46,34328142,UPCOMINDEX,UPCOM-Index
2024-07-30,95.47,95.58,94.82,95.24,35327477,UPCOMINDEX,UPCOM-Index
2024-07-31,95.24,95.44,94.67,95.07,44237353,UPCOMINDEX,UPCOM-Index
2024-08-01,95.07,95.25,93.04,93.52,56785627,UPCOMINDEX,UPCOM-Index
2024-08-02,93.51,93.79,92.35,93.77,56982265,UPCOMINDEX,UPCOM-Index
2024-08-05,93.77,93.77,90.44,90.79,60452097,UPCOMINDEX,UPCOM-Index
2024-08-06,90.79,92.26,90.69,92.22,35514897,UPCOMINDEX,UPCOM-Index
2024-08-07,92.23,92.41,91.62,92.03,32918732,UPCOMINDEX,UPCOM-Index
2024-08-08,92.04,92.62,91.85,92.12,42390294,UPCOMINDEX,UPCOM-Index
2024-08-09,92.13,92.88,92.13,92.8,48203648,UPCOMINDEX,UPCOM-Index
2024-08-12,92.82,93.4,92.57,93.0,37546530,UPCOMINDEX,UPCOM-Index
2024-08-13,93.01,93.27,92.49,92.79,44950653,UPCOMINDEX,UPCOM-Index
2024-08-14,92.8,93.06,92.3,92.65,35989514,UPCOMINDEX,UPCOM-Index
2024-08-15,92.65,92.9,92.01,92.18,29211325,UPCOMINDEX,UPCOM-Index
2024-08-16,92.18,93.45,92.17,93.44,71436079,UPCOMINDEX,UPCOM-Index
2024-08-19,93.45,93.87,93.42,93.72,41724805,UPCOMINDEX,UPCOM-Index
2024-08-20,93.73,94.23,93.61,94.1,45437542,UPCOMINDEX,UPCOM-Index
2024-08-21,94.11,94.48,94.07,94.48,52263632,UPCOMINDEX,UPCOM-Index
2024-08-22,94.49,94.79,94.23,94.49,32944559,UPCOMINDEX,UPCOM-Index
2024-08-23,94.49,94.58,93.96,94.41,46438184,UPCOMINDEX,UPCOM-Index
2024-08-26,94.4,94.75,93.9,94.16,32819495,UPCOMINDEX,UPCOM-Index
2024-08-27,94.16,94.21,93.79,94.15,31223577,UPCOMINDEX,UPCOM-Index
2024-08-28,94.15,94.31,93.66,94.13,30685297,UPCOMINDEX,UPCOM-Index
2024-08-29,94.14,94.3,93.57,93.85,22728523,UPCOMINDEX,UPCOM-Index
2024-08-30,93.85,94.17,93.73,94.17,30836393,UPCOMINDEX,UPCOM-Index
2024-09-04,94.17,94.2,93.47,93.75,32219833,UPCOMINDEX,UPCOM-Index
2024-09-05,93.76,94.07,93.25,93.47,31993934,UPCOMINDEX,UPCOM-Index
2024-09-06,93.47,93.8,92.96,93.37,33404515,UPCOMINDEX,UPCOM-Index
2024-09-09,93.37,93.43,92.83,93.0,22569755,UPCOMINDEX,UPCOM-Index
2024-09-10,93.01,93.28,92.29,92.36,29670225,UPCOMINDEX,UPCOM-Index
2024-09-11,92.36,92.5,91.81,92.32,23102864,UPCOMINDEX,UPCOM-Index
2024-09-12,92.32,92.76,92.05,92.73,19836740,UPCOMINDEX,UPCOM-Index
2024-09-13,92.73,93.0,92.34,92.95,28320557,UPCOMINDEX,UPCOM-Index
2024-09-16,92.95,93.14,92.01,92.57,21854809,UPCOMINDEX,UPCOM-Index
2024-09-17,92.58,93.12,92.22,93.12,24247754,UPCOMINDEX,UPCOM-Index
2024-09-18,93.12,93.47,92.89,93.47,56373946,UPCOMINDEX,UPCOM-Index
2024-09-19,93.48,93.63,92.34,93.63,38923265,UPCOMINDEX,UPCOM-Index
2024-09-20,93.63,94.01,93.34,93.63,53734367,UPCOMINDEX,UPCOM-Index
2024-09-23,93.64,93.85,93.17,93.65,26718591,UPCOMINDEX,UPCOM-Index
2024-09-24,93.66,93.93,93.35,93.81,28951783,UPCOMINDEX,UPCOM-Index
2024-09-25,93.81,93.82,93.02,93.5,39745127,UPCOMINDEX,UPCOM-Index
2024-09-26,93.5,93.7,93.23,93.5,54724228,UPCOMINDEX,UPCOM-Index
2024-09-27,93.52,94.34,93.4,93.9,72445763,UPCOMINDEX,UPCOM-Index
2024-09-30,94.33,94.34,93.08,93.56,40611858,UPCOMINDEX,UPCOM-Index
2024-10-01,93.61,93.76,93.18,93.28,50843976,UPCOMINDEX,UPCOM-Index
2024-10-02,93.28,93.33,92.77,93.28,36471691,UPCOMINDEX,UPCOM-Index
2024-10-03,93.29,93.68,92.54,92.68,53404383,UPCOMINDEX,UPCOM-Index
2024-10-04,92.69,92.84,92.11,92.37,40266346,UPCOMINDEX,UPCOM-Index
2024-10-07,92.37,92.87,92.11,92.47,26246686,UPCOMINDEX,UPCOM-Index
2024-10-08,92.47,92.72,92.08,92.45,33507174,UPCOMINDEX,UPCOM-Index
2024-10-09,92.45,92.53,91.95,92.45,29451655,UPCOMINDEX,UPCOM-Index
2024-10-10,92.45,92.95,92.34,92.57,32282914,UPCOMINDEX,UPCOM-Index
2024-10-11,92.58,92.74,92.13,92.6,38245399,UPCOMINDEX,UPCOM-Index
2024-10-14,92.6,92.93,92.26,92.38,28537840,UPCOMINDEX,UPCOM-Index
2024-10-15,92.39,92.65,91.96,92.17,40484823,UPCOMINDEX,UPCOM-Index
2024-10-16,92.18,92.44,91.9,92.32,22124381,UPCOMINDEX,UPCOM-Index
2024-10-17,92.32,92.7,91.96,92.7,24496208,UPCOMINDEX,UPCOM-Index
2024-10-18,92.7,93.0,92.51,92.7,30432485,UPCOMINDEX,UPCOM-Index
2024-10-21,92.7,92.87,91.99,92.14,32533685,UPCOMINDEX,UPCOM-Index
2024-10-22,92.15,92.17,91.61,91.73,35712217,UPCOMINDEX,UPCOM-Index
2024-10-23,91.73,92.12,91.42,92.12,20563211,UPCOMINDEX,UPCOM-Index
2024-10-24,92.13,92.23,91.78,92.06,28984318,UPCOMINDEX,UPCOM-Index
2024-10-25,92.06,92.09,91.46,91.82,43155884,UPCOMINDEX,UPCOM-Index
2024-10-28,91.83,92.15,91.82,92.15,20380568,UPCOMINDEX,UPCOM-Index
2024-10-29,92.15,92.4,91.93,92.32,22619774,UPCOMINDEX,UPCOM-Index
2024-10-30,92.33,92.82,92.07,92.46,26581490,UPCOMINDEX,UPCOM-Index
2024-10-31,92.47,92.56,92.05,92.38,30400557,UPCOMINDEX,UPCOM-Index
2024-11-01,92.39,92.51,91.63,91.96,38320035,UPCOMINDEX,UPCOM-Index
2024-11-04,91.97,92.2,91.46,91.61,21770484,UPCOMINDEX,UPCOM-Index
2024-11-05,91.61,91.91,91.56,91.9,17534896,UPCOMINDEX,UPCOM-Index
2024-11-06,91.91,92.72,91.86,92.71,26533674,UPCOMINDEX,UPCOM-Index
2024-11-07,92.72,92.88,92.21,92.32,23206954,UPCOMINDEX,UPCOM-Index
2024-11-08,92.33,92.45,91.9,92.15,32640899,UPCOMINDEX,UPCOM-Index
2024-11-11,92.16,92.4,91.88,92.4,36247544,UPCOMINDEX,UPCOM-Index
2024-11-12,92.4,92.83,92.12,92.39,28359549,UPCOMINDEX,UPCOM-Index
2024-11-13,92.39,92.42,91.65,92.35,29871979,UPCOMINDEX,UPCOM-Index
2024-11-14,92.35,92.38,91.73,91.87,34074360,UPCOMINDEX,UPCOM-Index
2024-11-15,91.87,91.92,91.16,91.33,43430395,UPCOMINDEX,UPCOM-Index
2024-11-18,91.34,91.86,91.03,91.64,25657752,UPCOMINDEX,UPCOM-Index
2024-11-19,91.67,91.68,90.15,90.3,24897477,UPCOMINDEX,UPCOM-Index
2024-11-20,90.3,91.12,90.24,91.09,29307255,UPCOMINDEX,UPCOM-Index
2024-11-21,91.1,91.54,90.98,91.5,27760737,UPCOMINDEX,UPCOM-Index
2024-11-22,91.51,91.83,90.98,91.7,33443140,UPCOMINDEX,UPCOM-Index
2024-11-25,91.7,91.9,91.18,91.82,19947580,UPCOMINDEX,UPCOM-Index
2024-11-26,91.82,92.24,91.55,92.06,21825319,UPCOMINDEX,UPCOM-Index
2024-11-27,92.07,92.36,91.46,91.96,25979836,UPCOMINDEX,UPCOM-Index
2024-11-28,91.97,92.6,91.84,92.35,25815039,UPCOMINDEX,UPCOM-Index
2024-11-29,92.35,92.74,92.05,92.74,31693957,UPCOMINDEX,UPCOM-Index
2024-12-02,92.74,92.85,92.3,92.44,22153667,UPCOMINDEX,UPCOM-Index
2024-12-03,92.45,92.67,91.99,92.44,22918136,UPCOMINDEX,UPCOM-Index
2024-12-04,92.44,92.57,92.02,92.44,25527745,UPCOMINDEX,UPCOM-Index
2024-12-05,92.47,92.95,92.19,92.95,45707869,UPCOMINDEX,UPCOM-Index
2024-12-06,92.95,93.21,92.55,92.81,43848105,UPCOMINDEX,UPCOM-Index
2024-12-09,92.81,93.0,92.43,92.91,28424599,UPCOMINDEX,UPCOM-Index
2024-12-10,92.91,93.23,92.45,92.74,40875911,UPCOMINDEX,UPCOM-Index
2024-12-11,92.74,93.23,92.5,92.74,40919053,UPCOMINDEX,UPCOM-Index
2024-12-12,92.75,93.01,92.43,92.68,34955287,UPCOMINDEX,UPCOM-Index
2024-12-13,92.68,92.92,92.33,92.54,43527891,UPCOMINDEX,UPCOM-Index
2024-12-16,92.54,92.9,92.37,92.64,27938052,UPCOMINDEX,UPCOM-Index
2024-12-17,92.58,92.98,92.39,92.77,24067459,UPCOMINDEX,UPCOM-Index
2024-12-18,92.77,93.14,92.77,93.07,40648178,UPCOMINDEX,UPCOM-Index
2024-12-19,93.07,93.12,92.29,92.73,46042249,UPCOMINDEX,UPCOM-Index
2024-12-20,92.73,93.41,92.64,93.39,68792498,UPCOMINDEX,UPCOM-Index
2024-12-23,93.14,93.74,93.14,93.72,46165610,UPCOMINDEX,UPCOM-Index
2024-12-24,93.72,94.08,93.55,94.02,58705631,UPCOMINDEX,UPCOM-Index
2024-12-25,94.02,94.61,93.96,94.59,64237461,UPCOMINDEX,UPCOM-Index
2024-12-26,94.6,94.98,94.17,94.41,44739830,UPCOMINDEX,UPCOM-Index
2024-12-27,94.22,94.78,94.12,94.48,59692253,UPCOMINDEX,UPCOM-Index
2024-12-30,94.48,95.0,94.14,95.0,27934528,UPCOMINDEX,UPCOM-Index
2024-12-31,95.01,95.32,94.6,95.06,38897671,UPCOMINDEX,UPCOM-Index
2025-01-02,94.87,95.32,94.56,95.05,35017283,UPCOMINDEX,UPCOM-Index
2025-01-03,95.15,95.53,93.85,94.34,56604580,UPCOMINDEX,UPCOM-Index
2025-01-06,94.34,94.44,93.4,93.62,42295824,UPCOMINDEX,UPCOM-Index
2025-01-07,93.61,93.8,93.0,93.0,29494961,UPCOMINDEX,UPCOM-Index
2025-01-08,92.94,93.54,92.89,93.54,52713942,UPCOMINDEX,UPCOM-Index
2025-01-09,93.53,93.73,92.83,93.09,44996144,UPCOMINDEX,UPCOM-Index
2025-01-10,93.09,93.19,91.82,92.15,44644162,UPCOMINDEX,UPCOM-Index
2025-01-13,92.21,92.28,91.47,92.22,27463675,UPCOMINDEX,UPCOM-Index
2025-01-14,92.22,92.37,91.69,92.12,23364747,UPCOMINDEX,UPCOM-Index
2025-01-15,92.13,92.29,91.95,92.27,25593481,UPCOMINDEX,UPCOM-Index
2025-01-16,92.27,92.63,92.21,92.42,25086603,UPCOMINDEX,UPCOM-Index
2025-01-17,92.42,93.11,92.11,93.11,40657255,UPCOMINDEX,UPCOM-Index
2025-01-20,93.11,93.43,92.61,92.8,33031791,UPCOMINDEX,UPCOM-Index
2025-01-21,92.81,93.07,92.39,92.84,43094650,UPCOMINDEX,UPCOM-Index
2025-01-22,92.84,93.36,92.75,93.08,30312049,UPCOMINDEX,UPCOM-Index
2025-01-23,93.09,93.89,93.09,93.88,37367076,UPCOMINDEX,UPCOM-Index
2025-01-24,93.88,94.3,93.86,94.3,62967782,UPCOMINDEX,UPCOM-Index
2025-02-03,94.3,94.82,94.05,94.51,41433587,UPCOMINDEX,UPCOM-Index
2025-02-04,94.51,95.32,94.51,95.31,48913398,UPCOMINDEX,UPCOM-Index
2025-02-05,95.31,95.9,95.12,95.9,40305915,UPCOMINDEX,UPCOM-Index
2025-02-06,95.9,96.75,95.86,96.74,53521087,UPCOMINDEX,UPCOM-Index
2025-02-07,96.74,97.37,96.74,97.24,69561469,UPCOMINDEX,UPCOM-Index
2025-02-10,97.27,97.4,96.47,96.63,62070868,UPCOMINDEX,UPCOM-Index
2025-02-11,96.63,96.98,96.45,96.75,56877963,UPCOMINDEX,UPCOM-Index
2025-02-12,96.75,97.05,96.66,96.8,50950787,UPCOMINDEX,UPCOM-Index
2025-02-13,96.8,97.78,96.78,97.74,58654499,UPCOMINDEX,UPCOM-Index
2025-02-14,97.74,98.77,97.59,98.35,91057980,UPCOMINDEX,UPCOM-Index
2025-02-17,98.35,99.45,98.35,99.39,91094545,UPCOMINDEX,UPCOM-Index
2025-02-18,99.39,100.12,99.15,99.51,80264146,UPCOMINDEX,UPCOM-Index
2025-02-19,99.52,100.02,99.01,99.34,72186018,UPCOMINDEX,UPCOM-Index
2025-02-20,99.34,100.1,99.34,100.08,81271269,UPCOMINDEX,UPCOM-Index
2025-02-21,100.08,100.66,100.0,100.61,73575403,UPCOMINDEX,UPCOM-Index
2025-02-24,100.61,101.18,99.82,100.21,68489015,UPCOMINDEX,UPCOM-Index
2025-02-25,100.2,100.69,99.54,99.97,74024641,UPCOMINDEX,UPCOM-Index
2025-02-26,99.97,100.41,99.59,99.73,62431502,UPCOMINDEX,UPCOM-Index
2025-02-27,99.73,100.29,99.27,99.81,62766460,UPCOMINDEX,UPCOM-Index
2025-02-28,99.81,100.01,99.32,99.58,66696793,UPCOMINDEX,UPCOM-Index
2025-03-03,99.58,99.68,99.14,99.46,52766898,UPCOMINDEX,UPCOM-Index
2025-03-04,99.46,99.54,98.62,99.1,57773842,UPCOMINDEX,UPCOM-Index
2025-03-05,99.1,99.56,98.38,98.69,59471478,UPCOMINDEX,UPCOM-Index
2025-03-06,98.7,99.35,98.68,99.35,51349550,UPCOMINDEX,UPCOM-Index
2025-03-07,99.34,99.53,98.83,99.08,67913190,UPCOMINDEX,UPCOM-Index
2025-03-10,99.08,99.68,98.99,99.16,61941674,UPCOMINDEX,UPCOM-Index
2025-03-11,99.16,99.4,98.45,99.4,48887668,UPCOMINDEX,UPCOM-Index
2025-03-12,99.4,100.11,99.04,99.32,51517319,UPCOMINDEX,UPCOM-Index
2025-03-13,99.32,99.93,98.76,99.02,55186968,UPCOMINDEX,UPCOM-Index
2025-03-14,99.02,99.72,98.93,99.38,59589396,UPCOMINDEX,UPCOM-Index
2025-03-17,99.38,100.98,99.35,100.43,46334833,UPCOMINDEX,UPCOM-Index
2025-03-18,100.76,101.75,99.99,100.29,59120268,UPCOMINDEX,UPCOM-Index
2025-03-19,100.68,100.72,99.09,99.36,42891335,UPCOMINDEX,UPCOM-Index
2025-03-20,99.36,99.81,98.31,99.16,41826817,UPCOMINDEX,UPCOM-Index
2025-03-21,99.16,99.45,98.93,99.32,50168755,UPCOMINDEX,UPCOM-Index
2025-03-24,99.35,99.42,98.78,99.18,38433353,UPCOMINDEX,UPCOM-Index
2025-03-25,99.18,99.46,98.62,99.17,40908405,UPCOMINDEX,UPCOM-Index
2025-03-26,99.16,99.28,98.55,98.85,30503653,UPCOMINDEX,UPCOM-Index
2025-03-27,98.85,99.03,98.13,98.96,26150373,UPCOMINDEX,UPCOM-Index
2025-03-28,98.99,99.2,98.35,98.62,42843678,UPCOMINDEX,UPCOM-Index
2025-03-31,98.62,98.7,97.19,98.05,40219289,UPCOMINDEX,UPCOM-Index
2025-04-01,98.05,98.49,97.91,98.47,31890425,UPCOMINDEX,UPCOM-Index
2025-04-02,98.47,98.96,98.4,98.64,37296794,UPCOMINDEX,UPCOM-Index
2025-04-03,98.5,98.5,89.59,90.58,134951655,UPCOMINDEX,UPCOM-Index
2025-04-04,90.58,91.13,87.07,91.13,94321137,UPCOMINDEX,UPCOM-Index
2025-04-08,91.13,91.14,84.11,84.5,83235105,UPCOMINDEX,UPCOM-Index
2025-04-09,84.42,85.35,82.73,84.41,68492373,UPCOMINDEX,UPCOM-Index
2025-04-10,84.72,92.93,84.72,92.84,38678362,UPCOMINDEX,UPCOM-Index
2025-04-11,92.84,94.43,91.68,93.25,93635657,UPCOMINDEX,UPCOM-Index
2025-04-14,93.25,93.34,91.31,91.76,38426451,UPCOMINDEX,UPCOM-Index
2025-04-15,91.76,92.38,90.52,91.03,43021683,UPCOMINDEX,UPCOM-Index
2025-04-16,91.04,91.42,90.19,90.39,32533231,UPCOMINDEX,UPCOM-Index
2025-04-17,90.39,90.57,89.93,90.53,26857152,UPCOMINDEX,UPCOM-Index
2025-04-18,90.53,91.76,90.3,91.3,49272746,UPCOMINDEX,UPCOM-Index
2025-04-21,91.32,91.81,90.73,90.9,29571311,UPCOMINDEX,UPCOM-Index
2025-04-22,90.91,91.15,87.16,89.67,68216632,UPCOMINDEX,UPCOM-Index
2025-04-23,89.71,91.47,89.71,91.46,37556775,UPCOMINDEX,UPCOM-Index
2025-04-24,91.46,92.09,91.05,91.83,40625668,UPCOMINDEX,UPCOM-Index
2025-04-25,91.83,92.29,91.53,92.27,72006334,UPCOMINDEX,UPCOM-Index
2025-04-28,92.27,92.74,91.88,92.25,42002679,UPCOMINDEX,UPCOM-Index
2025-04-29,92.25,92.61,91.98,92.42,35157245,UPCOMINDEX,UPCOM-Index
2025-05-05,92.62,92.97,92.21,92.38,36287307,UPCOMINDEX,UPCOM-Index
2025-05-06,92.59,93.23,92.38,92.94,43855956,UPCOMINDEX,UPCOM-Index
2025-05-07,92.87,93.23,92.74,92.92,31228657,UPCOMINDEX,UPCOM-Index
2025-05-08,93.03,93.41,92.78,92.98,38643932,UPCOMINDEX,UPCOM-Index
2025-05-09,93.15,93.77,92.98,93.4,45432133,UPCOMINDEX,UPCOM-Index
2025-05-12,93.49,94.29,93.4,93.59,39256990,UPCOMINDEX,UPCOM-Index
2025-05-13,93.84,94.82,93.59,94.55,45007570,UPCOMINDEX,UPCOM-Index
2025-05-14,94.67,95.28,94.55,94.89,46434584,UPCOMINDEX,UPCOM-Index
2025-05-15,95.24,95.8,95.15,95.54,57365586,UPCOMINDEX,UPCOM-Index
2025-05-16,95.82,96.06,95.14,95.5,71859586,UPCOMINDEX,UPCOM-Index
2025-05-19,95.53,96.01,95.28,95.71,50496629,UPCOMINDEX,UPCOM-Index
2025-05-20,95.62,96.22,95.4,95.69,43039748,UPCOMINDEX,UPCOM-Index
2025-05-21,95.74,96.3,95.42,95.83,53130738,UPCOMINDEX,UPCOM-Index
2025-05-22,95.89,96.46,95.81,96.14,43554977,UPCOMINDEX,UPCOM-Index
2025-05-23,96.16,96.62,95.95,96.22,47586416,UPCOMINDEX,UPCOM-Index
2025-05-26,96.26,97.84,95.71,96.73,63655503,UPCOMINDEX,UPCOM-Index
2025-05-27,97.14,98.37,96.73,98.14,71939074,UPCOMINDEX,UPCOM-Index
2025-05-28,98.31,99.28,98.14,98.59,76325876,UPCOMINDEX,UPCOM-Index
2025-05-29,98.63,98.92,98.2,98.62,44987119,UPCOMINDEX,UPCOM-Index
2025-05-30,98.61,98.95,98.17,98.49,73754113,UPCOMINDEX,UPCOM-Index
2025-06-02,98.6,99.09,98.18,98.36,38271586,UPCOMINDEX,UPCOM-Index
2025-06-03,98.78,99.58,98.36,99.32,61005443,UPCOMINDEX,UPCOM-Index
2025-06-04,99.45,99.78,98.69,99.01,52277854,UPCOMINDEX,UPCOM-Index
2025-06-05,99.41,99.66,98.56,98.87,48291214,UPCOMINDEX,UPCOM-Index
2025-06-06,98.9,99.61,98.54,98.89,56380305,UPCOMINDEX,UPCOM-Index
2025-06-09,98.86,98.99,97.63,98.19,37239120,UPCOMINDEX,UPCOM-Index
2025-06-10,98.11,98.59,97.95,98.19,30899660,UPCOMINDEX,UPCOM-Index
2025-06-11,98.34,98.6,97.85,98.04,33448908,UPCOMINDEX,UPCOM-Index
2025-06-12,97.81,98.45,97.81,98.16,33359306,UPCOMINDEX,UPCOM-Index
2025-06-13,98.14,98.31,97.49,97.54,75184227,UPCOMINDEX,UPCOM-Index
2025-06-16,97.63,98.51,97.5,98.1,38838111,UPCOMINDEX,UPCOM-Index
2025-06-17,98.24,99.24,98.1,98.87,43013453,UPCOMINDEX,UPCOM-Index
2025-06-18,98.79,99.52,98.67,99.31,35490722,UPCOMINDEX,UPCOM-Index
2025-06-19,99.39,99.53,98.44,99.13,27552865,UPCOMINDEX,UPCOM-Index
2025-06-20,98.99,99.54,98.87,99.18,59678956,UPCOMINDEX,UPCOM-Index
2025-06-23,99.05,99.28,98.86,98.93,40142553,UPCOMINDEX,UPCOM-Index
2025-06-24,99.02,99.98,98.82,99.34,37788112,UPCOMINDEX,UPCOM-Index
2025-06-25,99.19,100.21,99.19,99.94,37307456,UPCOMINDEX,UPCOM-Index
2025-06-26,99.97,100.51,99.52,100.06,28074743,UPCOMINDEX,UPCOM-Index
2025-06-27,100.66,101.08,100.06,100.62,51639532,UPCOMINDEX,UPCOM-Index
2025-06-30,100.88,101.28,100.62,100.84,29486383,UPCOMINDEX,UPCOM-Index
2025-07-01,100.89,101.43,100.46,100.72,32177098,UPCOMINDEX,UPCOM-Index
2025-07-02,100.77,101.02,100.37,100.61,37663496,UPCOMINDEX,UPCOM-Index
2025-07-03,100.67,101.25,100.32,100.86,46365656,UPCOMINDEX,UPCOM-Index
2025-07-04,100.96,101.69,100.79,101.17,55218887,UPCOMINDEX,UPCOM-Index
2025-07-07,101.22,101.95,101.17,101.61,49547401,UPCOMINDEX,UPCOM-Index
2025-07-08,101.75,102.27,101.61,101.96,68184224,UPCOMINDEX,UPCOM-Index
2025-07-09,102.09,103.0,101.96,102.5,69678444,UPCOMINDEX,UPCOM-Index
2025-07-10,102.56,102.77,102.12,102.28,52209826,UPCOMINDEX,UPCOM-Index
2025-07-11,102.44,103.14,102.21,102.72,96931352,UPCOMINDEX,UPCOM-Index
2025-07-14,102.82,103.16,102.32,102.67,50631945,UPCOMINDEX,UPCOM-Index
2025-07-15,102.87,103.31,102.66,103.03,75335591,UPCOMINDEX,UPCOM-Index
2025-07-16,103.06,103.77,102.9,103.08,61087409,UPCOMINDEX,UPCOM-Index
2025-07-17,103.42,104.45,103.08,104.21,98663003,UPCOMINDEX,UPCOM-Index
2025-07-18,104.55,105.2,104.09,104.74,116073558,UPCOMINDEX,UPCOM-Index
2025-07-21,104.9,105.43,103.92,104.27,79507476,UPCOMINDEX,UPCOM-Index
2025-07-22,104.12,104.59,103.76,104.02,66522777,UPCOMINDEX,UPCOM-Index
2025-07-23,104.37,105.37,104.02,104.8,81559048,UPCOMINDEX,UPCOM-Index
2025-07-24,105.04,105.71,104.51,105.16,72542675,UPCOMINDEX,UPCOM-Index
2025-07-25,105.33,106.18,105.16,105.77,129513435,UPCOMINDEX,UPCOM-Index
2025-07-28,106.08,107.71,105.77,106.94,113980967,UPCOMINDEX,UPCOM-Index
2025-07-29,107.35,107.97,104.45,106.07,150114892,UPCOMINDEX,UPCOM-Index
2025-07-30,105.26,106.07,104.56,105.11,84138069,UPCOMINDEX,UPCOM-Index
2025-07-31,106.02,106.7,105.11,105.79,105715141,UPCOMINDEX,UPCOM-Index
2025-08-01,106.26,107.14,105.79,106.46,104312491,UPCOMINDEX,UPCOM-Index
2025-08-04,106.45,107.78,106.37,107.16,85984438,UPCOMINDEX,UPCOM-Index
2025-08-05,107.36,108.77,106.12,107.5,153592478,UPCOMINDEX,UPCOM-Index
2025-08-06,107.4,108.07,107.03,107.46,75049221,UPCOMINDEX,UPCOM-Index
2025-08-07,107.95,108.48,107.46,107.92,82253354,UPCOMINDEX,UPCOM-Index
2025-08-08,108.19,109.23,107.92,108.54,140076136,UPCOMINDEX,UPCOM-Index
2025-08-11,109.04,109.69,108.54,109.25,79951992,UPCOMINDEX,UPCOM-Index
2025-08-12,109.35,109.94,109.1,109.63,119617989,UPCOMINDEX,UPCOM-Index
2025-08-13,109.55,110.04,108.79,109.85,119933748,UPCOMINDEX,UPCOM-Index
2025-08-14,109.72,110.29,109.47,110.23,112328075,UPCOMINDEX,UPCOM-Index
2025-08-15,110.2,110.7,109.07,109.47,129582091,UPCOMINDEX,UPCOM-Index
2025-08-18,109.59,109.8,108.74,109.37,80396103,UPCOMINDEX,UPCOM-Index
2025-08-19,108.81,110.25,108.79,109.98,101822502,UPCOMINDEX,UPCOM-Index
2025-08-20,109.92,110.91,108.68,110.04,123385821,UPCOMINDEX,UPCOM-Index
2025-08-21,109.89,111.54,109.89,110.71,104566810,UPCOMINDEX,UPCOM-Index
2025-08-22,110.69,111.02,108.33,109.0,154960572,UPCOMINDEX,UPCOM-Index
2025-08-25,109.36,109.96,107.53,108.04,76093311,UPCOMINDEX,UPCOM-Index
2025-08-26,108.21,109.71,108.18,109.58,60957537,UPCOMINDEX,UPCOM-Index
2025-08-27,109.44,110.42,109.43,110.41,63150229,UPCOMINDEX,UPCOM-Index
2025-08-28,110.04,111.05,110.04,111.05,60063392,UPCOMINDEX,UPCOM-Index
2025-08-29,111.02,111.73,110.87,111.06,96687661,UPCOMINDEX,UPCOM-Index
2025-09-03,111.24,111.65,110.74,111.14,65311382,UPCOMINDEX,UPCOM-Index
2025-09-04,111.42,112.29,111.05,112.27,77167270,UPCOMINDEX,UPCOM-Index
2025-09-05,112.24,112.84,110.84,111.11,96823225,UPCOMINDEX,UPCOM-Index
2025-09-08,111.13,111.38,109.47,109.72,73417094,UPCOMINDEX,UPCOM-Index
2025-09-09,109.92,110.39,109.5,110.35,63083286,UPCOMINDEX,UPCOM-Index
2025-09-10,110.18,110.94,109.94,110.94,40109256,UPCOMINDEX,UPCOM-Index
2025-09-11,110.52,110.54,109.57,110.37,64592668,UPCOMINDEX,UPCOM-Index
2025-09-12,110.37,110.95,110.02,110.85,69689992,UPCOMINDEX,UPCOM-Index
2025-09-15,110.24,111.17,110.21,110.86,55060070,UPCOMINDEX,UPCOM-Index
2025-09-16,110.85,111.65,110.85,111.53,51582303,UPCOMINDEX,UPCOM-Index
2025-09-17,111.61,112.17,111.24,111.8,51402377,UPCOMINDEX,UPCOM-Index
2025-09-18,111.67,111.78,110.77,111.47,37114328,UPCOMINDEX,UPCOM-Index
2025-09-19,111.21,111.44,110.77,111.3,47854128,UPCOMINDEX,UPCOM-Index
2025-09-22,111.16,111.41,109.93,110.55,44916957,UPCOMINDEX,UPCOM-Index
2025-09-23,110.13,110.86,109.65,110.48,26936514,UPCOMINDEX,UPCOM-Index
2025-09-24,110.26,111.33,109.56,111.29,33608897,UPCOMINDEX,UPCOM-Index
2025-09-25,109.92,110.78,109.92,110.75,38811757,UPCOMINDEX,UPCOM-Index
2025-09-26,110.59,110.96,110.43,110.59,52773421,UPCOMINDEX,UPCOM-Index
2025-09-29,110.62,110.92,109.04,109.23,31538410,UPCOMINDEX,UPCOM-Index
2025-09-30,109.3,109.95,108.64,109.95,43112352,UPCOMINDEX,UPCOM-Index
2025-10-01,109.55,110.23,109.55,110.0,19965076,UPCOMINDEX,UPCOM-Index
2025-10-02,109.94,110.36,109.41,109.89,23537428,UPCOMINDEX,UPCOM-Index
2025-10-03,109.61,109.62,108.94,109.07,52004663,UPCOMINDEX,UPCOM-Index
2025-10-06,109.0,110.0,108.41,109.99,37898653,UPCOMINDEX,UPCOM-Index
2025-10-07,109.37,110.75,109.37,110.31,30906752,UPCOMINDEX,UPCOM-Index
2025-10-08,110.32,111.15,109.93,110.41,34191542,UPCOMINDEX,UPCOM-Index
2025-10-09,110.47,111.14,110.44,110.99,41064126,UPCOMINDEX,UPCOM-Index
2025-10-10,110.94,112.39,110.9,112.23,57867685,UPCOMINDEX,UPCOM-Index
2025-10-13,111.91,113.49,111.69,113.44,40843657,UPCOMINDEX,UPCOM-Index
2025-10-14,112.99,113.98,112.58,113.01,47895790,UPCOMINDEX,UPCOM-Index
2025-10-15,113.1,113.18,112.02,112.52,41117311,UPCOMINDEX,UPCOM-Index
2025-10-16,112.5,113.02,112.13,112.37,37514158,UPCOMINDEX,UPCOM-Index
2025-10-17,112.98,113.37,112.08,112.59,73058584,UPCOMINDEX,UPCOM-Index
2025-10-20,112.56,112.67,108.13,109.0,63564895,UPCOMINDEX,UPCOM-Index
2025-10-21,108.48,110.02,108.38,109.9,47426701,UPCOMINDEX,UPCOM-Index
2025-10-22,109.19,110.67,109.19,110.66,33794272,UPCOMINDEX,UPCOM-Index
2025-10-23,110.13,111.38,110.13,111.06,27350345,UPCOMINDEX,UPCOM-Index
2025-10-24,111.17,111.41,110.69,111.13,54666414,UPCOMINDEX,UPCOM-Index
2025-10-27,110.08,112.07,110.08,110.94,35662273,UPCOMINDEX,UPCOM-Index
2025-10-28,111.06,111.51,110.61,111.51,41123558,UPCOMINDEX,UPCOM-Index
2025-10-29,111.34,112.9,111.34,112.82,48973738,UPCOMINDEX,UPCOM-Index
2025-10-30,112.83,114.2,112.74,113.31,40526723,UPCOMINDEX,UPCOM-Index
2025-10-31,113.79,114.37,112.74,113.22,58818059,UPCOMINDEX,UPCOM-Index
2025-11-03,113.48,115.53,113.45,114.84,32225138,UPCOMINDEX,UPCOM-Index
2025-11-04,114.89,116.27,114.66,116.08,40469915,UPCOMINDEX,UPCOM-Index
2025-11-05,115.78,117.85,115.61,116.36,25217131,UPCOMINDEX,UPCOM-Index
2025-11-06,116.47,117.67,114.48,115.23,20149179,UPCOMINDEX,UPCOM-Index
2025-11-07,115.32,117.58,115.32,116.59,39456992,UPCOMINDEX,UPCOM-Index
2025-11-10,116.84,118.28,116.66,117.28,20703578,UPCOMINDEX,UPCOM-Index
2025-11-11,117.25,118.54,117.25,117.97,27003756,UPCOMINDEX,UPCOM-Index
2025-11-12,118.34,119.72,118.32,119.7,25396104,UPCOMINDEX,UPCOM-Index
2025-11-13,119.65,120.49,119.57,120.04,33550717,UPCOMINDEX,UPCOM-Index
2025-11-14,120.05,120.65,119.77,120.14,40826901,UPCOMINDEX,UPCOM-Index
2025-11-17,120.46,120.99,120.27,120.91,44628850,UPCOMINDEX,UPCOM-Index
2025-11-18,120.55,120.62,119.65,119.85,40037514,UPCOMINDEX,UPCOM-Index
2025-11-19,119.12,120.26,119.12,119.53,33314176,UPCOMINDEX,UPCOM-Index
2025-11-20,119.65,119.75,119.26,119.58,24678153,UPCOMINDEX,UPCOM-Index
2025-11-21,119.58,119.64,118.42,118.73,43002255,UPCOMINDEX,UPCOM-Index
2025-11-24,118.57,119.41,118.41,118.96,26749541,UPCOMINDEX,UPCOM-Index
2025-11-25,119.03,119.34,118.6,118.72,36695557,UPCOMINDEX,UPCOM-Index
2025-11-26,118.84,119.76,118.84,119.26,29741093,UPCOMINDEX,UPCOM-Index
2025-11-27,119.33,119.66,119.17,119.39,28204977,UPCOMINDEX,UPCOM-Index
2025-11-28,119.37,119.74,118.73,119.34,46823560,UPCOMINDEX,UPCOM-Index
2025-12-01,119.12,119.54,118.99,119.39,25677511,UPCOMINDEX,UPCOM-Index
2025-12-02,119.29,121.05,119.22,119.69,27418042,UPCOMINDEX,UPCOM-Index
2025-12-03,119.84,120.61,119.64,120.48,30989279,UPCOMINDEX,UPCOM-Index
2025-12-04,120.39,121.27,120.37,121.27,37250029,UPCOMINDEX,UPCOM-Index
2025-12-05,121.5,121.5,119.98,120.65,49441374,UPCOMINDEX,UPCOM-Index
2025-12-08,120.54,120.62,119.64,120.05,41946013,UPCOMINDEX,UPCOM-Index
2025-12-09,119.98,120.13,119.34,119.92,33008119,UPCOMINDEX,UPCOM-Index
2025-12-10,119.81,120.14,119.0,119.45,32095020,UPCOMINDEX,UPCOM-Index
2025-12-11,119.3,120.17,119.21,120.16,30314392,UPCOMINDEX,UPCOM-Index
2025-12-12,120.02,120.37,118.33,118.49,83942798,UPCOMINDEX,UPCOM-Index
2025-12-15,119.12,119.13,117.97,118.11,61779048,UPCOMINDEX,UPCOM-Index
2025-12-16,118.4,119.13,117.93,118.94,41769713,UPCOMINDEX,UPCOM-Index
2025-12-17,118.48,118.89,118.33,118.63,36462872,UPCOMINDEX,UPCOM-Index
2025-12-18,118.81,119.72,118.33,118.75,29753264,UPCOMINDEX,UPCOM-Index
2025-12-19,118.96,119.71,118.96,119.18,53182621,UPCOMINDEX,UPCOM-Index
2025-12-22,119.82,120.25,119.74,120.13,39492526,UPCOMINDEX,UPCOM-Index
2025-12-23,120.13,120.42,119.74,120.0,86394974,UPCOMINDEX,UPCOM-Index
2025-12-24,120.13,120.26,119.65,120.11,58518180,UPCOMINDEX,UPCOM-Index
2025-12-25,120.13,120.56,119.68,119.71,49628857,UPCOMINDEX,UPCOM-Index
2025-12-26,119.98,120.14,118.88,119.74,81579474,UPCOMINDEX,UPCOM-Index
2025-12-29,119.49,120.6,119.38,120.6,45010544,UPCOMINDEX,UPCOM-Index
2025-12-30,120.42,120.77,120.08,120.74,25883650,UPCOMINDEX,UPCOM-Index
2025-12-31,120.77,121.37,120.67,121.37,40466153,UPCOMINDEX,UPCOM-Index
2026-01-05,121.19,121.34,120.28,120.64,38774650,UPCOMINDEX,UPCOM-Index
2026-01-06,120.61,121.08,119.88,120.84,44020365,UPCOMINDEX,UPCOM-Index
2026-01-07,120.39,121.66,120.35,121.51,48275991,UPCOMINDEX,UPCOM-Index
2026-01-08,121.32,121.94,121.2,121.66,59604000,UPCOMINDEX,UPCOM-Index
2026-01-09,121.63,121.92,121.4,121.92,81372218,UPCOMINDEX,UPCOM-Index
2026-01-12,121.88,123.08,121.88,122.76,86222553,UPCOMINDEX,UPCOM-Index
2026-01-13,122.71,124.12,122.71,123.86,97694911,UPCOMINDEX,UPCOM-Index
2026-01-14,123.84,125.97,123.34,125.11,95755791,UPCOMINDEX,UPCOM-Index
2026-01-15,125.14,126.71,125.14,126.32,90183401,UPCOMINDEX,UPCOM-Index
2026-01-16,126.69,127.94,126.34,126.56,125375800,UPCOMINDEX,UPCOM-Index
2026-01-19,126.91,127.0,125.99,126.51,72275844,UPCOMINDEX,UPCOM-Index
2026-01-20,126.54,127.13,126.09,126.45,76540989,UPCOMINDEX,UPCOM-Index
2026-01-21,126.9,126.9,125.21,126.32,58892049,UPCOMINDEX,UPCOM-Index
2026-01-22,126.46,128.07,126.46,127.44,59810168,UPCOMINDEX,UPCOM-Index
2026-01-23,127.65,128.34,126.44,126.8,78816329,UPCOMINDEX,UPCOM-Index
2026-01-26,126.26,127.84,125.89,126.43,50837142,UPCOMINDEX,UPCOM-Index
2026-01-27,127.08,127.46,126.2,127.42,48199550,UPCOMINDEX,UPCOM-Index
2026-01-28,127.6,127.89,127.14,127.69,64789704,UPCOMINDEX,UPCOM-Index
2026-01-29,128.02,128.65,128.02,128.65,53403289,UPCOMINDEX,UPCOM-Index
2026-01-30,129.2,129.69,128.14,129.69,111812964,UPCOMINDEX,UPCOM-Index
2026-02-02,128.94,130.08,128.47,129.27,52809822,UPCOMINDEX,UPCOM-Index
2026-02-03,129.34,130.32,128.21,128.53,52571726,UPCOMINDEX,UPCOM-Index
2026-02-04,128.77,129.73,128.25,129.06,46256260,UPCOMINDEX,UPCOM-Index
2026-02-05,129.38,129.85,128.03,128.11,46804888,UPCOMINDEX,UPCOM-Index
2026-02-06,128.35,128.35,125.22,126.35,80340786,UPCOMINDEX,UPCOM-Index
2026-02-09,125.49,126.74,125.47,126.74,23024836,UPCOMINDEX,UPCOM-Index
2026-02-10,126.46,127.51,125.24,125.9,60218485,UPCOMINDEX,UPCOM-Index
2026-02-11,126.05,126.97,125.87,126.97,44154759,UPCOMINDEX,UPCOM-Index
2026-02-12,126.59,127.18,125.69,126.22,18868860,UPCOMINDEX,UPCOM-Index
2026-02-13,125.95,127.79,125.95,127.58,41177373,UPCOMINDEX,UPCOM-Index
2026-02-23,127.95,128.95,127.95,128.56,34772740,UPCOMINDEX,UPCOM-Index
2026-02-24,128.36,128.78,127.74,128.17,33517226,UPCOMINDEX,UPCOM-Index
2026-02-25,128.15,129.35,128.02,129.01,88699084,UPCOMINDEX,UPCOM-Index
2026-02-26,128.86,129.4,128.61,129.36,41602938,UPCOMINDEX,UPCOM-Index
2026-02-27,129.56,130.02,128.95,129.75,110648676,UPCOMINDEX,UPCOM-Index
2026-03-02,128.99,129.68,127.44,129.41,91597394,UPCOMINDEX,UPCOM-Index
2026-03-03,129.18,130.39,129.0,129.33,87067606,UPCOMINDEX,UPCOM-Index
2026-03-04,129.26,129.71,126.39,127.94,111281900,UPCOMINDEX,UPCOM-Index
2026-03-05,127.35,128.64,127.28,127.53,57927972,UPCOMINDEX,UPCOM-Index
2026-03-06,127.17,128.51,126.52,127.22,82479367,UPCOMINDEX,UPCOM-Index
2026-03-09,126.13,126.2,118.0,118.49,115186605,UPCOMINDEX,UPCOM-Index
2026-03-10,119.82,123.27,119.82,123.06,56280869,UPCOMINDEX,UPCOM-Index
2026-03-11,121.9,124.78,121.9,124.75,45658802,UPCOMINDEX,UPCOM-Index
2026-03-12,124.29,125.3,123.75,124.2,32976163,UPCOMINDEX,UPCOM-Index
2026-03-13,123.98,125.39,123.82,124.66,69750310,UPCOMINDEX,UPCOM-Index
2026-03-16,124.74,125.31,124.42,125.24,41762610,UPCOMINDEX,UPCOM-Index
2026-03-17,125.23,126.02,125.17,125.56,41755032,UPCOMINDEX,UPCOM-Index
2026-03-18,125.64,125.76,124.13,125.35,68519146,UPCOMINDEX,UPCOM-Index
2026-03-19,124.84,124.89,123.5,124.22,32506052,UPCOMINDEX,UPCOM-Index
2026-03-20,124.02,124.57,123.23,123.57,58206939,UPCOMINDEX,UPCOM-Index
2026-03-23,123.63,123.63,120.44,120.81,44001693,UPCOMINDEX,UPCOM-Index
2026-03-24,121.69,123.02,121.68,122.94,35322575,UPCOMINDEX,UPCOM-Index
2026-03-25,123.07,124.28,123.05,123.81,32480367,UPCOMINDEX,UPCOM-Index
2026-03-26,123.89,124.8,123.25,123.86,39349582,UPCOMINDEX,UPCOM-Index
2026-03-27,123.78,125.14,123.75,125.11,51621736,UPCOMINDEX,UPCOM-Index
2026-03-30,124.37,125.38,124.23,125.38,39572932,UPCOMINDEX,UPCOM-Index
2026-03-31,125.71,126.75,125.69,126.75,31676028,UPCOMINDEX,UPCOM-Index
2026-04-01,127.4,128.07,127.3,127.75,30525934,UPCOMINDEX,UPCOM-Index
2026-04-02,127.77,127.9,126.74,127.38,27617537,UPCOMINDEX,UPCOM-Index
2026-04-03,127.3,127.66,126.1,126.39,45300722,UPCOMINDEX,UPCOM-Index
2026-04-06,126.23,126.87,125.46,125.69,29648566,UPCOMINDEX,UPCOM-Index
2026-04-07,125.54,126.27,125.29,126.27,39587519,UPCOMINDEX,UPCOM-Index
2026-04-08,126.22,128.33,126.22,128.31,59090054,UPCOMINDEX,UPCOM-Index
2026-04-09,127.84,129.04,126.93,127.34,24842904,UPCOMINDEX,UPCOM-Index
2026-04-10,127.58,128.61,126.5,128.2,72976381,UPCOMINDEX,UPCOM-Index
2026-04-13,127.53,128.06,127.21,128.03,37594190,UPCOMINDEX,UPCOM-Index
2026-04-14,127.87,128.54,127.39,128.54,71554551,UPCOMINDEX,UPCOM-Index
2026-04-15,128.04,128.97,128.04,128.8,35668331,UPCOMINDEX,UPCOM-Index
2026-04-16,128.6,128.77,127.92,128.4,20797339,UPCOMINDEX,UPCOM-Index
2026-04-17,128.4,128.95,127.79,128.95,42021411,UPCOMINDEX,UPCOM-Index
2026-04-20,128.34,129.85,128.25,129.85,33676027,UPCOMINDEX,UPCOM-Index
2026-04-21,129.65,130.19,128.65,129.31,48550985,UPCOMINDEX,UPCOM-Index
2026-04-22,129.24,129.71,128.35,128.7,24410309,UPCOMINDEX,UPCOM-Index
2026-04-23,128.73,129.31,127.62,128.29,43346158,UPCOMINDEX,UPCOM-Index
2026-04-24,127.84,129.77,127.13,127.61,45927131,UPCOMINDEX,UPCOM-Index
2026-04-28,127.62,128.27,126.86,127.65,49369630,UPCOMINDEX,UPCOM-Index
2026-04-29,127.77,128.12,126.88,127.78,28221150,UPCOMINDEX,UPCOM-Index
2026-05-04,127.68,128.43,127.35,127.8,28599673,UPCOMINDEX,UPCOM-Index
2026-05-05,127.66,128.03,126.81,127.38,28311135,UPCOMINDEX,UPCOM-Index
2026-05-06,127.33,128.2,126.82,128.2,44977830,UPCOMINDEX,UPCOM-Index
2026-05-07,128.07,129.16,127.55,127.98,33356313,UPCOMINDEX,UPCOM-Index
2026-05-08,128.07,128.36,126.89,127.44,55421366,UPCOMINDEX,UPCOM-Index
2026-05-11,127.48,128.06,127.02,127.36,34778097,UPCOMINDEX,UPCOM-Index
2026-05-12,127.26,127.39,126.3,127.21,21752402,UPCOMINDEX,UPCOM-Index
2026-05-13,126.64,127.0,125.6,126.67,54424130,UPCOMINDEX,UPCOM-Index
2026-05-14,126.44,126.78,126.31,126.59,32606465,UPCOMINDEX,UPCOM-Index
2026-05-15,126.3,127.26,126.11,126.61,61254638,UPCOMINDEX,UPCOM-Index
2026-05-18,125.66,126.76,125.4,125.98,51473027,UPCOMINDEX,UPCOM-Index
2026-05-19,125.84,126.57,125.83,126.07,52182295,UPCOMINDEX,UPCOM-Index
2026-05-20,126.14,126.46,124.6,125.85,82868869,UPCOMINDEX,UPCOM-Index
2026-05-21,125.62,126.47,125.46,125.96,20388621,UPCOMINDEX,UPCOM-Index
2026-05-22,126.1,126.29,124.88,126.13,53662336,UPCOMINDEX,UPCOM-Index
2026-05-25,125.9,126.34,125.67,126.34,29238356,UPCOMINDEX,UPCOM-Index
2026-05-26,126.28,126.53,125.82,126.21,26204686,UPCOMINDEX,UPCOM-Index
2026-05-27,126.29,126.8,125.72,126.09,42279184,UPCOMINDEX,UPCOM-Index
2026-05-28,126.17,126.36,125.44,125.5,26714243,UPCOMINDEX,UPCOM-Index
2026-05-29,125.61,125.92,124.91,125.29,40522081,UPCOMINDEX,UPCOM-Index
2026-06-01,125.31,125.95,125.26,125.77,21320642,UPCOMINDEX,UPCOM-Index
2026-06-02,125.92,126.47,125.51,125.72,23500649,UPCOMINDEX,UPCOM-Index
2026-06-03,125.96,125.98,125.46,125.97,31665969,UPCOMINDEX,UPCOM-Index
2026-06-04,125.13,126.17,124.65,125.89,22954623,UPCOMINDEX,UPCOM-Index
2026-06-05,125.89,126.18,124.88,124.9,38301422,UPCOMINDEX,UPCOM-Index
2026-06-08,125.35,125.74,124.16,124.62,18665299,UPCOMINDEX,UPCOM-Index
2026-06-09,125.21,125.62,124.61,125.14,22868250,UPCOMINDEX,UPCOM-Index
2026-06-10,125.43,126.06,125.23,126.02,24718176,UPCOMINDEX,UPCOM-Index
2026-06-11,125.78,126.56,125.73,126.33,21033029,UPCOMINDEX,UPCOM-Index
2026-06-12,126.61,126.94,126.06,126.37,36547976,UPCOMINDEX,UPCOM-Index
2026-06-15,126.44,126.99,126.2,126.85,27163026,UPCOMINDEX,UPCOM-Index
2026-06-16,126.95,127.18,126.34,127.18,20598713,UPCOMINDEX,UPCOM-Index
2026-06-17,127.02,127.72,126.95,127.17,25726604,UPCOMINDEX,UPCOM-Index
2026-06-18,127.22,128.57,127.02,128.28,35471945,UPCOMINDEX,UPCOM-Index
2026-06-19,128.44,128.53,126.92,128.51,35598687,UPCOMINDEX,UPCOM-Index
2026-06-22,127.75,127.84,127.37,127.78,23970021,UPCOMINDEX,UPCOM-Index
2026-06-23,127.69,128.08,126.86,127.43,53885777,UPCOMINDEX,UPCOM-Index
2026-06-24,127.21,128.29,126.17,128.27,28090044,UPCOMINDEX,UPCOM-Index
2026-06-25,127.61,128.74,127.44,128.7,28940411,UPCOMINDEX,UPCOM-Index
2026-06-26,128.61,129.45,128.61,129.3,57867133,UPCOMINDEX,UPCOM-Index
2026-06-29,129.07,129.51,128.67,129.48,18656203,UPCOMINDEX,UPCOM-Index
2026-06-30,129.23,130.27,128.62,130.27,21599770,UPCOMINDEX,UPCOM-Index
2026-07-01,130.15,130.3,129.3,129.97,41643409,UPCOMINDEX,UPCOM-Index
2026-07-02,129.58,129.89,128.46,128.93,23894956,UPCOMINDEX,UPCOM-Index
2026-07-03,128.57,128.68,127.67,128.12,38167693,UPCOMINDEX,UPCOM-Index
2026-07-06,128.1,128.41,127.1,128.27,37144281,UPCOMINDEX,UPCOM-Index
2026-07-07,127.56,127.88,127.02,127.86,27083052,UPCOMINDEX,UPCOM-Index
2026-07-08,127.51,128.7,127.47,128.7,55461408,UPCOMINDEX,UPCOM-Index
2026-07-09,128.13,129.03,128.13,129.03,24089203,UPCOMINDEX,UPCOM-Index
2026-07-10,128.79,129.58,128.01,128.43,38206341,UPCOMINDEX,UPCOM-Index
2026-07-13,128.26,128.26,125.89,126.41,32412667,UPCOMINDEX,UPCOM-Index
2026-07-14,126.4,126.48,125.94,126.48,40541434,UPCOMINDEX,UPCOM-Index
2026-07-15,126.18,127.42,126.12,127.42,19252883,UPCOMINDEX,UPCOM-Index
2026-07-16,126.93,128.37,126.42,127.1,24438165,UPCOMINDEX,UPCOM-Index
2026-07-17,126.7,128.17,126.67,128.09,22205145,UPCOMINDEX,UPCOM-Index
2026-07-20,127.09,127.55,125.03,126.22,26985338,UPCOMINDEX,UPCOM-Index
2026-07-21,126.15,126.4,124.8,125.84,29763981,UPCOMINDEX,UPCOM-Index
2026-07-22,125.36,126.13,124.25,125.1,33297619,UPCOMINDEX,UPCOM-Index
2026-07-23,124.77,126.06,123.98,126.06,32716435,UPCOMINDEX,UPCOM-Index
2026-07-24,125.66,126.27,125.48,126.27,31731410,UPCOMINDEX,UPCOM-Index
2026-07-27,126.14,126.86,125.66,126.0,38736244,UPCOMINDEX,UPCOM-Index
2026-07-28,126.07,126.1,125.48,125.99,28986413,UPCOMINDEX,UPCOM-Index
2026-07-29,125.89,126.27,124.78,126.14,16474362,UPCOMINDEX,UPCOM-Index
2026-07-30,126.13,126.74,125.9,126.72,25148373,UPCOMINDEX,UPCOM-Index
2026-07-31,126.76,127.06,126.27,126.62,35983238,UPCOMINDEX,UPCOM-Index
2026-08-03,126.27,127.17,126.23,127.03,28491820,UPCOMINDEX,UPCOM-Index
2026-08-04,126.79,127.44,126.53,127.37,31592837,UPCOMINDEX,UPCOM-Index
2026-08-05,127.34,128.2,126.53,128.14,23736513,UPCOMINDEX,UPCOM-Index
2026-08-06,127.14,127.42,126.69,127.17,24188222,UPCOMINDEX,UPCOM-Index
2026-08-07,126.7,127.37,126.67,126.99,37452985,UPCOMINDEX,UPCOM-Index
2026-08-10,127.17,127.68,127.08,127.61,18969189,UPCOMINDEX,UPCOM-Index
2026-08-11,127.58,127.9,126.98,127.31,24775002,UPCOMINDEX,UPCOM-Index
2026-08-12,127.26,128.04,127.26,127.94,26468677,UPCOMINDEX,UPCOM-Index
2026-08-13,127.54,128.6,127.52,127.92,24617939,UPCOMINDEX,UPCOM-Index
2026-08-14,127.99,128.14,126.65,127.47,37165279,UPCOMINDEX,UPCOM-Index
2026-08-17,127.26,128.45,126.69,128.45,16662222,UPCOMINDEX,UPCOM-Index
2026-08-18,128.19,128.39,127.13,127.65,23877367,UPCOMINDEX,UPCOM-Index
2026-08-19,127.51,127.78,126.71,127.19,16179221,UPCOMINDEX,UPCOM-Index
2026-08-20,126.89,127.94,126.89,127.55,27712446,UPCOMINDEX,UPCOM-Index
2026-08-21,127.72,128.18,127.15,128.18,36786410,UPCOMINDEX,UPCOM-Index
