time,open,high,low,close,volume,symbol,name
2018-08-20,897.55,900.47,893.45,896.23,140317850,VNALL,VN All Share
2018-08-21,895.98,905.66,895.98,905.66,148713940,VNALL,VN All Share
2018-08-22,909.97,912.47,906.51,909.07,147412870,VNALL,VN All Share
2018-08-23,909.51,912.5,907.79,911.11,120167250,VNALL,VN All Share
2018-08-24,909.84,912.51,906.32,910.73,135874150,VNALL,VN All Share
2018-08-27,914.2,917.59,913.48,914.72,155737460,VNALL,VN All Share
2018-08-28,916.31,918.69,914.72,918.1,140865810,VNALL,VN All Share
2018-08-29,918.3,918.46,912.55,913.62,125060830,VNALL,VN All Share
2018-08-30,913.25,921.97,909.84,921.97,137150210,VNALL,VN All Share
2018-08-31,922.95,924.93,917.15,917.15,141147980,VNALL,VN All Share
2018-09-04,916.42,924.93,902.53,902.53,148831910,VNALL,VN All Share
2018-09-05,901.63,903.65,891.2,893.32,137599980,VNALL,VN All Share
2018-09-06,893.59,895.83,884.52,884.89,118722160,VNALL,VN All Share
2018-09-07,884.15,895.64,884.15,895.64,131328260,VNALL,VN All Share
2018-09-10,895.79,897.49,893.13,894.15,123023090,VNALL,VN All Share
2018-09-11,893.06,908.85,892.21,908.85,131322690,VNALL,VN All Share
2018-09-12,912.81,916.25,908.87,908.87,150039150,VNALL,VN All Share
2018-09-13,909.71,912.53,906.6,908.45,128715250,VNALL,VN All Share
2018-09-14,909.88,914.71,909.88,911.05,131256170,VNALL,VN All Share
2018-09-17,911.0,912.24,904.86,906.66,125884570,VNALL,VN All Share
2018-09-18,902.76,913.03,900.55,913.03,150401840,VNALL,VN All Share
2018-09-19,917.12,921.71,915.25,916.2,184834230,VNALL,VN All Share
2018-09-20,917.12,923.7,917.12,923.7,155918410,VNALL,VN All Share
2018-09-21,925.96,929.77,920.48,926.14,240256310,VNALL,VN All Share
2018-09-24,931.5,934.87,931.3,934.3,151115420,VNALL,VN All Share
2018-09-25,933.77,937.38,930.71,935.41,179993300,VNALL,VN All Share
2018-09-26,932.93,940.36,931.9,936.27,196672500,VNALL,VN All Share
2018-09-27,938.5,943.55,937.34,941.46,159968910,VNALL,VN All Share
2018-09-28,944.09,946.58,942.11,944.71,199838610,VNALL,VN All Share
2018-10-01,946.5,949.87,940.44,941.04,204438040,VNALL,VN All Share
2018-10-02,940.04,943.56,936.89,939.36,180774430,VNALL,VN All Share
2018-10-03,940.64,943.96,938.39,942.04,141652170,VNALL,VN All Share
2018-10-04,943.43,945.34,941.12,945.34,158102720,VNALL,VN All Share
2018-10-05,942.11,943.85,933.34,933.34,173768730,VNALL,VN All Share
2018-10-08,928.75,931.24,923.01,924.37,163609070,VNALL,VN All Share
2018-10-09,924.65,927.6,920.98,921.44,160337880,VNALL,VN All Share
2018-10-10,922.07,924.06,915.88,919.27,154006870,VNALL,VN All Share
2018-10-11,900.11,900.11,868.33,875.59,312179400,VNALL,VN All Share
2018-10-12,869.01,896.58,864.45,896.58,176296100,VNALL,VN All Share
2018-10-15,913.25,896.91,883.01,883.76,107294520,VNALL,VN All Share
2018-10-16,884.35,893.8,882.12,893.8,102717430,VNALL,VN All Share
2018-10-17,901.51,902.56,897.04,899.97,122912810,VNALL,VN All Share
2018-10-18,897.85,899.11,891.39,892.45,110374470,VNALL,VN All Share
2018-10-19,881.6,888.64,876.7,888.64,117345280,VNALL,VN All Share
2018-10-22,890.34,893.06,879.5,879.5,116043790,VNALL,VN All Share
2018-10-23,876.74,876.74,852.43,865.13,163219210,VNALL,VN All Share
2018-10-24,861.69,866.14,854.58,854.77,114304790,VNALL,VN All Share
2018-10-25,828.2,847.21,821.1,846.44,142560210,VNALL,VN All Share
2018-10-26,853.17,853.98,839.56,839.56,116481800,VNALL,VN All Share
2018-10-29,836.57,839.01,829.47,833.65,99638550,VNALL,VN All Share
2018-10-30,828.77,838.7,827.49,831.73,104682400,VNALL,VN All Share
2018-10-31,838.57,854.56,838.55,854.56,137652880,VNALL,VN All Share
2018-11-01,838.57,854.56,838.55,842.92,102103110,VNALL,VN All Share
2018-11-02,838.57,858.51,838.55,857.07,146428330,VNALL,VN All Share
2018-11-05,852.32,858.17,849.63,858.17,101716350,VNALL,VN All Share
2018-11-06,861.83,862.07,855.26,855.26,101149770,VNALL,VN All Share
2018-11-07,856.61,857.68,848.94,854.71,106767700,VNALL,VN All Share
2018-11-08,860.87,863.66,856.21,856.8,119128720,VNALL,VN All Share
2018-11-09,852.24,855.02,844.37,844.37,115904150,VNALL,VN All Share
2018-11-12,839.67,846.41,835.29,846.01,96925160,VNALL,VN All Share
2018-11-13,834.62,837.8,833.7,836.62,65416010,VNALL,VN All Share
2018-11-14,834.36,840.38,830.45,833.46,110986260,VNALL,VN All Share
2018-11-15,833.49,836.17,823.17,827.4,111214990,VNALL,VN All Share
2018-11-16,831.69,834.94,826.64,830.37,121491320,VNALL,VN All Share
2018-11-19,835.58,846.66,835.58,846.66,106433190,VNALL,VN All Share
2018-11-20,842.98,850.28,842.46,850.28,107489770,VNALL,VN All Share
2018-11-21,841.94,853.97,840.31,853.97,103770820,VNALL,VN All Share
2018-11-22,854.61,856.8,853.64,855.65,99847390,VNALL,VN All Share
2018-11-23,855.1,855.9,847.51,848.51,94620830,VNALL,VN All Share
2018-11-26,847.99,852.94,845.74,852.24,77448980,VNALL,VN All Share
2018-11-27,852.28,859.58,851.34,852.7,92286880,VNALL,VN All Share
2018-11-28,851.85,857.92,851.71,857.92,79773220,VNALL,VN All Share
2018-11-29,862.68,865.3,854.23,854.23,95072950,VNALL,VN All Share
2018-11-30,852.53,855.5,848.57,853.07,109360540,VNALL,VN All Share
2018-12-03,854.33,876.19,854.33,876.19,137743030,VNALL,VN All Share
2018-12-04,876.24,882.45,874.99,881.54,158087690,VNALL,VN All Share
2018-12-05,881.46,881.61,871.14,879.17,135287920,VNALL,VN All Share
2018-12-06,879.1,881.35,871.7,877.52,128502100,VNALL,VN All Share
2018-12-07,879.27,886.19,879.11,883.58,131171040,VNALL,VN All Share
2018-12-10,883.14,883.14,877.52,877.96,105852800,VNALL,VN All Share
2018-12-11,877.17,880.15,871.54,877.23,103280560,VNALL,VN All Share
2018-12-12,877.29,882.34,877.29,882.34,120099360,VNALL,VN All Share
2018-12-13,885.23,888.43,882.59,883.48,124613510,VNALL,VN All Share
2018-12-14,882.56,882.95,875.2,876.16,116681740,VNALL,VN All Share
2018-12-17,872.3,872.3,860.36,860.36,123040990,VNALL,VN All Share
2018-12-18,847.94,853.06,842.15,850.37,132601460,VNALL,VN All Share
2018-12-19,850.01,851.09,839.03,843.55,107052230,VNALL,VN All Share
2018-12-20,840.55,844.44,837.96,840.26,92336040,VNALL,VN All Share
2018-12-21,834.52,839.02,830.85,836.68,106499070,VNALL,VN All Share
2018-12-24,834.52,841.49,830.85,835.89,92998200,VNALL,VN All Share
2018-12-25,834.52,841.49,812.84,826.96,143335220,VNALL,VN All Share
2018-12-26,834.52,841.49,812.84,823.12,86424520,VNALL,VN All Share
2018-12-27,834.52,841.49,812.84,828.39,92907320,VNALL,VN All Share
2018-12-28,834.52,833.98,818.39,818.39,106965660,VNALL,VN All Share
2019-01-02,834.52,833.98,816.97,817.77,78813670,VNALL,VN All Share
2019-01-03,816.67,817.53,799.33,803.37,116725760,VNALL,VN All Share
2019-01-04,798.67,805.84,789.05,805.26,101983480,VNALL,VN All Share
2019-01-07,814.25,820.94,810.48,815.29,76072770,VNALL,VN All Share
2019-01-08,816.37,816.67,807.63,810.67,80614570,VNALL,VN All Share
2019-01-09,812.46,820.16,812.11,819.62,105374000,VNALL,VN All Share
2019-01-10,819.82,822.47,817.43,821.15,88951280,VNALL,VN All Share
2019-01-11,821.86,825.99,821.86,824.22,91759510,VNALL,VN All Share
2019-01-14,824.01,824.17,819.44,823.11,84849320,VNALL,VN All Share
2019-01-15,822.96,828.51,820.5,828.51,90905350,VNALL,VN All Share
2019-01-16,829.0,830.95,825.14,827.6,92395850,VNALL,VN All Share
2019-01-17,826.95,827.83,819.37,819.37,102377590,VNALL,VN All Share
2019-01-18,821.18,824.2,819.13,820.58,84474540,VNALL,VN All Share
2019-01-21,821.96,828.55,821.26,827.85,104269690,VNALL,VN All Share
2019-01-22,829.01,830.94,825.63,825.63,106082990,VNALL,VN All Share
2019-01-23,825.48,830.43,824.17,827.98,78919920,VNALL,VN All Share
2019-01-24,828.49,831.57,828.38,831.15,82381010,VNALL,VN All Share
2019-01-25,831.24,833.94,831.1,832.42,82564750,VNALL,VN All Share
2019-01-28,832.4,835.66,830.92,833.14,89469820,VNALL,VN All Share
2019-01-29,834.76,836.15,828.48,836.15,76669620,VNALL,VN All Share
2019-01-30,836.13,836.13,832.96,833.99,81808310,VNALL,VN All Share
2019-01-31,837.6,838.42,830.53,832.1,93891900,VNALL,VN All Share
2019-02-01,833.16,833.54,827.12,828.9,81201410,VNALL,VN All Share
2019-02-11,835.84,845.72,834.86,845.72,94264510,VNALL,VN All Share
2019-02-12,847.81,857.47,846.97,856.39,158660610,VNALL,VN All Share
2019-02-13,856.47,864.07,856.47,864.07,161816410,VNALL,VN All Share
2019-02-14,864.7,871.4,864.44,869.12,137120590,VNALL,VN All Share
2019-02-15,867.77,871.18,864.41,867.1,130853180,VNALL,VN All Share
2019-02-18,870.36,875.08,868.97,875.08,150519110,VNALL,VN All Share
2019-02-19,877.13,885.21,877.07,878.27,179488570,VNALL,VN All Share
2019-02-20,878.22,884.11,878.22,882.69,132125870,VNALL,VN All Share
2019-02-21,883.36,897.08,882.79,897.08,148734770,VNALL,VN All Share
2019-02-22,894.0,902.15,892.57,898.15,183482330,VNALL,VN All Share
2019-02-25,904.63,910.04,904.17,905.3,181373030,VNALL,VN All Share
2019-02-26,903.16,908.07,892.09,898.75,196339960,VNALL,VN All Share
2019-02-27,901.04,905.3,899.94,902.19,193841660,VNALL,VN All Share
2019-02-28,902.25,902.29,878.33,878.33,181666210,VNALL,VN All Share
2019-03-01,883.11,890.0,882.66,889.6,129767550,VNALL,VN All Share
2019-03-04,893.07,902.26,893.0,902.18,191928900,VNALL,VN All Share
2019-03-05,899.18,904.82,896.6,897.96,218148110,VNALL,VN All Share
2019-03-06,897.89,900.84,892.58,899.59,171612770,VNALL,VN All Share
2019-03-07,899.88,907.86,898.52,898.52,171720280,VNALL,VN All Share
2019-03-08,893.37,896.5,889.8,890.37,160597550,VNALL,VN All Share
2019-03-11,888.62,893.86,888.02,891.91,125344060,VNALL,VN All Share
2019-03-12,896.63,903.92,896.45,903.92,161699520,VNALL,VN All Share
2019-03-13,905.87,912.93,905.87,908.26,180815070,VNALL,VN All Share
2019-03-14,908.2,911.75,905.22,909.73,154851500,VNALL,VN All Share
2019-03-15,908.98,908.98,900.27,902.76,186831390,VNALL,VN All Share
2019-03-18,902.75,910.27,902.75,909.08,166510470,VNALL,VN All Share
2019-03-19,909.09,911.48,901.97,904.0,182777910,VNALL,VN All Share
2019-03-20,903.96,903.96,891.11,900.2,153851730,VNALL,VN All Share
2019-03-21,900.84,904.26,882.8,882.8,167059090,VNALL,VN All Share
2019-03-22,882.91,889.79,881.86,887.55,137674520,VNALL,VN All Share
2019-03-25,887.0,887.0,864.84,868.95,159591070,VNALL,VN All Share
2019-03-26,869.7,877.09,867.26,870.02,121969540,VNALL,VN All Share
2019-03-27,873.41,878.38,872.83,876.51,97338150,VNALL,VN All Share
2019-03-28,874.86,879.78,873.7,878.86,108419760,VNALL,VN All Share
2019-03-29,878.95,883.47,877.5,877.5,116609880,VNALL,VN All Share
2019-04-01,877.53,884.06,877.53,884.06,122933020,VNALL,VN All Share
2019-04-02,885.48,891.3,881.88,882.57,127478740,VNALL,VN All Share
2019-04-03,882.58,882.58,877.38,880.86,115864870,VNALL,VN All Share
2019-04-04,881.34,885.27,880.28,883.6,119466710,VNALL,VN All Share
2019-04-05,883.6,885.73,882.8,884.73,114759150,VNALL,VN All Share
2019-04-08,884.9,887.56,882.49,887.47,126580810,VNALL,VN All Share
2019-04-09,887.42,889.78,879.14,879.45,139679650,VNALL,VN All Share
2019-04-10,879.29,879.29,868.02,872.93,121615060,VNALL,VN All Share
2019-04-11,872.91,876.73,872.83,876.73,104225810,VNALL,VN All Share
2019-04-12,876.67,876.67,872.73,874.54,100586960,VNALL,VN All Share
2019-04-16,874.53,874.53,858.22,868.85,115827170,VNALL,VN All Share
2019-04-17,870.12,872.38,863.67,863.67,129975890,VNALL,VN All Share
2019-04-18,861.5,864.79,854.92,855.68,123734580,VNALL,VN All Share
2019-04-19,860.2,863.07,857.84,858.7,82668550,VNALL,VN All Share
2019-04-22,856.73,856.73,851.53,855.88,105177050,VNALL,VN All Share
2019-04-23,855.92,859.11,854.05,856.01,97085390,VNALL,VN All Share
2019-04-24,857.47,865.29,857.47,865.29,107592250,VNALL,VN All Share
2019-04-25,865.38,865.38,861.04,862.79,97991970,VNALL,VN All Share
2019-04-26,861.71,867.81,860.54,867.81,96641620,VNALL,VN All Share
2019-05-02,869.16,869.91,866.69,869.28,109849230,VNALL,VN All Share
2019-05-03,868.94,870.54,865.74,868.96,116740170,VNALL,VN All Share
2019-05-06,860.41,860.41,851.82,854.27,120655050,VNALL,VN All Share
2019-05-07,857.11,860.3,852.12,853.22,100981840,VNALL,VN All Share
2019-05-08,846.64,850.28,844.67,848.52,106578690,VNALL,VN All Share
2019-05-09,848.27,851.27,844.19,847.09,100106560,VNALL,VN All Share
2019-05-10,850.55,852.57,847.61,851.76,101160590,VNALL,VN All Share
2019-05-13,851.65,856.67,850.47,856.67,109236860,VNALL,VN All Share
2019-05-14,855.69,859.53,853.53,859.53,112731040,VNALL,VN All Share
2019-05-15,861.02,870.02,861.02,869.44,132769620,VNALL,VN All Share
2019-05-16,870.27,873.65,869.72,869.91,115773110,VNALL,VN All Share
2019-05-17,869.33,871.26,866.8,868.13,103914190,VNALL,VN All Share
2019-05-20,872.6,876.52,872.33,876.52,116875020,VNALL,VN All Share
2019-05-21,877.98,881.11,874.94,875.34,107503240,VNALL,VN All Share
2019-05-22,875.93,880.26,871.84,872.25,109336200,VNALL,VN All Share
2019-05-23,870.03,873.25,867.34,870.68,97052880,VNALL,VN All Share
2019-05-24,865.74,872.72,860.85,860.85,111387170,VNALL,VN All Share
2019-05-27,860.34,864.8,860.34,864.8,86126400,VNALL,VN All Share
2019-05-28,864.8,867.21,859.68,861.25,104379960,VNALL,VN All Share
2019-05-29,862.19,863.7,859.32,860.93,105878360,VNALL,VN All Share
2019-05-30,860.76,864.44,857.82,859.7,95616260,VNALL,VN All Share
2019-05-31,860.27,860.54,851.3,852.21,102085000,VNALL,VN All Share
2019-06-03,848.93,849.55,836.51,840.34,127511840,VNALL,VN All Share
2019-06-04,840.82,844.73,835.85,840.99,90811500,VNALL,VN All Share
2019-06-05,845.78,847.83,841.56,841.56,84762680,VNALL,VN All Share
2019-06-06,841.68,842.66,831.19,839.53,86906990,VNALL,VN All Share
2019-06-07,841.33,847.88,841.13,847.88,83248130,VNALL,VN All Share
2019-06-10,852.18,854.71,846.59,850.88,104573650,VNALL,VN All Share
2019-06-11,850.94,852.52,848.77,850.02,84008770,VNALL,VN All Share
2019-06-12,849.15,849.95,844.39,844.39,88685020,VNALL,VN All Share
2019-06-13,842.68,843.15,836.66,839.8,87823680,VNALL,VN All Share
2019-06-14,839.37,842.84,839.37,841.18,94860000,VNALL,VN All Share
2019-06-17,840.85,841.72,831.98,833.06,90021170,VNALL,VN All Share
2019-06-18,833.0,833.97,826.56,828.6,94998960,VNALL,VN All Share
2019-06-19,833.04,834.58,831.99,834.51,99755650,VNALL,VN All Share
2019-06-20,833.04,834.58,831.99,834.51,99755650,VNALL,VN All Share
2019-06-21,833.04,834.58,831.99,834.51,99755650,VNALL,VN All Share
2019-06-24,834.86,849.36,844.96,845.22,100814940,VNALL,VN All Share
2019-06-25,834.86,846.59,843.53,844.98,106326880,VNALL,VN All Share
2019-06-26,834.86,846.48,843.21,843.62,105703680,VNALL,VN All Share
2019-06-27,834.86,842.66,832.86,832.86,108618800,VNALL,VN All Share
2019-06-28,834.86,841.18,827.19,841.18,104193160,VNALL,VN All Share
2019-07-01,834.86,851.75,841.85,851.75,109687560,VNALL,VN All Share
2019-07-02,850.49,852.46,846.91,848.87,92877490,VNALL,VN All Share
2019-07-03,847.6,848.24,843.67,847.11,97718990,VNALL,VN All Share
2019-07-04,848.1,856.47,848.05,856.47,117589050,VNALL,VN All Share
2019-07-05,856.49,858.16,854.29,858.09,102852660,VNALL,VN All Share
2019-07-08,857.02,857.02,847.43,850.0,105581140,VNALL,VN All Share
2019-07-09,849.39,851.86,846.93,851.75,110364170,VNALL,VN All Share
2019-07-10,853.95,856.18,853.35,854.62,107749090,VNALL,VN All Share
2019-07-11,857.53,858.31,855.17,856.75,117593750,VNALL,VN All Share
2019-07-12,858.3,859.55,852.71,853.07,113190600,VNALL,VN All Share
2019-07-15,858.3,854.03,848.73,850.96,105958940,VNALL,VN All Share
2019-07-16,851.03,857.41,851.03,857.02,121873140,VNALL,VN All Share
2019-07-17,857.46,859.68,855.19,857.25,127948040,VNALL,VN All Share
2019-07-18,854.0,854.65,850.52,850.71,109077200,VNALL,VN All Share
2019-07-19,852.76,858.77,852.76,858.77,143324340,VNALL,VN All Share
2019-07-22,858.45,861.11,855.49,856.58,117941210,VNALL,VN All Share
2019-07-23,856.44,864.43,855.7,864.2,116247490,VNALL,VN All Share
2019-07-24,866.1,868.42,862.22,864.35,114142320,VNALL,VN All Share
2019-07-25,864.38,869.94,862.41,867.79,124580340,VNALL,VN All Share
2019-07-26,867.49,868.89,863.76,865.03,103723820,VNALL,VN All Share
2019-07-29,865.02,867.36,859.06,865.43,100624110,VNALL,VN All Share
2019-07-30,865.45,869.17,854.7,854.7,117016150,VNALL,VN All Share
2019-07-31,854.63,861.68,851.27,860.27,117637130,VNALL,VN All Share
2019-08-01,861.32,866.02,859.67,866.02,119827160,VNALL,VN All Share
2019-08-02,865.8,865.8,857.03,863.3,128054570,VNALL,VN All Share
2019-08-05,863.29,863.29,849.95,849.95,136135210,VNALL,VN All Share
2019-08-06,849.74,849.74,836.36,844.21,154956060,VNALL,VN All Share
2019-08-07,844.22,849.74,841.53,845.26,121663170,VNALL,VN All Share
2019-08-08,845.21,854.09,844.54,853.55,147503010,VNALL,VN All Share
2019-08-09,853.54,857.82,853.1,855.34,124559880,VNALL,VN All Share
2019-08-12,855.15,858.03,854.16,857.26,114902810,VNALL,VN All Share
2019-08-13,855.03,855.21,849.0,851.45,130698680,VNALL,VN All Share
2019-08-14,858.78,859.37,853.35,853.35,115801560,VNALL,VN All Share
2019-08-15,842.83,862.24,841.84,862.24,122624280,VNALL,VN All Share
2019-08-16,859.82,871.3,859.8,864.82,143977650,VNALL,VN All Share
2019-08-19,867.75,868.95,862.87,865.11,100044480,VNALL,VN All Share
2019-08-20,866.57,869.1,865.27,868.6,113212220,VNALL,VN All Share
2019-08-21,867.06,874.34,866.88,873.28,136141210,VNALL,VN All Share
2019-08-22,874.59,877.07,872.53,875.44,120429420,VNALL,VN All Share
2019-08-23,875.84,875.94,870.51,873.17,112815610,VNALL,VN All Share
2019-08-26,866.47,866.92,861.1,866.21,142503230,VNALL,VN All Share
2019-08-27,869.9,872.22,861.73,861.73,140241100,VNALL,VN All Share
2019-08-28,862.35,865.02,860.84,861.11,109475250,VNALL,VN All Share
2019-08-29,862.77,864.56,858.29,864.56,112524690,VNALL,VN All Share
2019-08-30,865.92,868.67,865.78,868.12,117518880,VNALL,VN All Share
2019-09-03,868.45,869.26,862.16,863.35,118010010,VNALL,VN All Share
2019-09-04,861.72,864.09,857.45,862.22,113948300,VNALL,VN All Share
2019-09-05,863.9,865.5,860.87,860.87,107415030,VNALL,VN All Share
2019-09-06,862.5,863.8,859.74,860.53,100819590,VNALL,VN All Share
2019-09-09,861.4,861.58,858.23,860.45,96829170,VNALL,VN All Share
2019-09-10,860.81,862.3,855.23,857.28,119429460,VNALL,VN All Share
2019-09-11,857.17,859.42,855.18,858.59,88479720,VNALL,VN All Share
2019-09-12,861.19,865.58,861.19,865.58,114246200,VNALL,VN All Share
2019-09-13,866.55,874.09,865.11,874.09,138099740,VNALL,VN All Share
2019-09-16,872.52,877.7,872.52,877.37,128819180,VNALL,VN All Share
2019-09-17,877.26,881.9,874.17,881.64,133318760,VNALL,VN All Share
2019-09-18,882.19,883.64,880.64,882.17,131427830,VNALL,VN All Share
2019-09-19,882.2,885.58,878.5,885.58,129382050,VNALL,VN All Share
2019-09-20,886.24,886.57,880.95,880.95,157401400,VNALL,VN All Share
2019-09-23,882.1,883.74,876.87,876.87,132985490,VNALL,VN All Share
2019-09-24,876.15,881.08,875.75,878.92,111080180,VNALL,VN All Share
2019-09-25,877.51,880.16,875.24,879.88,114310050,VNALL,VN All Share
2019-09-26,881.15,884.04,878.7,884.04,125114390,VNALL,VN All Share
2019-09-27,885.11,890.01,884.3,889.19,140201720,VNALL,VN All Share
2019-09-30,890.12,894.2,887.89,887.89,144314260,VNALL,VN All Share
2019-10-01,887.92,890.14,887.08,890.14,132538710,VNALL,VN All Share
2019-10-02,890.14,890.95,882.82,883.91,146018880,VNALL,VN All Share
2019-10-03,878.59,886.21,876.84,886.21,148698280,VNALL,VN All Share
2019-10-04,887.64,888.76,881.58,881.58,141954350,VNALL,VN All Share
2019-10-07,881.99,883.29,875.17,875.17,140835280,VNALL,VN All Share
2019-10-08,874.92,880.05,874.6,880.05,139849820,VNALL,VN All Share
2019-10-09,880.13,882.16,877.81,879.38,132275130,VNALL,VN All Share
2019-10-10,880.01,881.54,877.7,878.46,126078240,VNALL,VN All Share
2019-10-11,878.46,881.53,878.46,881.53,130706970,VNALL,VN All Share
2019-10-14,881.78,886.77,881.78,884.57,160051510,VNALL,VN All Share
2019-10-15,884.57,886.36,882.69,885.08,119373780,VNALL,VN All Share
2019-10-16,887.15,888.35,884.98,886.0,144569420,VNALL,VN All Share
2019-10-17,885.61,886.22,882.54,882.54,145296100,VNALL,VN All Share
2019-10-18,882.56,885.65,881.52,882.97,138921800,VNALL,VN All Share
2019-10-21,882.41,883.2,879.05,879.16,149236230,VNALL,VN All Share
2019-10-22,879.8,881.43,878.31,880.16,179460170,VNALL,VN All Share
2019-10-23,879.82,881.88,879.17,881.69,139224680,VNALL,VN All Share
2019-10-24,881.68,886.55,881.68,886.55,126679680,VNALL,VN All Share
2019-10-25,886.58,887.62,885.14,887.62,120695660,VNALL,VN All Share
2019-10-28,888.16,890.11,865.43,865.43,100624110,VNALL,VN All Share
2019-10-29,888.06,889.72,886.18,886.18,157121970,VNALL,VN All Share
2019-10-30,887.36,891.21,885.51,888.58,142534200,VNALL,VN All Share
2019-10-31,889.71,890.77,884.7,884.86,169594630,VNALL,VN All Share
2019-11-01,884.45,897.49,884.45,897.33,172071620,VNALL,VN All Share
2019-11-04,897.6,902.29,895.95,901.43,181126570,VNALL,VN All Share
2019-11-05,901.49,904.64,900.33,903.93,153199260,VNALL,VN All Share
2019-11-06,903.55,907.82,902.73,905.04,161197150,VNALL,VN All Share
2019-11-07,905.04,907.96,903.45,905.5,149618150,VNALL,VN All Share
2019-11-08,905.52,908.52,903.53,904.92,142338820,VNALL,VN All Share
2019-11-11,904.93,906.14,900.22,900.8,153861640,VNALL,VN All Share
2019-11-12,900.82,903.12,899.36,900.58,148861690,VNALL,VN All Share
2019-11-13,900.61,901.6,893.13,894.75,151193590,VNALL,VN All Share
2019-11-14,894.65,898.11,890.85,891.9,171167780,VNALL,VN All Share
2019-11-15,892.0,893.53,887.54,890.23,150303970,VNALL,VN All Share
2019-11-18,890.98,891.85,884.01,884.6,143800230,VNALL,VN All Share
2019-11-19,884.5,889.03,883.85,889.03,131001220,VNALL,VN All Share
2019-11-20,889.18,889.87,882.38,883.01,163425800,VNALL,VN All Share
2019-11-21,882.95,882.95,869.58,869.58,153024100,VNALL,VN All Share
2019-11-22,872.59,875.33,856.77,863.01,177253280,VNALL,VN All Share
2019-11-25,863.01,865.74,857.3,863.31,134985700,VNALL,VN All Share
2019-11-26,866.36,868.25,864.77,865.32,132201050,VNALL,VN All Share
2019-11-27,866.06,867.92,863.91,863.91,133174830,VNALL,VN All Share
2019-11-28,863.37,864.35,853.79,856.45,136748640,VNALL,VN All Share
2019-11-29,856.61,858.97,854.06,858.62,122125410,VNALL,VN All Share
2019-12-02,858.62,860.59,848.06,848.06,157748150,VNALL,VN All Share
2019-12-03,845.63,849.15,840.26,843.08,154142700,VNALL,VN All Share
2019-12-04,843.0,854.39,840.26,854.39,144182170,VNALL,VN All Share
2019-12-05,855.23,857.34,850.92,851.65,144166770,VNALL,VN All Share
2019-12-06,850.77,853.67,849.55,852.42,120106750,VNALL,VN All Share
2019-12-09,852.38,854.68,849.63,853.03,156401220,VNALL,VN All Share
2019-12-10,852.94,853.21,843.47,847.49,152255080,VNALL,VN All Share
2019-12-11,846.43,850.65,842.92,850.65,143414660,VNALL,VN All Share
2019-12-12,850.65,855.9,850.65,855.9,138971280,VNALL,VN All Share
2019-12-13,855.9,858.54,851.05,851.05,150795140,VNALL,VN All Share
2019-12-16,849.26,850.53,845.79,847.97,187022970,VNALL,VN All Share
2019-12-17,848.54,848.85,840.07,840.07,217146720,VNALL,VN All Share
2019-12-18,837.95,840.04,833.91,835.46,166587130,VNALL,VN All Share
2019-12-19,835.23,838.75,831.38,834.64,152238070,VNALL,VN All Share
2019-12-20,836.07,840.3,835.2,838.98,163945780,VNALL,VN All Share
2019-12-23,841.92,842.21,838.31,838.31,174468000,VNALL,VN All Share
2019-12-24,838.37,839.56,834.83,839.48,157699280,VNALL,VN All Share
2019-12-25,839.36,842.96,838.57,841.96,175381000,VNALL,VN All Share
2019-12-26,841.96,843.47,839.24,841.2,143191980,VNALL,VN All Share
2019-12-27,839.7,844.38,837.24,844.38,108494140,VNALL,VN All Share
2019-12-30,844.27,847.1,843.88,847.06,131769350,VNALL,VN All Share
2019-12-31,846.21,847.83,843.45,845.58,126943650,VNALL,VN All Share
2020-01-02,845.58,851.46,843.59,851.46,119426470,VNALL,VN All Share
2020-01-03,851.6,854.85,849.09,849.36,132720910,VNALL,VN All Share
2020-01-06,849.36,849.37,839.66,839.93,127072820,VNALL,VN All Share
2020-01-07,839.93,843.76,838.68,843.23,117079470,VNALL,VN All Share
2020-01-08,843.2,843.23,828.22,831.99,158598250,VNALL,VN All Share
2020-01-09,842.09,842.74,831.99,842.19,122299610,VNALL,VN All Share
2020-01-10,842.25,849.14,842.18,847.77,148557360,VNALL,VN All Share
2020-01-13,847.77,847.92,844.85,845.16,107120020,VNALL,VN All Share
2020-01-14,845.17,849.1,844.25,848.32,118143660,VNALL,VN All Share
2020-01-15,848.33,849.72,846.8,848.99,102183850,VNALL,VN All Share
2020-01-16,848.99,853.3,847.84,853.24,133336920,VNALL,VN All Share
2020-01-17,853.24,857.82,852.73,854.55,106527530,VNALL,VN All Share
2020-01-20,854.55,855.45,851.76,855.45,92804760,VNALL,VN All Share
2020-01-21,855.45,863.67,855.45,863.67,114375380,VNALL,VN All Share
2020-01-22,863.68,867.73,861.67,867.57,116160070,VNALL,VN All Share
2020-01-30,867.01,867.57,835.27,840.49,164572120,VNALL,VN All Share
2020-01-31,840.49,840.49,816.56,816.56,190222020,VNALL,VN All Share
2020-02-03,816.42,816.56,775.4,808.06,229587140,VNALL,VN All Share
2020-02-04,808.14,813.61,798.18,807.92,167365750,VNALL,VN All Share
2020-02-05,808.04,815.16,803.75,808.67,154949410,VNALL,VN All Share
2020-02-06,808.68,824.23,807.46,824.23,193524630,VNALL,VN All Share
2020-02-07,824.23,828.0,821.27,826.2,155282840,VNALL,VN All Share
2020-02-10,826.07,826.2,813.06,817.52,121262710,VNALL,VN All Share
2020-02-11,817.53,821.81,817.52,820.31,148414340,VNALL,VN All Share
2020-02-12,820.3,830.5,820.3,826.21,176060430,VNALL,VN All Share
2020-02-13,826.21,827.56,822.56,827.2,144591470,VNALL,VN All Share
2020-02-14,827.2,830.62,826.09,828.37,159300260,VNALL,VN All Share
2020-02-17,828.34,829.6,824.0,827.21,138352710,VNALL,VN All Share
2020-02-18,827.2,827.42,819.61,822.3,150634850,VNALL,VN All Share
2020-02-19,822.3,825.65,820.38,824.23,151488590,VNALL,VN All Share
2020-02-20,824.24,832.42,824.23,832.42,171880100,VNALL,VN All Share
2020-02-21,832.42,837.04,829.61,830.14,166798090,VNALL,VN All Share
2020-02-24,829.27,830.14,800.95,801.38,241639780,VNALL,VN All Share
2020-02-25,800.17,809.62,790.8,809.62,172753120,VNALL,VN All Share
2020-02-26,809.55,809.62,798.14,800.81,121184240,VNALL,VN All Share
2020-02-27,800.8,807.03,795.72,806.38,123230360,VNALL,VN All Share
2020-02-28,806.38,806.38,783.65,792.34,172771990,VNALL,VN All Share
2020-03-02,792.34,796.33,787.85,795.13,162212370,VNALL,VN All Share
2020-03-03,795.13,804.32,794.96,798.8,165340400,VNALL,VN All Share
2020-03-04,798.78,800.02,792.65,799.6,179834990,VNALL,VN All Share
2020-03-05,799.6,806.41,798.27,800.58,195321050,VNALL,VN All Share
2020-03-06,800.58,800.58,790.27,798.28,157384790,VNALL,VN All Share
2020-03-09,798.22,798.22,746.66,748.01,253482670,VNALL,VN All Share
2020-03-10,748.01,757.41,727.1,753.94,223557010,VNALL,VN All Share
2020-03-11,753.98,760.02,715.5,729.97,258332730,VNALL,VN All Share
2020-03-12,729.76,729.97,685.08,693.76,288128310,VNALL,VN All Share
2020-03-13,662.55,693.76,652.24,689.32,263697840,VNALL,VN All Share
2020-03-16,689.32,689.32,665.41,676.01,207576280,VNALL,VN All Share
2020-03-17,676.0,678.97,653.52,675.96,186250940,VNALL,VN All Share
2020-03-18,675.96,681.3,671.57,677.35,188545470,VNALL,VN All Share
2020-03-19,677.33,677.38,647.54,659.12,289842840,VNALL,VN All Share
2020-03-20,659.12,661.3,646.95,649.7,183926380,VNALL,VN All Share
2020-03-23,647.51,647.51,607.41,610.56,206535290,VNALL,VN All Share
2020-03-24,610.55,610.56,595.85,601.96,194622480,VNALL,VN All Share
2020-03-25,602.21,627.38,601.96,627.38,194874750,VNALL,VN All Share
2020-03-26,627.08,632.04,615.96,625.06,156157140,VNALL,VN All Share
2020-03-27,625.06,628.16,612.86,622.34,194705050,VNALL,VN All Share
2020-03-30,622.14,622.34,587.62,594.38,178687850,VNALL,VN All Share
2020-03-31,594.38,607.21,579.86,591.5,212837940,VNALL,VN All Share
2020-04-01,591.3,609.45,586.02,606.85,189111540,VNALL,VN All Share
2020-04-03,606.85,625.51,606.85,625.51,181187820,VNALL,VN All Share
2020-04-06,625.57,656.35,625.51,656.34,284226750,VNALL,VN All Share
2020-04-07,656.34,669.17,651.53,667.32,260529420,VNALL,VN All Share
2020-04-08,667.36,667.55,650.92,667.31,189354910,VNALL,VN All Share
2020-04-09,667.33,678.92,667.31,675.84,222479350,VNALL,VN All Share
2020-04-10,674.34,676.36,664.54,671.62,275257130,VNALL,VN All Share
2020-04-13,671.61,686.81,671.61,680.3,178337040,VNALL,VN All Share
2020-04-14,680.3,685.69,673.26,685.69,208056010,VNALL,VN All Share
2020-04-15,685.71,696.45,685.69,694.35,235522060,VNALL,VN All Share
2020-04-16,694.38,698.25,687.45,698.04,200206450,VNALL,VN All Share
2020-04-17,698.08,707.45,698.04,706.65,245174780,VNALL,VN All Share
2020-04-20,706.67,713.41,702.07,708.84,276927410,VNALL,VN All Share
2020-04-21,708.6,708.84,677.51,681.83,341104220,VNALL,VN All Share
2020-04-22,681.8,690.7,667.63,687.28,204342880,VNALL,VN All Share
2020-04-23,691.24,701.65,687.28,690.44,169265140,VNALL,VN All Share
2020-04-24,690.44,697.27,685.24,696.75,207981520,VNALL,VN All Share
2020-04-27,697.01,706.71,693.64,693.64,234313500,VNALL,VN All Share
2020-04-28,693.5,697.73,687.23,690.8,173301300,VNALL,VN All Share
2020-04-29,690.8,693.7,688.98,690.74,193399070,VNALL,VN All Share
2020-05-04,690.74,690.74,682.32,684.82,232939350,VNALL,VN All Share
2020-05-05,685.38,689.93,683.24,687.41,149830690,VNALL,VN All Share
2020-05-06,687.42,701.79,686.63,701.79,187344980,VNALL,VN All Share
2020-05-07,701.94,713.08,701.79,713.08,192571750,VNALL,VN All Share
2020-05-08,713.08,740.15,713.08,728.82,308315040,VNALL,VN All Share
2020-05-11,728.84,743.88,728.82,743.88,239413010,VNALL,VN All Share
2020-05-12,744.03,751.81,735.37,751.3,261427000,VNALL,VN All Share
2020-05-13,751.3,756.3,732.08,752.16,305563520,VNALL,VN All Share
2020-05-14,752.16,754.33,743.9,750.52,246710930,VNALL,VN All Share
2020-05-15,750.51,755.13,741.67,744.76,231835220,VNALL,VN All Share
2020-05-18,744.71,754.59,740.54,754.31,202335900,VNALL,VN All Share
2020-05-19,754.67,772.06,754.31,764.42,267153360,VNALL,VN All Share
2020-05-20,763.55,769.74,760.21,769.74,213040620,VNALL,VN All Share
2020-05-21,769.77,778.53,769.09,778.53,271988780,VNALL,VN All Share
2020-05-22,778.5,778.59,767.98,768.28,238496160,VNALL,VN All Share
2020-05-25,768.29,776.0,765.51,774.63,235327060,VNALL,VN All Share
2020-05-26,774.64,782.87,774.63,782.19,280448890,VNALL,VN All Share
2020-05-27,782.2,787.74,769.45,769.45,322350150,VNALL,VN All Share
2020-05-28,769.45,776.71,767.96,772.09,235241700,VNALL,VN All Share
2020-05-29,772.05,777.38,770.12,775.46,250056020,VNALL,VN All Share
2020-06-01,775.46,789.37,775.46,789.37,386248650,VNALL,VN All Share
2020-06-02,789.42,794.12,784.91,785.34,401702810,VNALL,VN All Share
2020-06-03,785.52,791.43,784.33,791.12,291347580,VNALL,VN All Share
2020-06-04,794.63,797.77,791.12,792.07,365269620,VNALL,VN All Share
2020-06-05,792.08,796.46,787.1,796.46,420569810,VNALL,VN All Share
2020-06-08,796.9,814.97,796.46,808.82,462465840,VNALL,VN All Share
2020-06-09,808.82,813.3,807.47,808.04,412421370,VNALL,VN All Share
2020-06-10,808.01,813.39,799.26,810.67,472725510,VNALL,VN All Share
2020-06-11,810.75,815.69,780.72,780.93,617826830,VNALL,VN All Share
2020-06-12,776.97,780.93,755.41,779.65,545482020,VNALL,VN All Share
2020-06-15,780.59,785.8,751.93,751.93,424060390,VNALL,VN All Share
2020-06-16,751.94,775.19,751.93,773.15,332733020,VNALL,VN All Share
2020-06-17,773.15,775.98,768.17,770.89,287013870,VNALL,VN All Share
2020-06-18,770.9,773.91,763.1,771.36,212740950,VNALL,VN All Share
2020-06-19,771.47,784.82,771.35,784.82,343772100,VNALL,VN All Share
2020-06-22,784.82,789.77,782.78,785.39,239241980,VNALL,VN All Share
2020-06-23,788.12,789.2,780.7,784.92,373520910,VNALL,VN All Share
2020-06-24,784.93,789.91,775.94,778.23,314023000,VNALL,VN All Share
2020-06-25,778.2,778.2,767.77,773.85,262385750,VNALL,VN All Share
2020-06-26,773.98,780.39,769.0,771.26,237178110,VNALL,VN All Share
2020-06-29,770.97,771.26,745.51,750.7,308127590,VNALL,VN All Share
2020-06-30,750.7,759.93,741.95,747.1,283003570,VNALL,VN All Share
2020-07-01,747.13,763.51,746.51,762.84,228133850,VNALL,VN All Share
2020-07-02,762.85,764.56,757.73,761.28,169747990,VNALL,VN All Share
2020-07-03,761.29,765.97,761.29,765.52,154538960,VNALL,VN All Share
2020-07-06,765.53,777.9,765.52,777.59,176556640,VNALL,VN All Share
2020-07-07,777.62,784.84,777.59,778.38,260699310,VNALL,VN All Share
2020-07-08,778.38,779.99,774.86,778.37,162109500,VNALL,VN All Share
2020-07-09,778.44,791.01,778.44,788.95,236572600,VNALL,VN All Share
2020-07-10,788.94,790.24,780.61,783.24,232962250,VNALL,VN All Share
2020-07-13,783.25,788.39,778.1,780.88,183433270,VNALL,VN All Share
2020-07-14,780.88,781.61,774.26,781.61,181229530,VNALL,VN All Share
2020-07-15,781.61,789.74,781.61,784.92,203667240,VNALL,VN All Share
2020-07-16,784.92,792.89,784.49,792.89,198029590,VNALL,VN All Share
2020-07-17,792.89,792.92,786.73,788.01,216405470,VNALL,VN All Share
2020-07-20,788.01,788.01,777.89,777.89,231344370,VNALL,VN All Share
2020-07-21,778.01,780.82,773.91,778.81,197270860,VNALL,VN All Share
2020-07-22,778.81,781.2,772.31,772.75,185054200,VNALL,VN All Share
2020-07-23,772.73,775.04,769.17,774.46,198612680,VNALL,VN All Share
2020-07-24,774.46,774.46,736.13,747.96,397375530,VNALL,VN All Share
2020-07-27,747.84,747.96,703.83,707.78,341440950,VNALL,VN All Share
2020-07-28,708.17,734.31,707.78,733.2,282355220,VNALL,VN All Share
2020-07-29,715.22,733.2,701.43,713.14,274390680,VNALL,VN All Share
2020-07-30,713.18,724.55,713.14,723.56,144363630,VNALL,VN All Share
2020-07-31,722.63,725.66,710.14,719.58,199762340,VNALL,VN All Share
2020-08-03,719.58,735.37,717.47,735.37,222876690,VNALL,VN All Share
2020-08-04,735.38,745.64,735.37,745.64,227070900,VNALL,VN All Share
2020-08-05,745.65,757.12,739.04,755.83,239629080,VNALL,VN All Share
2020-08-06,755.83,761.9,751.6,757.19,206017820,VNALL,VN All Share
2020-08-07,757.18,761.3,754.35,758.53,209882020,VNALL,VN All Share
2020-08-10,758.86,767.8,758.53,761.5,254495650,VNALL,VN All Share
2020-08-11,761.79,765.69,758.5,761.41,205893780,VNALL,VN All Share
2020-08-12,761.42,766.05,760.38,764.11,214561980,VNALL,VN All Share
2020-08-13,764.13,770.65,764.11,768.29,174682110,VNALL,VN All Share
2020-08-14,770.5,776.65,765.01,767.47,252790420,VNALL,VN All Share
2020-08-17,767.4,768.65,758.97,767.91,188317850,VNALL,VN All Share
2020-08-18,767.95,768.76,762.89,764.75,162664610,VNALL,VN All Share
2020-08-19,765.02,770.17,764.09,767.87,187590390,VNALL,VN All Share
2020-08-20,767.88,772.06,763.57,765.41,205475150,VNALL,VN All Share
2020-08-21,765.41,773.71,765.39,772.53,238027580,VNALL,VN All Share
2020-08-24,772.61,787.07,772.53,786.35,306742290,VNALL,VN All Share
2020-08-25,786.37,794.58,786.16,791.28,306121970,VNALL,VN All Share
2020-08-26,791.3,793.77,788.26,790.39,286859360,VNALL,VN All Share
2020-08-27,790.39,792.73,789.09,792.73,244274080,VNALL,VN All Share
2020-08-28,800.35,803.68,792.73,797.26,293786820,VNALL,VN All Share
2020-08-31,797.31,805.45,794.74,797.34,278640680,VNALL,VN All Share
2020-09-01,797.05,807.02,795.61,806.46,251018940,VNALL,VN All Share
2020-09-03,806.45,817.29,806.45,816.55,285303290,VNALL,VN All Share
2020-09-04,816.55,816.55,806.59,814.5,277242360,VNALL,VN All Share
2020-09-07,814.5,819.21,801.82,801.82,330582460,VNALL,VN All Share
2020-09-08,801.82,806.77,797.6,804.41,233242410,VNALL,VN All Share
2020-09-09,804.26,806.32,795.97,803.55,247249090,VNALL,VN All Share
2020-09-10,803.56,811.72,803.55,805.43,251621060,VNALL,VN All Share
2020-09-11,805.42,807.81,801.98,806.07,240030350,VNALL,VN All Share
2020-09-14,806.17,813.27,806.07,812.63,287347750,VNALL,VN All Share
2020-09-15,815.21,816.44,812.47,814.32,310619880,VNALL,VN All Share
2020-09-16,814.25,815.81,812.11,815.81,240923930,VNALL,VN All Share
2020-09-17,815.81,818.24,809.99,813.18,337020810,VNALL,VN All Share
2020-09-18,813.18,822.12,813.18,821.24,265669200,VNALL,VN All Share
2020-09-21,821.27,830.97,821.27,829.75,306670620,VNALL,VN All Share
2020-09-22,829.75,831.81,824.13,831.42,333513400,VNALL,VN All Share
2020-09-23,829.76,835.87,829.74,834.42,290519940,VNALL,VN All Share
2020-09-24,834.42,835.48,829.28,829.74,285912890,VNALL,VN All Share
2020-09-25,829.75,832.8,826.45,829.74,284217150,VNALL,VN All Share
2020-09-28,829.76,837.26,829.76,836.33,344958090,VNALL,VN All Share
2020-09-29,836.53,843.69,829.51,829.51,387658360,VNALL,VN All Share
2020-09-30,829.51,833.88,826.87,832.56,276133210,VNALL,VN All Share
2020-10-01,832.57,842.55,832.56,842.05,296364510,VNALL,VN All Share
2020-10-02,842.04,845.06,826.19,837.42,451911200,VNALL,VN All Share
2020-10-05,837.47,844.55,837.42,844.03,383199880,VNALL,VN All Share
2020-10-06,844.04,848.36,842.22,846.86,437721410,VNALL,VN All Share
2020-10-07,846.62,851.64,843.2,846.85,448044910,VNALL,VN All Share
2020-10-08,846.85,848.73,840.19,844.66,392090640,VNALL,VN All Share
2020-10-09,844.67,849.75,843.45,848.65,303497080,VNALL,VN All Share
2020-10-12,848.65,855.15,845.14,847.41,367617410,VNALL,VN All Share
2020-10-13,847.43,850.84,844.85,849.89,285779840,VNALL,VN All Share
2020-10-14,850.26,859.46,849.89,859.46,342049140,VNALL,VN All Share
2020-10-15,859.46,866.93,859.46,863.97,395980100,VNALL,VN All Share
2020-10-16,864.25,868.97,858.23,865.02,350940620,VNALL,VN All Share
2020-10-19,865.03,868.79,864.08,864.91,246902610,VNALL,VN All Share
2020-10-20,866.72,871.2,862.9,871.2,340060550,VNALL,VN All Share
2020-10-21,871.22,877.24,866.46,867.17,332917060,VNALL,VN All Share
2020-10-22,867.17,877.28,862.56,877.28,279221510,VNALL,VN All Share
2020-10-23,877.64,888.69,877.28,888.69,342814690,VNALL,VN All Share
2020-10-26,888.69,899.51,879.44,879.44,359310030,VNALL,VN All Share
2020-10-27,880.17,884.21,874.03,874.38,373157370,VNALL,VN All Share
2020-10-28,871.83,874.18,849.39,849.39,386430210,VNALL,VN All Share
2020-10-29,847.9,855.46,842.38,849.13,309672960,VNALL,VN All Share
2020-10-30,849.88,855.73,840.91,855.69,262520390,VNALL,VN All Share
2020-11-02,855.7,862.78,853.56,862.14,244814320,VNALL,VN All Share
2020-11-03,862.14,866.78,860.84,864.72,254075920,VNALL,VN All Share
2020-11-04,864.72,873.51,863.85,869.33,290757970,VNALL,VN All Share
2020-11-05,869.33,875.93,867.53,867.53,235376760,VNALL,VN All Share
2020-11-06,867.57,871.39,864.49,867.95,220494730,VNALL,VN All Share
2020-11-09,867.95,881.94,867.95,881.94,317066290,VNALL,VN All Share
2020-11-10,882.04,892.84,880.73,880.73,359904260,VNALL,VN All Share
2020-11-11,880.74,884.28,875.45,881.23,308807140,VNALL,VN All Share
2020-11-12,881.28,887.56,881.09,887.56,274205090,VNALL,VN All Share
2020-11-13,887.55,894.84,887.55,894.84,364593930,VNALL,VN All Share
2020-11-16,895.14,901.76,880.56,881.03,418086310,VNALL,VN All Share
2020-11-17,881.25,898.32,881.25,898.32,327489250,VNALL,VN All Share
2020-11-18,898.32,903.07,895.61,901.6,383079020,VNALL,VN All Share
2020-11-19,901.6,906.79,900.68,906.43,410468540,VNALL,VN All Share
2020-11-20,906.44,913.11,904.01,913.11,413739710,VNALL,VN All Share
2020-11-23,913.2,921.69,909.19,920.42,383363070,VNALL,VN All Share
2020-11-24,920.44,924.99,911.53,921.68,433072860,VNALL,VN All Share
2020-11-25,921.72,926.46,919.83,922.57,375096220,VNALL,VN All Share
2020-11-26,922.56,925.05,916.24,925.05,346002990,VNALL,VN All Share
2020-11-27,925.18,930.97,924.7,930.97,326537650,VNALL,VN All Share
2020-11-30,930.99,935.59,926.85,926.85,382226880,VNALL,VN All Share
2020-12-01,925.24,935.8,914.51,935.8,466051320,VNALL,VN All Share
2020-12-02,935.8,940.63,933.89,939.35,411468310,VNALL,VN All Share
2020-12-03,939.34,945.95,938.76,945.59,426682780,VNALL,VN All Share
2020-12-04,945.92,948.39,943.18,945.04,456402700,VNALL,VN All Share
2020-12-07,945.06,952.3,944.58,951.87,410581190,VNALL,VN All Share
2020-12-08,951.8,955.88,948.65,953.29,437001600,VNALL,VN All Share
2020-12-09,953.29,962.17,953.29,961.75,456723630,VNALL,VN All Share
2020-12-10,962.19,966.21,952.62,952.62,470952370,VNALL,VN All Share
2020-12-11,952.62,965.6,952.06,965.6,349763950,VNALL,VN All Share
2020-12-14,965.6,981.01,965.6,981.01,421607020,VNALL,VN All Share
2020-12-15,981.18,983.45,970.39,973.17,528184490,VNALL,VN All Share
2020-12-16,973.18,986.01,973.17,986.01,466363110,VNALL,VN All Share
2020-12-17,986.01,986.01,974.13,975.33,542647200,VNALL,VN All Share
2020-12-18,975.32,993.48,975.32,991.8,476016740,VNALL,VN All Share
2020-12-21,991.83,1007.95,991.83,1005.9,548139370,VNALL,VN All Share
2020-12-22,1006.87,1012.6,1001.16,1011.54,608762930,VNALL,VN All Share
2020-12-23,1011.52,1019.9,1004.61,1006.7,614757280,VNALL,VN All Share
2020-12-24,1006.7,1011.94,973.8,995.35,587632500,VNALL,VN All Share
2020-12-25,995.35,1012.36,987.99,1012.33,499954580,VNALL,VN All Share
2020-12-28,1012.41,1022.99,1008.96,1016.06,572498360,VNALL,VN All Share
2020-12-29,1015.86,1026.13,1012.11,1022.61,519582730,VNALL,VN All Share
2020-12-30,1022.61,1032.89,1019.49,1022.93,529411280,VNALL,VN All Share
2020-12-31,1022.95,1035.02,1022.76,1032.41,421537520,VNALL,VN All Share
2021-01-04,1034.21,1057.38,1032.41,1052.2,595114200,VNALL,VN All Share
2021-01-05,1052.19,1067.31,1047.53,1065.34,576453800,VNALL,VN All Share
2021-01-06,1065.38,1081.4,1065.34,1071.18,590561900,VNALL,VN All Share
2021-01-07,1071.18,1086.26,1071.18,1086.26,599933400,VNALL,VN All Share
2021-01-08,1086.71,1109.09,1086.71,1101.14,627549500,VNALL,VN All Share
2021-01-11,1101.33,1119.0,1101.14,1118.27,633881700,VNALL,VN All Share
2021-01-12,1118.26,1125.69,1112.13,1125.69,569301100,VNALL,VN All Share
2021-01-13,1125.77,1132.72,1116.35,1119.08,612072600,VNALL,VN All Share
2021-01-14,1119.51,1124.01,1111.32,1123.81,628141800,VNALL,VN All Share
2021-01-15,1123.82,1137.98,1123.81,1136.36,623621000,VNALL,VN All Share
2021-01-18,1136.34,1142.98,1131.38,1132.46,591362900,VNALL,VN All Share
2021-01-19,1132.52,1132.6,1061.19,1072.63,793172600,VNALL,VN All Share
2021-01-20,1072.58,1084.37,1037.66,1077.74,686909000,VNALL,VN All Share
2021-01-21,1077.81,1110.52,1076.05,1109.72,568806800,VNALL,VN All Share
2021-01-22,1109.68,1123.2,1108.06,1114.87,615015300,VNALL,VN All Share
2021-01-25,1115.41,1124.93,1109.59,1116.85,571433400,VNALL,VN All Share
2021-01-26,1116.82,1117.65,1072.38,1088.63,648957100,VNALL,VN All Share
2021-01-27,1087.02,1088.16,1040.86,1049.02,651933300,VNALL,VN All Share
2021-01-28,1047.01,1049.02,977.18,979.3,591483700,VNALL,VN All Share
2021-01-29,978.93,1030.88,945.37,1014.95,638212300,VNALL,VN All Share
2021-02-01,1014.69,1030.5,992.91,992.91,514732100,VNALL,VN All Share
2021-02-02,992.66,1034.97,984.74,1034.97,478957600,VNALL,VN All Share
2021-02-03,1035.02,1074.62,1034.97,1070.77,558197000,VNALL,VN All Share
2021-02-04,1070.75,1079.43,1057.79,1071.38,412067900,VNALL,VN All Share
2021-02-05,1071.48,1087.52,1071.38,1087.52,396497700,VNALL,VN All Share
2021-02-08,1087.52,1088.75,1034.76,1047.69,555712400,VNALL,VN All Share
2021-02-09,1047.02,1079.88,1043.24,1079.88,420458000,VNALL,VN All Share
2021-02-17,1079.88,1122.39,1079.88,1122.39,442826200,VNALL,VN All Share
2021-02-18,1122.39,1136.45,1112.5,1136.41,523756200,VNALL,VN All Share
2021-02-19,1135.58,1137.91,1118.44,1131.28,443110900,VNALL,VN All Share
2021-02-22,1131.21,1140.46,1124.55,1132.33,477856800,VNALL,VN All Share
2021-02-23,1132.32,1141.12,1126.46,1132.88,477522500,VNALL,VN All Share
2021-02-24,1132.91,1141.39,1111.22,1118.06,484068700,VNALL,VN All Share
2021-02-25,1118.15,1125.68,1109.78,1120.33,418257300,VNALL,VN All Share
2021-02-26,1120.33,1125.52,1104.04,1124.14,456375600,VNALL,VN All Share
2021-03-01,1124.23,1143.43,1124.14,1142.43,501714000,VNALL,VN All Share
2021-03-02,1143.19,1153.32,1138.12,1143.94,454805600,VNALL,VN All Share
2021-03-03,1143.94,1147.88,1138.33,1145.68,507092900,VNALL,VN All Share
2021-03-04,1145.68,1151.15,1117.62,1127.25,552128700,VNALL,VN All Share
2021-03-05,1127.25,1127.25,1110.47,1127.02,483048500,VNALL,VN All Share
2021-03-08,1127.41,1139.09,1122.22,1127.2,547519500,VNALL,VN All Share
2021-03-09,1127.23,1127.78,1109.92,1122.81,510447500,VNALL,VN All Share
2021-03-10,1122.85,1132.35,1114.99,1131.81,484745800,VNALL,VN All Share
2021-03-11,1131.81,1146.47,1131.81,1145.02,509045800,VNALL,VN All Share
2021-03-12,1145.03,1149.77,1141.42,1144.41,501803700,VNALL,VN All Share
2021-03-15,1144.41,1150.33,1141.45,1148.01,543558600,VNALL,VN All Share
2021-03-16,1148.01,1149.87,1135.94,1146.31,557298400,VNALL,VN All Share
2021-03-17,1146.68,1149.73,1141.95,1149.73,570123800,VNALL,VN All Share
2021-03-18,1149.91,1164.97,1149.73,1164.97,493451200,VNALL,VN All Share
2021-03-19,1164.92,1165.44,1157.5,1161.8,527665500,VNALL,VN All Share
2021-03-22,1162.44,1166.2,1153.94,1158.64,547956200,VNALL,VN All Share
2021-03-23,1158.64,1158.64,1141.28,1147.23,559867700,VNALL,VN All Share
2021-03-24,1146.97,1147.23,1118.15,1127.98,555788800,VNALL,VN All Share
2021-03-25,1126.88,1135.8,1118.59,1126.7,520828100,VNALL,VN All Share
2021-03-26,1126.52,1131.27,1102.37,1127.53,550570200,VNALL,VN All Share
2021-03-29,1127.57,1142.48,1127.53,1141.72,506805400,VNALL,VN All Share
2021-03-30,1141.74,1155.12,1138.68,1153.87,607773900,VNALL,VN All Share
2021-03-31,1153.91,1165.46,1153.46,1158.99,593734100,VNALL,VN All Share
2021-04-01,1158.99,1186.1,1158.99,1185.2,558052500,VNALL,VN All Share
2021-04-02,1185.62,1199.09,1185.2,1194.53,521839000,VNALL,VN All Share
2021-04-05,1196.51,1211.12,1194.53,1204.49,558521000,VNALL,VN All Share
2021-04-06,1204.49,1214.15,1200.67,1209.86,576936100,VNALL,VN All Share
2021-04-07,1209.86,1213.77,1203.97,1213.77,601175900,VNALL,VN All Share
2021-04-08,1213.78,1218.67,1205.9,1209.11,564211200,VNALL,VN All Share
2021-04-09,1209.11,1212.33,1203.17,1210.31,575505000,VNALL,VN All Share
2021-04-12,1211.05,1234.91,1210.31,1234.51,747380200,VNALL,VN All Share
2021-04-13,1234.68,1253.73,1232.91,1233.54,872127600,VNALL,VN All Share
2021-04-14,1233.43,1245.07,1218.51,1245.07,718135900,VNALL,VN All Share
2021-04-15,1245.1,1255.81,1239.94,1239.94,669997500,VNALL,VN All Share
2021-04-16,1239.94,1246.51,1217.53,1231.94,831206700,VNALL,VN All Share
2021-04-19,1231.94,1255.55,1225.25,1255.55,678044400,VNALL,VN All Share
2021-04-20,1255.56,1276.53,1251.6,1259.3,668456000,VNALL,VN All Share
2021-04-22,1259.3,1261.72,1217.03,1217.03,622099200,VNALL,VN All Share
2021-04-23,1217.02,1243.49,1206.98,1243.49,566442900,VNALL,VN All Share
2021-04-26,1243.51,1247.33,1211.33,1215.12,574262100,VNALL,VN All Share
2021-04-27,1215.13,1221.98,1203.93,1220.62,449776500,VNALL,VN All Share
2021-04-28,1220.63,1232.02,1217.68,1231.2,494862700,VNALL,VN All Share
2021-04-29,1231.21,1243.51,1230.35,1243.28,486060200,VNALL,VN All Share
2021-05-04,1243.27,1252.91,1215.91,1251.92,606825700,VNALL,VN All Share
2021-05-05,1252.22,1280.52,1251.92,1268.7,548384900,VNALL,VN All Share
2021-05-06,1268.71,1274.74,1260.61,1265.48,559564500,VNALL,VN All Share
2021-05-07,1265.42,1267.84,1248.74,1259.53,629899900,VNALL,VN All Share
2021-05-10,1258.83,1282.17,1253.61,1281.24,606513700,VNALL,VN All Share
2021-05-11,1281.31,1294.7,1275.13,1275.13,587221900,VNALL,VN All Share
2021-05-12,1275.13,1292.87,1268.29,1292.67,553252400,VNALL,VN All Share
2021-05-13,1292.66,1297.38,1284.28,1284.28,558334300,VNALL,VN All Share
2021-05-14,1284.25,1296.23,1284.19,1290.86,556854700,VNALL,VN All Share
2021-05-17,1290.86,1301.73,1282.65,1283.1,585927400,VNALL,VN All Share
2021-05-18,1283.36,1290.2,1276.88,1284.0,554558000,VNALL,VN All Share
2021-05-19,1284.0,1300.1,1282.02,1299.75,554360400,VNALL,VN All Share
2021-05-20,1299.73,1315.13,1293.54,1315.13,579663600,VNALL,VN All Share
2021-05-21,1315.03,1325.7,1305.73,1319.52,543323300,VNALL,VN All Share
2021-05-24,1319.52,1331.54,1319.17,1328.53,569492100,VNALL,VN All Share
2021-05-25,1327.33,1340.72,1327.32,1339.68,533290200,VNALL,VN All Share
2021-05-26,1339.64,1349.45,1335.82,1348.7,561640500,VNALL,VN All Share
2021-05-27,1348.93,1351.89,1331.54,1335.64,568655800,VNALL,VN All Share
2021-05-28,1336.14,1355.8,1332.3,1354.23,600412900,VNALL,VN All Share
2021-05-31,1354.41,1366.07,1342.1,1365.87,583269800,VNALL,VN All Share
2021-06-01,1364.84,1384.82,1364.84,1372.46,498474300,VNALL,VN All Share
2021-06-02,1372.45,1378.12,1361.12,1370.4,637320600,VNALL,VN All Share
2021-06-03,1371.3,1397.47,1370.4,1396.03,728142400,VNALL,VN All Share
2021-06-04,1395.9,1404.03,1391.58,1404.03,761759200,VNALL,VN All Share
2021-06-07,1403.86,1405.48,1374.3,1386.12,696878500,VNALL,VN All Share
2021-06-08,1386.13,1394.7,1342.76,1344.59,745988000,VNALL,VN All Share
2021-06-09,1344.46,1366.47,1328.94,1358.68,640678700,VNALL,VN All Share
2021-06-10,1358.61,1364.33,1345.65,1352.49,592403200,VNALL,VN All Share
2021-06-11,1352.49,1385.35,1351.41,1382.77,599717500,VNALL,VN All Share
2021-06-14,1383.52,1401.06,1382.77,1393.11,620185100,VNALL,VN All Share
2021-06-15,1393.11,1400.09,1385.28,1392.45,595671900,VNALL,VN All Share
2021-06-16,1392.43,1393.91,1373.16,1375.68,630785400,VNALL,VN All Share
2021-06-17,1374.23,1381.76,1357.65,1376.31,616137900,VNALL,VN All Share
2021-06-18,1376.41,1396.09,1376.31,1394.11,656927200,VNALL,VN All Share
2021-06-21,1394.41,1398.84,1385.47,1390.19,616951500,VNALL,VN All Share
2021-06-22,1390.24,1404.15,1390.19,1396.76,583336900,VNALL,VN All Share
2021-06-23,1396.76,1404.9,1388.73,1393.08,558868800,VNALL,VN All Share
2021-06-24,1393.06,1399.72,1386.15,1390.16,457475200,VNALL,VN All Share
2021-06-25,1390.16,1401.49,1383.18,1400.94,450202300,VNALL,VN All Share
2021-06-28,1401.0,1420.56,1400.94,1419.49,537535700,VNALL,VN All Share
2021-06-29,1419.5,1432.42,1419.49,1425.8,490473500,VNALL,VN All Share
2021-06-30,1425.8,1434.79,1423.33,1423.95,446606900,VNALL,VN All Share
2021-07-01,1423.95,1437.35,1419.65,1437.35,600871300,VNALL,VN All Share
2021-07-02,1437.35,1447.23,1437.35,1444.53,556790200,VNALL,VN All Share
2021-07-05,1441.71,1448.16,1422.61,1441.71,665440500,VNALL,VN All Share
2021-07-06,1379.45,1448.23,1379.45,1379.45,656736600,VNALL,VN All Share
2021-07-07,1387.77,1416.17,1360.59,1416.17,627650300,VNALL,VN All Share
2021-07-08,1409.97,1416.17,1390.95,1400.39,455952600,VNALL,VN All Share
2021-07-09,1390.49,1403.04,1361.99,1374.31,616676000,VNALL,VN All Share
2021-07-12,1366.05,1374.31,1293.94,1325.9,781420000,VNALL,VN All Share
2021-07-13,1335.13,1337.53,1306.62,1328.26,419247200,VNALL,VN All Share
2021-07-14,1330.15,1336.08,1290.54,1305.08,468148000,VNALL,VN All Share
2021-07-15,1297.67,1330.54,1297.67,1323.34,368040900,VNALL,VN All Share
2021-07-16,1330.99,1335.64,1323.34,1329.24,346359100,VNALL,VN All Share
2021-07-19,1297.7,1329.24,1266.32,1272.94,587296500,VNALL,VN All Share
2021-07-20,1276.72,1304.23,1256.31,1304.23,453762900,VNALL,VN All Share
2021-07-21,1308.63,1316.2,1298.08,1302.5,327080200,VNALL,VN All Share
2021-07-22,1301.07,1327.5,1297.57,1325.73,426136000,VNALL,VN All Share
2021-07-23,1320.01,1328.15,1300.7,1300.7,470087400,VNALL,VN All Share
2021-07-26,1294.99,1309.76,1286.07,1305.62,396486400,VNALL,VN All Share
2021-07-27,1316.36,1322.23,1305.62,1310.43,457500500,VNALL,VN All Share
2021-07-28,1306.93,1314.91,1304.2,1308.02,307057200,VNALL,VN All Share
2021-07-29,1317.93,1325.92,1308.02,1325.92,379261600,VNALL,VN All Share
2021-07-30,1329.28,1346.54,1325.92,1343.9,498258000,VNALL,VN All Share
2021-08-02,1340.62,1353.98,1335.55,1345.17,539420400,VNALL,VN All Share
2021-08-03,1347.36,1364.24,1345.17,1364.24,577456600,VNALL,VN All Share
2021-08-04,1370.27,1374.88,1361.18,1368.12,580173200,VNALL,VN All Share
2021-08-05,1364.95,1383.65,1360.93,1382.16,518430600,VNALL,VN All Share
2021-08-06,1384.17,1387.81,1375.37,1375.37,621065100,VNALL,VN All Share
2021-08-09,1371.3,1397.49,1367.3,1396.5,586426100,VNALL,VN All Share
2021-08-10,1405.37,1407.44,1391.55,1396.92,615917900,VNALL,VN All Share
2021-08-11,1399.51,1407.1,1390.83,1390.83,707298200,VNALL,VN All Share
2021-08-12,1389.22,1397.86,1383.69,1383.69,656557300,VNALL,VN All Share
2021-08-13,1383.53,1390.75,1367.64,1390.75,673434200,VNALL,VN All Share
2021-08-16,1399.05,1410.26,1396.28,1407.77,743496300,VNALL,VN All Share
2021-08-17,1413.76,1416.84,1397.05,1402.6,669516200,VNALL,VN All Share
2021-08-18,1400.45,1408.75,1394.52,1399.18,580564300,VNALL,VN All Share
2021-08-19,1399.24,1412.24,1390.92,1412.24,602455700,VNALL,VN All Share
2021-08-20,1405.46,1412.24,1349.46,1364.07,1079933600,VNALL,VN All Share
2021-08-23,1357.07,1360.82,1329.65,1329.65,701772900,VNALL,VN All Share
2021-08-24,1332.27,1339.72,1320.02,1330.49,591467600,VNALL,VN All Share
2021-08-25,1332.57,1341.79,1322.3,1341.24,439902400,VNALL,VN All Share
2021-08-26,1345.1,1348.91,1327.0,1331.93,457544900,VNALL,VN All Share
2021-08-27,1324.04,1341.88,1313.97,1341.88,578429100,VNALL,VN All Share
2021-08-30,1352.18,1360.41,1341.88,1358.95,572015000,VNALL,VN All Share
2021-08-31,1363.94,1365.32,1356.15,1359.37,656074600,VNALL,VN All Share
2021-09-01,1355.62,1365.02,1355.59,1360.42,614689700,VNALL,VN All Share
2021-09-06,1367.28,1377.77,1360.42,1376.71,786197100,VNALL,VN All Share
2021-09-07,1380.62,1385.44,1371.12,1373.26,748173000,VNALL,VN All Share
2021-09-08,1375.12,1375.96,1360.12,1364.45,527033400,VNALL,VN All Share
2021-09-09,1364.29,1378.45,1363.26,1377.22,502654600,VNALL,VN All Share
2021-09-10,1381.77,1383.72,1377.22,1378.75,467926300,VNALL,VN All Share
2021-09-13,1380.67,1383.25,1372.97,1374.0,653851800,VNALL,VN All Share
2021-09-14,1373.91,1378.26,1365.88,1368.03,595244500,VNALL,VN All Share
2021-09-15,1363.94,1378.59,1363.24,1376.6,536091600,VNALL,VN All Share
2021-09-16,1383.03,1384.53,1373.24,1378.8,490562700,VNALL,VN All Share
2021-09-17,1382.01,1391.63,1378.8,1388.72,671548000,VNALL,VN All Share
2021-09-20,1400.95,1405.75,1386.75,1390.17,741450100,VNALL,VN All Share
2021-09-21,1374.33,1390.17,1365.49,1381.9,693284800,VNALL,VN All Share
2021-09-22,1386.17,1391.79,1377.89,1391.45,621732400,VNALL,VN All Share
2021-09-23,1397.87,1401.41,1389.85,1391.75,780535500,VNALL,VN All Share
2021-09-24,1393.34,1395.53,1385.71,1389.19,540821000,VNALL,VN All Share
2021-09-27,1391.12,1392.36,1361.72,1361.72,624012600,VNALL,VN All Share
2021-09-28,1355.33,1377.49,1351.06,1376.04,495634700,VNALL,VN All Share
2021-09-29,1373.85,1376.85,1362.96,1374.75,482189300,VNALL,VN All Share
2021-09-30,1377.74,1385.66,1374.75,1379.12,377669400,VNALL,VN All Share
2021-10-01,1376.17,1380.43,1365.69,1368.34,528974100,VNALL,VN All Share
2021-10-04,1369.28,1376.06,1360.02,1370.92,621962000,VNALL,VN All Share
2021-10-05,1374.46,1383.72,1370.92,1383.42,503114500,VNALL,VN All Share
2021-10-06,1389.1,1390.43,1383.42,1390.43,521864200,VNALL,VN All Share
2021-10-07,1396.0,1398.83,1390.43,1395.1,573605000,VNALL,VN All Share
2021-10-08,1399.27,1404.6,1395.1,1404.6,496169800,VNALL,VN All Share
2021-10-11,1409.51,1431.44,1404.6,1431.4,582935800,VNALL,VN All Share
2021-10-12,1435.55,1437.86,1426.58,1433.19,576093700,VNALL,VN All Share
2021-10-13,1436.15,1441.52,1428.92,1431.25,496413600,VNALL,VN All Share
2021-10-14,1431.93,1439.08,1428.74,1432.78,566924800,VNALL,VN All Share
2021-10-15,1437.61,1441.57,1429.55,1435.01,594541600,VNALL,VN All Share
2021-10-18,1439.22,1445.41,1434.36,1438.36,650146300,VNALL,VN All Share
2021-10-19,1439.27,1441.49,1431.17,1436.37,497732300,VNALL,VN All Share
2021-10-20,1439.97,1445.27,1418.33,1436.32,647900100,VNALL,VN All Share
2021-10-21,1440.71,1441.66,1428.66,1428.66,566393100,VNALL,VN All Share
2021-10-22,1434.06,1437.08,1427.81,1431.5,610761700,VNALL,VN All Share
2021-10-25,1435.04,1435.3,1422.05,1422.05,707690500,VNALL,VN All Share
2021-10-26,1418.64,1430.26,1410.95,1430.25,577876700,VNALL,VN All Share
2021-10-27,1435.78,1460.48,1430.25,1460.48,714420700,VNALL,VN All Share
2021-10-28,1466.19,1474.29,1459.05,1473.3,663808200,VNALL,VN All Share
2021-10-29,1474.93,1480.91,1467.29,1477.13,783986000,VNALL,VN All Share
2021-11-01,1481.91,1485.51,1467.42,1471.83,895975200,VNALL,VN All Share
2021-11-02,1472.17,1484.98,1471.83,1484.98,795701800,VNALL,VN All Share
2021-11-03,1492.33,1500.84,1475.31,1481.31,1224833700,VNALL,VN All Share
2021-11-04,1480.86,1488.34,1473.39,1484.57,692141800,VNALL,VN All Share
2021-11-05,1488.74,1494.84,1480.55,1491.81,657852600,VNALL,VN All Share
2021-11-08,1495.89,1506.74,1491.81,1501.47,831321600,VNALL,VN All Share
2021-11-09,1506.68,1511.36,1494.7,1498.96,790913900,VNALL,VN All Share
2021-11-10,1502.71,1506.94,1493.76,1501.74,758805500,VNALL,VN All Share
2021-11-11,1505.07,1510.56,1483.98,1498.2,981237100,VNALL,VN All Share
2021-11-12,1500.98,1516.22,1490.66,1515.57,722806100,VNALL,VN All Share
2021-11-15,1525.64,1525.83,1509.98,1519.8,953066600,VNALL,VN All Share
2021-11-16,1515.25,1521.49,1501.04,1508.25,965016200,VNALL,VN All Share
2021-11-17,1508.27,1515.88,1504.71,1513.82,666040000,VNALL,VN All Share
2021-11-18,1518.29,1520.6,1508.35,1508.35,863031300,VNALL,VN All Share
2021-11-19,1515.26,1527.09,1478.12,1498.94,1229226000,VNALL,VN All Share
2021-11-22,1501.65,1519.08,1493.17,1497.33,1000961300,VNALL,VN All Share
2021-11-23,1491.8,1512.48,1486.53,1512.48,666813900,VNALL,VN All Share
2021-11-24,1518.98,1543.04,1512.48,1541.22,870361300,VNALL,VN All Share
2021-11-25,1548.87,1558.21,1541.22,1554.35,755856200,VNALL,VN All Share
2021-11-26,1561.06,1568.15,1545.23,1548.4,827358500,VNALL,VN All Share
2021-11-29,1520.6,1548.4,1520.6,1541.66,803755000,VNALL,VN All Share
2021-11-30,1556.73,1559.39,1525.17,1533.01,847027200,VNALL,VN All Share
2021-12-01,1531.94,1543.01,1525.63,1543.01,672772900,VNALL,VN All Share
2021-12-02,1546.85,1549.38,1535.99,1535.99,594217700,VNALL,VN All Share
2021-12-03,1544.28,1546.76,1495.24,1495.24,831581100,VNALL,VN All Share
2021-12-06,1497.59,1505.06,1446.39,1462.05,831434500,VNALL,VN All Share
2021-12-07,1475.86,1495.69,1462.05,1495.69,541828200,VNALL,VN All Share
2021-12-08,1500.88,1510.47,1495.49,1500.84,597162900,VNALL,VN All Share
2021-12-09,1494.68,1517.45,1494.68,1517.45,494413300,VNALL,VN All Share
2021-12-10,1517.16,1522.91,1508.66,1511.47,659698800,VNALL,VN All Share
2021-12-13,1517.96,1526.97,1511.47,1522.5,677234400,VNALL,VN All Share
2021-12-14,1523.54,1534.44,1515.84,1523.03,732284100,VNALL,VN All Share
2021-12-15,1524.03,1531.11,1515.53,1523.59,724727500,VNALL,VN All Share
2021-12-16,1530.43,1531.03,1516.76,1523.7,737632100,VNALL,VN All Share
2021-12-17,1529.97,1533.94,1523.7,1528.2,871991700,VNALL,VN All Share
2021-12-20,1532.45,1532.95,1518.03,1526.4,738774100,VNALL,VN All Share
2021-12-21,1524.91,1535.24,1522.12,1529.98,714038000,VNALL,VN All Share
2021-12-22,1537.16,1541.22,1522.48,1528.72,834077500,VNALL,VN All Share
2021-12-23,1529.79,1531.53,1491.97,1504.83,1038938700,VNALL,VN All Share
2021-12-24,1512.88,1531.14,1504.11,1529.57,703848300,VNALL,VN All Share
2021-12-27,1537.32,1544.38,1521.59,1542.8,579099800,VNALL,VN All Share
2021-12-28,1549.88,1557.79,1541.68,1554.52,745855800,VNALL,VN All Share
2021-12-29,1559.85,1562.11,1546.16,1546.16,650582600,VNALL,VN All Share
2021-12-30,1546.22,1554.12,1546.22,1547.55,583094300,VNALL,VN All Share
2021-12-31,1551.79,1562.06,1547.55,1561.33,667680300,VNALL,VN All Share
2022-01-04,1561.83,1589.46,1561.83,1586.29,649528600,VNALL,VN All Share
2022-01-05,1589.91,1595.96,1581.92,1581.92,815020000,VNALL,VN All Share
2022-01-06,1579.17,1596.02,1577.74,1586.24,889759400,VNALL,VN All Share
2022-01-07,1590.87,1592.39,1581.22,1582.34,777464400,VNALL,VN All Share
2022-01-10,1581.93,1591.75,1556.28,1556.28,1082572700,VNALL,VN All Share
2022-01-11,1556.12,1565.04,1539.29,1542.61,1049333900,VNALL,VN All Share
2022-01-12,1536.85,1558.69,1512.67,1558.69,894648900,VNALL,VN All Share
2022-01-13,1561.47,1569.37,1538.8,1540.56,775252500,VNALL,VN All Share
2022-01-14,1530.32,1544.94,1518.15,1534.93,594642400,VNALL,VN All Share
2022-01-17,1537.11,1540.41,1480.11,1480.11,737644600,VNALL,VN All Share
2022-01-18,1464.67,1480.11,1451.93,1464.12,538108400,VNALL,VN All Share
2022-01-19,1461.88,1473.43,1459.86,1470.14,443123100,VNALL,VN All Share
2022-01-20,1467.3,1494.0,1463.26,1489.1,624557000,VNALL,VN All Share
2022-01-21,1496.45,1505.46,1489.1,1498.55,674002000,VNALL,VN All Share
2022-01-24,1491.83,1498.55,1452.29,1457.02,638186700,VNALL,VN All Share
2022-01-25,1449.35,1496.87,1446.65,1496.87,562874700,VNALL,VN All Share
2022-01-26,1501.62,1510.63,1496.87,1501.03,623372500,VNALL,VN All Share
2022-01-27,1495.93,1503.87,1481.45,1490.3,427063100,VNALL,VN All Share
2022-01-28,1489.19,1507.28,1487.87,1505.15,530181300,VNALL,VN All Share
2022-02-07,1523.15,1530.3,1518.86,1519.16,452326700,VNALL,VN All Share
2022-02-08,1517.2,1531.2,1514.29,1526.87,603628400,VNALL,VN All Share
2022-02-09,1528.72,1541.65,1528.13,1533.84,641040600,VNALL,VN All Share
2022-02-10,1538.55,1541.0,1521.36,1532.54,524037100,VNALL,VN All Share
2022-02-11,1528.24,1536.5,1526.34,1531.82,498419100,VNALL,VN All Share
2022-02-14,1514.31,1524.58,1496.5,1496.5,652167800,VNALL,VN All Share
2022-02-15,1499.36,1519.5,1496.15,1518.24,461761600,VNALL,VN All Share
2022-02-16,1526.82,1526.89,1515.59,1520.76,535446900,VNALL,VN All Share
2022-02-17,1521.29,1535.99,1520.76,1535.99,510465600,VNALL,VN All Share
2022-02-18,1522.49,1536.53,1520.91,1535.55,578578000,VNALL,VN All Share
2022-02-21,1536.33,1549.47,1532.19,1543.13,633804500,VNALL,VN All Share
2022-02-22,1541.73,1541.73,1513.8,1535.26,767224300,VNALL,VN All Share
2022-02-23,1541.0,1553.74,1539.62,1545.15,570078000,VNALL,VN All Share
2022-02-24,1544.87,1549.06,1501.34,1528.11,957664000,VNALL,VN All Share
2022-02-25,1539.51,1548.15,1528.11,1536.78,620716600,VNALL,VN All Share
2022-02-28,1536.83,1542.47,1524.84,1529.13,600299800,VNALL,VN All Share
2022-03-01,1532.99,1541.41,1531.08,1537.48,687170900,VNALL,VN All Share
2022-03-02,1534.97,1536.72,1512.99,1518.96,761077700,VNALL,VN All Share
2022-03-03,1526.6,1542.67,1521.43,1542.67,779177600,VNALL,VN All Share
2022-03-04,1546.37,1552.25,1542.67,1547.16,740576000,VNALL,VN All Share
2022-03-07,1539.47,1546.05,1532.09,1537.78,797402200,VNALL,VN All Share
2022-03-08,1526.24,1534.5,1511.65,1512.54,842012300,VNALL,VN All Share
2022-03-09,1516.84,1521.45,1498.72,1514.95,751857300,VNALL,VN All Share
2022-03-10,1519.53,1532.06,1519.53,1520.58,537667400,VNALL,VN All Share
2022-03-11,1519.31,1522.9,1500.43,1508.76,726353900,VNALL,VN All Share
2022-03-14,1501.82,1504.36,1482.28,1489.67,678237400,VNALL,VN All Share
2022-03-15,1489.83,1500.48,1482.64,1499.64,541195300,VNALL,VN All Share
2022-03-16,1507.75,1510.28,1502.35,1507.19,455969500,VNALL,VN All Share
2022-03-17,1515.66,1516.46,1506.82,1507.51,574006900,VNALL,VN All Share
2022-03-18,1511.69,1520.7,1507.51,1514.4,632056100,VNALL,VN All Share
2022-03-21,1517.73,1540.3,1517.73,1540.3,607664000,VNALL,VN All Share
2022-03-22,1546.06,1556.03,1544.99,1551.35,745211400,VNALL,VN All Share
2022-03-23,1553.75,1561.01,1549.03,1549.74,668961000,VNALL,VN All Share
2022-03-24,1550.72,1553.79,1542.68,1546.5,650424000,VNALL,VN All Share
2022-03-25,1547.98,1552.5,1544.95,1549.39,616053600,VNALL,VN All Share
2022-03-28,1549.02,1549.02,1521.73,1533.45,819341200,VNALL,VN All Share
2022-03-29,1535.24,1551.89,1535.24,1550.13,579099400,VNALL,VN All Share
2022-03-30,1544.7,1558.31,1534.3,1542.28,733742700,VNALL,VN All Share
2022-03-31,1545.1,1551.52,1539.57,1543.71,524390900,VNALL,VN All Share
2022-04-01,1540.52,1573.52,1536.58,1573.52,762400200,VNALL,VN All Share
2022-04-04,1588.82,1589.19,1578.63,1578.63,625752400,VNALL,VN All Share
2022-04-05,1575.6,1582.45,1571.42,1571.8,492968600,VNALL,VN All Share
2022-04-06,1563.75,1580.83,1559.64,1577.04,699870100,VNALL,VN All Share
2022-04-07,1579.61,1581.56,1556.85,1556.85,626853900,VNALL,VN All Share
2022-04-08,1556.39,1562.02,1533.35,1533.35,566099300,VNALL,VN All Share
2022-04-12,1539.29,1542.56,1507.13,1507.13,525911800,VNALL,VN All Share
2022-04-13,1511.37,1532.73,1498.67,1532.73,488891900,VNALL,VN All Share
2022-04-14,1536.43,1541.04,1526.58,1527.59,379024200,VNALL,VN All Share
2022-04-15,1523.65,1528.88,1502.51,1505.15,500623700,VNALL,VN All Share
2022-04-18,1501.49,1501.49,1466.43,1474.19,662581400,VNALL,VN All Share
2022-04-19,1477.56,1484.98,1442.0,1442.0,537697800,VNALL,VN All Share
2022-04-20,1440.17,1449.63,1422.88,1422.88,542702400,VNALL,VN All Share
2022-04-21,1416.9,1434.55,1395.03,1410.68,611130800,VNALL,VN All Share
2022-04-22,1419.43,1435.2,1387.9,1416.54,609972500,VNALL,VN All Share
2022-04-25,1416.22,1417.79,1331.69,1339.3,555657800,VNALL,VN All Share
2022-04-26,1315.88,1372.78,1286.71,1372.78,548871500,VNALL,VN All Share
2022-04-27,1370.64,1387.77,1345.17,1384.46,361360100,VNALL,VN All Share
2022-04-28,1384.45,1393.95,1377.57,1383.6,341333700,VNALL,VN All Share
2022-04-29,1383.22,1405.75,1377.47,1405.42,422189400,VNALL,VN All Share
2022-05-04,1402.4,1402.48,1379.9,1379.9,392650400,VNALL,VN All Share
2022-05-05,1392.93,1393.33,1356.84,1386.43,402342000,VNALL,VN All Share
2022-05-06,1378.17,1378.17,1351.15,1351.15,415649500,VNALL,VN All Share
2022-05-09,1331.54,1333.74,1281.68,1287.33,517944300,VNALL,VN All Share
2022-05-10,1281.6,1311.45,1248.63,1311.45,496658900,VNALL,VN All Share
2022-05-11,1314.13,1324.23,1295.53,1320.89,300445200,VNALL,VN All Share
2022-05-12,1308.42,1310.13,1252.04,1252.04,426582600,VNALL,VN All Share
2022-05-13,1248.15,1253.4,1188.02,1192.63,612729200,VNALL,VN All Share
2022-05-16,1219.7,1226.97,1180.47,1182.27,468583700,VNALL,VN All Share
2022-05-17,1174.48,1243.67,1166.86,1243.67,458774100,VNALL,VN All Share
2022-05-18,1257.11,1268.71,1240.85,1255.84,427338700,VNALL,VN All Share
2022-05-19,1226.31,1261.8,1224.76,1254.95,379970400,VNALL,VN All Share
2022-05-20,1256.63,1270.04,1248.13,1257.42,375771200,VNALL,VN All Share
2022-05-23,1263.89,1263.98,1221.77,1232.75,411564000,VNALL,VN All Share
2022-05-24,1233.12,1248.63,1214.45,1248.63,401001800,VNALL,VN All Share
2022-05-25,1254.52,1289.32,1251.31,1289.32,510522900,VNALL,VN All Share
2022-05-26,1291.39,1299.19,1283.99,1289.92,422819000,VNALL,VN All Share
2022-05-27,1291.5,1315.05,1289.92,1311.99,457654800,VNALL,VN All Share
2022-05-30,1314.5,1321.47,1307.82,1320.59,387276200,VNALL,VN All Share
2022-05-31,1320.01,1320.59,1303.83,1312.15,439406200,VNALL,VN All Share
2022-06-01,1308.75,1318.02,1299.08,1315.08,422968600,VNALL,VN All Share
2022-06-02,1317.8,1321.41,1297.96,1304.01,436194400,VNALL,VN All Share
2022-06-03,1304.59,1309.86,1290.43,1305.42,351921900,VNALL,VN All Share
2022-06-06,1305.43,1317.77,1298.38,1301.66,442998300,VNALL,VN All Share
2022-06-07,1296.78,1299.93,1268.92,1299.93,514310400,VNALL,VN All Share
2022-06-08,1307.31,1329.08,1303.84,1322.76,461881000,VNALL,VN All Share
2022-06-09,1326.04,1328.43,1315.54,1324.47,364326900,VNALL,VN All Share
2022-06-10,1313.64,1327.38,1301.51,1301.51,458074300,VNALL,VN All Share
2022-06-13,1265.79,1276.05,1236.26,1236.26,578955700,VNALL,VN All Share
2022-06-14,1219.96,1246.68,1217.53,1233.36,443176800,VNALL,VN All Share
2022-06-15,1236.36,1240.02,1195.21,1217.99,528111600,VNALL,VN All Share
2022-06-16,1233.98,1248.48,1228.01,1239.29,447909500,VNALL,VN All Share
2022-06-17,1211.0,1217.48,1189.36,1214.54,572472000,VNALL,VN All Share
2022-06-20,1214.15,1219.71,1175.08,1177.2,510231500,VNALL,VN All Share
2022-06-21,1167.13,1185.05,1157.9,1166.21,525786300,VNALL,VN All Share
2022-06-22,1175.38,1181.97,1164.81,1172.17,439481200,VNALL,VN All Share
2022-06-23,1172.36,1193.41,1166.38,1193.41,311543500,VNALL,VN All Share
2022-06-24,1195.12,1201.87,1191.2,1191.2,324275300,VNALL,VN All Share
2022-06-27,1194.54,1210.75,1193.9,1210.75,347088600,VNALL,VN All Share
2022-06-28,1210.14,1229.08,1205.82,1227.48,435706900,VNALL,VN All Share
2022-06-29,1215.46,1230.21,1215.38,1227.6,400323400,VNALL,VN All Share
2022-06-30,1229.18,1230.79,1202.51,1202.51,382408400,VNALL,VN All Share
2022-07-01,1198.83,1210.86,1175.66,1206.98,392752500,VNALL,VN All Share
2022-07-04,1211.67,1218.64,1201.34,1205.83,327678200,VNALL,VN All Share
2022-07-05,1208.56,1210.27,1191.58,1192.98,433312400,VNALL,VN All Share
2022-07-06,1190.83,1190.83,1162.52,1162.52,397554600,VNALL,VN All Share
2022-07-07,1161.87,1177.41,1157.01,1177.41,289551100,VNALL,VN All Share
2022-07-08,1185.55,1190.21,1179.05,1186.16,367607800,VNALL,VN All Share
2022-07-11,1179.66,1180.85,1158.26,1167.37,388644900,VNALL,VN All Share
2022-07-12,1167.14,1186.08,1164.98,1186.08,386852400,VNALL,VN All Share
2022-07-13,1185.48,1193.45,1182.57,1184.52,400456500,VNALL,VN All Share
2022-07-14,1179.54,1192.31,1179.03,1191.37,397464300,VNALL,VN All Share
2022-07-15,1193.53,1200.03,1188.57,1189.85,461177700,VNALL,VN All Share
2022-07-18,1195.81,1196.56,1184.94,1187.08,384069000,VNALL,VN All Share
2022-07-19,1186.22,1187.99,1176.52,1186.04,379542300,VNALL,VN All Share
2022-07-20,1195.46,1207.48,1193.51,1202.83,470582700,VNALL,VN All Share
2022-07-21,1204.83,1213.38,1204.63,1208.74,405260900,VNALL,VN All Share
2022-07-22,1211.57,1215.21,1203.31,1203.31,361366300,VNALL,VN All Share
2022-07-25,1201.64,1204.36,1192.49,1196.14,331060700,VNALL,VN All Share
2022-07-26,1195.97,1200.64,1189.97,1190.53,317469100,VNALL,VN All Share
2022-07-27,1190.07,1195.19,1183.64,1195.19,320665100,VNALL,VN All Share
2022-07-28,1195.34,1218.14,1195.34,1212.26,518229400,VNALL,VN All Share
2022-07-29,1218.05,1218.62,1208.17,1208.17,448207400,VNALL,VN All Share
2022-08-01,1208.2,1233.07,1208.2,1233.07,594825000,VNALL,VN All Share
2022-08-02,1233.1,1241.7,1228.31,1241.19,610650200,VNALL,VN All Share
2022-08-03,1234.39,1249.09,1232.16,1248.54,599963400,VNALL,VN All Share
2022-08-04,1252.91,1257.84,1246.74,1252.26,556616600,VNALL,VN All Share
2022-08-05,1249.05,1252.84,1243.88,1251.8,523801400,VNALL,VN All Share
2022-08-08,1252.0,1259.83,1251.1,1257.13,524209100,VNALL,VN All Share
2022-08-09,1261.34,1265.5,1255.42,1261.72,543222900,VNALL,VN All Share
2022-08-10,1259.6,1264.11,1257.76,1259.22,487760500,VNALL,VN All Share
2022-08-11,1264.85,1271.8,1244.99,1250.36,643694000,VNALL,VN All Share
2022-08-12,1248.97,1260.9,1245.73,1260.9,448450500,VNALL,VN All Share
2022-08-15,1267.68,1274.84,1266.68,1274.3,505492400,VNALL,VN All Share
2022-08-16,1274.51,1277.81,1272.0,1276.2,500177800,VNALL,VN All Share
2022-08-17,1278.64,1283.76,1274.36,1277.79,558660600,VNALL,VN All Share
2022-08-18,1275.61,1284.99,1270.59,1275.42,477239500,VNALL,VN All Share
2022-08-19,1274.56,1279.36,1264.2,1270.06,490015100,VNALL,VN All Share
2022-08-22,1269.38,1271.6,1255.92,1262.31,473265300,VNALL,VN All Share
2022-08-23,1252.86,1273.07,1252.86,1273.07,448769300,VNALL,VN All Share
2022-08-24,1276.14,1281.8,1273.71,1278.45,448874800,VNALL,VN All Share
2022-08-25,1281.38,1291.49,1281.38,1291.46,476952300,VNALL,VN All Share
2022-08-26,1294.68,1297.64,1282.98,1285.43,527600100,VNALL,VN All Share
2022-08-29,1273.04,1273.04,1248.79,1271.83,693211800,VNALL,VN All Share
2022-08-30,1272.05,1284.01,1269.76,1272.5,413593200,VNALL,VN All Share
2022-08-31,1268.61,1279.94,1267.13,1276.72,391758900,VNALL,VN All Share
2022-09-05,1276.44,1281.14,1271.73,1274.76,396876900,VNALL,VN All Share
2022-09-06,1276.17,1283.18,1275.32,1275.32,461449700,VNALL,VN All Share
2022-09-07,1273.23,1273.65,1241.18,1241.18,683305500,VNALL,VN All Share
2022-09-08,1249.78,1249.94,1233.68,1233.68,458180800,VNALL,VN All Share
2022-09-09,1241.38,1246.87,1224.63,1246.87,479658700,VNALL,VN All Share
2022-09-12,1253.58,1255.25,1245.9,1245.9,329965092,VNALL,VN All Share
2022-09-13,1247.94,1249.06,1240.25,1245.21,355597500,VNALL,VN All Share
2022-09-14,1226.25,1240.73,1225.18,1239.87,493339400,VNALL,VN All Share
2022-09-15,1246.82,1248.35,1240.31,1241.94,336263900,VNALL,VN All Share
2022-09-16,1239.25,1242.17,1223.55,1226.93,508992800,VNALL,VN All Share
2022-09-19,1225.92,1227.58,1194.71,1197.92,548278000,VNALL,VN All Share
2022-09-20,1204.7,1211.57,1190.39,1211.57,363391400,VNALL,VN All Share
2022-09-21,1205.48,1208.31,1196.19,1201.16,279430800,VNALL,VN All Share
2022-09-22,1191.11,1206.65,1186.8,1206.65,375353800,VNALL,VN All Share
2022-09-23,1205.77,1208.8,1192.55,1194.23,363201500,VNALL,VN All Share
2022-09-26,1175.23,1178.43,1146.87,1160.42,608442200,VNALL,VN All Share
2022-09-27,1163.54,1167.47,1154.02,1155.05,355766200,VNALL,VN All Share
2022-09-28,1148.21,1152.31,1133.45,1134.72,410218200,VNALL,VN All Share
2022-09-29,1141.1,1150.82,1119.26,1119.26,353856886,VNALL,VN All Share
2022-09-30,1111.95,1127.21,1091.9,1123.09,533682275,VNALL,VN All Share
2022-10-03,1114.66,1116.24,1067.5,1071.75,421228084,VNALL,VN All Share
2022-10-04,1084.51,1087.71,1056.28,1061.71,439016913,VNALL,VN All Share
2022-10-05,1077.99,1095.22,1077.17,1087.69,339914868,VNALL,VN All Share
2022-10-06,1089.11,1091.05,1049.77,1052.24,420964072,VNALL,VN All Share
2022-10-07,1033.13,1035.02,999.06,1011.54,696601064,VNALL,VN All Share
2022-10-10,996.83,1024.97,986.07,1015.88,468941261,VNALL,VN All Share
2022-10-11,1009.77,1009.77,966.65,977.75,502440251,VNALL,VN All Share
2022-10-12,977.28,1013.45,973.74,1009.64,462144808,VNALL,VN All Share
2022-10-13,1009.73,1022.7,999.79,1022.7,333517427,VNALL,VN All Share
2022-10-14,1039.14,1044.0,1030.48,1035.83,442411456,VNALL,VN All Share
2022-10-17,1027.64,1029.04,1008.7,1029.04,356953527,VNALL,VN All Share
2022-10-18,1043.04,1048.07,1032.65,1038.26,409988308,VNALL,VN All Share
2022-10-19,1039.95,1041.35,1026.63,1034.07,293876618,VNALL,VN All Share
2022-10-20,1030.87,1036.55,1021.16,1029.55,305047358,VNALL,VN All Share
2022-10-21,1030.71,1030.71,978.57,986.04,557660106,VNALL,VN All Share
2022-10-24,986.0,987.94,939.27,949.84,471687874,VNALL,VN All Share
2022-10-25,945.81,977.96,923.07,962.59,602263787,VNALL,VN All Share
2022-10-26,966.36,970.28,948.01,958.55,311896765,VNALL,VN All Share
2022-10-27,959.06,997.53,954.53,997.53,502136809,VNALL,VN All Share
2022-10-28,1006.19,1014.19,995.03,997.25,448129503,VNALL,VN All Share
2022-10-31,995.1,999.45,968.59,993.43,513122782,VNALL,VN All Share
2022-11-01,994.94,1012.1,994.94,1001.63,514691222,VNALL,VN All Share
2022-11-02,1001.54,1003.61,987.55,990.52,422617606,VNALL,VN All Share
2022-11-03,977.78,993.72,976.77,988.99,358419480,VNALL,VN All Share
2022-11-04,976.02,977.36,941.88,961.8,607718976,VNALL,VN All Share
2022-11-07,956.36,961.86,930.16,932.52,458951450,VNALL,VN All Share
2022-11-08,915.55,938.5,910.56,937.96,470457163,VNALL,VN All Share
2022-11-09,939.11,950.26,927.9,935.69,426270490,VNALL,VN All Share
2022-11-10,925.0,925.0,883.38,892.85,565056664,VNALL,VN All Share
2022-11-11,900.68,911.21,893.03,896.47,577298608,VNALL,VN All Share
2022-11-14,890.69,890.69,862.55,878.35,523318431,VNALL,VN All Share
2022-11-15,860.85,864.24,834.94,845.18,501289773,VNALL,VN All Share
2022-11-16,820.3,878.0,806.34,878.0,839575783,VNALL,VN All Share
2022-11-17,879.2,907.37,879.2,904.3,530581279,VNALL,VN All Share
2022-11-18,902.64,912.03,877.77,907.85,743178190,VNALL,VN All Share
2022-11-21,910.22,912.09,895.57,899.95,466212539,VNALL,VN All Share
2022-11-22,899.68,926.74,889.14,894.97,890429840,VNALL,VN All Share
2022-11-23,890.29,900.63,883.13,887.18,436327655,VNALL,VN All Share
2022-11-24,881.72,890.26,873.06,888.65,424674685,VNALL,VN All Share
2022-11-25,896.4,914.13,896.32,914.13,491380946,VNALL,VN All Share
2022-11-28,924.59,949.88,923.78,949.53,778070620,VNALL,VN All Share
2022-11-29,954.38,973.14,941.8,973.14,999948300,VNALL,VN All Share
2022-11-30,979.02,992.89,966.79,992.89,873056705,VNALL,VN All Share
2022-12-01,1004.65,1017.01,986.22,988.74,1131270823,VNALL,VN All Share
2022-12-02,984.36,1031.6,981.31,1031.6,926182476,VNALL,VN All Share
2022-12-05,1035.28,1056.28,1035.28,1048.61,974844377,VNALL,VN All Share
2022-12-06,1046.12,1047.37,1003.22,1003.22,1224357069,VNALL,VN All Share
2022-12-07,999.39,1010.74,984.58,993.03,714327910,VNALL,VN All Share
2022-12-08,1005.24,1034.23,1003.63,1011.96,790486147,VNALL,VN All Share
2022-12-09,1017.68,1022.9,1002.71,1015.94,664140990,VNALL,VN All Share
2022-12-12,1021.57,1027.23,994.44,994.44,739493990,VNALL,VN All Share
2022-12-13,996.41,1012.84,985.82,1012.84,662797850,VNALL,VN All Share
2022-12-14,1013.4,1027.31,1011.46,1014.73,608509000,VNALL,VN All Share
2022-12-15,1012.91,1028.35,1012.74,1023.93,605988438,VNALL,VN All Share
2022-12-16,1015.74,1033.26,1013.79,1022.92,721919024,VNALL,VN All Share
2022-12-19,1022.79,1038.5,1009.71,1009.71,770567302,VNALL,VN All Share
2022-12-20,1007.12,1009.84,974.15,989.67,854809745,VNALL,VN All Share
2022-12-21,998.55,999.04,967.35,987.29,625714555,VNALL,VN All Share
2022-12-22,988.57,998.98,982.31,992.03,478342325,VNALL,VN All Share
2022-12-23,990.6,992.29,977.52,987.44,373994146,VNALL,VN All Share
2022-12-26,985.84,986.34,944.52,944.52,502429607,VNALL,VN All Share
2022-12-27,943.5,968.7,941.04,966.51,451832984,VNALL,VN All Share
2022-12-28,969.37,980.7,958.76,975.15,351364687,VNALL,VN All Share
2022-12-29,974.9,980.59,969.52,969.52,333090297,VNALL,VN All Share
2022-12-30,975.55,976.42,967.93,970.65,302514526,VNALL,VN All Share
2023-01-03,974.35,1006.13,974.16,1006.13,458605726,VNALL,VN All Share
2023-01-04,1010.4,1016.54,1004.69,1008.04,500699120,VNALL,VN All Share
2023-01-05,1010.54,1020.74,1007.48,1017.38,443122499,VNALL,VN All Share
2023-01-06,1016.67,1028.99,1008.58,1012.26,556357183,VNALL,VN All Share
2023-01-09,1019.33,1022.71,1010.5,1013.38,340539713,VNALL,VN All Share
2023-01-10,1014.68,1017.42,1003.56,1013.34,374953437,VNALL,VN All Share
2023-01-11,1018.68,1027.47,1016.32,1016.76,454667569,VNALL,VN All Share
2023-01-12,1020.42,1022.53,1011.23,1016.91,344033405,VNALL,VN All Share
2023-01-13,1022.29,1026.99,1014.53,1019.91,430495133,VNALL,VN All Share
2023-01-16,1022.15,1025.29,1016.53,1024.13,360111473,VNALL,VN All Share
2023-01-17,1026.11,1048.6,1026.11,1048.6,541857448,VNALL,VN All Share
2023-01-18,1052.39,1060.9,1049.81,1059.66,490332600,VNALL,VN All Share
2023-01-19,1055.68,1068.13,1054.67,1066.54,519191676,VNALL,VN All Share
2023-01-27,1073.59,1084.18,1071.73,1075.75,516072363,VNALL,VN All Share
2023-01-30,1077.41,1077.68,1063.8,1063.8,669754040,VNALL,VN All Share
2023-01-31,1062.28,1074.15,1050.94,1074.15,589163176,VNALL,VN All Share
2023-02-01,1077.35,1079.97,1038.18,1038.18,893443549,VNALL,VN All Share
2023-02-02,1042.26,1045.77,1029.21,1037.63,525415475,VNALL,VN All Share
2023-02-03,1039.13,1041.3,1027.16,1030.98,457425126,VNALL,VN All Share
2023-02-06,1030.98,1039.28,1021.78,1039.28,372187900,VNALL,VN All Share
2023-02-07,1040.35,1042.91,1016.24,1016.69,542602259,VNALL,VN All Share
2023-02-08,1019.88,1028.2,1008.83,1019.98,433468249,VNALL,VN All Share
2023-02-09,1018.38,1023.55,1012.09,1012.09,352932375,VNALL,VN All Share
2023-02-10,1012.49,1014.82,1000.42,1000.57,368887387,VNALL,VN All Share
2023-02-13,995.68,996.89,973.55,985.24,543582987,VNALL,VN All Share
2023-02-14,987.35,989.78,979.34,983.94,310982403,VNALL,VN All Share
2023-02-15,982.6,998.19,979.62,993.16,453099179,VNALL,VN All Share
2023-02-16,997.6,1005.31,991.98,1005.31,382095894,VNALL,VN All Share
2023-02-17,1005.93,1009.8,999.7,1005.48,398315977,VNALL,VN All Share
2023-02-20,1005.47,1036.41,1005.47,1036.41,580181144,VNALL,VN All Share
2023-02-21,1040.15,1045.74,1031.35,1031.35,606108930,VNALL,VN All Share
2023-02-22,1028.83,1028.83,1003.01,1003.01,716997440,VNALL,VN All Share
2023-02-23,1002.12,1002.73,979.16,1002.73,572447105,VNALL,VN All Share
2023-02-24,1001.68,1001.8,981.68,984.15,352140050,VNALL,VN All Share
2023-02-27,982.32,982.32,960.94,963.06,453732371,VNALL,VN All Share
2023-02-28,969.82,976.55,961.16,966.19,327678938,VNALL,VN All Share
2023-03-01,964.77,984.36,954.89,984.36,436489951,VNALL,VN All Share
2023-03-02,984.44,988.92,977.84,980.79,292747288,VNALL,VN All Share
2023-03-03,981.72,985.53,965.79,966.54,358089772,VNALL,VN All Share
2023-03-06,976.35,985.17,969.28,969.58,356279208,VNALL,VN All Share
2023-03-07,978.39,986.97,976.29,980.24,395991851,VNALL,VN All Share
2023-03-08,971.85,993.44,971.18,993.44,448725835,VNALL,VN All Share
2023-03-09,995.5,1006.63,994.76,1001.6,513691356,VNALL,VN All Share
2023-03-10,996.64,999.71,991.0,997.73,415854612,VNALL,VN All Share
2023-03-13,991.72,1001.25,991.03,997.01,489058605,VNALL,VN All Share
2023-03-14,995.48,997.06,979.02,983.2,518743693,VNALL,VN All Share
2023-03-15,986.98,1009.38,986.98,1009.38,518092363,VNALL,VN All Share
2023-03-16,1002.79,1004.25,988.86,994.24,430339135,VNALL,VN All Share
2023-03-17,1000.93,1002.48,991.69,995.49,464700127,VNALL,VN All Share
2023-03-20,991.13,991.47,973.12,974.51,436794549,VNALL,VN All Share
2023-03-21,980.33,984.25,967.36,984.15,359875778,VNALL,VN All Share
2023-03-22,984.5,991.9,984.5,989.4,360463495,VNALL,VN All Share
2023-03-23,985.15,993.84,981.59,993.84,347495640,VNALL,VN All Share
2023-03-24,996.74,1002.41,994.9,998.41,482082895,VNALL,VN All Share
2023-03-27,999.72,1006.08,995.3,1004.17,488841059,VNALL,VN All Share
2023-03-28,1008.62,1011.65,1003.71,1005.49,553685107,VNALL,VN All Share
2023-03-29,1006.48,1007.52,1000.31,1007.52,397695486,VNALL,VN All Share
2023-03-30,1013.72,1016.97,1009.87,1010.53,534021508,VNALL,VN All Share
2023-03-31,1011.02,1019.75,1010.94,1016.81,548815464,VNALL,VN All Share
2023-04-03,1024.12,1033.54,1024.12,1033.54,743126446,VNALL,VN All Share
2023-04-04,1035.07,1037.93,1030.95,1037.08,703203389,VNALL,VN All Share
2023-04-05,1036.91,1040.46,1032.46,1040.46,675951873,VNALL,VN All Share
2023-04-06,1042.87,1045.04,1029.0,1029.0,914279723,VNALL,VN All Share
2023-04-07,1029.64,1031.23,1022.91,1030.22,574202296,VNALL,VN All Share
2023-04-10,1035.1,1040.2,1026.54,1029.86,753259085,VNALL,VN All Share
2023-04-11,1028.3,1035.14,1020.59,1035.14,607283605,VNALL,VN All Share
2023-04-12,1037.56,1039.54,1033.38,1035.95,627074909,VNALL,VN All Share
2023-04-13,1037.17,1037.69,1028.08,1030.65,563001024,VNALL,VN All Share
2023-04-14,1034.32,1035.97,1018.24,1018.24,686350908,VNALL,VN All Share
2023-04-17,1018.0,1020.41,1014.52,1019.93,366490885,VNALL,VN All Share
2023-04-18,1021.51,1023.44,1016.22,1021.11,463525039,VNALL,VN All Share
2023-04-19,1024.33,1024.46,1012.13,1012.75,454055729,VNALL,VN All Share
2023-04-20,1013.85,1015.23,1008.19,1011.67,304889275,VNALL,VN All Share
2023-04-21,1013.28,1014.78,1004.16,1005.69,482404437,VNALL,VN All Share
2023-04-24,1007.5,1012.29,1001.28,1004.67,411981232,VNALL,VN All Share
2023-04-25,1005.22,1010.31,995.47,996.53,449464011,VNALL,VN All Share
2023-04-26,995.95,1004.29,989.76,1004.29,404243200,VNALL,VN All Share
2023-04-27,1006.14,1009.67,1001.78,1003.75,431854857,VNALL,VN All Share
2023-04-28,1008.18,1013.89,1007.42,1013.89,510364044,VNALL,VN All Share
2023-05-04,1010.52,1013.29,1004.45,1006.26,533500041,VNALL,VN All Share
2023-05-05,1005.6,1008.93,1001.63,1005.1,403920541,VNALL,VN All Share
2023-05-08,1008.61,1014.81,1008.57,1014.81,543892103,VNALL,VN All Share
2023-05-09,1014.94,1018.98,1013.87,1015.83,467577948,VNALL,VN All Share
2023-05-10,1018.09,1023.19,1016.38,1022.91,590751000,VNALL,VN All Share
2023-05-11,1026.54,1029.02,1022.25,1023.56,629168239,VNALL,VN All Share
2023-05-12,1024.58,1032.57,1020.5,1032.57,615130676,VNALL,VN All Share
2023-05-15,1033.75,1042.9,1032.32,1032.32,683512274,VNALL,VN All Share
2023-05-16,1034.46,1035.23,1028.92,1031.85,525550119,VNALL,VN All Share
2023-05-17,1031.85,1035.25,1024.01,1024.01,648656714,VNALL,VN All Share
2023-05-18,1027.04,1035.35,1024.37,1029.82,516366199,VNALL,VN All Share
2023-05-19,1032.3,1032.3,1021.64,1030.31,594763330,VNALL,VN All Share
2023-05-22,1032.56,1037.48,1031.17,1037.48,581443479,VNALL,VN All Share
2023-05-23,1038.14,1040.96,1029.79,1033.61,604474412,VNALL,VN All Share
2023-05-24,1037.87,1037.87,1027.74,1028.36,620222072,VNALL,VN All Share
2023-05-25,1027.61,1030.21,1023.93,1028.25,559882521,VNALL,VN All Share
2023-05-26,1030.44,1031.27,1028.38,1029.58,537810258,VNALL,VN All Share
2023-05-29,1033.16,1041.59,1033.16,1040.9,648135071,VNALL,VN All Share
2023-05-30,1045.41,1046.1,1038.67,1044.64,727687362,VNALL,VN All Share
2023-05-31,1045.63,1046.87,1038.84,1042.2,765790758,VNALL,VN All Share
2023-06-01,1042.25,1047.3,1038.24,1047.3,719998475,VNALL,VN All Share
2023-06-02,1054.69,1064.56,1054.36,1062.92,873426083,VNALL,VN All Share
2023-06-05,1072.97,1074.19,1064.81,1066.09,815359025,VNALL,VN All Share
2023-06-06,1066.67,1077.29,1064.89,1077.29,713451901,VNALL,VN All Share
2023-06-07,1079.42,1082.66,1075.84,1082.2,829617705,VNALL,VN All Share
2023-06-08,1084.46,1086.85,1067.0,1067.0,1069073385,VNALL,VN All Share
2023-06-09,1069.86,1076.51,1063.12,1076.51,753371969,VNALL,VN All Share
2023-06-12,1080.58,1084.56,1068.56,1084.56,637411761,VNALL,VN All Share
2023-06-13,1086.86,1089.04,1083.87,1088.52,775069659,VNALL,VN All Share
2023-06-14,1091.04,1096.47,1082.53,1082.53,748219754,VNALL,VN All Share
2023-06-15,1081.99,1084.48,1076.24,1080.83,603034261,VNALL,VN All Share
2023-06-16,1080.96,1097.6,1078.71,1081.15,958971472,VNALL,VN All Share
2023-06-19,1082.64,1084.11,1072.95,1074.05,638509975,VNALL,VN All Share
2023-06-20,1074.9,1082.41,1072.3,1082.41,541750220,VNALL,VN All Share
2023-06-21,1082.8,1091.71,1081.59,1091.71,735621856,VNALL,VN All Share
2023-06-22,1098.51,1102.25,1096.25,1098.79,756336004,VNALL,VN All Share
2023-06-23,1100.93,1107.12,1098.12,1105.73,770737817,VNALL,VN All Share
2023-06-26,1107.92,1110.67,1093.68,1107.85,869468621,VNALL,VN All Share
2023-06-27,1110.92,1111.76,1104.37,1109.76,575720332,VNALL,VN All Share
2023-06-28,1110.99,1115.57,1107.33,1113.73,706520915,VNALL,VN All Share
2023-06-29,1114.44,1115.03,1096.76,1096.76,717555886,VNALL,VN All Share
2023-06-30,1096.9,1099.01,1092.88,1096.12,475622574,VNALL,VN All Share
2023-07-03,1100.35,1102.73,1094.53,1097.85,435698297,VNALL,VN All Share
2023-07-04,1098.71,1105.59,1095.91,1105.59,563476264,VNALL,VN All Share
2023-07-05,1109.6,1112.3,1107.0,1107.09,660653403,VNALL,VN All Share
2023-07-06,1107.23,1108.5,1093.48,1098.96,778054543,VNALL,VN All Share
2023-07-07,1097.39,1109.39,1093.68,1109.39,649778377,VNALL,VN All Share
2023-07-10,1114.97,1121.97,1113.26,1121.97,740437421,VNALL,VN All Share
2023-07-11,1122.73,1130.66,1122.26,1125.04,735126547,VNALL,VN All Share
2023-07-12,1126.55,1128.76,1120.26,1124.51,620506372,VNALL,VN All Share
2023-07-13,1130.31,1136.56,1129.81,1136.56,685294520,VNALL,VN All Share
2023-07-14,1141.74,1142.41,1127.99,1141.2,880595964,VNALL,VN All Share
2023-07-17,1145.67,1148.75,1142.64,1146.54,761261425,VNALL,VN All Share
2023-07-18,1146.56,1149.02,1142.08,1148.58,673583179,VNALL,VN All Share
2023-07-19,1151.84,1153.01,1145.86,1145.86,720081989,VNALL,VN All Share
2023-07-20,1145.76,1149.75,1141.38,1149.75,674097196,VNALL,VN All Share
2023-07-21,1151.12,1166.64,1150.56,1166.64,821657852,VNALL,VN All Share
2023-07-24,1172.68,1175.25,1165.02,1174.68,876329073,VNALL,VN All Share
2023-07-25,1177.04,1181.68,1173.99,1177.66,824530070,VNALL,VN All Share
2023-07-26,1177.8,1181.2,1174.52,1181.2,764856989,VNALL,VN All Share
2023-07-27,1181.88,1185.79,1171.55,1181.26,969599561,VNALL,VN All Share
2023-07-28,1182.13,1193.59,1180.66,1193.59,944800197,VNALL,VN All Share
2023-07-31,1203.52,1207.27,1195.93,1206.52,963854098,VNALL,VN All Share
2023-08-01,1213.22,1213.96,1197.26,1197.26,1060949267,VNALL,VN All Share
2023-08-02,1196.13,1203.59,1192.28,1201.25,735115501,VNALL,VN All Share
2023-08-03,1200.56,1205.2,1191.54,1193.88,875034489,VNALL,VN All Share
2023-08-04,1195.04,1213.63,1195.04,1212.46,970865483,VNALL,VN All Share
2023-08-07,1212.59,1228.58,1212.59,1228.58,961056723,VNALL,VN All Share
2023-08-08,1230.46,1232.57,1223.08,1225.88,925802794,VNALL,VN All Share
2023-08-09,1224.35,1226.16,1215.66,1219.56,852050899,VNALL,VN All Share
2023-08-10,1221.6,1222.97,1204.98,1205.94,792062479,VNALL,VN All Share
2023-08-11,1213.04,1217.9,1197.83,1217.89,830771934,VNALL,VN All Share
2023-08-14,1223.05,1227.96,1216.01,1225.71,897059100,VNALL,VN All Share
2023-08-15,1228.07,1228.3,1219.9,1223.73,701979715,VNALL,VN All Share
2023-08-16,1223.51,1234.85,1221.64,1234.85,728380643,VNALL,VN All Share
2023-08-17,1235.99,1238.21,1226.14,1226.14,911456986,VNALL,VN All Share
2023-08-18,1218.49,1221.29,1163.09,1165.4,1439278560,VNALL,VN All Share
2023-08-21,1164.33,1175.48,1150.58,1165.53,859461528,VNALL,VN All Share
2023-08-22,1167.95,1172.12,1132.6,1172.12,818823073,VNALL,VN All Share
2023-08-23,1184.33,1184.85,1159.71,1163.54,565292681,VNALL,VN All Share
2023-08-24,1165.28,1184.99,1161.87,1184.99,658982141,VNALL,VN All Share
2023-08-25,1184.87,1189.56,1178.32,1181.77,704759882,VNALL,VN All Share
2023-08-28,1188.44,1202.19,1187.49,1202.19,640266930,VNALL,VN All Share
2023-08-29,1205.99,1209.7,1197.83,1205.57,772241274,VNALL,VN All Share
2023-08-30,1207.01,1218.87,1205.76,1218.21,696921196,VNALL,VN All Share
2023-08-31,1219.37,1230.85,1219.37,1230.85,758160130,VNALL,VN All Share
2023-09-05,1238.69,1243.77,1234.01,1240.45,821687613,VNALL,VN All Share
2023-09-06,1242.69,1255.27,1234.0,1255.27,907947053,VNALL,VN All Share
2023-09-07,1258.03,1265.99,1250.36,1253.36,933321166,VNALL,VN All Share
2023-09-08,1251.54,1259.35,1250.19,1252.51,805970212,VNALL,VN All Share
2023-09-11,1255.96,1262.99,1231.08,1231.85,1117677467,VNALL,VN All Share
2023-09-12,1231.85,1257.81,1227.33,1257.81,743691394,VNALL,VN All Share
2023-09-13,1262.24,1265.02,1244.51,1251.14,1014737925,VNALL,VN All Share
2023-09-14,1251.15,1257.55,1233.87,1235.28,913107720,VNALL,VN All Share
2023-09-15,1237.4,1246.7,1231.77,1238.35,735336221,VNALL,VN All Share
2023-09-18,1235.43,1237.77,1216.12,1224.23,668814199,VNALL,VN All Share
2023-09-19,1226.03,1230.94,1211.6,1227.01,755110679,VNALL,VN All Share
2023-09-20,1229.12,1244.26,1226.13,1243.09,663379571,VNALL,VN All Share
2023-09-21,1243.31,1244.66,1226.79,1227.63,817156804,VNALL,VN All Share
2023-09-22,1217.35,1217.35,1182.77,1198.98,1171179924,VNALL,VN All Share
2023-09-25,1195.86,1201.02,1151.78,1151.78,876521428,VNALL,VN All Share
2023-09-26,1149.27,1167.22,1140.57,1140.57,837343606,VNALL,VN All Share
2023-09-27,1142.68,1161.58,1125.58,1161.58,662142134,VNALL,VN All Share
2023-09-28,1161.15,1161.56,1140.47,1158.31,566802992,VNALL,VN All Share
2023-09-29,1164.38,1170.78,1158.31,1160.57,459215968,VNALL,VN All Share
2023-10-02,1161.58,1169.89,1156.31,1162.99,405857193,VNALL,VN All Share
2023-10-03,1152.99,1153.91,1120.71,1122.49,823736839,VNALL,VN All Share
2023-10-04,1117.91,1143.24,1108.56,1134.66,576120550,VNALL,VN All Share
2023-10-05,1139.01,1141.2,1120.32,1120.32,481871936,VNALL,VN All Share
2023-10-06,1121.25,1138.5,1115.44,1137.48,511961104,VNALL,VN All Share
2023-10-09,1137.76,1150.17,1135.61,1150.17,480975185,VNALL,VN All Share
2023-10-10,1153.96,1163.7,1153.96,1156.82,559734253,VNALL,VN All Share
2023-10-11,1158.9,1166.69,1151.34,1166.69,443341576,VNALL,VN All Share
2023-10-12,1167.55,1173.69,1162.31,1166.01,525356721,VNALL,VN All Share
2023-10-13,1157.53,1170.06,1151.8,1168.95,509082896,VNALL,VN All Share
2023-10-16,1168.58,1170.91,1152.71,1153.95,544318713,VNALL,VN All Share
2023-10-17,1158.6,1161.54,1131.88,1131.88,496487514,VNALL,VN All Share
2023-10-18,1135.41,1137.01,1095.84,1114.05,818404238,VNALL,VN All Share
2023-10-19,1114.81,1114.95,1094.35,1094.35,534381284,VNALL,VN All Share
2023-10-20,1094.02,1117.88,1083.01,1117.68,521065800,VNALL,VN All Share
2023-10-23,1116.83,1117.06,1096.05,1102.38,430320726,VNALL,VN All Share
2023-10-24,1104.55,1117.25,1097.54,1114.63,379748480,VNALL,VN All Share
2023-10-25,1115.6,1123.47,1109.99,1109.99,413712803,VNALL,VN All Share
2023-10-26,1089.9,1091.4,1051.49,1060.15,976081645,VNALL,VN All Share
2023-10-27,1066.91,1070.36,1045.59,1068.21,536863379,VNALL,VN All Share
2023-10-30,1063.65,1066.68,1043.37,1043.37,384012935,VNALL,VN All Share
2023-10-31,1045.34,1048.42,1025.17,1028.02,613806283,VNALL,VN All Share
2023-11-01,1028.23,1043.88,1021.99,1043.88,514868950,VNALL,VN All Share
2023-11-02,1044.26,1083.52,1044.26,1083.52,625539505,VNALL,VN All Share
2023-11-03,1085.15,1091.65,1077.85,1084.21,607921506,VNALL,VN All Share
2023-11-06,1091.81,1099.89,1084.21,1099.89,471294100,VNALL,VN All Share
2023-11-07,1096.25,1101.24,1088.44,1089.81,452141802,VNALL,VN All Share
2023-11-08,1089.36,1130.14,1086.01,1130.14,739825883,VNALL,VN All Share
2023-11-09,1133.3,1142.44,1127.2,1128.67,844609646,VNALL,VN All Share
2023-11-10,1119.39,1134.77,1117.04,1117.66,811622687,VNALL,VN All Share
2023-11-13,1118.23,1126.32,1108.57,1118.08,620863165,VNALL,VN All Share
2023-11-14,1125.1,1138.29,1122.43,1130.99,660757125,VNALL,VN All Share
2023-11-15,1143.6,1154.93,1137.84,1141.07,752662417,VNALL,VN All Share
2023-11-16,1138.03,1145.23,1133.77,1145.23,513587425,VNALL,VN All Share
2023-11-17,1148.33,1150.87,1114.48,1120.71,990778025,VNALL,VN All Share
2023-11-20,1108.19,1131.47,1102.03,1122.67,642434724,VNALL,VN All Share
2023-11-21,1123.44,1133.67,1123.44,1130.54,519396519,VNALL,VN All Share
2023-11-22,1131.25,1136.93,1123.42,1135.55,669050570,VNALL,VN All Share
2023-11-23,1138.13,1141.0,1104.02,1104.02,813198702,VNALL,VN All Share
2023-11-24,1107.75,1110.88,1086.73,1110.88,754408912,VNALL,VN All Share
2023-11-27,1111.15,1112.76,1098.79,1099.2,425919667,VNALL,VN All Share
2023-11-28,1099.65,1108.45,1086.57,1108.21,507287171,VNALL,VN All Share
2023-11-29,1110.96,1119.06,1109.88,1115.91,467463418,VNALL,VN All Share
2023-11-30,1115.53,1122.13,1107.51,1107.51,557838653,VNALL,VN All Share
2023-12-01,1114.02,1116.49,1102.26,1116.16,478755763,VNALL,VN All Share
2023-12-04,1122.93,1142.82,1122.54,1137.77,918155260,VNALL,VN All Share
2023-12-05,1139.29,1141.02,1129.32,1131.91,612730099,VNALL,VN All Share
2023-12-06,1133.39,1143.56,1131.69,1143.56,676578871,VNALL,VN All Share
2023-12-07,1144.54,1149.36,1124.29,1140.97,1129294938,VNALL,VN All Share
2023-12-08,1141.09,1147.41,1136.4,1142.69,643834909,VNALL,VN All Share
2023-12-11,1146.25,1146.97,1136.72,1143.06,527292429,VNALL,VN All Share
2023-12-12,1145.49,1147.42,1141.25,1146.18,457269480,VNALL,VN All Share
2023-12-13,1149.47,1150.97,1129.74,1130.93,661538220,VNALL,VN All Share
2023-12-14,1135.91,1137.98,1123.91,1125.56,505649385,VNALL,VN All Share
2023-12-15,1126.03,1130.16,1118.76,1120.0,571297361,VNALL,VN All Share
2023-12-18,1121.85,1122.27,1108.19,1109.65,450671305,VNALL,VN All Share
2023-12-19,1109.69,1116.4,1100.51,1116.4,460305870,VNALL,VN All Share
2023-12-20,1116.78,1122.35,1113.88,1121.8,394661221,VNALL,VN All Share
2023-12-21,1117.67,1123.53,1115.59,1123.53,384158634,VNALL,VN All Share
2023-12-22,1123.43,1126.5,1120.4,1123.28,433110842,VNALL,VN All Share
2023-12-25,1125.71,1139.04,1125.5,1137.67,476100904,VNALL,VN All Share
2023-12-26,1138.6,1143.43,1137.06,1141.58,493192871,VNALL,VN All Share
2023-12-27,1143.57,1146.73,1141.94,1141.94,482593318,VNALL,VN All Share
2023-12-28,1142.6,1152.34,1140.53,1150.96,515866450,VNALL,VN All Share
2023-12-29,1152.97,1156.95,1151.86,1154.49,507737675,VNALL,VN All Share
2024-01-02,1160.82,1163.04,1150.7,1153.09,672184471,VNALL,VN All Share
2024-01-03,1152.85,1166.13,1149.18,1166.13,571307431,VNALL,VN All Share
2024-01-04,1167.18,1184.73,1166.67,1174.04,982345143,VNALL,VN All Share
2024-01-05,1174.58,1179.53,1170.38,1177.68,643433674,VNALL,VN All Share
2024-01-08,1181.01,1186.65,1177.92,1181.07,694839429,VNALL,VN All Share
2024-01-09,1181.76,1183.15,1174.42,1178.17,697010808,VNALL,VN All Share
2024-01-10,1178.57,1184.39,1172.7,1177.05,815843547,VNALL,VN All Share
2024-01-11,1179.18,1187.32,1174.25,1179.67,679992379,VNALL,VN All Share
2024-01-12,1176.63,1180.49,1164.13,1174.91,912937516,VNALL,VN All Share
2024-01-15,1179.46,1183.81,1170.03,1170.03,482573332,VNALL,VN All Share
2024-01-16,1167.06,1181.23,1164.26,1181.23,496344688,VNALL,VN All Share
2024-01-17,1181.5,1189.09,1179.36,1180.02,596467734,VNALL,VN All Share
2024-01-18,1182.36,1188.1,1180.56,1187.0,490952149,VNALL,VN All Share
2024-01-19,1190.56,1196.8,1189.85,1194.81,546610450,VNALL,VN All Share
2024-01-22,1198.67,1201.42,1190.39,1198.13,629486867,VNALL,VN All Share
2024-01-23,1200.4,1201.51,1191.18,1193.84,509201304,VNALL,VN All Share
2024-01-24,1192.71,1197.82,1188.89,1189.61,535520523,VNALL,VN All Share
2024-01-25,1191.04,1191.15,1185.22,1188.76,397526868,VNALL,VN All Share
2024-01-26,1191.22,1195.39,1191.22,1193.83,421590029,VNALL,VN All Share
2024-01-29,1195.84,1197.28,1190.7,1191.76,465994292,VNALL,VN All Share
2024-01-30,1191.98,1197.32,1191.45,1197.05,489915302,VNALL,VN All Share
2024-01-31,1199.52,1200.54,1180.51,1182.55,890909204,VNALL,VN All Share
2024-02-01,1181.85,1192.13,1181.59,1190.36,487059267,VNALL,VN All Share
2024-02-02,1191.44,1196.51,1189.78,1191.37,646000912,VNALL,VN All Share
2024-02-05,1193.39,1210.46,1193.16,1207.98,670572623,VNALL,VN All Share
2024-02-06,1210.05,1213.85,1208.7,1210.88,462727515,VNALL,VN All Share
2024-02-07,1213.28,1223.54,1213.06,1222.25,573655459,VNALL,VN All Share
2024-02-15,1223.74,1235.5,1223.74,1228.57,742278713,VNALL,VN All Share
2024-02-16,1232.46,1234.61,1228.69,1234.0,674500195,VNALL,VN All Share
2024-02-19,1237.35,1244.8,1232.99,1244.8,843371281,VNALL,VN All Share
2024-02-20,1247.26,1248.79,1241.14,1246.62,712108111,VNALL,VN All Share
2024-02-21,1246.97,1252.98,1240.04,1248.08,757983484,VNALL,VN All Share
2024-02-22,1248.27,1250.02,1243.9,1246.13,680806753,VNALL,VN All Share
2024-02-23,1247.4,1258.14,1226.44,1226.44,1152376197,VNALL,VN All Share
2024-02-26,1227.34,1240.07,1223.79,1239.52,712524654,VNALL,VN All Share
2024-02-27,1245.53,1254.09,1243.39,1254.09,774102042,VNALL,VN All Share
2024-02-28,1258.83,1266.86,1253.6,1266.86,781017927,VNALL,VN All Share
2024-02-29,1270.33,1276.89,1260.64,1268.79,874223036,VNALL,VN All Share
2024-03-01,1270.79,1276.72,1266.29,1275.47,774013428,VNALL,VN All Share
2024-03-04,1281.35,1284.9,1274.72,1278.95,921872722,VNALL,VN All Share
2024-03-05,1279.99,1289.67,1275.45,1289.67,778900381,VNALL,VN All Share
2024-03-06,1289.89,1295.14,1272.08,1278.96,857869639,VNALL,VN All Share
2024-03-07,1279.21,1289.19,1275.59,1286.75,815063932,VNALL,VN All Share
2024-03-08,1288.08,1292.4,1263.51,1263.51,1138028095,VNALL,VN All Share
2024-03-11,1263.71,1269.32,1247.44,1250.57,800830007,VNALL,VN All Share
2024-03-12,1249.6,1260.7,1247.34,1257.41,698663109,VNALL,VN All Share
2024-03-13,1257.74,1288.32,1257.74,1288.32,782204188,VNALL,VN All Share
2024-03-14,1288.86,1294.37,1274.46,1280.72,924566007,VNALL,VN All Share
2024-03-15,1279.44,1286.19,1266.6,1278.63,915136947,VNALL,VN All Share
2024-03-18,1278.94,1282.71,1232.91,1257.07,1452247227,VNALL,VN All Share
2024-03-19,1257.46,1262.8,1250.89,1255.69,705272381,VNALL,VN All Share
2024-03-20,1257.46,1279.68,1248.81,1278.28,747094895,VNALL,VN All Share
2024-03-21,1287.61,1298.02,1283.07,1298.02,1012332032,VNALL,VN All Share
2024-03-22,1304.31,1310.2,1293.6,1301.41,1050462887,VNALL,VN All Share
2024-03-25,1301.32,1306.72,1283.02,1287.14,929632846,VNALL,VN All Share
2024-03-26,1286.59,1303.77,1282.01,1303.77,731347144,VNALL,VN All Share
2024-03-27,1306.2,1309.22,1298.2,1307.15,672880612,VNALL,VN All Share
2024-03-28,1313.07,1320.94,1312.3,1318.41,749072223,VNALL,VN All Share
2024-03-29,1320.13,1320.44,1309.93,1312.81,647275270,VNALL,VN All Share
2024-04-01,1309.44,1314.86,1300.46,1308.85,723551013,VNALL,VN All Share
2024-04-02,1301.68,1312.82,1292.4,1312.82,887077891,VNALL,VN All Share
2024-04-03,1310.28,1314.45,1295.29,1295.51,875567032,VNALL,VN All Share
2024-04-04,1295.71,1299.3,1285.79,1288.16,771861209,VNALL,VN All Share
2024-04-05,1277.76,1285.62,1271.61,1274.47,830196976,VNALL,VN All Share
2024-04-08,1274.31,1276.57,1264.44,1268.32,648796570,VNALL,VN All Share
2024-04-09,1269.79,1283.59,1265.69,1283.59,523516301,VNALL,VN All Share
2024-04-10,1288.18,1291.43,1279.77,1279.77,518177314,VNALL,VN All Share
2024-04-11,1277.65,1283.37,1269.27,1279.03,530605575,VNALL,VN All Share
2024-04-12,1279.82,1300.27,1279.82,1300.27,579893049,VNALL,VN All Share
2024-04-15,1299.51,1303.58,1236.7,1236.7,1118128772,VNALL,VN All Share
2024-04-16,1235.71,1240.53,1210.95,1237.01,1032323901,VNALL,VN All Share
2024-04-17,1237.24,1242.83,1215.56,1215.58,638235989,VNALL,VN All Share
2024-04-19,1210.38,1213.37,1185.51,1195.08,860659456,VNALL,VN All Share
2024-04-22,1205.84,1218.17,1202.75,1212.59,516480745,VNALL,VN All Share
2024-04-23,1213.64,1217.57,1195.67,1203.3,575287397,VNALL,VN All Share
2024-04-24,1213.23,1240.43,1212.0,1238.18,570000696,VNALL,VN All Share
2024-04-25,1239.91,1241.02,1229.92,1237.49,400123400,VNALL,VN All Share
2024-04-26,1230.02,1248.05,1228.28,1243.09,462273286,VNALL,VN All Share
2024-05-02,1246.35,1249.91,1240.31,1249.43,432638551,VNALL,VN All Share
2024-05-03,1252.08,1260.71,1250.8,1255.27,476582568,VNALL,VN All Share
2024-05-06,1262.31,1276.65,1257.53,1276.65,577843896,VNALL,VN All Share
2024-05-07,1281.54,1286.42,1274.46,1285.65,489005404,VNALL,VN All Share
2024-05-08,1279.43,1287.6,1271.31,1287.6,669455480,VNALL,VN All Share
2024-05-09,1291.21,1294.2,1278.81,1283.72,538181844,VNALL,VN All Share
2024-05-10,1287.69,1288.2,1272.44,1282.26,502182248,VNALL,VN All Share
2024-05-13,1286.04,1286.83,1271.61,1278.61,542449580,VNALL,VN All Share
2024-05-14,1285.8,1291.36,1279.69,1282.6,438198105,VNALL,VN All Share
2024-05-15,1288.45,1300.13,1287.51,1296.0,647809900,VNALL,VN All Share
2024-05-16,1307.24,1315.81,1303.41,1313.43,713323560,VNALL,VN All Share
2024-05-17,1315.64,1320.57,1311.55,1320.57,733278458,VNALL,VN All Share
2024-05-20,1329.99,1333.53,1323.98,1323.98,849075672,VNALL,VN All Share
2024-05-21,1323.53,1325.99,1311.31,1323.32,728532320,VNALL,VN All Share
2024-05-22,1325.05,1328.37,1307.16,1311.18,856471230,VNALL,VN All Share
2024-05-23,1309.98,1324.36,1302.51,1324.36,740593393,VNALL,VN All Share
2024-05-24,1323.76,1327.89,1286.91,1300.14,1089935364,VNALL,VN All Share
2024-05-27,1302.32,1304.91,1292.74,1303.83,525236476,VNALL,VN All Share
2024-05-28,1310.53,1321.1,1307.71,1321.1,657638863,VNALL,VN All Share
2024-05-29,1324.28,1325.13,1310.2,1311.67,862131187,VNALL,VN All Share
2024-05-30,1306.19,1309.14,1289.63,1308.1,833380948,VNALL,VN All Share
2024-05-31,1310.16,1313.29,1304.31,1306.29,535303132,VNALL,VN All Share
2024-06-03,1316.45,1329.58,1315.97,1326.65,811037596,VNALL,VN All Share
2024-06-04,1333.44,1335.42,1326.45,1328.48,699071842,VNALL,VN All Share
2024-06-05,1329.49,1338.69,1326.17,1326.17,713781223,VNALL,VN All Share
2024-06-06,1331.1,1334.8,1321.26,1327.45,699959231,VNALL,VN All Share
2024-06-07,1328.58,1338.75,1326.91,1332.72,516358979,VNALL,VN All Share
2024-06-10,1338.73,1342.78,1332.4,1336.99,684301105,VNALL,VN All Share
2024-06-11,1341.93,1343.71,1325.55,1332.3,755134127,VNALL,VN All Share
2024-06-12,1333.09,1352.52,1330.36,1352.52,685043684,VNALL,VN All Share
2024-06-13,1352.94,1359.37,1350.21,1355.29,743244370,VNALL,VN All Share
2024-06-14,1358.15,1359.94,1334.0,1334.0,899680470,VNALL,VN All Share
2024-06-17,1335.65,1336.92,1323.87,1328.7,699071977,VNALL,VN All Share
2024-06-18,1333.81,1339.4,1329.88,1331.17,560900220,VNALL,VN All Share
2024-06-19,1334.65,1338.21,1321.99,1333.47,683099549,VNALL,VN All Share
2024-06-20,1335.68,1341.74,1327.63,1338.01,723450603,VNALL,VN All Share
2024-06-21,1340.64,1342.39,1333.99,1337.95,617548996,VNALL,VN All Share
2024-06-24,1336.64,1339.72,1302.38,1305.74,963472891,VNALL,VN All Share
2024-06-25,1306.36,1310.66,1300.29,1308.32,476886412,VNALL,VN All Share
2024-06-26,1309.92,1313.47,1295.58,1311.36,509691920,VNALL,VN All Share
2024-06-27,1309.34,1310.43,1301.59,1309.26,405263084,VNALL,VN All Share
2024-06-28,1309.84,1310.71,1287.81,1295.31,581012340,VNALL,VN All Share
2024-07-01,1295.05,1302.1,1288.03,1302.1,366992795,VNALL,VN All Share
2024-07-02,1306.18,1318.46,1304.32,1315.8,410759698,VNALL,VN All Share
2024-07-03,1315.91,1327.0,1315.91,1324.45,441678358,VNALL,VN All Share
2024-07-04,1327.82,1331.68,1322.3,1330.09,424905964,VNALL,VN All Share
2024-07-05,1331.42,1335.8,1326.67,1335.16,504391209,VNALL,VN All Share
2024-07-08,1338.12,1339.33,1329.85,1336.03,579761620,VNALL,VN All Share
2024-07-09,1336.83,1344.62,1332.58,1344.62,672047212,VNALL,VN All Share
2024-07-10,1345.97,1347.62,1334.57,1334.57,586877546,VNALL,VN All Share
2024-07-11,1339.48,1343.13,1332.08,1332.08,555282788,VNALL,VN All Share
2024-07-12,1331.19,1337.14,1323.06,1327.44,468083619,VNALL,VN All Share
2024-07-15,1327.6,1332.87,1320.35,1324.86,409553759,VNALL,VN All Share
2024-07-16,1325.3,1335.98,1323.63,1327.28,529343875,VNALL,VN All Share
2024-07-17,1332.78,1339.06,1302.12,1317.62,1014732329,VNALL,VN All Share
2024-07-18,1318.5,1322.39,1302.45,1322.39,561901793,VNALL,VN All Share
2024-07-19,1322.39,1328.86,1309.81,1315.21,644857251,VNALL,VN All Share
2024-07-22,1311.43,1316.62,1293.2,1305.34,698862965,VNALL,VN All Share
2024-07-23,1307.61,1311.53,1281.09,1282.58,577031268,VNALL,VN All Share
2024-07-24,1276.93,1292.47,1264.8,1289.0,565807245,VNALL,VN All Share
2024-07-25,1280.54,1284.71,1273.64,1281.61,353056923,VNALL,VN All Share
2024-07-26,1283.42,1290.35,1280.19,1290.35,348360468,VNALL,VN All Share
2024-07-29,1295.47,1300.07,1292.27,1294.54,384068465,VNALL,VN All Share
2024-07-30,1294.83,1295.85,1283.72,1292.53,473862986,VNALL,VN All Share
2024-07-31,1294.46,1302.06,1291.73,1298.41,556236282,VNALL,VN All Share
2024-08-01,1298.41,1302.54,1261.65,1267.88,737779762,VNALL,VN All Share
2024-08-02,1263.71,1278.47,1248.61,1278.47,559018417,VNALL,VN All Share
2024-08-05,1259.28,1262.76,1220.02,1224.45,828038073,VNALL,VN All Share
2024-08-06,1236.25,1251.29,1223.48,1248.85,518024016,VNALL,VN All Share
2024-08-07,1254.54,1254.54,1240.62,1251.28,430609632,VNALL,VN All Share
2024-08-08,1245.41,1254.94,1235.97,1242.07,553146438,VNALL,VN All Share
2024-08-09,1250.1,1263.45,1246.91,1262.92,468612314,VNALL,VN All Share
2024-08-12,1264.74,1271.67,1259.58,1271.48,423679070,VNALL,VN All Share
2024-08-13,1270.44,1273.15,1261.99,1268.71,414095131,VNALL,VN All Share
2024-08-14,1273.78,1274.16,1265.25,1267.39,386001556,VNALL,VN All Share
2024-08-15,1267.06,1268.9,1257.76,1261.9,377650517,VNALL,VN All Share
2024-08-16,1264.01,1295.33,1264.01,1295.33,821235470,VNALL,VN All Share
2024-08-19,1301.95,1307.54,1299.89,1305.03,533603573,VNALL,VN All Share
2024-08-20,1306.95,1317.67,1304.67,1313.97,695180800,VNALL,VN All Share
2024-08-21,1312.68,1324.21,1309.04,1324.21,646403768,VNALL,VN All Share
2024-08-22,1326.84,1327.35,1321.0,1324.48,530928606,VNALL,VN All Share
2024-08-23,1325.32,1328.28,1315.54,1326.14,573440893,VNALL,VN All Share
2024-08-26,1328.75,1332.46,1319.66,1321.63,620780668,VNALL,VN All Share
2024-08-27,1320.43,1325.55,1316.19,1322.36,520555984,VNALL,VN All Share
2024-08-28,1325.8,1327.02,1317.77,1323.3,592275159,VNALL,VN All Share
2024-08-29,1323.27,1329.76,1321.97,1323.42,512780006,VNALL,VN All Share
2024-08-30,1325.01,1328.83,1324.26,1327.54,450988832,VNALL,VN All Share
2024-09-04,1316.53,1318.6,1309.01,1316.0,516859306,VNALL,VN All Share
2024-09-05,1316.94,1320.9,1302.78,1306.86,506801716,VNALL,VN All Share
2024-09-06,1306.21,1311.57,1300.16,1311.38,454208325,VNALL,VN All Share
2024-09-09,1306.75,1307.37,1299.92,1304.62,381455915,VNALL,VN All Share
2024-09-10,1307.45,1309.4,1288.78,1292.23,534328735,VNALL,VN All Share
2024-09-11,1290.23,1294.97,1282.2,1290.53,455816106,VNALL,VN All Share
2024-09-12,1296.28,1298.56,1291.93,1292.95,339993425,VNALL,VN All Share
2024-09-13,1293.62,1294.51,1288.99,1291.81,331106987,VNALL,VN All Share
2024-09-16,1290.88,1296.53,1278.94,1278.94,386065071,VNALL,VN All Share
2024-09-17,1279.9,1299.68,1278.83,1299.68,402517741,VNALL,VN All Share
2024-09-18,1301.7,1312.18,1298.96,1306.05,513038192,VNALL,VN All Share
2024-09-19,1310.23,1313.44,1306.89,1313.11,427086540,VNALL,VN All Share
2024-09-20,1313.11,1328.35,1313.11,1318.82,751096049,VNALL,VN All Share
2024-09-23,1321.67,1324.53,1313.09,1314.28,395834213,VNALL,VN All Share
2024-09-24,1313.86,1323.88,1312.18,1323.88,427764855,VNALL,VN All Share
2024-09-25,1330.64,1337.02,1327.98,1337.02,810780763,VNALL,VN All Share
2024-09-26,1339.78,1350.02,1337.9,1342.87,805993494,VNALL,VN All Share
2024-09-27,1347.24,1351.92,1338.67,1343.99,785560493,VNALL,VN All Share
2024-09-30,1343.99,1346.55,1338.03,1344.59,621056185,VNALL,VN All Share
2024-10-01,1347.36,1360.02,1347.36,1349.85,815904004,VNALL,VN All Share
2024-10-02,1345.34,1351.22,1341.06,1343.57,602031866,VNALL,VN All Share
2024-10-03,1345.03,1356.9,1331.5,1333.04,897617674,VNALL,VN All Share
2024-10-04,1333.83,1334.51,1324.52,1324.52,503222634,VNALL,VN All Share
2024-10-07,1330.96,1334.33,1319.06,1325.97,420102717,VNALL,VN All Share
2024-10-08,1328.01,1335.52,1323.33,1330.22,581020139,VNALL,VN All Share
2024-10-09,1332.5,1342.31,1331.53,1341.97,568104038,VNALL,VN All Share
2024-10-10,1345.24,1357.54,1345.24,1346.55,588171659,VNALL,VN All Share
2024-10-11,1348.05,1350.24,1342.74,1348.66,425083882,VNALL,VN All Share
2024-10-14,1349.54,1357.72,1342.26,1342.75,607477909,VNALL,VN All Share
2024-10-15,1344.35,1349.96,1334.47,1336.44,604492842,VNALL,VN All Share
2024-10-16,1335.65,1338.88,1330.03,1333.24,428273326,VNALL,VN All Share
2024-10-17,1336.49,1343.47,1324.89,1343.47,567872518,VNALL,VN All Share
2024-10-18,1348.31,1351.13,1341.33,1342.09,534093317,VNALL,VN All Share
2024-10-21,1340.76,1345.09,1336.81,1336.81,513873357,VNALL,VN All Share
2024-10-22,1336.57,1339.09,1323.36,1328.55,651495786,VNALL,VN All Share
2024-10-23,1329.28,1332.63,1321.42,1331.49,478636437,VNALL,VN All Share
2024-10-24,1331.6,1334.62,1314.79,1314.79,521237590,VNALL,VN All Share
2024-10-25,1318.45,1319.08,1308.9,1311.0,466183814,VNALL,VN All Share
2024-10-28,1311.69,1314.25,1309.63,1314.25,357324158,VNALL,VN All Share
2024-10-29,1314.65,1322.29,1314.65,1321.86,436790846,VNALL,VN All Share
2024-10-30,1323.73,1325.11,1314.58,1320.39,414474614,VNALL,VN All Share
2024-10-31,1321.32,1326.07,1315.55,1324.21,396432890,VNALL,VN All Share
2024-11-01,1319.75,1322.01,1310.58,1311.62,483749078,VNALL,VN All Share
2024-11-04,1311.83,1313.33,1296.96,1299.68,529821385,VNALL,VN All Share
2024-11-05,1299.76,1305.02,1299.65,1300.83,303275623,VNALL,VN All Share
2024-11-06,1301.42,1318.41,1301.42,1318.04,447600336,VNALL,VN All Share
2024-11-07,1323.7,1324.87,1315.88,1316.75,419317068,VNALL,VN All Share
2024-11-08,1320.77,1320.82,1305.3,1309.43,453069749,VNALL,VN All Share
2024-11-11,1309.47,1310.09,1294.48,1304.8,647882182,VNALL,VN All Share
2024-11-12,1306.99,1310.59,1294.73,1298.22,463381052,VNALL,VN All Share
2024-11-13,1295.72,1300.6,1285.62,1299.67,541001241,VNALL,VN All Share
2024-11-14,1297.5,1299.93,1281.67,1282.33,513602865,VNALL,VN All Share
2024-11-15,1278.6,1279.02,1264.0,1266.73,617100612,VNALL,VN All Share
2024-11-18,1266.4,1273.75,1250.55,1266.33,509513440,VNALL,VN All Share
2024-11-19,1266.39,1268.48,1251.58,1251.58,400771307,VNALL,VN All Share
2024-11-20,1250.94,1271.54,1242.0,1265.06,576011937,VNALL,VN All Share
2024-11-21,1265.53,1278.45,1261.58,1278.45,370762958,VNALL,VN All Share
2024-11-22,1278.61,1282.44,1275.06,1276.54,402557212,VNALL,VN All Share
2024-11-25,1277.2,1283.44,1276.42,1282.84,369010039,VNALL,VN All Share
2024-11-26,1283.83,1295.52,1282.84,1290.74,454501688,VNALL,VN All Share
2024-11-27,1289.84,1294.43,1288.41,1292.38,319637550,VNALL,VN All Share
2024-11-28,1297.22,1301.54,1290.11,1292.99,359222270,VNALL,VN All Share
2024-11-29,1292.99,1303.04,1291.49,1301.88,382464963,VNALL,VN All Share
2024-12-02,1306.31,1309.89,1297.37,1301.87,342561282,VNALL,VN All Share
2024-12-03,1301.55,1306.28,1296.65,1302.84,422671782,VNALL,VN All Share
2024-12-04,1300.25,1302.84,1290.94,1291.71,452901977,VNALL,VN All Share
2024-12-05,1293.37,1328.08,1288.42,1328.08,759334349,VNALL,VN All Share
2024-12-06,1328.07,1333.75,1327.21,1329.2,551402337,VNALL,VN All Share
2024-12-09,1330.25,1336.14,1325.3,1330.99,528799746,VNALL,VN All Share
2024-12-10,1331.12,1334.84,1327.08,1330.55,446367691,VNALL,VN All Share
2024-12-11,1330.64,1336.66,1324.05,1329.9,455208593,VNALL,VN All Share
2024-12-12,1330.26,1335.87,1326.37,1328.41,445233351,VNALL,VN All Share
2024-12-13,1326.85,1328.41,1320.81,1322.99,354618320,VNALL,VN All Share
2024-12-16,1323.51,1327.71,1317.74,1324.2,342909946,VNALL,VN All Share
2024-12-17,1325.32,1325.71,1319.09,1321.18,307419904,VNALL,VN All Share
2024-12-18,1321.69,1326.68,1320.46,1325.81,343352446,VNALL,VN All Share
2024-12-19,1325.17,1325.17,1305.82,1312.28,613297125,VNALL,VN All Share
2024-12-20,1313.51,1316.02,1311.46,1314.62,407338963,VNALL,VN All Share
2024-12-23,1318.93,1323.06,1314.62,1320.81,343151059,VNALL,VN All Share
2024-12-24,1321.17,1321.26,1311.18,1320.34,487585114,VNALL,VN All Share
2024-12-25,1320.59,1343.0,1320.34,1336.66,644277876,VNALL,VN All Share
2024-12-26,1338.37,1339.78,1333.08,1334.63,434423622,VNALL,VN All Share
2024-12-27,1334.9,1341.07,1334.63,1339.34,532087292,VNALL,VN All Share
2024-12-30,1338.46,1339.34,1331.94,1339.28,402353978,VNALL,VN All Share
2024-12-31,1338.51,1338.67,1332.86,1336.36,355208677,VNALL,VN All Share
2025-01-02,1336.68,1338.47,1327.59,1335.47,316743897,VNALL,VN All Share
2025-01-03,1334.23,1334.23,1314.04,1314.04,449759202,VNALL,VN All Share
2025-01-06,1314.33,1318.36,1301.21,1302.77,447033905,VNALL,VN All Share
2025-01-07,1305.42,1310.39,1297.03,1301.85,437151866,VNALL,VN All Share
2025-01-08,1300.75,1306.07,1294.42,1306.07,315513378,VNALL,VN All Share
2025-01-09,1306.18,1308.66,1297.61,1300.32,249125680,VNALL,VN All Share
2025-01-10,1300.17,1301.71,1282.01,1282.01,422709392,VNALL,VN All Share
2025-01-13,1277.18,1288.88,1272.56,1288.88,386674727,VNALL,VN All Share
2025-01-14,1287.94,1289.23,1277.73,1280.48,277693611,VNALL,VN All Share
2025-01-15,1285.39,1291.67,1280.48,1290.31,351363399,VNALL,VN All Share
2025-01-16,1295.99,1301.97,1289.16,1296.77,362908905,VNALL,VN All Share
2025-01-17,1297.2,1306.65,1293.74,1306.65,316101685,VNALL,VN All Share
2025-01-20,1307.59,1311.28,1305.64,1308.12,319484714,VNALL,VN All Share
2025-01-21,1311.61,1313.27,1301.61,1305.92,336331549,VNALL,VN All Share
2025-01-22,1308.51,1310.74,1303.2,1303.2,361085206,VNALL,VN All Share
2025-01-23,1303.4,1330.84,1303.4,1326.58,435083390,VNALL,VN All Share
2025-01-24,1326.84,1333.27,1325.34,1333.1,437362956,VNALL,VN All Share
2025-02-03,1323.05,1333.1,1311.01,1315.33,444688886,VNALL,VN All Share
2025-02-04,1319.92,1328.82,1318.41,1328.73,519401162,VNALL,VN All Share
2025-02-05,1332.36,1336.18,1328.73,1334.02,469146804,VNALL,VN All Share
2025-02-06,1338.52,1341.59,1333.42,1337.26,471693615,VNALL,VN All Share
2025-02-07,1338.06,1343.59,1334.35,1339.63,485212440,VNALL,VN All Share
2025-02-10,1335.42,1339.63,1325.72,1326.56,629044213,VNALL,VN All Share
2025-02-11,1328.64,1334.52,1325.62,1334.52,509151843,VNALL,VN All Share
2025-02-12,1337.75,1340.21,1333.15,1333.3,409641073,VNALL,VN All Share
2025-02-13,1332.93,1335.9,1328.29,1335.87,402399508,VNALL,VN All Share
2025-02-14,1337.18,1346.19,1335.87,1339.86,550901136,VNALL,VN All Share
2025-02-17,1340.84,1343.06,1336.49,1337.11,679475318,VNALL,VN All Share
2025-02-18,1338.76,1348.7,1336.77,1341.03,554175946,VNALL,VN All Share
2025-02-19,1342.22,1352.79,1341.03,1352.18,664798085,VNALL,VN All Share
2025-02-20,1356.23,1358.36,1352.18,1355.6,625299524,VNALL,VN All Share
2025-02-21,1355.64,1358.85,1352.14,1357.46,588742576,VNALL,VN All Share
2025-02-24,1359.37,1366.26,1355.36,1366.26,716308665,VNALL,VN All Share
2025-02-25,1368.77,1371.49,1359.29,1363.86,736589120,VNALL,VN All Share
2025-02-26,1365.47,1368.25,1363.05,1364.84,644130335,VNALL,VN All Share
2025-02-27,1367.15,1369.56,1355.81,1369.56,766810829,VNALL,VN All Share
2025-02-28,1367.57,1369.73,1359.24,1364.65,675323412,VNALL,VN All Share
2025-03-03,1364.54,1370.64,1363.28,1368.84,722634341,VNALL,VN All Share
2025-03-04,1365.36,1374.51,1355.77,1372.88,841385079,VNALL,VN All Share
2025-03-05,1374.22,1381.98,1364.78,1364.78,687832094,VNALL,VN All Share
2025-03-06,1369.19,1381.4,1364.78,1381.4,899244843,VNALL,VN All Share
2025-03-07,1384.0,1389.45,1381.4,1387.67,797660157,VNALL,VN All Share
2025-03-10,1392.54,1396.39,1383.11,1386.68,782502553,VNALL,VN All Share
2025-03-11,1374.12,1389.33,1371.05,1389.33,758538007,VNALL,VN All Share
2025-03-12,1392.93,1394.76,1382.36,1386.76,789397503,VNALL,VN All Share
2025-03-13,1388.23,1392.89,1376.18,1377.77,903024785,VNALL,VN All Share
2025-03-14,1377.11,1383.34,1372.82,1374.58,816800028,VNALL,VN All Share
2025-03-17,1380.24,1385.33,1378.55,1384.35,754321287,VNALL,VN All Share
2025-03-18,1388.24,1390.28,1379.13,1379.13,723216700,VNALL,VN All Share
2025-03-19,1377.08,1379.13,1365.65,1369.5,743762450,VNALL,VN All Share
2025-03-20,1374.22,1378.48,1361.44,1369.25,762699186,VNALL,VN All Share
2025-03-21,1368.97,1371.02,1366.62,1367.96,652833227,VNALL,VN All Share
2025-03-24,1368.77,1376.04,1360.81,1376.04,702629372,VNALL,VN All Share
2025-03-25,1376.58,1382.67,1372.83,1375.13,753316761,VNALL,VN All Share
2025-03-26,1376.41,1382.04,1364.59,1367.12,654353039,VNALL,VN All Share
2025-03-27,1366.46,1369.57,1364.49,1366.4,506654694,VNALL,VN All Share
2025-03-28,1367.09,1368.34,1355.72,1359.61,576845097,VNALL,VN All Share
2025-03-31,1353.86,1359.61,1346.03,1350.36,685207893,VNALL,VN All Share
2025-04-01,1355.14,1360.39,1348.74,1360.39,495653028,VNALL,VN All Share
2025-04-02,1364.54,1367.78,1360.39,1360.86,643813210,VNALL,VN All Share
2025-04-03,1320.67,1320.67,1268.77,1269.02,1535856932,VNALL,VN All Share
2025-04-04,1249.61,1269.02,1193.9,1252.45,1715594088,VNALL,VN All Share
2025-04-08,1210.01,1252.45,1168.53,1171.31,944941796,VNALL,VN All Share
2025-04-09,1153.44,1178.58,1105.97,1134.33,1418085607,VNALL,VN All Share
2025-04-10,1211.36,1211.9,1134.33,1211.81,206339645,VNALL,VN All Share
2025-04-11,1230.67,1268.04,1211.81,1268.04,1562809558,VNALL,VN All Share
2025-04-14,1278.89,1288.62,1271.19,1286.6,877643936,VNALL,VN All Share
2025-04-15,1275.56,1288.44,1260.18,1269.95,904167176,VNALL,VN All Share
2025-04-16,1268.42,1276.74,1247.74,1252.39,682143374,VNALL,VN All Share
2025-04-17,1242.94,1261.87,1241.71,1261.87,631542731,VNALL,VN All Share
2025-04-18,1272.6,1286.11,1269.96,1269.96,940463279,VNALL,VN All Share
2025-04-21,1269.73,1273.51,1252.42,1258.81,730578222,VNALL,VN All Share
2025-04-22,1251.4,1256.06,1183.58,1248.45,1474964103,VNALL,VN All Share
2025-04-23,1258.99,1269.2,1248.45,1264.81,701243783,VNALL,VN All Share
2025-04-24,1268.53,1275.91,1261.07,1274.59,654701595,VNALL,VN All Share
2025-04-25,1275.23,1280.65,1267.22,1278.72,710816225,VNALL,VN All Share
2025-04-28,1279.88,1283.97,1271.73,1277.72,500371030,VNALL,VN All Share
2025-04-29,1277.82,1280.72,1274.87,1277.47,493714766,VNALL,VN All Share
2025-05-05,1277.47,1290.24,1276.39,1289.97,532770341,VNALL,VN All Share
2025-05-06,1289.97,1300.5,1288.3,1289.46,665629851,VNALL,VN All Share
2025-05-07,1289.46,1295.66,1287.97,1294.49,624595498,VNALL,VN All Share
2025-05-08,1294.49,1316.14,1294.49,1314.62,728966433,VNALL,VN All Share
2025-05-09,1314.62,1323.53,1313.28,1316.73,648858875,VNALL,VN All Share
2025-05-12,1316.73,1335.69,1316.73,1334.92,797610940,VNALL,VN All Share
2025-05-13,1334.92,1346.32,1334.92,1346.11,819564906,VNALL,VN All Share
2025-05-14,1346.11,1363.77,1343.56,1362.93,873695842,VNALL,VN All Share
2025-05-15,1362.93,1370.23,1353.41,1368.87,1002401367,VNALL,VN All Share
2025-05-16,1368.87,1371.09,1351.56,1352.6,764894206,VNALL,VN All Share
2025-05-19,1352.6,1353.5,1338.56,1342.4,779808411,VNALL,VN All Share
2025-05-20,1342.4,1364.04,1342.4,1363.26,786889379,VNALL,VN All Share
2025-05-21,1363.26,1380.31,1361.9,1371.24,899480946,VNALL,VN All Share
2025-05-22,1371.24,1378.89,1360.05,1361.55,1037817916,VNALL,VN All Share
2025-05-23,1361.55,1366.72,1355.5,1361.73,595799662,VNALL,VN All Share
2025-05-26,1361.73,1378.44,1334.5,1378.4,896876946,VNALL,VN All Share
2025-05-27,1378.4,1387.69,1377.74,1387.37,991763568,VNALL,VN All Share
2025-05-28,1387.37,1393.25,1380.42,1385.39,816698067,VNALL,VN All Share
2025-05-29,1385.39,1392.79,1380.49,1386.35,807884857,VNALL,VN All Share
2025-05-30,1386.35,1391.38,1370.9,1375.27,821171775,VNALL,VN All Share
2025-06-02,1375.27,1381.43,1367.93,1381.37,790890753,VNALL,VN All Share
2025-06-03,1381.37,1398.87,1381.37,1394.51,972697417,VNALL,VN All Share
2025-06-04,1394.51,1399.35,1390.47,1393.89,888920629,VNALL,VN All Share
2025-06-05,1393.89,1396.66,1383.75,1389.43,705417245,VNALL,VN All Share
2025-06-06,1389.43,1392.97,1372.59,1375.26,854041476,VNALL,VN All Share
2025-06-09,1375.26,1376.12,1355.92,1357.8,661143394,VNALL,VN All Share
2025-06-10,1357.8,1373.47,1351.17,1364.99,665503213,VNALL,VN All Share
2025-06-11,1364.99,1370.73,1357.99,1365.88,494799011,VNALL,VN All Share
2025-06-12,1365.88,1381.03,1360.26,1378.23,775890717,VNALL,VN All Share
2025-06-13,1378.23,1382.8,1353.71,1366.86,1093130107,VNALL,VN All Share
2025-06-16,1366.86,1390.04,1358.75,1389.88,715041967,VNALL,VN All Share
2025-06-17,1389.88,1403.03,1389.08,1397.51,700972754,VNALL,VN All Share
2025-06-18,1397.51,1404.74,1391.29,1396.25,684540205,VNALL,VN All Share
2025-06-19,1396.25,1402.71,1390.12,1401.2,589460865,VNALL,VN All Share
2025-06-20,1401.2,1409.25,1395.99,1401.65,716166477,VNALL,VN All Share
2025-06-23,1401.65,1404.79,1387.02,1404.67,675607348,VNALL,VN All Share
2025-06-24,1404.67,1420.78,1404.67,1415.31,835385280,VNALL,VN All Share
2025-06-25,1415.31,1422.8,1412.47,1415.96,705316101,VNALL,VN All Share
2025-06-26,1415.96,1421.84,1409.91,1415.88,558472419,VNALL,VN All Share
2025-06-27,1415.88,1423.53,1414.46,1421.78,679876139,VNALL,VN All Share
2025-06-30,1421.78,1430.83,1421.78,1428.71,654061214,VNALL,VN All Share
2025-07-01,1428.71,1434.03,1420.77,1427.68,774470346,VNALL,VN All Share
2025-07-02,1427.68,1439.1,1427.21,1439.1,905357041,VNALL,VN All Share
2025-07-03,1439.1,1451.28,1434.52,1439.59,1325926692,VNALL,VN All Share
2025-07-04,1439.59,1448.96,1439.59,1448.82,815568047,VNALL,VN All Share
2025-07-07,1448.82,1468.13,1448.82,1467.95,1236298152,VNALL,VN All Share
2025-07-08,1467.95,1482.39,1467.95,1482.39,1125856928,VNALL,VN All Share
2025-07-09,1482.39,1497.08,1482.39,1493.6,1421527823,VNALL,VN All Share
2025-07-10,1493.6,1506.67,1493.6,1506.61,1066472214,VNALL,VN All Share
2025-07-11,1506.61,1525.84,1506.61,1520.21,1201465474,VNALL,VN All Share
2025-07-14,1520.21,1534.08,1506.82,1533.43,1220831281,VNALL,VN All Share
2025-07-15,1533.43,1544.46,1526.1,1526.1,1333518828,VNALL,VN All Share
2025-07-16,1526.1,1542.27,1521.83,1542.08,1221692688,VNALL,VN All Share
2025-07-17,1542.08,1558.79,1542.08,1554.07,1327846259,VNALL,VN All Share
2025-07-18,1554.07,1569.01,1548.92,1566.43,1340775247,VNALL,VN All Share
2025-07-21,1566.43,1582.94,1558.25,1559.45,1362116388,VNALL,VN All Share
2025-07-22,1559.45,1584.49,1547.32,1584.49,1209858385,VNALL,VN All Share
2025-07-23,1584.49,1602.86,1583.74,1590.58,1434481033,VNALL,VN All Share
2025-07-24,1590.58,1607.14,1584.18,1602.32,1321712183,VNALL,VN All Share
2025-07-25,1602.32,1622.23,1602.32,1619.18,1356409087,VNALL,VN All Share
2025-07-28,1619.18,1655.35,1619.18,1655.18,1691481304,VNALL,VN All Share
2025-07-29,1655.18,1665.37,1576.51,1576.51,2608072352,VNALL,VN All Share
2025-07-30,1576.51,1600.85,1566.51,1596.78,1585256143,VNALL,VN All Share
2025-07-31,1596.78,1613.14,1575.71,1595.99,1584748954,VNALL,VN All Share
2025-08-01,1595.99,1603.65,1575.53,1592.24,1349601900,VNALL,VN All Share
2025-08-04,1592.24,1627.98,1583.91,1627.98,1260214682,VNALL,VN All Share
2025-08-05,1627.98,1693.99,1614.41,1651.53,2659119793,VNALL,VN All Share
2025-08-06,1651.53,1683.22,1651.53,1683.22,1271454174,VNALL,VN All Share
2025-08-07,1683.22,1701.38,1677.52,1696.1,1602622427,VNALL,VN All Share
2025-08-08,1696.1,1705.22,1675.16,1698.23,1733050828,VNALL,VN All Share
2025-08-11,1698.23,1718.63,1698.23,1712.61,1529136782,VNALL,VN All Share
2025-08-12,1712.61,1725.63,1703.87,1725.46,1549296246,VNALL,VN All Share
2025-08-13,1735.01,1736.93,1702.16,1731.66,1845676979,VNALL,VN All Share
2025-08-14,1747.27,1770.26,1743.5,1770.26,1724168491,VNALL,VN All Share
2025-08-15,1789.28,1800.05,1746.18,1760.73,1936795213,VNALL,VN All Share
2025-08-18,1769.5,1775.83,1756.12,1771.18,1519810657,VNALL,VN All Share
2025-08-19,1782.73,1811.26,1779.07,1797.25,1824049850,VNALL,VN All Share
2025-08-20,1805.09,1809.78,1746.91,1808.11,2257321243,VNALL,VN All Share
2025-08-21,1823.44,1848.72,1817.39,1842.38,1632207545,VNALL,VN All Share
2025-08-22,1832.92,1833.41,1764.13,1785.48,2168379660,VNALL,VN All Share
2025-08-25,1802.95,1803.77,1736.8,1743.89,1455868715,VNALL,VN All Share
2025-08-26,1740.93,1809.68,1731.5,1809.54,1386932457,VNALL,VN All Share
2025-08-27,1824.46,1839.29,1805.96,1810.64,1500702056,VNALL,VN All Share
2025-08-28,1816.95,1829.0,1795.07,1825.43,1149860410,VNALL,VN All Share
2025-08-29,1837.54,1847.0,1825.69,1831.62,1455796406,VNALL,VN All Share
2025-09-03,1831.26,1836.8,1819.78,1833.86,1237012675,VNALL,VN All Share
2025-09-04,1842.23,1852.5,1828.9,1852.22,1323191524,VNALL,VN All Share
2025-09-05,1864.23,1868.38,1812.94,1813.9,1609140862,VNALL,VN All Share
2025-09-08,1805.95,1813.65,1762.27,1762.27,1824544222,VNALL,VN All Share
2025-09-09,1768.49,1781.38,1748.58,1781.38,1060024512,VNALL,VN All Share
2025-09-10,1791.58,1791.91,1767.82,1783.92,943701970,VNALL,VN All Share
2025-09-11,1777.88,1804.05,1735.83,1801.43,1214653121,VNALL,VN All Share
2025-09-12,1807.05,1815.17,1795.83,1811.64,1076271825,VNALL,VN All Share
2025-09-15,1817.81,1829.24,1810.26,1829.24,1190860516,VNALL,VN All Share
2025-09-16,1843.43,1843.43,1818.74,1824.83,1276808905,VNALL,VN All Share
2025-09-17,1822.22,1831.18,1810.0,1813.12,1027316200,VNALL,VN All Share
2025-09-18,1818.6,1823.09,1794.82,1808.03,853998152,VNALL,VN All Share
2025-09-19,1814.88,1815.1,1786.29,1802.72,867311225,VNALL,VN All Share
2025-09-22,1800.7,1802.74,1751.12,1770.13,1156429257,VNALL,VN All Share
2025-09-23,1771.17,1783.03,1762.66,1770.26,760574549,VNALL,VN All Share
2025-09-24,1771.32,1803.27,1752.34,1803.27,960590733,VNALL,VN All Share
2025-09-25,1807.94,1814.52,1798.87,1810.67,942141827,VNALL,VN All Share
2025-09-26,1811.48,1814.67,1798.97,1801.67,915587925,VNALL,VN All Share
2025-09-29,1800.12,1815.25,1794.97,1808.13,889386639,VNALL,VN All Share
2025-09-30,1810.14,1818.8,1784.15,1804.72,1098292378,VNALL,VN All Share
2025-10-01,1808.63,1819.49,1801.46,1813.1,698691804,VNALL,VN All Share
2025-10-02,1816.98,1830.34,1794.73,1797.5,746839547,VNALL,VN All Share
2025-10-03,1796.13,1801.74,1781.86,1789.49,823589490,VNALL,VN All Share
2025-10-06,1820.17,1849.38,1810.17,1849.38,1048658263,VNALL,VN All Share
2025-10-07,1860.02,1860.02,1828.41,1835.47,818299378,VNALL,VN All Share
2025-10-08,1852.92,1854.72,1830.0,1846.47,1016177508,VNALL,VN All Share
2025-10-09,1852.11,1866.34,1847.78,1863.39,1056823220,VNALL,VN All Share
2025-10-10,1870.7,1893.68,1867.6,1893.61,1028685876,VNALL,VN All Share
2025-10-13,1881.22,1917.18,1880.04,1916.23,1284326793,VNALL,VN All Share
2025-10-14,1937.53,1950.6,1907.7,1914.72,1507352098,VNALL,VN All Share
2025-10-15,1920.2,1933.24,1906.78,1916.34,1157106373,VNALL,VN All Share
2025-10-16,1924.13,1929.01,1912.42,1929.01,1133559797,VNALL,VN All Share
2025-10-17,1935.67,1935.67,1884.16,1889.14,1191418676,VNALL,VN All Share
2025-10-20,1880.6,1886.21,1783.39,1783.39,1604498891,VNALL,VN All Share
2025-10-21,1791.77,1830.39,1763.65,1814.65,1523131266,VNALL,VN All Share
2025-10-22,1831.94,1831.94,1771.63,1828.74,918188545,VNALL,VN All Share
2025-10-23,1832.79,1851.79,1819.99,1835.53,712500653,VNALL,VN All Share
2025-10-24,1831.46,1839.6,1803.09,1829.32,908896318,VNALL,VN All Share
2025-10-27,1844.53,1845.0,1793.82,1793.82,931527770,VNALL,VN All Share
2025-10-28,1790.12,1835.41,1765.96,1835.41,874143320,VNALL,VN All Share
2025-10-29,1839.29,1854.77,1830.78,1841.66,873394337,VNALL,VN All Share
2025-10-30,1844.72,1846.84,1811.12,1819.71,758128967,VNALL,VN All Share
2025-10-31,1818.79,1818.79,1780.73,1784.26,814655820,VNALL,VN All Share
2025-11-03,1787.43,1796.59,1751.96,1751.96,974209951,VNALL,VN All Share
2025-11-04,1753.1,1805.11,1733.43,1797.1,1150836852,VNALL,VN All Share
2025-11-05,1790.3,1796.61,1779.17,1787.24,631175219,VNALL,VN All Share
2025-11-06,1787.57,1790.25,1766.71,1771.54,568699244,VNALL,VN All Share
2025-11-07,1766.25,1769.08,1719.22,1723.11,820676798,VNALL,VN All Share
2025-11-10,1722.65,1739.3,1703.48,1703.48,709280398,VNALL,VN All Share
2025-11-11,1710.58,1724.76,1700.26,1720.15,641542470,VNALL,VN All Share
2025-11-12,1726.95,1765.78,1722.83,1765.56,736022377,VNALL,VN All Share
2025-11-13,1766.57,1769.78,1754.43,1760.09,669803334,VNALL,VN All Share
2025-11-14,1754.84,1770.89,1750.28,1766.42,667204911,VNALL,VN All Share
2025-11-17,1773.07,1789.42,1773.06,1789.42,731436908,VNALL,VN All Share
2025-11-18,1791.97,1796.27,1780.32,1795.72,713450964,VNALL,VN All Share
2025-11-19,1794.87,1796.77,1774.34,1781.82,815669300,VNALL,VN All Share
2025-11-20,1785.56,1794.2,1779.11,1789.05,648891860,VNALL,VN All Share
2025-11-21,1778.29,1790.5,1766.42,1787.02,700904263,VNALL,VN All Share
2025-11-24,1789.12,1806.08,1788.98,1796.84,538657610,VNALL,VN All Share
2025-11-25,1798.76,1804.65,1783.02,1786.5,883955682,VNALL,VN All Share
2025-11-26,1793.42,1811.54,1791.4,1809.04,768217176,VNALL,VN All Share
2025-11-27,1814.78,1824.7,1807.18,1809.81,681096178,VNALL,VN All Share
2025-11-28,1810.0,1820.14,1799.34,1812.08,698079984,VNALL,VN All Share
2025-12-01,1819.51,1830.39,1813.73,1816.26,603230389,VNALL,VN All Share
2025-12-02,1816.5,1831.62,1800.36,1828.49,663177339,VNALL,VN All Share
2025-12-03,1837.05,1858.53,1828.46,1849.18,770248103,VNALL,VN All Share
2025-12-04,1854.73,1864.81,1845.54,1859.33,870217091,VNALL,VN All Share
2025-12-05,1877.92,1877.92,1853.6,1856.53,630561284,VNALL,VN All Share
2025-12-08,1871.59,1872.48,1853.92,1860.13,690913570,VNALL,VN All Share
2025-12-09,1876.36,1876.36,1826.16,1850.46,925548837,VNALL,VN All Share
2025-12-10,1853.45,1853.45,1821.53,1826.65,613424972,VNALL,VN All Share
2025-12-11,1821.77,1830.36,1802.97,1809.43,566651765,VNALL,VN All Share
2025-12-12,1813.53,1813.53,1743.58,1750.76,873083859,VNALL,VN All Share
2025-12-15,1751.6,1769.9,1738.85,1748.57,646112278,VNALL,VN All Share
2025-12-16,1750.55,1799.98,1729.12,1790.07,783160513,VNALL,VN All Share
2025-12-17,1790.6,1796.31,1773.29,1781.21,574970227,VNALL,VN All Share
2025-12-18,1782.16,1786.65,1771.0,1786.65,637461277,VNALL,VN All Share
2025-12-19,1788.01,1816.35,1787.07,1812.52,722112081,VNALL,VN All Share
2025-12-22,1825.25,1863.88,1820.34,1863.88,942549919,VNALL,VN All Share
2025-12-23,1879.59,1892.88,1876.4,1884.28,823987014,VNALL,VN All Share
2025-12-24,1894.35,1898.74,1868.35,1898.71,765543987,VNALL,VN All Share
2025-12-25,1895.62,1919.45,1851.89,1851.89,781066520,VNALL,VN All Share
2025-12-26,1819.15,1844.02,1791.67,1840.0,1039461763,VNALL,VN All Share
2025-12-29,1844.7,1861.65,1842.3,1861.65,625235833,VNALL,VN All Share
2025-12-30,1865.47,1876.84,1847.55,1876.84,604966651,VNALL,VN All Share
2025-12-31,1870.58,1894.79,1870.17,1893.42,671934864,VNALL,VN All Share
2026-01-05,1894.36,1903.27,1871.73,1887.55,831808961,VNALL,VN All Share
2026-01-06,1892.9,1911.86,1879.05,1909.37,909909791,VNALL,VN All Share
2026-01-07,1921.67,1945.84,1907.95,1945.84,953204562,VNALL,VN All Share
2026-01-08,1959.23,1968.22,1922.91,1929.5,1178980573,VNALL,VN All Share
2026-01-09,1933.79,1941.78,1904.92,1917.02,1217537974,VNALL,VN All Share
2026-01-12,1920.3,1937.76,1914.82,1934.82,1302734459,VNALL,VN All Share
2026-01-13,1933.92,1960.19,1919.12,1949.12,1269661212,VNALL,VN All Share
2026-01-14,1956.87,1956.95,1905.94,1925.09,1350556334,VNALL,VN All Share
2026-01-15,1919.34,1921.28,1886.29,1911.06,1172178162,VNALL,VN All Share
2026-01-16,1921.7,1947.15,1921.2,1931.12,955901316,VNALL,VN All Share
2026-01-19,1948.39,1951.31,1931.38,1945.94,1108552055,VNALL,VN All Share
2026-01-20,1950.69,1958.86,1928.29,1938.95,1018679862,VNALL,VN All Share
2026-01-21,1924.92,1942.35,1911.52,1928.59,1118114110,VNALL,VN All Share
2026-01-22,1935.46,1946.83,1927.54,1936.99,988962505,VNALL,VN All Share
2026-01-23,1946.79,1953.83,1926.72,1931.2,806476805,VNALL,VN All Share
2026-01-26,1935.06,1935.76,1877.11,1885.11,1042467111,VNALL,VN All Share
2026-01-27,1885.29,1887.79,1861.7,1870.07,731003077,VNALL,VN All Share
2026-01-28,1871.19,1879.85,1838.22,1847.22,977753771,VNALL,VN All Share
2026-01-29,1852.02,1863.29,1848.47,1859.82,682566322,VNALL,VN All Share
2026-01-30,1865.4,1874.29,1851.08,1873.05,817008716,VNALL,VN All Share
2026-02-02,1867.51,1870.43,1822.33,1848.08,956774470,VNALL,VN All Share
2026-02-03,1851.07,1863.68,1844.33,1852.05,970941625,VNALL,VN All Share
2026-02-04,1853.89,1854.75,1830.73,1841.32,1040633483,VNALL,VN All Share
2026-02-05,1841.69,1848.73,1828.31,1828.31,729180210,VNALL,VN All Share
2026-02-06,1816.99,1824.58,1797.05,1798.29,1117784902,VNALL,VN All Share
2026-02-09,1812.89,1815.08,1796.89,1800.3,681757955,VNALL,VN All Share
2026-02-10,1803.48,1821.69,1793.61,1807.33,881683963,VNALL,VN All Share
2026-02-11,1820.97,1860.91,1819.53,1858.03,1127300774,VNALL,VN All Share
2026-02-12,1869.02,1876.34,1864.66,1874.3,492828532,VNALL,VN All Share
2026-02-13,1875.45,1882.83,1857.6,1882.29,594869067,VNALL,VN All Share
2026-02-23,1889.64,1909.28,1888.74,1905.72,729012113,VNALL,VN All Share
2026-02-24,1904.74,1914.65,1894.58,1914.65,969435332,VNALL,VN All Share
2026-02-25,1916.37,1926.07,1906.8,1910.61,1135755316,VNALL,VN All Share
2026-02-26,1912.75,1932.17,1911.91,1929.9,865651395,VNALL,VN All Share
2026-02-27,1933.07,1938.88,1913.05,1926.35,892222002,VNALL,VN All Share
2026-03-02,1922.43,1924.04,1882.72,1882.72,1489669904,VNALL,VN All Share
2026-03-03,1888.95,1891.09,1840.81,1846.05,1270462299,VNALL,VN All Share
2026-03-04,1836.04,1857.09,1786.64,1837.69,1521921389,VNALL,VN All Share
2026-03-05,1858.38,1868.25,1829.27,1832.32,1087079482,VNALL,VN All Share
2026-03-06,1828.0,1828.99,1797.9,1799.88,1004648545,VNALL,VN All Share
2026-03-09,1792.84,1792.84,1679.22,1683.25,1356903018,VNALL,VN All Share
2026-03-10,1699.65,1749.6,1693.1,1721.82,1492830906,VNALL,VN All Share
2026-03-11,1724.32,1781.31,1723.23,1776.37,969262761,VNALL,VN All Share
2026-03-12,1758.04,1773.32,1746.0,1757.38,934696157,VNALL,VN All Share
2026-03-13,1744.89,1770.27,1738.69,1753.72,999716569,VNALL,VN All Share
2026-03-16,1756.68,1765.02,1741.64,1753.67,829833922,VNALL,VN All Share
2026-03-17,1767.62,1793.42,1766.94,1768.76,818958362,VNALL,VN All Share
2026-03-18,1776.69,1795.28,1750.48,1764.01,794398772,VNALL,VN All Share
2026-03-19,1749.28,1762.07,1735.94,1752.44,858888431,VNALL,VN All Share
2026-03-20,1751.27,1751.27,1691.74,1708.79,901855438,VNALL,VN All Share
2026-03-23,1691.57,1694.48,1645.64,1647.75,1070608812,VNALL,VN All Share
2026-03-24,1683.23,1693.87,1668.23,1679.33,746655960,VNALL,VN All Share
2026-03-25,1699.29,1726.17,1695.56,1725.6,869021379,VNALL,VN All Share
2026-03-26,1728.15,1728.61,1701.2,1710.58,790894035,VNALL,VN All Share
2026-03-27,1709.42,1741.91,1705.6,1740.55,921985241,VNALL,VN All Share
2026-03-30,1711.42,1743.22,1702.05,1730.8,800881446,VNALL,VN All Share
2026-03-31,1738.12,1751.85,1736.81,1748.35,905684599,VNALL,VN All Share
2026-04-01,1785.8,1787.61,1772.21,1772.68,919169320,VNALL,VN All Share
2026-04-02,1773.24,1773.24,1749.48,1761.77,860728173,VNALL,VN All Share
2026-04-03,1765.47,1774.37,1742.57,1747.66,751231863,VNALL,VN All Share
2026-04-06,1745.18,1758.75,1736.81,1741.04,651346636,VNALL,VN All Share
2026-04-07,1746.58,1757.69,1735.46,1748.82,586826865,VNALL,VN All Share
2026-04-08,1782.13,1833.66,1782.13,1832.99,1220907935,VNALL,VN All Share
2026-04-09,1827.51,1838.06,1816.05,1820.98,1038422145,VNALL,VN All Share
2026-04-10,1837.26,1848.42,1831.03,1833.48,942692716,VNALL,VN All Share
2026-04-13,1819.08,1845.33,1814.8,1837.7,859135015,VNALL,VN All Share
2026-04-14,1856.36,1865.36,1846.83,1855.22,868969114,VNALL,VN All Share
2026-04-15,1868.05,1872.5,1865.49,1869.89,930538724,VNALL,VN All Share
2026-04-16,1874.09,1888.07,1867.61,1885.09,975355572,VNALL,VN All Share
2026-04-17,1897.03,1910.71,1884.29,1884.29,723643247,VNALL,VN All Share
2026-04-20,1888.07,1905.01,1876.33,1903.96,675628628,VNALL,VN All Share
2026-04-21,1920.71,1933.01,1901.82,1901.82,852403494,VNALL,VN All Share
2026-04-22,1904.41,1924.29,1889.59,1920.26,695327471,VNALL,VN All Share
2026-04-23,1930.06,1942.67,1908.54,1920.96,1008921110,VNALL,VN All Share
2026-04-24,1923.42,1929.03,1897.31,1908.32,660194927,VNALL,VN All Share
2026-04-28,1906.9,1938.2,1906.31,1929.96,614910841,VNALL,VN All Share
2026-04-29,1930.4,1932.58,1901.79,1913.7,710352553,VNALL,VN All Share
2026-05-04,1925.25,1932.38,1899.79,1906.8,676844718,VNALL,VN All Share
2026-05-05,1905.21,1921.5,1900.73,1921.5,762426141,VNALL,VN All Share
2026-05-06,1928.59,1945.5,1919.41,1943.68,857420121,VNALL,VN All Share
2026-05-07,1951.9,1979.45,1951.68,1966.91,943105395,VNALL,VN All Share
2026-05-08,1967.99,1977.09,1954.69,1970.88,931138132,VNALL,VN All Share
2026-05-11,1972.97,1979.57,1950.96,1952.79,932825875,VNALL,VN All Share
2026-05-12,1951.26,1964.44,1939.46,1962.14,711825564,VNALL,VN All Share
2026-05-13,1973.47,1973.47,1929.33,1951.44,955327029,VNALL,VN All Share
2026-05-14,1947.29,1970.66,1939.71,1969.88,660193021,VNALL,VN All Share
2026-05-15,1972.23,1973.36,1948.48,1957.13,722606683,VNALL,VN All Share
2026-05-18,1951.25,1957.43,1939.36,1952.86,803054519,VNALL,VN All Share
2026-05-19,1955.88,1956.02,1934.22,1940.11,986692182,VNALL,VN All Share
2026-05-20,1936.06,1945.89,1884.88,1932.69,1172077561,VNALL,VN All Share
2026-05-21,1941.31,1943.59,1915.91,1926.39,664785656,VNALL,VN All Share
2026-05-22,1926.76,1926.76,1894.41,1912.36,835287497,VNALL,VN All Share
2026-05-25,1915.4,1932.2,1915.4,1924.61,685955648,VNALL,VN All Share
2026-05-26,1927.06,1933.32,1922.09,1930.66,704712293,VNALL,VN All Share
2026-05-27,1936.29,1936.29,1918.19,1925.74,809489291,VNALL,VN All Share
2026-05-28,1922.02,1931.8,1907.74,1907.74,667233062,VNALL,VN All Share
2026-05-29,1907.63,1915.79,1894.04,1900.59,668489124,VNALL,VN All Share
2026-06-01,1904.1,1909.29,1886.28,1890.92,486731422,VNALL,VN All Share
2026-06-02,1890.62,1900.29,1866.55,1870.62,709601845,VNALL,VN All Share
2026-06-03,1868.49,1884.22,1854.96,1869.38,701631106,VNALL,VN All Share
2026-06-04,1871.39,1878.38,1861.21,1877.82,588809777,VNALL,VN All Share
2026-06-05,1879.88,1886.53,1872.64,1880.12,492371177,VNALL,VN All Share
2026-06-08,1863.86,1864.19,1834.27,1836.54,696633429,VNALL,VN All Share
2026-06-09,1843.46,1851.12,1831.45,1847.72,510426993,VNALL,VN All Share
2026-06-10,1847.74,1860.37,1844.34,1857.41,611044315,VNALL,VN All Share
2026-06-11,1848.02,1853.23,1842.63,1848.02,396668436,VNALL,VN All Share
2026-06-12,1864.37,1864.53,1840.73,1842.81,623819322,VNALL,VN All Share
2026-06-15,1857.38,1865.42,1839.24,1858.83,760122121,VNALL,VN All Share
2026-06-16,1866.17,1867.18,1859.3,1864.35,634205769,VNALL,VN All Share
2026-06-17,1857.36,1867.86,1848.59,1864.16,802691963,VNALL,VN All Share
2026-06-18,1876.76,1881.7,1873.74,1875.89,613992758,VNALL,VN All Share
2026-06-19,1881.12,1882.01,1850.59,1870.94,582290994,VNALL,VN All Share
2026-06-22,1875.54,1893.55,1871.02,1890.51,502050127,VNALL,VN All Share
2026-06-23,1902.28,1924.63,1896.78,1902.59,923116825,VNALL,VN All Share
2026-06-24,1910.96,1923.67,1899.96,1914.23,618109676,VNALL,VN All Share
2026-06-25,1916.9,1918.6,1899.53,1906.8,472779645,VNALL,VN All Share
2026-06-26,1903.23,1913.8,1895.32,1911.59,512240983,VNALL,VN All Share
2026-06-29,1908.98,1912.01,1902.99,1906.7,583900161,VNALL,VN All Share
2026-06-30,1907.29,1910.43,1898.41,1905.51,661450675,VNALL,VN All Share
2026-07-01,1905.62,1919.26,1905.62,1915.54,596509385,VNALL,VN All Share
2026-07-02,1919.92,1925.07,1910.25,1912.56,549289692,VNALL,VN All Share
2026-07-03,1913.17,1914.54,1898.84,1906.1,585852556,VNALL,VN All Share
2026-07-06,1914.16,1915.75,1873.09,1888.25,774862710,VNALL,VN All Share
2026-07-07,1886.38,1896.13,1875.12,1896.13,523834750,VNALL,VN All Share
2026-07-08,1894.31,1903.87,1888.56,1899.77,646949639,VNALL,VN All Share
2026-07-09,1889.25,1894.4,1881.58,1882.9,570634306,VNALL,VN All Share
2026-07-10,1881.3,1888.15,1867.02,1867.12,576667539,VNALL,VN All Share
2026-07-13,1864.83,1864.83,1818.16,1837.07,820347494,VNALL,VN All Share
2026-07-14,1829.19,1843.99,1813.58,1843.99,548444455,VNALL,VN All Share
2026-07-15,1844.12,1844.12,1812.5,1815.72,592176650,VNALL,VN All Share
2026-07-16,1806.04,1839.74,1792.55,1839.26,770829639,VNALL,VN All Share
2026-07-17,1838.85,1839.7,1820.37,1827.59,425846573,VNALL,VN All Share
2026-07-20,1819.22,1821.02,1772.4,1780.97,839683249,VNALL,VN All Share
2026-07-21,1772.32,1792.5,1767.56,1773.25,774273334,VNALL,VN All Share
2026-07-22,1774.43,1782.94,1717.61,1721.28,888402386,VNALL,VN All Share
2026-07-23,1717.84,1750.46,1700.55,1744.44,842862019,VNALL,VN All Share
2026-07-24,1729.49,1736.86,1719.14,1728.55,558129984,VNALL,VN All Share
2026-07-27,1737.36,1747.71,1703.8,1706.57,598902679,VNALL,VN All Share
2026-07-28,1692.46,1726.46,1689.83,1722.05,783160927,VNALL,VN All Share
2026-07-29,1722.24,1739.08,1713.8,1739.08,549831024,VNALL,VN All Share
2026-07-30,1738.8,1780.37,1735.64,1776.57,836945286,VNALL,VN All Share
2026-07-31,1792.01,1792.01,1731.72,1762.69,740936896,VNALL,VN All Share
2026-08-03,1771.44,1803.82,1767.7,1799.68,760129116,VNALL,VN All Share
2026-08-04,1802.71,1815.62,1797.42,1815.62,671152581,VNALL,VN All Share
2026-08-05,1824.79,1829.14,1804.26,1810.46,746911253,VNALL,VN All Share
2026-08-06,1818.4,1818.4,1795.86,1796.96,569564619,VNALL,VN All Share
2026-08-07,1793.67,1804.43,1787.63,1798.42,637445706,VNALL,VN All Share
2026-08-10,1803.31,1819.03,1790.36,1812.42,719460664,VNALL,VN All Share
2026-08-11,1816.17,1826.01,1806.94,1812.25,625614262,VNALL,VN All Share
2026-08-12,1815.06,1830.59,1810.36,1825.0,560595091,VNALL,VN All Share
2026-08-13,1828.09,1832.41,1796.78,1799.42,739053687,VNALL,VN All Share
2026-08-14,1797.27,1797.27,1762.95,1771.51,725961426,VNALL,VN All Share
2026-08-17,1769.87,1777.82,1761.14,1769.72,513307875,VNALL,VN All Share
2026-08-18,1771.44,1785.83,1759.43,1767.32,542672765,VNALL,VN All Share
2026-08-19,1767.75,1770.24,1756.04,1764.25,572218845,VNALL,VN All Share
