time,open,high,low,close,volume,symbol,name
2018-08-06,870.63,872.26,863.41,868.05,28995600,VNCONS,Tiêu dùng thiết yếu
2018-08-07,867.91,867.91,848.16,849.38,22558020,VNCONS,Tiêu dùng thiết yếu
2018-08-08,849.41,856.83,847.98,856.83,19214240,VNCONS,Tiêu dùng thiết yếu
2018-08-09,860.27,874.15,860.04,863.82,19935510,VNCONS,Tiêu dùng thiết yếu
2018-08-10,857.85,864.13,856.33,864.13,56169740,VNCONS,Tiêu dùng thiết yếu
2018-08-13,860.9,865.85,855.46,864.79,16245220,VNCONS,Tiêu dùng thiết yếu
2018-08-14,873.74,876.17,868.59,875.52,16211750,VNCONS,Tiêu dùng thiết yếu
2018-08-15,873.74,881.17,872.24,872.24,29003190,VNCONS,Tiêu dùng thiết yếu
2018-08-16,873.74,870.34,856.09,870.34,20763570,VNCONS,Tiêu dùng thiết yếu
2018-08-17,873.74,875.7,869.51,870.18,18663160,VNCONS,Tiêu dùng thiết yếu
2018-08-20,873.74,882.09,870.06,878.79,27484840,VNCONS,Tiêu dùng thiết yếu
2018-08-21,873.74,889.9,879.45,889.9,22678850,VNCONS,Tiêu dùng thiết yếu
2018-08-22,873.74,893.87,887.2,891.95,20775070,VNCONS,Tiêu dùng thiết yếu
2018-08-23,873.74,893.27,889.08,891.42,15704060,VNCONS,Tiêu dùng thiết yếu
2018-08-24,873.74,891.17,886.69,886.94,17057580,VNCONS,Tiêu dùng thiết yếu
2018-08-27,873.74,889.94,882.86,883.78,19899860,VNCONS,Tiêu dùng thiết yếu
2018-08-28,873.74,885.04,880.26,881.46,17321340,VNCONS,Tiêu dùng thiết yếu
2018-08-29,873.74,884.45,877.15,878.16,19074530,VNCONS,Tiêu dùng thiết yếu
2018-08-30,878.43,886.49,871.62,886.49,20817500,VNCONS,Tiêu dùng thiết yếu
2018-08-31,878.43,893.18,883.84,883.84,22155730,VNCONS,Tiêu dùng thiết yếu
2018-09-04,878.43,893.18,880.18,880.18,21466470,VNCONS,Tiêu dùng thiết yếu
2018-09-05,878.43,876.99,857.52,858.81,21910230,VNCONS,Tiêu dùng thiết yếu
2018-09-06,878.43,862.45,849.04,849.32,23640290,VNCONS,Tiêu dùng thiết yếu
2018-09-07,878.43,867.09,845.7,867.09,27244800,VNCONS,Tiêu dùng thiết yếu
2018-09-10,878.43,869.71,860.25,861.91,16446850,VNCONS,Tiêu dùng thiết yếu
2018-09-11,878.43,883.46,859.51,882.23,20340360,VNCONS,Tiêu dùng thiết yếu
2018-09-12,878.43,896.47,882.26,884.59,22163580,VNCONS,Tiêu dùng thiết yếu
2018-09-13,878.43,887.42,878.41,883.25,14394050,VNCONS,Tiêu dùng thiết yếu
2018-09-14,878.43,890.89,883.34,886.4,15838080,VNCONS,Tiêu dùng thiết yếu
2018-09-17,878.43,897.71,888.88,897.71,19859100,VNCONS,Tiêu dùng thiết yếu
2018-09-18,878.43,905.68,890.18,903.16,16712680,VNCONS,Tiêu dùng thiết yếu
2018-09-19,878.43,908.24,901.5,904.11,16943860,VNCONS,Tiêu dùng thiết yếu
2018-09-20,878.43,904.26,898.56,900.16,15124820,VNCONS,Tiêu dùng thiết yếu
2018-09-21,878.43,902.82,896.0,902.81,33230950,VNCONS,Tiêu dùng thiết yếu
2018-09-24,878.43,909.95,901.84,907.19,21789800,VNCONS,Tiêu dùng thiết yếu
2018-09-25,878.43,909.08,903.44,906.92,22934280,VNCONS,Tiêu dùng thiết yếu
2018-09-26,878.43,906.98,903.13,904.39,25308410,VNCONS,Tiêu dùng thiết yếu
2018-09-27,878.43,917.69,905.76,910.98,20151330,VNCONS,Tiêu dùng thiết yếu
2018-09-28,878.43,914.51,905.68,908.26,23189560,VNCONS,Tiêu dùng thiết yếu
2018-10-01,878.43,906.98,899.62,904.51,23193690,VNCONS,Tiêu dùng thiết yếu
2018-10-02,878.43,909.2,898.88,908.56,24280980,VNCONS,Tiêu dùng thiết yếu
2018-10-03,878.43,908.02,905.08,906.21,15713210,VNCONS,Tiêu dùng thiết yếu
2018-10-04,878.43,907.34,902.37,907.34,14563640,VNCONS,Tiêu dùng thiết yếu
2018-10-05,878.43,907.4,892.6,892.6,17024740,VNCONS,Tiêu dùng thiết yếu
2018-10-08,878.43,888.78,875.5,881.45,15804460,VNCONS,Tiêu dùng thiết yếu
2018-10-09,878.43,881.52,870.33,870.44,10974080,VNCONS,Tiêu dùng thiết yếu
2018-10-10,878.43,870.47,861.28,861.28,16626190,VNCONS,Tiêu dùng thiết yếu
2018-10-11,878.43,853.33,816.62,830.7,31210940,VNCONS,Tiêu dùng thiết yếu
2018-10-12,878.43,844.32,814.63,844.32,20273060,VNCONS,Tiêu dùng thiết yếu
2018-10-15,878.43,846.45,825.86,826.54,10393850,VNCONS,Tiêu dùng thiết yếu
2018-10-16,826.33,830.09,823.45,828.66,12182540,VNCONS,Tiêu dùng thiết yếu
2018-10-17,834.46,837.62,833.19,836.92,14641960,VNCONS,Tiêu dùng thiết yếu
2018-10-18,836.91,836.93,829.28,830.27,10302580,VNCONS,Tiêu dùng thiết yếu
2018-10-19,830.32,835.96,817.86,835.96,15754210,VNCONS,Tiêu dùng thiết yếu
2018-10-22,835.91,835.92,829.85,829.85,11010880,VNCONS,Tiêu dùng thiết yếu
2018-10-23,828.11,828.26,805.82,817.64,15155310,VNCONS,Tiêu dùng thiết yếu
2018-10-24,814.15,815.52,803.24,807.75,16132130,VNCONS,Tiêu dùng thiết yếu
2018-10-25,784.05,802.73,776.56,802.73,18719200,VNCONS,Tiêu dùng thiết yếu
2018-10-26,810.34,810.34,802.79,803.94,14065590,VNCONS,Tiêu dùng thiết yếu
2018-10-29,800.63,800.63,791.82,799.09,11154640,VNCONS,Tiêu dùng thiết yếu
2018-10-30,794.72,801.97,789.86,790.94,13235640,VNCONS,Tiêu dùng thiết yếu
2018-10-31,791.92,799.91,786.81,799.91,16440780,VNCONS,Tiêu dùng thiết yếu
2018-11-01,791.92,802.94,780.32,789.99,12442550,VNCONS,Tiêu dùng thiết yếu
2018-11-02,791.92,813.37,780.32,812.48,25040230,VNCONS,Tiêu dùng thiết yếu
2018-11-05,802.01,810.78,798.14,809.12,18353810,VNCONS,Tiêu dùng thiết yếu
2018-11-06,811.71,820.56,807.91,812.32,16172380,VNCONS,Tiêu dùng thiết yếu
2018-11-07,813.96,824.39,813.33,822.42,16228330,VNCONS,Tiêu dùng thiết yếu
2018-11-08,823.08,831.98,822.32,825.71,18097130,VNCONS,Tiêu dùng thiết yếu
2018-11-09,816.97,820.38,813.34,814.98,20354580,VNCONS,Tiêu dùng thiết yếu
2018-11-12,808.79,817.24,803.49,817.24,14452600,VNCONS,Tiêu dùng thiết yếu
2018-11-13,805.87,811.16,803.27,807.02,16445570,VNCONS,Tiêu dùng thiết yếu
2018-11-14,805.42,817.61,805.24,812.77,17628840,VNCONS,Tiêu dùng thiết yếu
2018-11-15,812.42,816.05,802.25,811.21,16705780,VNCONS,Tiêu dùng thiết yếu
2018-11-16,814.77,815.33,805.2,805.2,25476370,VNCONS,Tiêu dùng thiết yếu
2018-11-19,805.38,813.84,805.38,812.04,12310000,VNCONS,Tiêu dùng thiết yếu
2018-11-20,809.15,815.26,809.15,814.64,10909660,VNCONS,Tiêu dùng thiết yếu
2018-11-21,814.61,822.5,807.79,822.5,10554380,VNCONS,Tiêu dùng thiết yếu
2018-11-22,822.6,828.53,821.19,827.75,12079480,VNCONS,Tiêu dùng thiết yếu
2018-11-23,826.68,826.74,817.84,818.78,11511030,VNCONS,Tiêu dùng thiết yếu
2018-11-26,819.69,836.68,818.09,835.6,9293470,VNCONS,Tiêu dùng thiết yếu
2018-11-27,841.08,853.56,838.38,848.58,11406890,VNCONS,Tiêu dùng thiết yếu
2018-11-28,846.27,856.06,846.27,856.03,8503290,VNCONS,Tiêu dùng thiết yếu
2018-11-29,860.88,860.99,847.91,847.91,10554810,VNCONS,Tiêu dùng thiết yếu
2018-11-30,846.36,854.76,845.94,850.97,14167390,VNCONS,Tiêu dùng thiết yếu
2018-12-03,856.78,877.09,856.78,875.79,13956120,VNCONS,Tiêu dùng thiết yếu
2018-12-04,877.47,889.46,877.47,889.46,12748360,VNCONS,Tiêu dùng thiết yếu
2018-12-05,889.27,889.27,871.71,874.45,10897960,VNCONS,Tiêu dùng thiết yếu
2018-12-06,870.21,875.84,863.34,870.15,7487330,VNCONS,Tiêu dùng thiết yếu
2018-12-07,870.15,884.75,870.15,881.24,10172900,VNCONS,Tiêu dùng thiết yếu
2018-12-10,879.02,892.68,877.89,887.54,10284470,VNCONS,Tiêu dùng thiết yếu
2018-12-11,886.69,890.61,882.23,889.0,10067830,VNCONS,Tiêu dùng thiết yếu
2018-12-12,889.14,889.78,883.89,888.85,8575250,VNCONS,Tiêu dùng thiết yếu
2018-12-13,888.88,898.3,888.88,892.44,10203620,VNCONS,Tiêu dùng thiết yếu
2018-12-14,893.63,894.34,888.02,888.02,8313860,VNCONS,Tiêu dùng thiết yếu
2018-12-17,886.34,886.34,873.88,874.45,9209710,VNCONS,Tiêu dùng thiết yếu
2018-12-18,856.64,863.37,856.64,862.72,12070340,VNCONS,Tiêu dùng thiết yếu
2018-12-19,862.72,862.72,849.84,852.25,9336560,VNCONS,Tiêu dùng thiết yếu
2018-12-20,850.27,851.73,839.87,839.87,7991930,VNCONS,Tiêu dùng thiết yếu
2018-12-21,832.71,833.39,822.04,822.04,13868200,VNCONS,Tiêu dùng thiết yếu
2018-12-24,832.71,839.23,822.04,833.0,9590580,VNCONS,Tiêu dùng thiết yếu
2018-12-25,832.71,839.23,818.92,831.5,13262470,VNCONS,Tiêu dùng thiết yếu
2018-12-26,832.71,839.23,818.92,827.99,9131050,VNCONS,Tiêu dùng thiết yếu
2018-12-27,832.71,839.23,818.92,826.14,8308940,VNCONS,Tiêu dùng thiết yếu
2018-12-28,832.71,837.63,818.62,818.62,10365380,VNCONS,Tiêu dùng thiết yếu
2019-01-02,832.71,837.63,818.62,825.26,7119520,VNCONS,Tiêu dùng thiết yếu
2019-01-03,824.76,826.61,806.33,816.38,9230840,VNCONS,Tiêu dùng thiết yếu
2019-01-04,811.85,818.39,800.04,818.39,8223150,VNCONS,Tiêu dùng thiết yếu
2019-01-07,832.46,845.45,824.99,845.34,6370970,VNCONS,Tiêu dùng thiết yếu
2019-01-08,846.73,847.06,835.96,843.12,6389910,VNCONS,Tiêu dùng thiết yếu
2019-01-09,843.12,853.61,840.74,849.96,6638570,VNCONS,Tiêu dùng thiết yếu
2019-01-10,849.7,853.53,845.09,850.67,13081430,VNCONS,Tiêu dùng thiết yếu
2019-01-11,851.41,862.99,851.41,861.75,14338370,VNCONS,Tiêu dùng thiết yếu
2019-01-14,860.28,865.66,857.84,864.67,9074740,VNCONS,Tiêu dùng thiết yếu
2019-01-15,865.08,868.18,859.86,867.55,9476230,VNCONS,Tiêu dùng thiết yếu
2019-01-16,864.28,867.9,856.24,859.94,8411950,VNCONS,Tiêu dùng thiết yếu
2019-01-17,859.12,862.73,851.73,851.73,6365040,VNCONS,Tiêu dùng thiết yếu
2019-01-18,854.59,862.78,854.59,859.3,10355240,VNCONS,Tiêu dùng thiết yếu
2019-01-21,859.46,861.25,853.89,858.06,8691640,VNCONS,Tiêu dùng thiết yếu
2019-01-22,860.03,861.95,855.83,858.62,10432790,VNCONS,Tiêu dùng thiết yếu
2019-01-23,861.9,861.9,856.48,857.22,7840260,VNCONS,Tiêu dùng thiết yếu
2019-01-24,859.71,861.64,856.23,859.83,9790410,VNCONS,Tiêu dùng thiết yếu
2019-01-25,861.66,864.89,860.67,861.64,9179530,VNCONS,Tiêu dùng thiết yếu
2019-01-28,861.54,866.66,860.94,864.63,7465010,VNCONS,Tiêu dùng thiết yếu
2019-01-29,865.98,867.33,860.49,865.34,7619110,VNCONS,Tiêu dùng thiết yếu
2019-01-30,865.44,865.44,860.83,860.83,7643080,VNCONS,Tiêu dùng thiết yếu
2019-01-31,865.18,865.56,851.99,856.09,8218410,VNCONS,Tiêu dùng thiết yếu
2019-02-01,859.58,860.09,848.49,857.56,7559470,VNCONS,Tiêu dùng thiết yếu
2019-02-11,861.42,874.56,861.42,869.66,7144100,VNCONS,Tiêu dùng thiết yếu
2019-02-12,877.98,882.13,873.48,881.29,18422580,VNCONS,Tiêu dùng thiết yếu
2019-02-13,881.71,890.62,876.67,890.62,16373400,VNCONS,Tiêu dùng thiết yếu
2019-02-14,890.98,898.48,888.47,896.85,15759280,VNCONS,Tiêu dùng thiết yếu
2019-02-15,898.65,899.61,895.11,897.78,17047010,VNCONS,Tiêu dùng thiết yếu
2019-02-18,899.54,907.97,898.95,906.92,16810390,VNCONS,Tiêu dùng thiết yếu
2019-02-19,909.3,913.65,909.27,910.68,21759170,VNCONS,Tiêu dùng thiết yếu
2019-02-20,910.71,913.26,909.65,910.91,12997770,VNCONS,Tiêu dùng thiết yếu
2019-02-21,913.67,941.91,912.88,940.45,15725230,VNCONS,Tiêu dùng thiết yếu
2019-02-22,940.14,945.89,938.34,938.34,13017280,VNCONS,Tiêu dùng thiết yếu
2019-02-25,938.7,959.88,938.7,955.37,15350420,VNCONS,Tiêu dùng thiết yếu
2019-02-26,948.73,956.65,927.4,934.07,22846420,VNCONS,Tiêu dùng thiết yếu
2019-02-27,937.83,950.85,937.83,940.28,16274350,VNCONS,Tiêu dùng thiết yếu
2019-02-28,940.28,943.56,910.29,910.29,14830200,VNCONS,Tiêu dùng thiết yếu
2019-03-01,919.59,921.57,912.72,913.8,16186150,VNCONS,Tiêu dùng thiết yếu
2019-03-04,913.8,925.27,913.8,921.56,24964810,VNCONS,Tiêu dùng thiết yếu
2019-03-05,920.24,924.02,916.62,919.58,21920260,VNCONS,Tiêu dùng thiết yếu
2019-03-06,919.58,923.36,906.58,918.24,15202890,VNCONS,Tiêu dùng thiết yếu
2019-03-07,919.38,923.32,911.34,912.34,12923640,VNCONS,Tiêu dùng thiết yếu
2019-03-08,912.42,912.42,896.76,902.48,16001210,VNCONS,Tiêu dùng thiết yếu
2019-03-11,901.25,909.12,897.55,903.8,10359340,VNCONS,Tiêu dùng thiết yếu
2019-03-12,905.46,912.84,905.46,909.03,11171790,VNCONS,Tiêu dùng thiết yếu
2019-03-13,909.03,915.64,906.8,908.31,11513180,VNCONS,Tiêu dùng thiết yếu
2019-03-14,908.26,910.92,901.22,905.08,10745330,VNCONS,Tiêu dùng thiết yếu
2019-03-15,903.18,906.52,892.38,898.01,16653890,VNCONS,Tiêu dùng thiết yếu
2019-03-18,898.03,904.96,898.03,899.22,14653360,VNCONS,Tiêu dùng thiết yếu
2019-03-19,901.0,902.72,893.79,897.03,12862420,VNCONS,Tiêu dùng thiết yếu
2019-03-20,895.65,898.2,883.49,898.2,9291750,VNCONS,Tiêu dùng thiết yếu
2019-03-21,898.24,905.38,887.51,887.51,12326140,VNCONS,Tiêu dùng thiết yếu
2019-03-22,885.74,892.4,883.43,887.88,9058030,VNCONS,Tiêu dùng thiết yếu
2019-03-25,887.53,887.53,873.84,881.95,15946910,VNCONS,Tiêu dùng thiết yếu
2019-03-26,881.95,887.98,881.5,884.82,24745130,VNCONS,Tiêu dùng thiết yếu
2019-03-27,884.94,892.56,884.94,889.17,10270500,VNCONS,Tiêu dùng thiết yếu
2019-03-28,889.19,889.3,883.51,884.38,10115430,VNCONS,Tiêu dùng thiết yếu
2019-03-29,884.04,891.26,880.54,880.54,9771800,VNCONS,Tiêu dùng thiết yếu
2019-04-01,883.3,901.77,883.3,901.77,9395360,VNCONS,Tiêu dùng thiết yếu
2019-04-02,908.28,908.57,896.29,902.5,9425530,VNCONS,Tiêu dùng thiết yếu
2019-04-03,902.27,903.3,895.59,899.5,7627800,VNCONS,Tiêu dùng thiết yếu
2019-04-04,899.23,905.39,896.92,899.86,8097310,VNCONS,Tiêu dùng thiết yếu
2019-04-05,898.87,900.7,894.16,894.84,6847280,VNCONS,Tiêu dùng thiết yếu
2019-04-08,898.95,900.41,890.13,898.77,9961270,VNCONS,Tiêu dùng thiết yếu
2019-04-09,900.41,900.71,887.47,888.06,10152600,VNCONS,Tiêu dùng thiết yếu
2019-04-10,880.82,889.69,880.82,886.5,11983140,VNCONS,Tiêu dùng thiết yếu
2019-04-11,887.32,893.19,885.84,890.99,7670410,VNCONS,Tiêu dùng thiết yếu
2019-04-12,890.85,892.91,888.36,890.24,8141790,VNCONS,Tiêu dùng thiết yếu
2019-04-16,882.18,893.91,881.11,892.8,9930250,VNCONS,Tiêu dùng thiết yếu
2019-04-17,894.2,897.43,888.53,889.47,13240570,VNCONS,Tiêu dùng thiết yếu
2019-04-18,885.45,890.76,878.26,878.26,7740600,VNCONS,Tiêu dùng thiết yếu
2019-04-19,884.39,888.47,876.6,877.68,6227120,VNCONS,Tiêu dùng thiết yếu
2019-04-22,877.69,877.69,863.73,866.38,9621240,VNCONS,Tiêu dùng thiết yếu
2019-04-23,862.94,865.88,855.13,855.91,6961940,VNCONS,Tiêu dùng thiết yếu
2019-04-24,855.28,865.66,855.05,865.41,8538830,VNCONS,Tiêu dùng thiết yếu
2019-04-25,865.88,865.95,859.55,863.81,14151200,VNCONS,Tiêu dùng thiết yếu
2019-04-26,863.37,866.32,861.45,864.32,9306590,VNCONS,Tiêu dùng thiết yếu
2019-05-02,864.32,872.0,864.32,870.2,12462860,VNCONS,Tiêu dùng thiết yếu
2019-05-03,870.2,875.35,867.01,873.21,10762200,VNCONS,Tiêu dùng thiết yếu
2019-05-06,873.2,873.2,857.73,860.06,11670800,VNCONS,Tiêu dùng thiết yếu
2019-05-07,864.04,867.69,861.56,864.66,7913040,VNCONS,Tiêu dùng thiết yếu
2019-05-08,855.95,862.87,855.77,858.34,7284190,VNCONS,Tiêu dùng thiết yếu
2019-05-09,858.95,863.6,858.27,859.21,6040460,VNCONS,Tiêu dùng thiết yếu
2019-05-10,860.92,867.22,860.92,867.22,6603440,VNCONS,Tiêu dùng thiết yếu
2019-05-13,866.83,880.44,866.29,880.44,9412960,VNCONS,Tiêu dùng thiết yếu
2019-05-14,882.45,890.18,881.55,887.62,7740650,VNCONS,Tiêu dùng thiết yếu
2019-05-15,889.63,894.89,885.56,891.57,6921470,VNCONS,Tiêu dùng thiết yếu
2019-05-16,890.49,894.43,889.31,890.88,9708020,VNCONS,Tiêu dùng thiết yếu
2019-05-17,892.14,894.22,889.03,890.03,7665760,VNCONS,Tiêu dùng thiết yếu
2019-05-20,893.48,903.18,893.48,902.41,8778140,VNCONS,Tiêu dùng thiết yếu
2019-05-21,900.06,905.78,893.76,893.76,8071230,VNCONS,Tiêu dùng thiết yếu
2019-05-22,895.72,900.29,885.06,886.31,9440420,VNCONS,Tiêu dùng thiết yếu
2019-05-23,884.2,889.6,881.3,885.78,6618810,VNCONS,Tiêu dùng thiết yếu
2019-05-24,880.2,890.82,873.34,873.34,9323120,VNCONS,Tiêu dùng thiết yếu
2019-05-27,875.92,890.14,871.93,890.14,6639390,VNCONS,Tiêu dùng thiết yếu
2019-05-28,889.52,891.13,876.9,878.52,9151000,VNCONS,Tiêu dùng thiết yếu
2019-05-29,878.4,885.61,877.93,882.58,8741370,VNCONS,Tiêu dùng thiết yếu
2019-05-30,882.49,884.39,874.22,874.22,7349510,VNCONS,Tiêu dùng thiết yếu
2019-05-31,874.39,876.87,867.3,867.3,8529690,VNCONS,Tiêu dùng thiết yếu
2019-06-03,866.45,869.66,855.81,859.06,9227600,VNCONS,Tiêu dùng thiết yếu
2019-06-04,859.62,864.36,856.06,862.0,6410100,VNCONS,Tiêu dùng thiết yếu
2019-06-05,863.44,866.47,857.5,858.35,6021910,VNCONS,Tiêu dùng thiết yếu
2019-06-06,857.47,859.33,849.26,854.83,4851760,VNCONS,Tiêu dùng thiết yếu
2019-06-07,854.56,860.48,854.56,858.13,4612700,VNCONS,Tiêu dùng thiết yếu
2019-06-10,861.54,864.59,854.77,861.05,7833100,VNCONS,Tiêu dùng thiết yếu
2019-06-11,860.54,860.79,851.6,851.6,5013220,VNCONS,Tiêu dùng thiết yếu
2019-06-12,852.15,852.49,846.78,848.53,6060120,VNCONS,Tiêu dùng thiết yếu
2019-06-13,848.27,850.79,838.56,839.63,5771610,VNCONS,Tiêu dùng thiết yếu
2019-06-14,838.06,842.78,836.2,840.75,5050480,VNCONS,Tiêu dùng thiết yếu
2019-06-17,840.95,841.27,833.97,838.92,6881060,VNCONS,Tiêu dùng thiết yếu
2019-06-18,836.32,838.35,832.52,832.52,6696550,VNCONS,Tiêu dùng thiết yếu
2019-06-19,833.01,838.01,833.01,838.01,11641690,VNCONS,Tiêu dùng thiết yếu
2019-06-20,833.01,838.01,833.01,838.01,11641690,VNCONS,Tiêu dùng thiết yếu
2019-06-21,833.01,838.01,833.01,838.01,11641690,VNCONS,Tiêu dùng thiết yếu
2019-06-24,835.17,853.25,837.9,841.88,9355980,VNCONS,Tiêu dùng thiết yếu
2019-06-25,835.17,846.98,842.65,844.45,14160550,VNCONS,Tiêu dùng thiết yếu
2019-06-26,835.17,850.26,844.34,848.45,12741710,VNCONS,Tiêu dùng thiết yếu
2019-06-27,835.17,848.83,835.77,835.77,10135340,VNCONS,Tiêu dùng thiết yếu
2019-06-28,835.17,840.77,829.51,840.42,10145000,VNCONS,Tiêu dùng thiết yếu
2019-07-01,835.17,854.22,844.21,854.22,11125810,VNCONS,Tiêu dùng thiết yếu
2019-07-02,853.99,856.31,850.07,851.09,9751990,VNCONS,Tiêu dùng thiết yếu
2019-07-03,851.09,855.02,847.72,855.02,12300080,VNCONS,Tiêu dùng thiết yếu
2019-07-04,855.88,859.16,855.88,859.16,16284690,VNCONS,Tiêu dùng thiết yếu
2019-07-05,858.63,860.72,854.95,859.75,9263970,VNCONS,Tiêu dùng thiết yếu
2019-07-08,856.09,856.09,849.86,852.68,13773890,VNCONS,Tiêu dùng thiết yếu
2019-07-09,853.03,854.82,848.56,854.82,18416750,VNCONS,Tiêu dùng thiết yếu
2019-07-10,854.95,856.59,853.98,855.97,9708900,VNCONS,Tiêu dùng thiết yếu
2019-07-11,857.04,859.06,853.76,854.75,13371120,VNCONS,Tiêu dùng thiết yếu
2019-07-12,854.97,858.81,848.35,848.65,10706830,VNCONS,Tiêu dùng thiết yếu
2019-07-15,854.97,848.68,839.84,839.84,13809880,VNCONS,Tiêu dùng thiết yếu
2019-07-16,839.87,845.15,839.87,843.83,14363940,VNCONS,Tiêu dùng thiết yếu
2019-07-17,847.52,850.53,843.28,849.11,10045210,VNCONS,Tiêu dùng thiết yếu
2019-07-18,846.99,847.86,834.95,836.99,10511710,VNCONS,Tiêu dùng thiết yếu
2019-07-19,837.7,847.89,837.7,846.41,8934440,VNCONS,Tiêu dùng thiết yếu
2019-07-22,844.54,845.78,841.69,843.97,9245680,VNCONS,Tiêu dùng thiết yếu
2019-07-23,842.13,845.53,840.62,844.69,7440330,VNCONS,Tiêu dùng thiết yếu
2019-07-24,849.73,852.15,844.89,846.53,7608990,VNCONS,Tiêu dùng thiết yếu
2019-07-25,843.04,847.28,842.84,846.82,7788170,VNCONS,Tiêu dùng thiết yếu
2019-07-26,846.53,847.52,842.49,842.55,7627830,VNCONS,Tiêu dùng thiết yếu
2019-07-29,842.02,842.02,835.29,838.71,8130070,VNCONS,Tiêu dùng thiết yếu
2019-07-30,838.76,846.65,837.8,837.8,12768750,VNCONS,Tiêu dùng thiết yếu
2019-07-31,835.23,839.96,832.65,836.1,11695780,VNCONS,Tiêu dùng thiết yếu
2019-08-01,836.89,842.62,836.42,840.96,10410690,VNCONS,Tiêu dùng thiết yếu
2019-08-02,834.43,838.07,833.68,836.66,10974610,VNCONS,Tiêu dùng thiết yếu
2019-08-05,836.65,838.26,824.48,824.48,12677050,VNCONS,Tiêu dùng thiết yếu
2019-08-06,824.26,824.26,808.55,813.16,10013870,VNCONS,Tiêu dùng thiết yếu
2019-08-07,813.2,818.81,812.3,815.5,7295170,VNCONS,Tiêu dùng thiết yếu
2019-08-08,812.82,815.54,807.5,815.27,8326190,VNCONS,Tiêu dùng thiết yếu
2019-08-09,815.27,820.87,815.27,816.89,7553000,VNCONS,Tiêu dùng thiết yếu
2019-08-12,818.33,819.01,812.91,814.86,5901570,VNCONS,Tiêu dùng thiết yếu
2019-08-13,814.86,814.86,802.87,804.16,8130810,VNCONS,Tiêu dùng thiết yếu
2019-08-14,810.66,813.55,807.18,807.18,11253590,VNCONS,Tiêu dùng thiết yếu
2019-08-15,801.52,823.22,799.5,823.22,7156960,VNCONS,Tiêu dùng thiết yếu
2019-08-16,821.98,835.94,815.84,830.29,7381180,VNCONS,Tiêu dùng thiết yếu
2019-08-19,830.46,836.56,830.46,833.3,10978990,VNCONS,Tiêu dùng thiết yếu
2019-08-20,833.65,833.87,828.92,830.02,7003020,VNCONS,Tiêu dùng thiết yếu
2019-08-21,828.9,831.55,825.19,829.66,6073210,VNCONS,Tiêu dùng thiết yếu
2019-08-22,829.69,832.02,828.62,831.26,6765240,VNCONS,Tiêu dùng thiết yếu
2019-08-23,832.51,832.88,824.83,824.83,6989010,VNCONS,Tiêu dùng thiết yếu
2019-08-26,818.23,818.23,808.67,811.49,7433110,VNCONS,Tiêu dùng thiết yếu
2019-08-27,811.49,817.91,803.01,803.01,7654960,VNCONS,Tiêu dùng thiết yếu
2019-08-28,803.31,810.74,803.31,805.84,6776470,VNCONS,Tiêu dùng thiết yếu
2019-08-29,808.31,820.72,808.27,820.72,6444110,VNCONS,Tiêu dùng thiết yếu
2019-08-30,821.06,825.41,820.43,821.93,7160780,VNCONS,Tiêu dùng thiết yếu
2019-09-03,821.94,825.16,821.26,821.65,5574880,VNCONS,Tiêu dùng thiết yếu
2019-09-04,821.38,823.58,816.25,820.68,5467880,VNCONS,Tiêu dùng thiết yếu
2019-09-05,821.12,822.51,813.47,813.47,5206830,VNCONS,Tiêu dùng thiết yếu
2019-09-06,813.83,818.15,813.36,815.31,5486120,VNCONS,Tiêu dùng thiết yếu
2019-09-09,816.04,822.48,814.58,822.37,5502080,VNCONS,Tiêu dùng thiết yếu
2019-09-10,822.37,823.97,817.44,822.47,8904180,VNCONS,Tiêu dùng thiết yếu
2019-09-11,823.5,825.99,819.46,819.46,6007670,VNCONS,Tiêu dùng thiết yếu
2019-09-12,821.14,824.02,813.99,816.01,6403540,VNCONS,Tiêu dùng thiết yếu
2019-09-13,815.46,816.75,812.36,816.69,6248810,VNCONS,Tiêu dùng thiết yếu
2019-09-16,812.38,817.18,809.71,817.18,8681380,VNCONS,Tiêu dùng thiết yếu
2019-09-17,817.74,826.82,813.85,826.12,9458570,VNCONS,Tiêu dùng thiết yếu
2019-09-18,826.11,833.64,822.84,833.59,7080100,VNCONS,Tiêu dùng thiết yếu
2019-09-19,832.94,833.9,826.09,831.18,7148890,VNCONS,Tiêu dùng thiết yếu
2019-09-20,831.7,831.91,825.71,825.71,10471110,VNCONS,Tiêu dùng thiết yếu
2019-09-23,828.99,837.28,828.08,833.96,10983790,VNCONS,Tiêu dùng thiết yếu
2019-09-24,833.96,844.5,832.99,840.7,7761320,VNCONS,Tiêu dùng thiết yếu
2019-09-25,838.45,842.91,836.42,837.66,6380640,VNCONS,Tiêu dùng thiết yếu
2019-09-26,840.39,851.79,838.79,850.85,6702210,VNCONS,Tiêu dùng thiết yếu
2019-09-27,850.85,856.86,850.2,853.57,7036400,VNCONS,Tiêu dùng thiết yếu
2019-09-30,853.72,855.7,849.1,849.1,6536540,VNCONS,Tiêu dùng thiết yếu
2019-10-01,849.4,850.15,842.66,843.63,6618960,VNCONS,Tiêu dùng thiết yếu
2019-10-02,843.65,843.65,833.91,836.46,10067790,VNCONS,Tiêu dùng thiết yếu
2019-10-03,832.44,845.45,829.84,845.45,6321500,VNCONS,Tiêu dùng thiết yếu
2019-10-04,845.57,853.05,841.13,841.13,4871330,VNCONS,Tiêu dùng thiết yếu
2019-10-07,840.43,846.76,839.66,841.47,6122450,VNCONS,Tiêu dùng thiết yếu
2019-10-08,840.43,844.38,839.48,841.03,5318940,VNCONS,Tiêu dùng thiết yếu
2019-10-09,841.27,841.27,831.62,832.25,6600250,VNCONS,Tiêu dùng thiết yếu
2019-10-10,831.17,838.7,831.17,832.81,7301290,VNCONS,Tiêu dùng thiết yếu
2019-10-11,833.75,837.97,832.87,837.97,6628950,VNCONS,Tiêu dùng thiết yếu
2019-10-14,838.38,842.16,837.67,840.23,8369960,VNCONS,Tiêu dùng thiết yếu
2019-10-15,840.23,845.72,836.9,841.87,7577620,VNCONS,Tiêu dùng thiết yếu
2019-10-16,842.27,852.0,841.85,848.85,8711410,VNCONS,Tiêu dùng thiết yếu
2019-10-17,848.77,856.67,848.19,849.46,9228330,VNCONS,Tiêu dùng thiết yếu
2019-10-18,850.17,857.32,850.17,852.87,7982840,VNCONS,Tiêu dùng thiết yếu
2019-10-21,852.21,862.09,849.95,852.43,9910710,VNCONS,Tiêu dùng thiết yếu
2019-10-22,852.44,854.49,847.32,848.77,9878290,VNCONS,Tiêu dùng thiết yếu
2019-10-23,849.03,851.32,846.39,850.61,6064360,VNCONS,Tiêu dùng thiết yếu
2019-10-24,850.47,855.46,849.81,852.45,10213270,VNCONS,Tiêu dùng thiết yếu
2019-10-25,852.28,859.6,851.62,857.84,8695920,VNCONS,Tiêu dùng thiết yếu
2019-10-28,859.6,862.58,855.5,856.35,7482920,VNCONS,Tiêu dùng thiết yếu
2019-10-29,856.36,861.19,855.66,856.23,7671410,VNCONS,Tiêu dùng thiết yếu
2019-10-30,859.06,859.06,845.36,848.5,8230070,VNCONS,Tiêu dùng thiết yếu
2019-10-31,848.26,850.02,837.25,840.57,9780360,VNCONS,Tiêu dùng thiết yếu
2019-11-01,840.57,854.96,840.57,852.6,7959470,VNCONS,Tiêu dùng thiết yếu
2019-11-04,853.47,856.82,847.17,848.71,9640300,VNCONS,Tiêu dùng thiết yếu
2019-11-05,848.38,848.57,840.46,840.47,9053360,VNCONS,Tiêu dùng thiết yếu
2019-11-06,839.69,846.17,838.41,844.25,9181800,VNCONS,Tiêu dùng thiết yếu
2019-11-07,844.35,844.35,839.21,841.8,5508910,VNCONS,Tiêu dùng thiết yếu
2019-11-08,841.82,846.41,841.82,842.59,7137410,VNCONS,Tiêu dùng thiết yếu
2019-11-11,842.37,845.89,835.63,836.44,6484760,VNCONS,Tiêu dùng thiết yếu
2019-11-12,836.9,836.9,830.24,830.63,6689920,VNCONS,Tiêu dùng thiết yếu
2019-11-13,830.58,830.95,819.73,820.38,7462350,VNCONS,Tiêu dùng thiết yếu
2019-11-14,822.29,824.75,820.74,823.33,5885570,VNCONS,Tiêu dùng thiết yếu
2019-11-15,823.28,823.46,800.25,810.43,7593270,VNCONS,Tiêu dùng thiết yếu
2019-11-18,810.49,813.1,800.61,801.89,7107460,VNCONS,Tiêu dùng thiết yếu
2019-11-19,799.99,814.61,799.99,814.61,7338930,VNCONS,Tiêu dùng thiết yếu
2019-11-20,814.61,816.55,808.42,810.7,5745550,VNCONS,Tiêu dùng thiết yếu
2019-11-21,810.92,810.92,796.81,796.81,7594240,VNCONS,Tiêu dùng thiết yếu
2019-11-22,802.0,804.05,788.43,789.16,6665120,VNCONS,Tiêu dùng thiết yếu
2019-11-25,789.21,797.63,785.29,795.31,6776610,VNCONS,Tiêu dùng thiết yếu
2019-11-26,797.48,802.57,795.05,795.05,5046940,VNCONS,Tiêu dùng thiết yếu
2019-11-27,796.41,798.85,791.3,791.3,3730710,VNCONS,Tiêu dùng thiết yếu
2019-11-28,790.29,793.1,780.3,788.3,5031550,VNCONS,Tiêu dùng thiết yếu
2019-11-29,788.15,789.57,785.02,785.02,5224150,VNCONS,Tiêu dùng thiết yếu
2019-12-02,785.61,786.88,771.17,771.17,8840360,VNCONS,Tiêu dùng thiết yếu
2019-12-03,769.06,769.07,753.45,753.95,9204300,VNCONS,Tiêu dùng thiết yếu
2019-12-04,754.96,760.02,747.45,760.02,10287760,VNCONS,Tiêu dùng thiết yếu
2019-12-05,760.07,763.63,755.27,755.95,7938040,VNCONS,Tiêu dùng thiết yếu
2019-12-06,755.44,757.19,750.18,751.78,5774300,VNCONS,Tiêu dùng thiết yếu
2019-12-09,751.78,757.55,751.78,756.56,8572650,VNCONS,Tiêu dùng thiết yếu
2019-12-10,757.82,758.03,747.39,747.56,8406040,VNCONS,Tiêu dùng thiết yếu
2019-12-11,744.59,749.19,742.06,747.31,8080660,VNCONS,Tiêu dùng thiết yếu
2019-12-12,747.31,756.92,747.31,755.13,6453920,VNCONS,Tiêu dùng thiết yếu
2019-12-13,755.01,760.01,749.06,749.06,7489530,VNCONS,Tiêu dùng thiết yếu
2019-12-16,749.5,750.62,745.88,749.13,7558320,VNCONS,Tiêu dùng thiết yếu
2019-12-17,749.69,749.93,741.97,741.97,9524270,VNCONS,Tiêu dùng thiết yếu
2019-12-18,741.96,749.71,741.96,747.77,8177600,VNCONS,Tiêu dùng thiết yếu
2019-12-19,748.2,752.43,746.3,749.07,6119300,VNCONS,Tiêu dùng thiết yếu
2019-12-20,750.34,751.81,747.85,750.5,9127960,VNCONS,Tiêu dùng thiết yếu
2019-12-23,751.42,752.07,736.36,736.45,7785730,VNCONS,Tiêu dùng thiết yếu
2019-12-24,738.83,744.91,734.46,743.87,6101560,VNCONS,Tiêu dùng thiết yếu
2019-12-25,747.35,750.22,743.01,743.87,5434700,VNCONS,Tiêu dùng thiết yếu
2019-12-26,743.87,747.25,740.3,743.28,9222300,VNCONS,Tiêu dùng thiết yếu
2019-12-27,741.95,747.84,737.36,746.1,4873210,VNCONS,Tiêu dùng thiết yếu
2019-12-30,746.23,746.23,739.49,739.76,6039580,VNCONS,Tiêu dùng thiết yếu
2019-12-31,743.91,743.91,737.22,738.01,6159470,VNCONS,Tiêu dùng thiết yếu
2020-01-02,738.01,744.94,738.01,743.48,4849030,VNCONS,Tiêu dùng thiết yếu
2020-01-03,743.48,749.69,743.48,746.36,8434380,VNCONS,Tiêu dùng thiết yếu
2020-01-06,746.27,746.27,739.26,740.35,5258990,VNCONS,Tiêu dùng thiết yếu
2020-01-07,740.45,747.35,740.45,746.17,6392450,VNCONS,Tiêu dùng thiết yếu
2020-01-08,746.17,746.17,739.19,743.96,7732010,VNCONS,Tiêu dùng thiết yếu
2020-01-09,747.16,748.77,744.95,746.89,5350070,VNCONS,Tiêu dùng thiết yếu
2020-01-10,746.89,750.91,746.48,749.06,5383030,VNCONS,Tiêu dùng thiết yếu
2020-01-13,749.24,749.76,743.61,743.61,4726880,VNCONS,Tiêu dùng thiết yếu
2020-01-14,743.59,745.8,742.07,743.86,4192930,VNCONS,Tiêu dùng thiết yếu
2020-01-15,743.86,744.68,740.35,743.5,5430230,VNCONS,Tiêu dùng thiết yếu
2020-01-16,743.5,746.01,740.18,743.81,7132290,VNCONS,Tiêu dùng thiết yếu
2020-01-17,743.75,745.43,741.7,742.94,4613750,VNCONS,Tiêu dùng thiết yếu
2020-01-20,742.99,744.75,738.17,743.28,3958540,VNCONS,Tiêu dùng thiết yếu
2020-01-21,743.28,754.01,740.38,750.94,4891160,VNCONS,Tiêu dùng thiết yếu
2020-01-22,751.2,754.59,748.84,750.73,5226120,VNCONS,Tiêu dùng thiết yếu
2020-01-30,750.76,750.76,718.48,719.97,8509670,VNCONS,Tiêu dùng thiết yếu
2020-01-31,717.43,720.49,684.26,684.26,11945870,VNCONS,Tiêu dùng thiết yếu
2020-02-03,671.83,683.86,640.39,679.2,14870720,VNCONS,Tiêu dùng thiết yếu
2020-02-04,679.19,686.1,659.22,662.96,9550640,VNCONS,Tiêu dùng thiết yếu
2020-02-05,663.95,670.45,656.07,665.87,7773280,VNCONS,Tiêu dùng thiết yếu
2020-02-06,665.87,671.77,662.99,671.07,11758040,VNCONS,Tiêu dùng thiết yếu
2020-02-07,670.86,683.79,670.53,683.42,6580190,VNCONS,Tiêu dùng thiết yếu
2020-02-10,684.67,684.67,669.25,677.7,5077420,VNCONS,Tiêu dùng thiết yếu
2020-02-11,677.74,680.44,670.34,671.02,6949070,VNCONS,Tiêu dùng thiết yếu
2020-02-12,671.26,678.34,671.26,674.26,6947890,VNCONS,Tiêu dùng thiết yếu
2020-02-13,674.68,678.3,672.79,674.39,7782180,VNCONS,Tiêu dùng thiết yếu
2020-02-14,674.39,676.74,670.86,671.74,7900280,VNCONS,Tiêu dùng thiết yếu
2020-02-17,671.74,674.24,671.1,673.33,8360900,VNCONS,Tiêu dùng thiết yếu
2020-02-18,674.6,674.62,662.94,663.98,7499650,VNCONS,Tiêu dùng thiết yếu
2020-02-19,662.05,671.48,661.26,669.12,9082360,VNCONS,Tiêu dùng thiết yếu
2020-02-20,669.12,675.7,669.12,671.34,8758620,VNCONS,Tiêu dùng thiết yếu
2020-02-21,671.34,689.28,671.34,683.89,9739630,VNCONS,Tiêu dùng thiết yếu
2020-02-24,683.76,683.89,667.03,668.35,12963720,VNCONS,Tiêu dùng thiết yếu
2020-02-25,667.84,676.45,664.91,673.88,10562190,VNCONS,Tiêu dùng thiết yếu
2020-02-26,673.87,673.87,659.47,659.47,7989890,VNCONS,Tiêu dùng thiết yếu
2020-02-27,659.24,668.07,654.22,668.07,9615330,VNCONS,Tiêu dùng thiết yếu
2020-02-28,668.01,668.07,642.67,650.53,13232690,VNCONS,Tiêu dùng thiết yếu
2020-03-02,650.49,655.04,647.56,652.81,7957210,VNCONS,Tiêu dùng thiết yếu
2020-03-03,653.27,661.15,653.27,656.3,8129120,VNCONS,Tiêu dùng thiết yếu
2020-03-04,656.3,658.33,651.91,653.98,12371100,VNCONS,Tiêu dùng thiết yếu
2020-03-05,654.0,661.88,653.98,656.51,8776710,VNCONS,Tiêu dùng thiết yếu
2020-03-06,656.3,661.71,651.03,659.93,9339780,VNCONS,Tiêu dùng thiết yếu
2020-03-09,659.91,659.91,620.14,620.38,15982560,VNCONS,Tiêu dùng thiết yếu
2020-03-10,620.38,640.13,616.11,639.39,11182240,VNCONS,Tiêu dùng thiết yếu
2020-03-11,639.71,653.76,620.65,630.21,13558850,VNCONS,Tiêu dùng thiết yếu
2020-03-12,629.36,629.36,601.33,621.67,21603900,VNCONS,Tiêu dùng thiết yếu
2020-03-13,600.4,619.4,586.84,611.74,19331460,VNCONS,Tiêu dùng thiết yếu
2020-03-16,609.37,611.74,594.56,604.07,11449340,VNCONS,Tiêu dùng thiết yếu
2020-03-17,601.25,601.25,589.27,597.78,13354170,VNCONS,Tiêu dùng thiết yếu
2020-03-18,597.78,606.73,591.84,592.91,11099410,VNCONS,Tiêu dùng thiết yếu
2020-03-19,592.72,592.72,564.14,565.3,13877230,VNCONS,Tiêu dùng thiết yếu
2020-03-20,564.43,571.54,562.28,567.8,13796960,VNCONS,Tiêu dùng thiết yếu
2020-03-23,567.77,567.77,530.72,537.18,20215550,VNCONS,Tiêu dùng thiết yếu
2020-03-24,537.08,553.67,533.42,544.5,12215990,VNCONS,Tiêu dùng thiết yếu
2020-03-25,544.65,570.05,544.65,568.37,12547270,VNCONS,Tiêu dùng thiết yếu
2020-03-26,568.42,582.15,555.03,578.1,11118230,VNCONS,Tiêu dùng thiết yếu
2020-03-27,578.1,589.48,569.21,581.1,13243590,VNCONS,Tiêu dùng thiết yếu
2020-03-30,580.11,581.1,554.38,564.37,11805220,VNCONS,Tiêu dùng thiết yếu
2020-03-31,564.62,576.3,557.46,562.81,13340940,VNCONS,Tiêu dùng thiết yếu
2020-04-01,562.54,577.92,561.82,576.55,8547550,VNCONS,Tiêu dùng thiết yếu
2020-04-03,576.89,589.65,576.89,588.28,10013470,VNCONS,Tiêu dùng thiết yếu
2020-04-06,595.4,607.74,588.28,605.96,13389170,VNCONS,Tiêu dùng thiết yếu
2020-04-07,605.97,625.31,604.26,621.66,15166390,VNCONS,Tiêu dùng thiết yếu
2020-04-08,621.78,628.36,609.02,628.36,12857170,VNCONS,Tiêu dùng thiết yếu
2020-04-09,628.36,641.15,628.36,640.15,10412490,VNCONS,Tiêu dùng thiết yếu
2020-04-10,634.55,640.31,625.89,633.6,12255020,VNCONS,Tiêu dùng thiết yếu
2020-04-13,633.6,637.98,627.9,627.94,10878060,VNCONS,Tiêu dùng thiết yếu
2020-04-14,627.71,637.58,625.33,635.66,10867230,VNCONS,Tiêu dùng thiết yếu
2020-04-15,635.66,644.99,635.66,640.51,11511380,VNCONS,Tiêu dùng thiết yếu
2020-04-16,637.8,644.99,637.11,643.03,11425350,VNCONS,Tiêu dùng thiết yếu
2020-04-17,643.1,650.12,643.1,646.08,16442720,VNCONS,Tiêu dùng thiết yếu
2020-04-20,646.11,656.19,646.06,650.51,14644590,VNCONS,Tiêu dùng thiết yếu
2020-04-21,650.51,650.51,626.27,627.03,20878310,VNCONS,Tiêu dùng thiết yếu
2020-04-22,626.87,635.31,617.83,634.92,11911850,VNCONS,Tiêu dùng thiết yếu
2020-04-23,633.39,647.07,630.82,631.3,11250240,VNCONS,Tiêu dùng thiết yếu
2020-04-24,631.3,660.84,631.09,660.84,21585690,VNCONS,Tiêu dùng thiết yếu
2020-04-27,665.22,677.84,659.47,659.47,15070380,VNCONS,Tiêu dùng thiết yếu
2020-04-28,658.5,660.3,648.58,650.55,12288890,VNCONS,Tiêu dùng thiết yếu
2020-04-29,646.77,649.18,640.75,640.75,13991110,VNCONS,Tiêu dùng thiết yếu
2020-05-04,640.79,640.79,627.91,629.36,16192170,VNCONS,Tiêu dùng thiết yếu
2020-05-05,629.36,641.2,629.14,638.48,9001630,VNCONS,Tiêu dùng thiết yếu
2020-05-06,638.59,649.96,637.43,649.71,9884520,VNCONS,Tiêu dùng thiết yếu
2020-05-07,651.18,666.05,649.71,664.34,11790360,VNCONS,Tiêu dùng thiết yếu
2020-05-08,669.38,692.12,669.16,676.62,22020960,VNCONS,Tiêu dùng thiết yếu
2020-05-11,676.66,696.45,673.61,696.45,15284940,VNCONS,Tiêu dùng thiết yếu
2020-05-12,696.94,719.89,690.94,716.49,19683420,VNCONS,Tiêu dùng thiết yếu
2020-05-13,716.49,723.14,695.18,715.73,17108660,VNCONS,Tiêu dùng thiết yếu
2020-05-14,715.73,723.15,708.77,716.71,17073630,VNCONS,Tiêu dùng thiết yếu
2020-05-15,716.71,720.59,700.98,704.11,16840990,VNCONS,Tiêu dùng thiết yếu
2020-05-18,704.67,709.3,696.14,706.98,9775630,VNCONS,Tiêu dùng thiết yếu
2020-05-19,707.01,725.58,706.98,715.49,13908650,VNCONS,Tiêu dùng thiết yếu
2020-05-20,718.82,726.53,714.69,724.98,16344610,VNCONS,Tiêu dùng thiết yếu
2020-05-21,725.03,730.86,723.49,730.86,13133110,VNCONS,Tiêu dùng thiết yếu
2020-05-22,730.86,730.86,723.08,724.13,12163720,VNCONS,Tiêu dùng thiết yếu
2020-05-25,724.13,738.18,721.5,737.46,11741600,VNCONS,Tiêu dùng thiết yếu
2020-05-26,737.46,742.22,730.48,739.85,13498240,VNCONS,Tiêu dùng thiết yếu
2020-05-27,741.39,743.14,728.31,728.31,15533470,VNCONS,Tiêu dùng thiết yếu
2020-05-28,728.32,733.98,728.23,728.41,11753480,VNCONS,Tiêu dùng thiết yếu
2020-05-29,728.43,731.4,722.51,731.02,15661860,VNCONS,Tiêu dùng thiết yếu
2020-06-01,731.66,743.49,731.66,738.79,16244700,VNCONS,Tiêu dùng thiết yếu
2020-06-02,738.91,750.21,738.91,741.6,32481460,VNCONS,Tiêu dùng thiết yếu
2020-06-03,742.88,750.08,740.34,743.26,16524950,VNCONS,Tiêu dùng thiết yếu
2020-06-04,748.72,750.33,743.26,747.97,23325170,VNCONS,Tiêu dùng thiết yếu
2020-06-05,746.93,754.66,742.36,754.66,26820640,VNCONS,Tiêu dùng thiết yếu
2020-06-08,755.38,778.67,755.38,774.65,29002150,VNCONS,Tiêu dùng thiết yếu
2020-06-09,776.84,786.52,774.65,781.11,27765750,VNCONS,Tiêu dùng thiết yếu
2020-06-10,781.1,785.0,769.97,772.68,24230520,VNCONS,Tiêu dùng thiết yếu
2020-06-11,772.69,782.74,753.88,756.87,37264710,VNCONS,Tiêu dùng thiết yếu
2020-06-12,756.68,756.68,722.12,735.99,29336890,VNCONS,Tiêu dùng thiết yếu
2020-06-15,735.97,748.03,701.6,701.93,23160450,VNCONS,Tiêu dùng thiết yếu
2020-06-16,704.63,729.92,704.63,726.92,20486530,VNCONS,Tiêu dùng thiết yếu
2020-06-17,726.92,730.67,720.22,720.92,10901980,VNCONS,Tiêu dùng thiết yếu
2020-06-18,720.98,725.06,710.93,718.42,10266940,VNCONS,Tiêu dùng thiết yếu
2020-06-19,719.53,725.48,718.82,718.82,28738210,VNCONS,Tiêu dùng thiết yếu
2020-06-22,721.15,726.58,718.81,723.35,14993550,VNCONS,Tiêu dùng thiết yếu
2020-06-23,727.04,729.62,722.82,725.55,16998560,VNCONS,Tiêu dùng thiết yếu
2020-06-24,725.51,736.22,721.9,724.61,16860400,VNCONS,Tiêu dùng thiết yếu
2020-06-25,724.29,724.29,714.64,720.31,14065960,VNCONS,Tiêu dùng thiết yếu
2020-06-26,720.32,726.23,716.02,718.17,14620510,VNCONS,Tiêu dùng thiết yếu
2020-06-29,718.17,718.17,685.88,695.83,18235040,VNCONS,Tiêu dùng thiết yếu
2020-06-30,695.83,704.66,691.74,694.78,14867930,VNCONS,Tiêu dùng thiết yếu
2020-07-01,695.48,710.62,692.49,708.92,14427640,VNCONS,Tiêu dùng thiết yếu
2020-07-02,708.92,711.33,704.99,707.77,10020990,VNCONS,Tiêu dùng thiết yếu
2020-07-03,707.77,715.56,707.59,714.8,12238140,VNCONS,Tiêu dùng thiết yếu
2020-07-06,714.81,728.31,714.81,727.5,12693970,VNCONS,Tiêu dùng thiết yếu
2020-07-07,727.5,731.84,725.23,725.23,15899110,VNCONS,Tiêu dùng thiết yếu
2020-07-08,725.2,727.91,721.99,725.79,11639540,VNCONS,Tiêu dùng thiết yếu
2020-07-09,725.82,738.22,725.82,734.35,20534830,VNCONS,Tiêu dùng thiết yếu
2020-07-10,734.35,738.89,730.64,731.38,18694530,VNCONS,Tiêu dùng thiết yếu
2020-07-13,731.51,734.88,724.17,726.34,14286360,VNCONS,Tiêu dùng thiết yếu
2020-07-14,726.21,726.34,718.27,724.7,22837950,VNCONS,Tiêu dùng thiết yếu
2020-07-15,724.7,735.04,724.7,725.95,29813580,VNCONS,Tiêu dùng thiết yếu
2020-07-16,728.84,736.23,727.17,736.19,16952640,VNCONS,Tiêu dùng thiết yếu
2020-07-17,736.19,736.19,729.81,731.52,26584500,VNCONS,Tiêu dùng thiết yếu
2020-07-20,731.09,731.43,721.6,722.51,19025450,VNCONS,Tiêu dùng thiết yếu
2020-07-21,722.4,724.91,716.98,722.99,15779520,VNCONS,Tiêu dùng thiết yếu
2020-07-22,720.6,723.78,713.38,713.38,18272240,VNCONS,Tiêu dùng thiết yếu
2020-07-23,713.38,715.7,709.65,712.55,14396520,VNCONS,Tiêu dùng thiết yếu
2020-07-24,712.57,712.57,682.15,690.96,25661370,VNCONS,Tiêu dùng thiết yếu
2020-07-27,690.95,690.96,644.99,647.78,20263770,VNCONS,Tiêu dùng thiết yếu
2020-07-28,647.74,680.56,647.43,680.56,22350720,VNCONS,Tiêu dùng thiết yếu
2020-07-29,664.09,680.56,654.89,657.62,19270810,VNCONS,Tiêu dùng thiết yếu
2020-07-30,658.11,673.2,658.1,670.72,10201640,VNCONS,Tiêu dùng thiết yếu
2020-07-31,670.7,674.82,657.98,662.91,16870090,VNCONS,Tiêu dùng thiết yếu
2020-08-03,663.14,680.87,663.14,679.12,21043310,VNCONS,Tiêu dùng thiết yếu
2020-08-04,679.2,691.64,679.2,691.64,19021570,VNCONS,Tiêu dùng thiết yếu
2020-08-05,691.64,702.48,686.25,699.25,19806860,VNCONS,Tiêu dùng thiết yếu
2020-08-06,699.3,718.0,697.91,711.24,20922160,VNCONS,Tiêu dùng thiết yếu
2020-08-07,711.22,717.39,710.86,715.46,18281820,VNCONS,Tiêu dùng thiết yếu
2020-08-10,717.46,722.45,711.81,711.81,21272020,VNCONS,Tiêu dùng thiết yếu
2020-08-11,711.95,714.75,708.23,711.32,17008760,VNCONS,Tiêu dùng thiết yếu
2020-08-12,711.28,717.0,710.98,714.37,20291770,VNCONS,Tiêu dùng thiết yếu
2020-08-13,714.37,720.05,714.49,719.85,13952480,VNCONS,Tiêu dùng thiết yếu
2020-08-14,719.85,727.61,715.63,718.65,18117770,VNCONS,Tiêu dùng thiết yếu
2020-08-17,718.32,722.45,708.67,718.55,15858390,VNCONS,Tiêu dùng thiết yếu
2020-08-18,718.52,720.13,711.62,711.62,11312650,VNCONS,Tiêu dùng thiết yếu
2020-08-19,713.22,714.73,709.37,711.98,19448720,VNCONS,Tiêu dùng thiết yếu
2020-08-20,711.98,714.93,707.81,710.21,19580790,VNCONS,Tiêu dùng thiết yếu
2020-08-21,710.25,716.89,710.25,715.01,17203130,VNCONS,Tiêu dùng thiết yếu
2020-08-24,715.01,726.56,715.01,722.3,21952730,VNCONS,Tiêu dùng thiết yếu
2020-08-25,722.31,730.31,722.31,727.18,22127400,VNCONS,Tiêu dùng thiết yếu
2020-08-26,727.18,731.32,725.05,725.05,21048710,VNCONS,Tiêu dùng thiết yếu
2020-08-27,725.04,728.81,723.88,725.64,19531390,VNCONS,Tiêu dùng thiết yếu
2020-08-28,732.31,739.89,725.64,735.01,18689260,VNCONS,Tiêu dùng thiết yếu
2020-08-31,735.0,744.57,735.0,744.57,22210240,VNCONS,Tiêu dùng thiết yếu
2020-09-01,744.19,753.38,741.54,753.03,19531460,VNCONS,Tiêu dùng thiết yếu
2020-09-03,752.96,763.01,752.93,762.52,22249940,VNCONS,Tiêu dùng thiết yếu
2020-09-04,762.52,765.24,753.41,765.16,26908950,VNCONS,Tiêu dùng thiết yếu
2020-09-07,765.18,781.62,765.16,766.09,46974940,VNCONS,Tiêu dùng thiết yếu
2020-09-08,766.11,773.31,757.92,760.29,25005910,VNCONS,Tiêu dùng thiết yếu
2020-09-09,760.29,761.22,748.84,760.17,27705970,VNCONS,Tiêu dùng thiết yếu
2020-09-10,761.09,768.07,760.17,762.71,26654810,VNCONS,Tiêu dùng thiết yếu
2020-09-11,762.62,762.62,758.13,760.06,28442110,VNCONS,Tiêu dùng thiết yếu
2020-09-14,759.95,766.48,759.95,763.28,22244050,VNCONS,Tiêu dùng thiết yếu
2020-09-15,763.1,766.23,761.87,764.38,26241790,VNCONS,Tiêu dùng thiết yếu
2020-09-16,764.27,765.68,759.14,760.45,19694060,VNCONS,Tiêu dùng thiết yếu
2020-09-17,760.44,767.35,758.11,760.53,30506760,VNCONS,Tiêu dùng thiết yếu
2020-09-18,760.44,768.88,760.44,768.88,21630260,VNCONS,Tiêu dùng thiết yếu
2020-09-21,768.85,784.68,768.85,784.68,26157020,VNCONS,Tiêu dùng thiết yếu
2020-09-22,784.48,785.3,776.86,784.59,27489810,VNCONS,Tiêu dùng thiết yếu
2020-09-23,781.91,786.62,781.88,783.09,17077950,VNCONS,Tiêu dùng thiết yếu
2020-09-24,782.53,783.09,773.77,773.77,19157300,VNCONS,Tiêu dùng thiết yếu
2020-09-25,773.77,778.91,773.77,775.67,20763320,VNCONS,Tiêu dùng thiết yếu
2020-09-28,775.65,780.59,774.36,778.5,19539160,VNCONS,Tiêu dùng thiết yếu
2020-09-29,793.86,805.42,783.17,785.53,29135040,VNCONS,Tiêu dùng thiết yếu
2020-09-30,785.55,796.09,781.78,785.94,17131500,VNCONS,Tiêu dùng thiết yếu
2020-10-01,786.0,791.17,782.19,790.56,25889580,VNCONS,Tiêu dùng thiết yếu
2020-10-02,790.66,794.83,775.34,782.53,26033710,VNCONS,Tiêu dùng thiết yếu
2020-10-05,782.53,789.43,779.35,784.02,29985740,VNCONS,Tiêu dùng thiết yếu
2020-10-06,784.04,791.21,782.32,787.5,34148090,VNCONS,Tiêu dùng thiết yếu
2020-10-07,787.53,801.06,785.11,801.06,40990230,VNCONS,Tiêu dùng thiết yếu
2020-10-08,801.05,801.05,793.04,797.43,28448110,VNCONS,Tiêu dùng thiết yếu
2020-10-09,797.41,805.99,793.37,805.39,25365480,VNCONS,Tiêu dùng thiết yếu
2020-10-12,805.38,813.39,803.22,807.63,32734510,VNCONS,Tiêu dùng thiết yếu
2020-10-13,807.29,817.76,804.84,815.9,25425540,VNCONS,Tiêu dùng thiết yếu
2020-10-14,815.9,830.17,814.84,829.29,23395540,VNCONS,Tiêu dùng thiết yếu
2020-10-15,829.29,834.48,825.47,831.04,57505570,VNCONS,Tiêu dùng thiết yếu
2020-10-16,831.03,831.03,819.28,827.43,30682940,VNCONS,Tiêu dùng thiết yếu
2020-10-19,827.48,830.92,820.32,828.19,21395040,VNCONS,Tiêu dùng thiết yếu
2020-10-20,832.83,832.83,824.41,828.17,22608130,VNCONS,Tiêu dùng thiết yếu
2020-10-21,828.18,832.85,823.98,827.98,17860180,VNCONS,Tiêu dùng thiết yếu
2020-10-22,827.98,830.86,821.94,830.86,24003280,VNCONS,Tiêu dùng thiết yếu
2020-10-23,830.78,849.09,830.78,849.05,22223100,VNCONS,Tiêu dùng thiết yếu
2020-10-26,846.81,862.09,846.81,853.81,20806960,VNCONS,Tiêu dùng thiết yếu
2020-10-27,851.48,857.16,843.31,848.19,19565940,VNCONS,Tiêu dùng thiết yếu
2020-10-28,841.4,842.99,826.16,832.28,27226200,VNCONS,Tiêu dùng thiết yếu
2020-10-29,823.54,832.25,814.51,826.23,23189310,VNCONS,Tiêu dùng thiết yếu
2020-10-30,826.71,831.72,812.16,831.72,19235840,VNCONS,Tiêu dùng thiết yếu
2020-11-02,831.82,832.7,823.5,831.75,15532170,VNCONS,Tiêu dùng thiết yếu
2020-11-03,830.89,833.26,826.9,832.34,16441270,VNCONS,Tiêu dùng thiết yếu
2020-11-04,832.35,842.66,830.82,835.36,14219530,VNCONS,Tiêu dùng thiết yếu
2020-11-05,835.38,848.07,835.02,846.02,15196040,VNCONS,Tiêu dùng thiết yếu
2020-11-06,846.02,850.38,843.27,849.27,9884250,VNCONS,Tiêu dùng thiết yếu
2020-11-09,849.55,863.03,849.55,861.98,24289930,VNCONS,Tiêu dùng thiết yếu
2020-11-10,862.19,867.53,854.3,854.3,20114050,VNCONS,Tiêu dùng thiết yếu
2020-11-11,854.3,854.37,845.5,854.21,17520490,VNCONS,Tiêu dùng thiết yếu
2020-11-12,854.21,854.31,848.47,849.0,21859460,VNCONS,Tiêu dùng thiết yếu
2020-11-13,848.25,850.2,844.57,846.38,18610310,VNCONS,Tiêu dùng thiết yếu
2020-11-16,846.86,853.07,831.21,831.21,20970680,VNCONS,Tiêu dùng thiết yếu
2020-11-17,831.22,837.7,830.74,836.24,17357980,VNCONS,Tiêu dùng thiết yếu
2020-11-18,836.24,844.5,836.23,841.83,22678930,VNCONS,Tiêu dùng thiết yếu
2020-11-19,841.92,846.25,838.17,846.25,24584170,VNCONS,Tiêu dùng thiết yếu
2020-11-20,846.3,854.11,843.66,852.7,31672440,VNCONS,Tiêu dùng thiết yếu
2020-11-23,853.18,857.31,848.12,852.75,25972300,VNCONS,Tiêu dùng thiết yếu
2020-11-24,852.84,854.85,841.57,846.42,24652710,VNCONS,Tiêu dùng thiết yếu
2020-11-25,846.43,856.32,845.28,852.35,26232130,VNCONS,Tiêu dùng thiết yếu
2020-11-26,852.41,854.66,847.2,852.84,31077350,VNCONS,Tiêu dùng thiết yếu
2020-11-27,852.86,853.56,845.41,852.25,22077080,VNCONS,Tiêu dùng thiết yếu
2020-11-30,852.39,852.68,838.46,839.2,25335500,VNCONS,Tiêu dùng thiết yếu
2020-12-01,839.13,849.84,830.46,849.82,33125450,VNCONS,Tiêu dùng thiết yếu
2020-12-02,849.91,853.52,844.81,848.48,21228530,VNCONS,Tiêu dùng thiết yếu
2020-12-03,848.41,852.63,845.62,850.75,21347980,VNCONS,Tiêu dùng thiết yếu
2020-12-04,850.82,861.7,849.85,856.68,35146980,VNCONS,Tiêu dùng thiết yếu
2020-12-07,856.9,867.8,856.8,863.56,30584240,VNCONS,Tiêu dùng thiết yếu
2020-12-08,863.6,865.32,858.18,858.81,26325750,VNCONS,Tiêu dùng thiết yếu
2020-12-09,858.87,863.21,857.54,860.5,32247690,VNCONS,Tiêu dùng thiết yếu
2020-12-10,863.37,879.96,863.37,867.03,44983050,VNCONS,Tiêu dùng thiết yếu
2020-12-11,867.02,874.33,865.96,874.33,23452960,VNCONS,Tiêu dùng thiết yếu
2020-12-14,874.33,880.08,874.33,880.08,32653470,VNCONS,Tiêu dùng thiết yếu
2020-12-15,880.08,880.25,867.24,869.04,55671290,VNCONS,Tiêu dùng thiết yếu
2020-12-16,869.06,876.91,868.08,872.48,45028830,VNCONS,Tiêu dùng thiết yếu
2020-12-17,872.2,872.31,860.49,864.31,45211400,VNCONS,Tiêu dùng thiết yếu
2020-12-18,864.43,867.95,863.01,866.68,41688440,VNCONS,Tiêu dùng thiết yếu
2020-12-21,868.39,872.0,864.71,870.02,48437800,VNCONS,Tiêu dùng thiết yếu
2020-12-22,869.99,870.03,862.29,864.02,37241200,VNCONS,Tiêu dùng thiết yếu
2020-12-23,864.4,873.14,862.15,863.58,41724260,VNCONS,Tiêu dùng thiết yếu
2020-12-24,863.58,866.3,845.68,854.05,41142990,VNCONS,Tiêu dùng thiết yếu
2020-12-25,854.05,859.08,850.68,857.91,34288180,VNCONS,Tiêu dùng thiết yếu
2020-12-28,857.96,862.77,853.79,857.46,45340860,VNCONS,Tiêu dùng thiết yếu
2020-12-29,857.46,865.78,857.45,863.9,40568340,VNCONS,Tiêu dùng thiết yếu
2020-12-30,863.92,870.43,859.05,861.54,31579780,VNCONS,Tiêu dùng thiết yếu
2020-12-31,860.6,877.25,860.6,871.34,35354300,VNCONS,Tiêu dùng thiết yếu
2021-01-04,875.3,882.37,875.3,876.28,33307200,VNCONS,Tiêu dùng thiết yếu
2021-01-05,876.45,889.11,872.63,884.28,38279300,VNCONS,Tiêu dùng thiết yếu
2021-01-06,884.29,887.67,876.2,877.09,41011200,VNCONS,Tiêu dùng thiết yếu
2021-01-07,877.13,891.01,877.13,889.44,47435700,VNCONS,Tiêu dùng thiết yếu
2021-01-08,889.49,908.04,889.49,901.66,75601000,VNCONS,Tiêu dùng thiết yếu
2021-01-11,901.73,926.97,901.73,925.7,66103900,VNCONS,Tiêu dùng thiết yếu
2021-01-12,925.7,930.0,923.73,928.39,40206100,VNCONS,Tiêu dùng thiết yếu
2021-01-13,928.41,933.26,915.69,918.37,63800300,VNCONS,Tiêu dùng thiết yếu
2021-01-14,918.37,919.15,908.25,910.88,48750200,VNCONS,Tiêu dùng thiết yếu
2021-01-15,911.05,923.26,911.05,916.45,49805700,VNCONS,Tiêu dùng thiết yếu
2021-01-18,920.34,930.86,918.04,918.04,54037300,VNCONS,Tiêu dùng thiết yếu
2021-01-19,918.01,919.73,863.36,874.86,47960300,VNCONS,Tiêu dùng thiết yếu
2021-01-20,874.86,883.27,854.66,879.94,49681600,VNCONS,Tiêu dùng thiết yếu
2021-01-21,881.56,893.36,877.8,890.69,38624800,VNCONS,Tiêu dùng thiết yếu
2021-01-22,890.69,894.24,882.75,886.21,39677600,VNCONS,Tiêu dùng thiết yếu
2021-01-25,889.43,895.45,887.47,889.39,35124000,VNCONS,Tiêu dùng thiết yếu
2021-01-26,888.92,890.85,858.62,872.4,42418000,VNCONS,Tiêu dùng thiết yếu
2021-01-27,872.4,872.4,836.96,842.25,43010700,VNCONS,Tiêu dùng thiết yếu
2021-01-28,840.01,840.01,783.6,783.68,34531900,VNCONS,Tiêu dùng thiết yếu
2021-01-29,782.27,829.62,764.92,812.83,37088100,VNCONS,Tiêu dùng thiết yếu
2021-02-01,813.73,829.37,799.13,802.45,42206200,VNCONS,Tiêu dùng thiết yếu
2021-02-02,802.32,831.19,796.25,827.3,36996400,VNCONS,Tiêu dùng thiết yếu
2021-02-03,827.81,857.1,827.81,857.1,33942300,VNCONS,Tiêu dùng thiết yếu
2021-02-04,855.47,859.0,842.84,855.13,26650100,VNCONS,Tiêu dùng thiết yếu
2021-02-05,855.13,864.01,854.53,861.92,26884500,VNCONS,Tiêu dùng thiết yếu
2021-02-08,861.92,865.09,819.25,839.79,36511000,VNCONS,Tiêu dùng thiết yếu
2021-02-09,828.96,857.0,827.9,853.94,27338100,VNCONS,Tiêu dùng thiết yếu
2021-02-17,853.97,870.99,853.97,870.99,38456000,VNCONS,Tiêu dùng thiết yếu
2021-02-18,871.32,884.16,865.39,884.16,36234600,VNCONS,Tiêu dùng thiết yếu
2021-02-19,884.16,884.16,871.0,879.64,28991200,VNCONS,Tiêu dùng thiết yếu
2021-02-22,880.65,880.66,871.85,875.48,35748000,VNCONS,Tiêu dùng thiết yếu
2021-02-23,875.58,876.48,863.01,867.92,37997500,VNCONS,Tiêu dùng thiết yếu
2021-02-24,867.91,874.13,854.8,857.74,35046100,VNCONS,Tiêu dùng thiết yếu
2021-02-25,858.15,861.49,846.29,849.79,28352900,VNCONS,Tiêu dùng thiết yếu
2021-02-26,849.76,852.68,840.67,852.68,28502300,VNCONS,Tiêu dùng thiết yếu
2021-03-01,852.68,862.75,852.68,861.54,32188400,VNCONS,Tiêu dùng thiết yếu
2021-03-02,861.8,869.31,850.88,857.74,31221200,VNCONS,Tiêu dùng thiết yếu
2021-03-03,857.82,857.96,852.34,856.18,39423500,VNCONS,Tiêu dùng thiết yếu
2021-03-04,856.35,861.96,838.94,844.47,42629300,VNCONS,Tiêu dùng thiết yếu
2021-03-05,843.93,843.93,833.33,843.17,31507600,VNCONS,Tiêu dùng thiết yếu
2021-03-08,843.31,849.57,834.36,837.96,42542300,VNCONS,Tiêu dùng thiết yếu
2021-03-09,837.96,838.54,823.61,829.5,46612100,VNCONS,Tiêu dùng thiết yếu
2021-03-10,829.67,839.9,825.11,835.34,58232900,VNCONS,Tiêu dùng thiết yếu
2021-03-11,835.35,851.23,835.35,844.68,38650000,VNCONS,Tiêu dùng thiết yếu
2021-03-12,844.6,848.34,841.73,843.36,47606800,VNCONS,Tiêu dùng thiết yếu
2021-03-15,843.68,849.42,841.83,846.79,55493000,VNCONS,Tiêu dùng thiết yếu
2021-03-16,846.76,849.05,835.23,841.84,39667000,VNCONS,Tiêu dùng thiết yếu
2021-03-17,841.95,841.99,835.11,838.1,34899400,VNCONS,Tiêu dùng thiết yếu
2021-03-18,838.21,850.57,838.21,850.57,51768600,VNCONS,Tiêu dùng thiết yếu
2021-03-19,850.56,850.56,838.73,844.66,49918600,VNCONS,Tiêu dùng thiết yếu
2021-03-22,844.66,845.09,837.33,839.6,34481700,VNCONS,Tiêu dùng thiết yếu
2021-03-23,839.6,839.6,826.69,831.13,36894400,VNCONS,Tiêu dùng thiết yếu
2021-03-24,830.97,830.97,815.02,818.71,37224500,VNCONS,Tiêu dùng thiết yếu
2021-03-25,817.53,823.5,811.74,816.82,34123400,VNCONS,Tiêu dùng thiết yếu
2021-03-26,816.82,816.82,798.28,810.57,39000300,VNCONS,Tiêu dùng thiết yếu
2021-03-29,810.58,825.27,810.21,822.19,45516900,VNCONS,Tiêu dùng thiết yếu
2021-03-30,822.19,830.23,819.26,828.02,34449200,VNCONS,Tiêu dùng thiết yếu
2021-03-31,828.02,834.31,825.49,832.73,34955700,VNCONS,Tiêu dùng thiết yếu
2021-04-01,832.76,846.23,829.25,846.16,34157100,VNCONS,Tiêu dùng thiết yếu
2021-04-02,846.17,861.62,846.17,855.9,45176100,VNCONS,Tiêu dùng thiết yếu
2021-04-05,855.74,869.42,852.82,855.37,42174600,VNCONS,Tiêu dùng thiết yếu
2021-04-06,855.37,855.54,841.72,847.09,37767800,VNCONS,Tiêu dùng thiết yếu
2021-04-07,847.09,847.09,838.48,845.0,44950600,VNCONS,Tiêu dùng thiết yếu
2021-04-08,845.13,848.11,838.18,841.61,43332100,VNCONS,Tiêu dùng thiết yếu
2021-04-09,841.25,841.87,836.36,840.18,53818400,VNCONS,Tiêu dùng thiết yếu
2021-04-12,840.64,844.15,838.79,843.31,82259000,VNCONS,Tiêu dùng thiết yếu
2021-04-13,847.03,858.4,842.5,845.3,78474500,VNCONS,Tiêu dùng thiết yếu
2021-04-14,845.99,854.56,838.1,853.75,65392900,VNCONS,Tiêu dùng thiết yếu
2021-04-15,855.23,864.69,848.39,849.37,66277400,VNCONS,Tiêu dùng thiết yếu
2021-04-16,849.39,849.39,826.86,836.36,62304200,VNCONS,Tiêu dùng thiết yếu
2021-04-19,836.37,846.44,831.6,845.97,54725000,VNCONS,Tiêu dùng thiết yếu
2021-04-20,845.96,875.81,845.96,856.63,49933500,VNCONS,Tiêu dùng thiết yếu
2021-04-22,856.57,857.63,827.93,830.25,55382100,VNCONS,Tiêu dùng thiết yếu
2021-04-23,830.25,842.57,819.52,842.57,46169900,VNCONS,Tiêu dùng thiết yếu
2021-04-26,842.57,843.79,814.87,816.06,52476100,VNCONS,Tiêu dùng thiết yếu
2021-04-27,816.06,819.19,807.22,818.73,26821600,VNCONS,Tiêu dùng thiết yếu
2021-04-28,818.73,820.37,808.35,812.32,21936400,VNCONS,Tiêu dùng thiết yếu
2021-04-29,812.28,814.98,799.9,808.18,24084300,VNCONS,Tiêu dùng thiết yếu
2021-05-04,808.18,808.18,791.04,791.41,27175900,VNCONS,Tiêu dùng thiết yếu
2021-05-05,791.41,803.59,791.4,795.1,28696300,VNCONS,Tiêu dùng thiết yếu
2021-05-06,795.17,796.55,781.82,781.82,25321000,VNCONS,Tiêu dùng thiết yếu
2021-05-07,781.82,781.82,762.77,765.25,32283100,VNCONS,Tiêu dùng thiết yếu
2021-05-10,765.21,805.0,763.04,804.61,35299200,VNCONS,Tiêu dùng thiết yếu
2021-05-11,804.58,821.45,798.54,798.54,29173500,VNCONS,Tiêu dùng thiết yếu
2021-05-12,798.55,813.31,793.86,810.05,27938400,VNCONS,Tiêu dùng thiết yếu
2021-05-13,809.59,810.05,800.89,800.89,28807200,VNCONS,Tiêu dùng thiết yếu
2021-05-14,800.9,812.06,800.9,803.84,26532200,VNCONS,Tiêu dùng thiết yếu
2021-05-17,803.87,807.84,783.94,783.94,26376800,VNCONS,Tiêu dùng thiết yếu
2021-05-18,783.94,797.32,783.87,784.67,23200900,VNCONS,Tiêu dùng thiết yếu
2021-05-19,784.67,798.43,784.59,792.0,21050500,VNCONS,Tiêu dùng thiết yếu
2021-05-20,792.0,803.16,787.42,803.16,25934600,VNCONS,Tiêu dùng thiết yếu
2021-05-21,803.16,816.02,796.78,807.42,27160600,VNCONS,Tiêu dùng thiết yếu
2021-05-24,807.65,823.84,807.65,820.86,26542200,VNCONS,Tiêu dùng thiết yếu
2021-05-25,820.83,825.36,817.65,822.51,21608300,VNCONS,Tiêu dùng thiết yếu
2021-05-26,822.29,828.11,815.73,826.82,30103700,VNCONS,Tiêu dùng thiết yếu
2021-05-27,828.72,829.08,815.15,815.84,21705300,VNCONS,Tiêu dùng thiết yếu
2021-05-28,815.84,825.9,813.17,824.86,27039400,VNCONS,Tiêu dùng thiết yếu
2021-05-31,824.67,828.19,813.32,816.29,27458000,VNCONS,Tiêu dùng thiết yếu
2021-06-01,816.29,816.86,805.91,806.21,20583200,VNCONS,Tiêu dùng thiết yếu
2021-06-02,809.18,809.18,801.38,803.93,36754000,VNCONS,Tiêu dùng thiết yếu
2021-06-03,803.96,811.54,803.86,811.09,43697700,VNCONS,Tiêu dùng thiết yếu
2021-06-04,811.05,815.69,802.4,812.58,37958000,VNCONS,Tiêu dùng thiết yếu
2021-06-07,812.72,813.13,799.09,806.71,39413500,VNCONS,Tiêu dùng thiết yếu
2021-06-08,806.72,820.0,805.68,805.89,37383300,VNCONS,Tiêu dùng thiết yếu
2021-06-09,804.13,808.57,800.24,804.41,24791800,VNCONS,Tiêu dùng thiết yếu
2021-06-10,804.3,827.49,800.17,819.62,41234500,VNCONS,Tiêu dùng thiết yếu
2021-06-11,819.97,825.14,816.33,824.59,36867200,VNCONS,Tiêu dùng thiết yếu
2021-06-14,826.95,836.07,824.57,830.37,55532900,VNCONS,Tiêu dùng thiết yếu
2021-06-15,830.36,835.38,828.74,832.56,41092200,VNCONS,Tiêu dùng thiết yếu
2021-06-16,832.56,834.32,822.19,826.22,48676800,VNCONS,Tiêu dùng thiết yếu
2021-06-17,826.21,833.63,819.05,822.59,45927400,VNCONS,Tiêu dùng thiết yếu
2021-06-18,822.64,838.08,822.59,836.07,42496400,VNCONS,Tiêu dùng thiết yếu
2021-06-21,836.32,837.79,828.71,833.44,72594600,VNCONS,Tiêu dùng thiết yếu
2021-06-22,833.71,841.46,830.87,831.2,39131300,VNCONS,Tiêu dùng thiết yếu
2021-06-23,831.18,831.83,821.69,824.3,38432400,VNCONS,Tiêu dùng thiết yếu
2021-06-24,824.21,828.08,813.95,817.16,30829400,VNCONS,Tiêu dùng thiết yếu
2021-06-25,817.09,822.43,814.46,822.03,27173300,VNCONS,Tiêu dùng thiết yếu
2021-06-28,822.03,828.8,821.39,825.62,29193000,VNCONS,Tiêu dùng thiết yếu
2021-06-29,825.62,838.51,825.62,833.25,28921100,VNCONS,Tiêu dùng thiết yếu
2021-06-30,833.37,838.77,833.37,834.63,22773600,VNCONS,Tiêu dùng thiết yếu
2021-07-01,834.59,843.55,834.4,840.81,28342700,VNCONS,Tiêu dùng thiết yếu
2021-07-02,841.28,842.05,834.78,836.12,33592200,VNCONS,Tiêu dùng thiết yếu
2021-07-05,823.38,833.54,808.93,823.38,37389100,VNCONS,Tiêu dùng thiết yếu
2021-07-06,823.38,826.04,802.81,802.81,34976600,VNCONS,Tiêu dùng thiết yếu
2021-07-07,802.78,828.45,793.18,828.45,35354500,VNCONS,Tiêu dùng thiết yếu
2021-07-08,818.38,832.74,818.27,828.27,21013400,VNCONS,Tiêu dùng thiết yếu
2021-07-09,824.23,829.58,809.49,811.53,28993800,VNCONS,Tiêu dùng thiết yếu
2021-07-12,814.5,818.5,781.62,807.37,42895000,VNCONS,Tiêu dùng thiết yếu
2021-07-13,807.81,808.04,786.65,790.95,23874000,VNCONS,Tiêu dùng thiết yếu
2021-07-14,794.56,802.35,784.03,795.84,21754800,VNCONS,Tiêu dùng thiết yếu
2021-07-15,790.22,806.19,787.58,797.98,19292600,VNCONS,Tiêu dùng thiết yếu
2021-07-16,800.66,812.95,799.56,811.0,16999300,VNCONS,Tiêu dùng thiết yếu
2021-07-19,796.26,809.66,796.03,798.73,30202800,VNCONS,Tiêu dùng thiết yếu
2021-07-20,798.45,811.57,792.93,811.57,25804900,VNCONS,Tiêu dùng thiết yếu
2021-07-21,809.81,813.68,806.41,806.88,14626500,VNCONS,Tiêu dùng thiết yếu
2021-07-22,807.39,818.2,804.43,818.2,20729900,VNCONS,Tiêu dùng thiết yếu
2021-07-23,814.37,827.01,807.93,812.35,19203200,VNCONS,Tiêu dùng thiết yếu
2021-07-26,814.22,825.76,809.61,823.97,57858900,VNCONS,Tiêu dùng thiết yếu
2021-07-27,824.46,835.23,823.87,826.19,22599600,VNCONS,Tiêu dùng thiết yếu
2021-07-28,822.98,824.84,820.68,821.88,15837800,VNCONS,Tiêu dùng thiết yếu
2021-07-29,823.5,831.84,819.62,828.0,30485500,VNCONS,Tiêu dùng thiết yếu
2021-07-30,829.13,844.32,825.7,837.37,26597500,VNCONS,Tiêu dùng thiết yếu
2021-08-02,836.85,845.68,832.72,841.62,32426800,VNCONS,Tiêu dùng thiết yếu
2021-08-03,842.02,848.51,839.93,845.88,33776900,VNCONS,Tiêu dùng thiết yếu
2021-08-04,847.79,848.22,842.4,845.35,30353600,VNCONS,Tiêu dùng thiết yếu
2021-08-05,842.41,846.91,841.0,842.61,30548700,VNCONS,Tiêu dùng thiết yếu
2021-08-06,844.22,849.42,841.87,843.95,30080800,VNCONS,Tiêu dùng thiết yếu
2021-08-09,842.06,860.62,841.08,860.26,28975100,VNCONS,Tiêu dùng thiết yếu
2021-08-10,861.62,869.59,860.64,863.61,37401300,VNCONS,Tiêu dùng thiết yếu
2021-08-11,867.64,877.01,863.61,865.07,41070500,VNCONS,Tiêu dùng thiết yếu
2021-08-12,868.42,868.77,858.07,858.07,37083300,VNCONS,Tiêu dùng thiết yếu
2021-08-13,854.5,857.49,845.19,855.38,42996700,VNCONS,Tiêu dùng thiết yếu
2021-08-16,859.96,865.44,853.42,856.74,43351600,VNCONS,Tiêu dùng thiết yếu
2021-08-17,859.56,861.37,851.65,852.77,34663900,VNCONS,Tiêu dùng thiết yếu
2021-08-18,858.21,868.39,858.2,861.61,38273400,VNCONS,Tiêu dùng thiết yếu
2021-08-19,866.94,870.13,861.61,870.13,38737000,VNCONS,Tiêu dùng thiết yếu
2021-08-20,868.17,868.17,842.16,849.23,52946700,VNCONS,Tiêu dùng thiết yếu
2021-08-23,844.64,846.47,824.37,824.37,40416600,VNCONS,Tiêu dùng thiết yếu
2021-08-24,824.51,830.54,819.78,827.83,33714700,VNCONS,Tiêu dùng thiết yếu
2021-08-25,830.59,849.2,827.59,845.92,23522400,VNCONS,Tiêu dùng thiết yếu
2021-08-26,846.72,854.25,841.75,848.08,26561300,VNCONS,Tiêu dùng thiết yếu
2021-08-27,845.96,856.22,843.26,854.65,30517600,VNCONS,Tiêu dùng thiết yếu
2021-08-30,861.35,865.04,854.65,854.88,50835400,VNCONS,Tiêu dùng thiết yếu
2021-08-31,856.31,863.05,854.44,861.34,51956300,VNCONS,Tiêu dùng thiết yếu
2021-09-01,858.86,865.67,858.03,860.97,37206800,VNCONS,Tiêu dùng thiết yếu
2021-09-06,863.44,865.57,859.16,859.16,48577800,VNCONS,Tiêu dùng thiết yếu
2021-09-07,855.84,856.73,843.7,843.7,46292300,VNCONS,Tiêu dùng thiết yếu
2021-09-08,843.59,843.84,834.97,836.32,36211800,VNCONS,Tiêu dùng thiết yếu
2021-09-09,835.91,845.91,834.58,842.91,28916500,VNCONS,Tiêu dùng thiết yếu
2021-09-10,844.75,855.33,842.84,849.1,40447200,VNCONS,Tiêu dùng thiết yếu
2021-09-13,853.12,862.13,852.03,859.19,55581500,VNCONS,Tiêu dùng thiết yếu
2021-09-14,861.47,873.12,859.02,870.26,33218200,VNCONS,Tiêu dùng thiết yếu
2021-09-15,868.89,887.88,868.0,887.3,30764900,VNCONS,Tiêu dùng thiết yếu
2021-09-16,893.17,897.27,888.46,897.27,38727700,VNCONS,Tiêu dùng thiết yếu
2021-09-17,895.13,908.02,890.41,896.04,66012500,VNCONS,Tiêu dùng thiết yếu
2021-09-20,906.84,912.8,897.74,901.08,46928500,VNCONS,Tiêu dùng thiết yếu
2021-09-21,891.35,908.96,891.35,906.03,56717100,VNCONS,Tiêu dùng thiết yếu
2021-09-22,910.72,932.06,906.03,930.09,57714500,VNCONS,Tiêu dùng thiết yếu
2021-09-23,933.29,939.06,910.36,915.72,57306200,VNCONS,Tiêu dùng thiết yếu
2021-09-24,915.5,916.79,903.29,905.86,37228600,VNCONS,Tiêu dùng thiết yếu
2021-09-27,905.24,911.21,877.51,877.51,48855700,VNCONS,Tiêu dùng thiết yếu
2021-09-28,875.99,895.52,874.98,885.14,32334700,VNCONS,Tiêu dùng thiết yếu
2021-09-29,889.62,893.67,882.58,892.06,22887900,VNCONS,Tiêu dùng thiết yếu
2021-09-30,893.56,904.66,893.56,898.49,18886800,VNCONS,Tiêu dùng thiết yếu
2021-10-01,894.83,900.76,893.5,896.1,28786000,VNCONS,Tiêu dùng thiết yếu
2021-10-04,903.5,908.22,899.95,900.81,32648200,VNCONS,Tiêu dùng thiết yếu
2021-10-05,905.9,905.9,898.02,899.75,22088500,VNCONS,Tiêu dùng thiết yếu
2021-10-06,902.95,903.69,895.93,899.64,26077600,VNCONS,Tiêu dùng thiết yếu
2021-10-07,901.6,902.06,895.45,897.93,40377100,VNCONS,Tiêu dùng thiết yếu
2021-10-08,898.57,911.41,898.57,910.86,28505700,VNCONS,Tiêu dùng thiết yếu
2021-10-11,913.56,920.14,908.3,916.18,36259900,VNCONS,Tiêu dùng thiết yếu
2021-10-12,919.09,923.13,915.95,917.89,32492500,VNCONS,Tiêu dùng thiết yếu
2021-10-13,923.82,924.48,912.03,912.43,24696300,VNCONS,Tiêu dùng thiết yếu
2021-10-14,913.41,915.97,906.97,908.56,31902300,VNCONS,Tiêu dùng thiết yếu
2021-10-15,909.16,914.75,905.37,907.55,33953900,VNCONS,Tiêu dùng thiết yếu
2021-10-18,907.71,912.93,903.11,907.28,27867700,VNCONS,Tiêu dùng thiết yếu
2021-10-19,907.0,908.03,902.58,903.0,27301300,VNCONS,Tiêu dùng thiết yếu
2021-10-20,906.23,911.02,895.66,907.51,29236700,VNCONS,Tiêu dùng thiết yếu
2021-10-21,908.31,910.83,899.01,899.01,28398500,VNCONS,Tiêu dùng thiết yếu
2021-10-22,903.28,907.27,903.28,906.1,31431700,VNCONS,Tiêu dùng thiết yếu
2021-10-25,912.76,913.49,903.66,903.66,36570400,VNCONS,Tiêu dùng thiết yếu
2021-10-26,905.13,907.66,899.26,903.27,35123800,VNCONS,Tiêu dùng thiết yếu
2021-10-27,907.37,923.16,906.0,922.32,37504200,VNCONS,Tiêu dùng thiết yếu
2021-10-28,923.84,936.82,919.14,934.38,46470000,VNCONS,Tiêu dùng thiết yếu
2021-10-29,934.14,935.61,923.41,931.6,49993600,VNCONS,Tiêu dùng thiết yếu
2021-11-01,930.78,932.4,920.87,922.76,54877400,VNCONS,Tiêu dùng thiết yếu
2021-11-02,923.75,929.64,921.14,922.54,55445600,VNCONS,Tiêu dùng thiết yếu
2021-11-03,923.46,928.62,916.39,916.95,80076900,VNCONS,Tiêu dùng thiết yếu
2021-11-04,917.56,926.39,913.83,924.74,41551400,VNCONS,Tiêu dùng thiết yếu
2021-11-05,926.89,939.93,924.74,935.88,58150500,VNCONS,Tiêu dùng thiết yếu
2021-11-08,945.28,957.33,943.01,957.33,85158800,VNCONS,Tiêu dùng thiết yếu
2021-11-09,960.74,960.84,940.98,942.37,56799700,VNCONS,Tiêu dùng thiết yếu
2021-11-10,942.57,949.91,937.65,943.56,56681700,VNCONS,Tiêu dùng thiết yếu
2021-11-11,946.27,949.61,935.11,941.56,69808000,VNCONS,Tiêu dùng thiết yếu
2021-11-12,943.8,950.87,939.32,948.91,46928700,VNCONS,Tiêu dùng thiết yếu
2021-11-15,951.71,957.75,944.68,956.29,67146500,VNCONS,Tiêu dùng thiết yếu
2021-11-16,954.75,956.06,944.46,949.22,63059300,VNCONS,Tiêu dùng thiết yếu
2021-11-17,947.18,952.68,945.64,949.83,43891200,VNCONS,Tiêu dùng thiết yếu
2021-11-18,952.17,955.53,944.35,944.35,45867100,VNCONS,Tiêu dùng thiết yếu
2021-11-19,948.92,949.55,927.48,933.65,82099900,VNCONS,Tiêu dùng thiết yếu
2021-11-22,933.4,942.16,931.66,934.21,56730000,VNCONS,Tiêu dùng thiết yếu
2021-11-23,931.98,955.76,931.3,954.81,38706700,VNCONS,Tiêu dùng thiết yếu
2021-11-24,956.66,969.08,954.06,963.97,34861000,VNCONS,Tiêu dùng thiết yếu
2021-11-25,966.4,971.66,960.99,966.34,35998200,VNCONS,Tiêu dùng thiết yếu
2021-11-26,964.58,971.49,959.55,966.15,59735900,VNCONS,Tiêu dùng thiết yếu
2021-11-29,953.4,966.15,951.21,951.52,50961800,VNCONS,Tiêu dùng thiết yếu
2021-11-30,946.5,956.75,942.61,942.61,39163400,VNCONS,Tiêu dùng thiết yếu
2021-12-01,942.73,949.36,942.45,943.51,25592600,VNCONS,Tiêu dùng thiết yếu
2021-12-02,942.71,953.93,942.57,948.24,29335500,VNCONS,Tiêu dùng thiết yếu
2021-12-03,948.85,949.78,930.9,930.9,34870100,VNCONS,Tiêu dùng thiết yếu
2021-12-06,930.07,936.28,907.68,920.56,36957500,VNCONS,Tiêu dùng thiết yếu
2021-12-07,923.48,934.34,923.31,934.34,23888200,VNCONS,Tiêu dùng thiết yếu
2021-12-08,933.2,936.64,931.55,932.81,30877800,VNCONS,Tiêu dùng thiết yếu
2021-12-09,929.6,946.7,929.47,946.7,34054100,VNCONS,Tiêu dùng thiết yếu
2021-12-10,943.69,950.8,939.18,945.76,95034200,VNCONS,Tiêu dùng thiết yếu
2021-12-13,948.22,958.35,947.6,954.99,40749900,VNCONS,Tiêu dùng thiết yếu
2021-12-14,955.02,960.89,953.85,957.11,51547200,VNCONS,Tiêu dùng thiết yếu
2021-12-15,954.38,961.75,953.77,961.75,68304400,VNCONS,Tiêu dùng thiết yếu
2021-12-16,962.23,963.78,942.37,961.93,42473300,VNCONS,Tiêu dùng thiết yếu
2021-12-17,962.41,965.18,950.33,950.33,52489500,VNCONS,Tiêu dùng thiết yếu
2021-12-20,961.0,963.09,950.0,957.63,48073200,VNCONS,Tiêu dùng thiết yếu
2021-12-21,956.67,964.79,951.15,964.2,49372800,VNCONS,Tiêu dùng thiết yếu
2021-12-22,968.84,974.04,964.36,969.64,63202300,VNCONS,Tiêu dùng thiết yếu
2021-12-23,968.62,978.6,959.61,968.1,67366800,VNCONS,Tiêu dùng thiết yếu
2021-12-24,970.56,982.48,965.39,975.69,34292900,VNCONS,Tiêu dùng thiết yếu
2021-12-27,977.8,986.15,972.1,974.96,62594900,VNCONS,Tiêu dùng thiết yếu
2021-12-28,976.23,988.14,967.49,977.86,60789700,VNCONS,Tiêu dùng thiết yếu
2021-12-29,977.64,983.81,971.0,977.65,54926200,VNCONS,Tiêu dùng thiết yếu
2021-12-30,977.68,980.1,970.25,977.24,46699300,VNCONS,Tiêu dùng thiết yếu
2021-12-31,974.2,983.21,971.44,979.63,52153800,VNCONS,Tiêu dùng thiết yếu
2022-01-04,979.61,984.47,978.95,981.66,37527700,VNCONS,Tiêu dùng thiết yếu
2022-01-05,982.26,985.36,965.09,965.09,56635600,VNCONS,Tiêu dùng thiết yếu
2022-01-06,965.38,965.71,944.89,944.89,52526100,VNCONS,Tiêu dùng thiết yếu
2022-01-07,948.71,956.83,942.22,943.05,48058100,VNCONS,Tiêu dùng thiết yếu
2022-01-10,943.07,946.13,930.71,930.71,83025000,VNCONS,Tiêu dùng thiết yếu
2022-01-11,930.61,934.32,908.88,908.88,48614900,VNCONS,Tiêu dùng thiết yếu
2022-01-12,909.41,915.08,898.23,906.65,63345300,VNCONS,Tiêu dùng thiết yếu
2022-01-13,906.02,911.76,891.98,897.93,42575300,VNCONS,Tiêu dùng thiết yếu
2022-01-14,894.39,904.82,886.48,903.24,59305800,VNCONS,Tiêu dùng thiết yếu
2022-01-17,906.3,908.77,870.27,880.25,48726300,VNCONS,Tiêu dùng thiết yếu
2022-01-18,873.62,898.25,872.94,878.82,35428600,VNCONS,Tiêu dùng thiết yếu
2022-01-19,877.71,901.92,876.26,894.89,25525400,VNCONS,Tiêu dùng thiết yếu
2022-01-20,901.39,908.51,896.92,904.38,30318500,VNCONS,Tiêu dùng thiết yếu
2022-01-21,913.93,914.12,903.45,906.49,28621400,VNCONS,Tiêu dùng thiết yếu
2022-01-24,900.67,901.3,871.71,871.71,31040700,VNCONS,Tiêu dùng thiết yếu
2022-01-25,870.0,889.31,859.71,889.31,27748200,VNCONS,Tiêu dùng thiết yếu
2022-01-26,892.47,896.95,876.96,876.96,24191400,VNCONS,Tiêu dùng thiết yếu
2022-01-27,877.34,880.8,870.73,877.74,16308100,VNCONS,Tiêu dùng thiết yếu
2022-01-28,877.73,891.33,877.73,880.49,26119200,VNCONS,Tiêu dùng thiết yếu
2022-02-07,889.31,899.74,884.42,899.24,18192600,VNCONS,Tiêu dùng thiết yếu
2022-02-08,897.56,901.11,892.96,895.51,28896100,VNCONS,Tiêu dùng thiết yếu
2022-02-09,898.84,904.89,894.89,900.52,23895700,VNCONS,Tiêu dùng thiết yếu
2022-02-10,903.44,907.05,900.09,907.05,29439400,VNCONS,Tiêu dùng thiết yếu
2022-02-11,906.53,910.16,903.66,906.95,26803900,VNCONS,Tiêu dùng thiết yếu
2022-02-14,897.74,908.97,896.37,907.94,40328800,VNCONS,Tiêu dùng thiết yếu
2022-02-15,908.08,927.52,904.5,927.52,30017800,VNCONS,Tiêu dùng thiết yếu
2022-02-16,927.91,929.02,920.67,923.39,27573600,VNCONS,Tiêu dùng thiết yếu
2022-02-17,923.35,938.63,922.92,938.63,30907900,VNCONS,Tiêu dùng thiết yếu
2022-02-18,927.94,944.5,925.68,941.16,36464200,VNCONS,Tiêu dùng thiết yếu
2022-02-21,942.99,943.56,935.73,937.71,34525300,VNCONS,Tiêu dùng thiết yếu
2022-02-22,937.37,937.37,922.26,927.7,36191800,VNCONS,Tiêu dùng thiết yếu
2022-02-23,928.75,938.39,927.51,932.57,39477700,VNCONS,Tiêu dùng thiết yếu
2022-02-24,931.99,938.0,917.35,929.24,47484200,VNCONS,Tiêu dùng thiết yếu
2022-02-25,935.75,937.7,928.3,928.3,28931500,VNCONS,Tiêu dùng thiết yếu
2022-02-28,927.7,932.21,921.97,922.45,33747200,VNCONS,Tiêu dùng thiết yếu
2022-03-01,925.63,928.88,923.56,928.33,41986900,VNCONS,Tiêu dùng thiết yếu
2022-03-02,924.78,932.98,923.43,930.05,37729600,VNCONS,Tiêu dùng thiết yếu
2022-03-03,935.39,948.65,931.75,942.96,61293700,VNCONS,Tiêu dùng thiết yếu
2022-03-04,946.94,949.98,940.44,944.23,58536900,VNCONS,Tiêu dùng thiết yếu
2022-03-07,941.82,949.53,936.85,940.17,65762500,VNCONS,Tiêu dùng thiết yếu
2022-03-08,935.59,942.72,928.9,930.18,60017400,VNCONS,Tiêu dùng thiết yếu
2022-03-09,930.91,936.53,918.34,922.35,55294900,VNCONS,Tiêu dùng thiết yếu
2022-03-10,923.08,933.48,921.7,921.7,43432200,VNCONS,Tiêu dùng thiết yếu
2022-03-11,920.52,931.46,905.44,906.54,57109100,VNCONS,Tiêu dùng thiết yếu
2022-03-14,903.83,904.11,880.39,885.0,47035300,VNCONS,Tiêu dùng thiết yếu
2022-03-15,883.26,895.6,876.78,895.6,33377900,VNCONS,Tiêu dùng thiết yếu
2022-03-16,901.5,907.11,895.63,901.6,31969800,VNCONS,Tiêu dùng thiết yếu
2022-03-17,905.74,906.0,892.16,892.16,34785200,VNCONS,Tiêu dùng thiết yếu
2022-03-18,893.15,903.94,886.47,886.47,37944900,VNCONS,Tiêu dùng thiết yếu
2022-03-21,892.62,918.73,892.62,917.42,35114300,VNCONS,Tiêu dùng thiết yếu
2022-03-22,920.48,935.09,915.27,929.99,49676900,VNCONS,Tiêu dùng thiết yếu
2022-03-23,928.56,948.03,926.19,931.97,44249200,VNCONS,Tiêu dùng thiết yếu
2022-03-24,934.64,939.88,928.98,929.87,44687500,VNCONS,Tiêu dùng thiết yếu
2022-03-25,931.92,933.6,924.68,931.73,42312200,VNCONS,Tiêu dùng thiết yếu
2022-03-28,931.77,932.58,919.23,931.36,82794500,VNCONS,Tiêu dùng thiết yếu
2022-03-29,933.47,940.28,928.22,932.97,52870700,VNCONS,Tiêu dùng thiết yếu
2022-03-30,928.05,936.02,923.9,934.81,57004400,VNCONS,Tiêu dùng thiết yếu
2022-03-31,935.59,947.78,932.36,946.05,45759900,VNCONS,Tiêu dùng thiết yếu
2022-04-01,947.95,967.9,942.93,961.71,43195600,VNCONS,Tiêu dùng thiết yếu
2022-04-04,970.32,981.81,967.37,967.37,38426200,VNCONS,Tiêu dùng thiết yếu
2022-04-05,970.8,971.32,960.94,964.53,29209000,VNCONS,Tiêu dùng thiết yếu
2022-04-06,961.29,971.17,956.4,964.78,27625400,VNCONS,Tiêu dùng thiết yếu
2022-04-07,967.86,968.81,952.13,952.13,27628600,VNCONS,Tiêu dùng thiết yếu
2022-04-08,951.27,953.73,934.88,934.88,29456400,VNCONS,Tiêu dùng thiết yếu
2022-04-12,952.49,953.07,931.41,936.61,23834100,VNCONS,Tiêu dùng thiết yếu
2022-04-13,940.21,957.4,939.33,950.52,23650600,VNCONS,Tiêu dùng thiết yếu
2022-04-14,953.82,958.09,950.69,953.55,20947400,VNCONS,Tiêu dùng thiết yếu
2022-04-15,953.98,965.39,950.11,954.83,27720200,VNCONS,Tiêu dùng thiết yếu
2022-04-18,957.29,959.63,948.23,949.69,31396700,VNCONS,Tiêu dùng thiết yếu
2022-04-19,954.06,959.05,930.66,933.0,29138800,VNCONS,Tiêu dùng thiết yếu
2022-04-20,931.93,942.75,924.34,933.0,35337700,VNCONS,Tiêu dùng thiết yếu
2022-04-21,931.41,931.41,917.33,924.15,37702400,VNCONS,Tiêu dùng thiết yếu
2022-04-22,927.19,933.75,912.56,920.77,29561600,VNCONS,Tiêu dùng thiết yếu
2022-04-25,920.73,920.79,872.65,873.95,25359600,VNCONS,Tiêu dùng thiết yếu
2022-04-26,862.06,906.31,837.07,888.76,32768700,VNCONS,Tiêu dùng thiết yếu
2022-04-27,888.25,908.47,864.25,900.93,23770500,VNCONS,Tiêu dùng thiết yếu
2022-04-28,899.99,901.55,890.08,892.11,18002700,VNCONS,Tiêu dùng thiết yếu
2022-04-29,891.73,909.45,887.16,900.37,21433800,VNCONS,Tiêu dùng thiết yếu
2022-05-04,896.62,900.25,886.44,886.44,21276800,VNCONS,Tiêu dùng thiết yếu
2022-05-05,893.07,896.95,874.0,896.95,23378400,VNCONS,Tiêu dùng thiết yếu
2022-05-06,891.0,892.63,875.51,880.27,22180400,VNCONS,Tiêu dùng thiết yếu
2022-05-09,871.91,874.37,845.07,854.56,26780600,VNCONS,Tiêu dùng thiết yếu
2022-05-10,852.76,861.13,831.28,861.13,25985100,VNCONS,Tiêu dùng thiết yếu
2022-05-11,857.1,860.15,843.63,846.99,17122600,VNCONS,Tiêu dùng thiết yếu
2022-05-12,844.33,847.02,801.38,801.38,24096600,VNCONS,Tiêu dùng thiết yếu
2022-05-13,797.63,802.81,764.41,766.1,28166300,VNCONS,Tiêu dùng thiết yếu
2022-05-16,776.12,783.72,740.49,741.02,25331100,VNCONS,Tiêu dùng thiết yếu
2022-05-17,726.85,787.55,722.74,787.55,24683700,VNCONS,Tiêu dùng thiết yếu
2022-05-18,794.58,813.3,780.8,811.15,19056200,VNCONS,Tiêu dùng thiết yếu
2022-05-19,797.48,832.52,789.11,829.39,16628400,VNCONS,Tiêu dùng thiết yếu
2022-05-20,825.68,834.99,814.17,816.59,15575100,VNCONS,Tiêu dùng thiết yếu
2022-05-23,823.38,823.38,794.93,802.23,20368300,VNCONS,Tiêu dùng thiết yếu
2022-05-24,802.92,831.17,802.56,829.7,21133200,VNCONS,Tiêu dùng thiết yếu
2022-05-25,833.07,860.87,830.38,853.86,25213900,VNCONS,Tiêu dùng thiết yếu
2022-05-26,854.84,856.97,843.75,848.62,24555300,VNCONS,Tiêu dùng thiết yếu
2022-05-27,848.88,864.79,847.09,856.84,34391500,VNCONS,Tiêu dùng thiết yếu
2022-05-30,857.22,858.36,851.47,858.29,22382600,VNCONS,Tiêu dùng thiết yếu
2022-05-31,858.15,869.88,851.18,866.79,22464800,VNCONS,Tiêu dùng thiết yếu
2022-06-01,859.28,880.33,858.16,880.33,31210000,VNCONS,Tiêu dùng thiết yếu
2022-06-02,881.66,883.78,872.13,878.03,22924200,VNCONS,Tiêu dùng thiết yếu
2022-06-03,885.29,885.54,873.83,880.39,22965800,VNCONS,Tiêu dùng thiết yếu
2022-06-06,888.15,894.31,874.05,893.06,26399400,VNCONS,Tiêu dùng thiết yếu
2022-06-07,884.66,906.45,875.48,906.45,37371700,VNCONS,Tiêu dùng thiết yếu
2022-06-08,911.73,923.93,910.85,915.19,29137400,VNCONS,Tiêu dùng thiết yếu
2022-06-09,913.55,913.57,905.58,908.46,19470100,VNCONS,Tiêu dùng thiết yếu
2022-06-10,898.25,912.49,896.03,896.03,30743300,VNCONS,Tiêu dùng thiết yếu
2022-06-13,870.49,876.91,847.96,847.96,34958800,VNCONS,Tiêu dùng thiết yếu
2022-06-14,828.39,857.79,828.39,843.64,30129800,VNCONS,Tiêu dùng thiết yếu
2022-06-15,849.91,857.37,827.37,836.6,26967600,VNCONS,Tiêu dùng thiết yếu
2022-06-16,848.16,879.72,845.8,872.99,31393100,VNCONS,Tiêu dùng thiết yếu
2022-06-17,854.62,883.01,849.74,877.21,34797000,VNCONS,Tiêu dùng thiết yếu
2022-06-20,869.62,886.7,859.06,859.06,37509700,VNCONS,Tiêu dùng thiết yếu
2022-06-21,857.17,874.29,844.62,863.35,32936800,VNCONS,Tiêu dùng thiết yếu
2022-06-22,864.28,873.38,833.88,833.88,29084800,VNCONS,Tiêu dùng thiết yếu
2022-06-23,833.62,855.95,827.54,855.95,18922400,VNCONS,Tiêu dùng thiết yếu
2022-06-24,857.53,868.52,857.49,859.52,18906300,VNCONS,Tiêu dùng thiết yếu
2022-06-27,862.48,871.16,857.18,868.8,18911400,VNCONS,Tiêu dùng thiết yếu
2022-06-28,868.44,873.9,859.57,869.94,32807600,VNCONS,Tiêu dùng thiết yếu
2022-06-29,853.96,877.24,853.81,877.24,28543300,VNCONS,Tiêu dùng thiết yếu
2022-06-30,879.3,884.98,867.06,867.06,23854600,VNCONS,Tiêu dùng thiết yếu
2022-07-01,863.98,869.76,849.71,860.18,25327500,VNCONS,Tiêu dùng thiết yếu
2022-07-04,861.14,870.63,854.02,854.69,24663200,VNCONS,Tiêu dùng thiết yếu
2022-07-05,855.52,857.64,819.29,819.29,36334600,VNCONS,Tiêu dùng thiết yếu
2022-07-06,818.06,818.06,794.24,796.28,40142200,VNCONS,Tiêu dùng thiết yếu
2022-07-07,796.95,821.88,796.45,820.13,19074800,VNCONS,Tiêu dùng thiết yếu
2022-07-08,824.87,828.58,819.25,825.5,18723400,VNCONS,Tiêu dùng thiết yếu
2022-07-11,815.81,826.97,811.12,815.47,30914100,VNCONS,Tiêu dùng thiết yếu
2022-07-12,817.05,827.58,813.51,825.45,52547900,VNCONS,Tiêu dùng thiết yếu
2022-07-13,823.81,832.01,818.88,818.88,29035900,VNCONS,Tiêu dùng thiết yếu
2022-07-14,817.57,827.2,817.25,824.84,44070200,VNCONS,Tiêu dùng thiết yếu
2022-07-15,825.17,828.86,817.7,818.18,37354100,VNCONS,Tiêu dùng thiết yếu
2022-07-18,821.14,828.41,818.74,822.56,38812600,VNCONS,Tiêu dùng thiết yếu
2022-07-19,823.13,830.33,820.66,830.33,40242600,VNCONS,Tiêu dùng thiết yếu
2022-07-20,836.61,846.16,834.68,837.52,49518100,VNCONS,Tiêu dùng thiết yếu
2022-07-21,836.88,848.63,835.85,843.72,37672300,VNCONS,Tiêu dùng thiết yếu
2022-07-22,843.4,849.93,838.97,846.27,29686900,VNCONS,Tiêu dùng thiết yếu
2022-07-25,846.99,853.38,839.04,848.82,32126200,VNCONS,Tiêu dùng thiết yếu
2022-07-26,844.78,852.19,841.48,844.93,28128700,VNCONS,Tiêu dùng thiết yếu
2022-07-27,844.38,847.58,838.49,847.58,21626200,VNCONS,Tiêu dùng thiết yếu
2022-07-28,847.7,857.12,847.7,852.91,41543700,VNCONS,Tiêu dùng thiết yếu
2022-07-29,856.56,862.0,839.92,839.92,36561100,VNCONS,Tiêu dùng thiết yếu
2022-08-01,839.94,853.91,835.47,853.91,55046900,VNCONS,Tiêu dùng thiết yếu
2022-08-02,854.2,859.74,844.59,855.56,47845800,VNCONS,Tiêu dùng thiết yếu
2022-08-03,850.45,860.78,846.29,859.76,59229700,VNCONS,Tiêu dùng thiết yếu
2022-08-04,860.03,860.93,849.87,853.72,47503400,VNCONS,Tiêu dùng thiết yếu
2022-08-05,852.39,852.64,840.41,840.54,37803800,VNCONS,Tiêu dùng thiết yếu
2022-08-08,840.96,844.81,838.6,843.21,44800400,VNCONS,Tiêu dùng thiết yếu
2022-08-09,849.02,849.54,843.83,846.4,46056600,VNCONS,Tiêu dùng thiết yếu
2022-08-10,845.76,851.11,843.99,847.69,43436300,VNCONS,Tiêu dùng thiết yếu
2022-08-11,849.88,853.24,840.47,843.25,54797900,VNCONS,Tiêu dùng thiết yếu
2022-08-12,842.32,849.57,840.41,849.57,37462200,VNCONS,Tiêu dùng thiết yếu
2022-08-15,854.57,856.57,848.53,856.57,45885200,VNCONS,Tiêu dùng thiết yếu
2022-08-16,858.9,863.3,855.36,859.5,43047300,VNCONS,Tiêu dùng thiết yếu
2022-08-17,860.84,868.04,858.83,866.35,44748800,VNCONS,Tiêu dùng thiết yếu
2022-08-18,866.87,883.37,866.3,872.37,40823800,VNCONS,Tiêu dùng thiết yếu
2022-08-19,871.89,881.62,866.76,871.68,45292800,VNCONS,Tiêu dùng thiết yếu
2022-08-22,871.07,876.65,865.66,868.05,36780700,VNCONS,Tiêu dùng thiết yếu
2022-08-23,863.8,877.33,862.73,877.33,31764300,VNCONS,Tiêu dùng thiết yếu
2022-08-24,878.91,893.38,878.54,886.11,52173800,VNCONS,Tiêu dùng thiết yếu
2022-08-25,887.43,893.91,884.87,893.55,46195100,VNCONS,Tiêu dùng thiết yếu
2022-08-26,895.48,896.22,882.85,886.04,45912600,VNCONS,Tiêu dùng thiết yếu
2022-08-29,879.32,884.67,871.75,880.7,51434000,VNCONS,Tiêu dùng thiết yếu
2022-08-30,880.92,895.28,880.92,890.09,42745000,VNCONS,Tiêu dùng thiết yếu
2022-08-31,890.64,897.34,888.81,892.27,45619100,VNCONS,Tiêu dùng thiết yếu
2022-09-05,890.41,903.91,890.17,902.03,38296300,VNCONS,Tiêu dùng thiết yếu
2022-09-06,902.66,911.92,899.37,899.37,44372300,VNCONS,Tiêu dùng thiết yếu
2022-09-07,898.44,898.84,872.62,872.62,49408800,VNCONS,Tiêu dùng thiết yếu
2022-09-08,880.66,887.86,873.94,881.96,40680900,VNCONS,Tiêu dùng thiết yếu
2022-09-09,885.89,890.35,880.28,890.35,28851400,VNCONS,Tiêu dùng thiết yếu
2022-09-12,892.79,896.11,887.57,888.8,27370229,VNCONS,Tiêu dùng thiết yếu
2022-09-13,889.42,896.6,887.68,889.69,40440400,VNCONS,Tiêu dùng thiết yếu
2022-09-14,881.82,882.66,871.08,875.98,38167100,VNCONS,Tiêu dùng thiết yếu
2022-09-15,884.28,886.76,874.37,875.96,25870100,VNCONS,Tiêu dùng thiết yếu
2022-09-16,875.34,878.65,867.31,877.23,45539400,VNCONS,Tiêu dùng thiết yếu
2022-09-19,873.53,877.22,863.56,866.55,42821000,VNCONS,Tiêu dùng thiết yếu
2022-09-20,868.15,874.67,861.99,874.67,28964000,VNCONS,Tiêu dùng thiết yếu
2022-09-21,870.58,874.85,865.27,871.98,22308300,VNCONS,Tiêu dùng thiết yếu
2022-09-22,866.6,869.7,855.32,868.88,27759000,VNCONS,Tiêu dùng thiết yếu
2022-09-23,866.5,870.89,860.67,861.65,35471900,VNCONS,Tiêu dùng thiết yếu
2022-09-26,849.69,857.88,833.21,837.81,44886500,VNCONS,Tiêu dùng thiết yếu
2022-09-27,836.2,841.17,824.73,825.69,30953200,VNCONS,Tiêu dùng thiết yếu
2022-09-28,817.05,818.08,799.29,799.29,40228638,VNCONS,Tiêu dùng thiết yếu
2022-09-29,804.01,812.65,788.62,788.62,27886043,VNCONS,Tiêu dùng thiết yếu
2022-09-30,776.94,800.67,775.51,792.66,36091561,VNCONS,Tiêu dùng thiết yếu
2022-10-03,784.74,789.06,759.0,762.56,23486562,VNCONS,Tiêu dùng thiết yếu
2022-10-04,765.12,769.95,749.6,753.18,27573697,VNCONS,Tiêu dùng thiết yếu
2022-10-05,765.07,770.65,761.53,766.32,21321697,VNCONS,Tiêu dùng thiết yếu
2022-10-06,764.96,765.64,735.71,735.71,25153238,VNCONS,Tiêu dùng thiết yếu
2022-10-07,721.96,725.57,695.96,711.29,35097680,VNCONS,Tiêu dùng thiết yếu
2022-10-10,705.15,732.36,688.23,717.63,23955551,VNCONS,Tiêu dùng thiết yếu
2022-10-11,715.36,715.76,693.84,708.25,31104243,VNCONS,Tiêu dùng thiết yếu
2022-10-12,712.01,728.58,709.07,723.58,25381129,VNCONS,Tiêu dùng thiết yếu
2022-10-13,724.44,729.37,711.81,729.37,18972267,VNCONS,Tiêu dùng thiết yếu
2022-10-14,740.5,742.48,735.71,736.43,24135211,VNCONS,Tiêu dùng thiết yếu
2022-10-17,733.6,746.23,727.02,738.65,21031694,VNCONS,Tiêu dùng thiết yếu
2022-10-18,748.37,761.23,746.51,755.36,25411521,VNCONS,Tiêu dùng thiết yếu
2022-10-19,757.02,758.77,750.15,750.79,17848393,VNCONS,Tiêu dùng thiết yếu
2022-10-20,748.71,753.55,739.66,749.54,18474190,VNCONS,Tiêu dùng thiết yếu
2022-10-21,752.49,752.49,721.98,723.41,30450995,VNCONS,Tiêu dùng thiết yếu
2022-10-24,723.37,728.06,697.77,698.82,30043944,VNCONS,Tiêu dùng thiết yếu
2022-10-25,698.9,722.5,690.1,714.76,27891711,VNCONS,Tiêu dùng thiết yếu
2022-10-26,716.87,724.22,710.78,724.22,20870574,VNCONS,Tiêu dùng thiết yếu
2022-10-27,725.28,752.86,719.94,752.86,21349790,VNCONS,Tiêu dùng thiết yếu
2022-10-28,755.12,756.53,744.87,750.76,23655614,VNCONS,Tiêu dùng thiết yếu
2022-10-31,751.03,755.48,738.62,755.48,25983043,VNCONS,Tiêu dùng thiết yếu
2022-11-01,755.93,773.98,755.93,762.15,22624575,VNCONS,Tiêu dùng thiết yếu
2022-11-02,761.55,763.54,739.17,739.17,23496255,VNCONS,Tiêu dùng thiết yếu
2022-11-03,734.32,756.14,733.8,756.14,22152115,VNCONS,Tiêu dùng thiết yếu
2022-11-04,751.13,754.72,733.45,748.35,29731426,VNCONS,Tiêu dùng thiết yếu
2022-11-07,747.8,762.16,743.21,751.56,27346086,VNCONS,Tiêu dùng thiết yếu
2022-11-08,747.88,757.33,732.1,756.17,29936662,VNCONS,Tiêu dùng thiết yếu
2022-11-09,757.48,759.49,744.1,754.92,18745166,VNCONS,Tiêu dùng thiết yếu
2022-11-10,752.28,753.38,713.54,721.54,31420924,VNCONS,Tiêu dùng thiết yếu
2022-11-11,726.76,742.86,723.46,731.06,31358000,VNCONS,Tiêu dùng thiết yếu
2022-11-14,725.79,745.75,707.6,734.28,26334333,VNCONS,Tiêu dùng thiết yếu
2022-11-15,727.73,728.55,706.77,718.25,25277619,VNCONS,Tiêu dùng thiết yếu
2022-11-16,702.71,728.03,689.95,717.58,52367236,VNCONS,Tiêu dùng thiết yếu
2022-11-17,718.19,745.09,718.19,741.61,25958123,VNCONS,Tiêu dùng thiết yếu
2022-11-18,741.09,748.11,720.73,734.88,42771949,VNCONS,Tiêu dùng thiết yếu
2022-11-21,736.54,738.3,727.59,736.15,28064328,VNCONS,Tiêu dùng thiết yếu
2022-11-22,736.23,757.22,722.53,733.57,40257862,VNCONS,Tiêu dùng thiết yếu
2022-11-23,725.58,737.19,720.58,735.03,22335725,VNCONS,Tiêu dùng thiết yếu
2022-11-24,731.63,733.46,722.22,729.87,23824571,VNCONS,Tiêu dùng thiết yếu
2022-11-25,733.83,747.67,733.71,746.47,27649087,VNCONS,Tiêu dùng thiết yếu
2022-11-28,745.43,763.1,745.43,759.88,36669105,VNCONS,Tiêu dùng thiết yếu
2022-11-29,762.58,775.29,755.51,775.29,50274437,VNCONS,Tiêu dùng thiết yếu
2022-11-30,779.66,788.51,761.55,788.51,36308445,VNCONS,Tiêu dùng thiết yếu
2022-12-01,791.07,791.07,775.64,775.64,56120222,VNCONS,Tiêu dùng thiết yếu
2022-12-02,774.56,800.58,772.74,800.58,40321684,VNCONS,Tiêu dùng thiết yếu
2022-12-05,804.03,822.75,801.31,810.0,45926889,VNCONS,Tiêu dùng thiết yếu
2022-12-06,809.28,815.48,794.88,795.1,78445584,VNCONS,Tiêu dùng thiết yếu
2022-12-07,796.83,813.99,783.65,786.79,44837720,VNCONS,Tiêu dùng thiết yếu
2022-12-08,797.94,809.29,772.17,772.17,42965640,VNCONS,Tiêu dùng thiết yếu
2022-12-09,779.58,789.33,766.91,771.39,29980834,VNCONS,Tiêu dùng thiết yếu
2022-12-12,781.24,782.6,765.66,769.9,49164911,VNCONS,Tiêu dùng thiết yếu
2022-12-13,769.5,771.4,763.24,768.54,37560037,VNCONS,Tiêu dùng thiết yếu
2022-12-14,769.05,780.54,763.67,766.69,35010394,VNCONS,Tiêu dùng thiết yếu
2022-12-15,768.82,780.26,762.87,772.65,32626897,VNCONS,Tiêu dùng thiết yếu
2022-12-16,771.23,775.46,761.98,761.98,38191053,VNCONS,Tiêu dùng thiết yếu
2022-12-19,762.15,766.26,751.83,756.89,44424085,VNCONS,Tiêu dùng thiết yếu
2022-12-20,751.92,762.89,744.87,756.21,46695207,VNCONS,Tiêu dùng thiết yếu
2022-12-21,761.96,764.15,753.49,760.75,43971940,VNCONS,Tiêu dùng thiết yếu
2022-12-22,761.19,762.87,746.34,750.52,24970658,VNCONS,Tiêu dùng thiết yếu
2022-12-23,745.36,754.72,739.04,747.56,18230497,VNCONS,Tiêu dùng thiết yếu
2022-12-26,747.65,749.72,728.07,728.07,27117426,VNCONS,Tiêu dùng thiết yếu
2022-12-27,730.1,750.37,727.68,736.73,26356651,VNCONS,Tiêu dùng thiết yếu
2022-12-28,738.86,755.16,734.75,747.08,23414501,VNCONS,Tiêu dùng thiết yếu
2022-12-29,747.77,757.0,744.66,746.74,19214413,VNCONS,Tiêu dùng thiết yếu
2022-12-30,755.56,756.17,740.48,740.48,19466815,VNCONS,Tiêu dùng thiết yếu
2023-01-03,748.53,761.86,746.46,761.86,23940553,VNCONS,Tiêu dùng thiết yếu
2023-01-04,766.08,773.05,761.61,773.05,29518758,VNCONS,Tiêu dùng thiết yếu
2023-01-05,775.08,784.61,773.89,782.36,29079079,VNCONS,Tiêu dùng thiết yếu
2023-01-06,782.44,784.28,762.62,766.55,29099009,VNCONS,Tiêu dùng thiết yếu
2023-01-09,770.18,774.33,765.02,768.47,25727232,VNCONS,Tiêu dùng thiết yếu
2023-01-10,769.69,769.71,760.76,764.15,23467743,VNCONS,Tiêu dùng thiết yếu
2023-01-11,768.05,770.77,758.43,761.86,20528606,VNCONS,Tiêu dùng thiết yếu
2023-01-12,765.23,767.45,754.43,757.54,26669405,VNCONS,Tiêu dùng thiết yếu
2023-01-13,761.99,767.95,761.46,765.28,21803195,VNCONS,Tiêu dùng thiết yếu
2023-01-16,766.51,770.41,758.15,760.14,18776958,VNCONS,Tiêu dùng thiết yếu
2023-01-17,760.14,775.35,756.11,775.35,22673167,VNCONS,Tiêu dùng thiết yếu
2023-01-18,777.93,786.14,772.66,786.14,34406818,VNCONS,Tiêu dùng thiết yếu
2023-01-19,781.36,793.25,775.48,793.25,31233274,VNCONS,Tiêu dùng thiết yếu
2023-01-27,795.64,809.21,788.92,794.78,29487203,VNCONS,Tiêu dùng thiết yếu
2023-01-30,798.57,798.95,786.52,786.56,37865074,VNCONS,Tiêu dùng thiết yếu
2023-01-31,779.57,785.53,774.43,779.1,37970873,VNCONS,Tiêu dùng thiết yếu
2023-02-01,780.11,783.78,760.07,760.68,54945004,VNCONS,Tiêu dùng thiết yếu
2023-02-02,770.12,770.38,754.92,759.64,33665607,VNCONS,Tiêu dùng thiết yếu
2023-02-03,758.38,761.29,747.72,758.59,27978100,VNCONS,Tiêu dùng thiết yếu
2023-02-06,758.55,764.23,750.74,764.23,17787007,VNCONS,Tiêu dùng thiết yếu
2023-02-07,762.85,762.85,748.09,748.74,29165103,VNCONS,Tiêu dùng thiết yếu
2023-02-08,748.44,755.11,746.42,747.48,17869406,VNCONS,Tiêu dùng thiết yếu
2023-02-09,748.36,751.87,740.57,740.57,28409148,VNCONS,Tiêu dùng thiết yếu
2023-02-10,741.42,743.91,732.28,741.81,22933191,VNCONS,Tiêu dùng thiết yếu
2023-02-13,741.42,742.4,725.13,739.86,32569176,VNCONS,Tiêu dùng thiết yếu
2023-02-14,741.34,743.11,731.88,737.05,15869760,VNCONS,Tiêu dùng thiết yếu
2023-02-15,736.52,744.54,733.37,743.39,18392871,VNCONS,Tiêu dùng thiết yếu
2023-02-16,743.61,747.14,739.86,746.82,17767902,VNCONS,Tiêu dùng thiết yếu
2023-02-17,745.63,746.58,735.0,738.69,16750988,VNCONS,Tiêu dùng thiết yếu
2023-02-20,739.34,756.96,739.22,756.96,27037229,VNCONS,Tiêu dùng thiết yếu
2023-02-21,755.76,758.95,749.79,753.28,27924843,VNCONS,Tiêu dùng thiết yếu
2023-02-22,751.8,751.8,734.61,734.61,27217154,VNCONS,Tiêu dùng thiết yếu
2023-02-23,735.83,735.83,717.74,724.42,27081466,VNCONS,Tiêu dùng thiết yếu
2023-02-24,728.75,728.78,710.42,714.75,15885139,VNCONS,Tiêu dùng thiết yếu
2023-02-27,714.32,714.32,693.05,694.19,20363253,VNCONS,Tiêu dùng thiết yếu
2023-02-28,703.86,707.6,695.44,703.15,16353087,VNCONS,Tiêu dùng thiết yếu
2023-03-01,703.19,708.62,694.51,708.62,18187447,VNCONS,Tiêu dùng thiết yếu
2023-03-02,705.82,710.0,700.59,701.54,15935858,VNCONS,Tiêu dùng thiết yếu
2023-03-03,702.0,705.92,688.33,688.84,14626729,VNCONS,Tiêu dùng thiết yếu
2023-03-06,690.93,697.72,679.88,679.88,14693408,VNCONS,Tiêu dùng thiết yếu
2023-03-07,688.03,699.02,684.5,693.87,15193788,VNCONS,Tiêu dùng thiết yếu
2023-03-08,690.1,703.13,687.46,702.88,19049669,VNCONS,Tiêu dùng thiết yếu
2023-03-09,702.41,708.48,702.4,705.8,29072569,VNCONS,Tiêu dùng thiết yếu
2023-03-10,704.09,717.46,702.56,715.23,20308499,VNCONS,Tiêu dùng thiết yếu
2023-03-13,713.58,720.91,712.69,716.59,21016085,VNCONS,Tiêu dùng thiết yếu
2023-03-14,713.76,716.55,705.17,711.91,26747610,VNCONS,Tiêu dùng thiết yếu
2023-03-15,712.4,719.96,712.4,719.8,19457829,VNCONS,Tiêu dùng thiết yếu
2023-03-16,718.93,719.01,704.4,712.84,15972941,VNCONS,Tiêu dùng thiết yếu
2023-03-17,713.14,713.94,704.69,705.56,21697077,VNCONS,Tiêu dùng thiết yếu
2023-03-20,705.04,705.7,690.43,696.18,18873795,VNCONS,Tiêu dùng thiết yếu
2023-03-21,696.66,700.11,687.65,693.51,16024046,VNCONS,Tiêu dùng thiết yếu
2023-03-22,693.69,696.46,687.69,695.35,15371825,VNCONS,Tiêu dùng thiết yếu
2023-03-23,691.08,697.32,688.54,697.32,14450726,VNCONS,Tiêu dùng thiết yếu
2023-03-24,695.66,696.36,692.49,693.77,16927238,VNCONS,Tiêu dùng thiết yếu
2023-03-27,694.12,694.21,685.96,688.43,17595710,VNCONS,Tiêu dùng thiết yếu
2023-03-28,690.66,693.72,688.43,690.85,23416688,VNCONS,Tiêu dùng thiết yếu
2023-03-29,692.97,695.52,687.24,695.52,14370852,VNCONS,Tiêu dùng thiết yếu
2023-03-30,697.0,699.39,694.77,696.45,19057627,VNCONS,Tiêu dùng thiết yếu
2023-03-31,696.74,699.28,690.6,690.6,15883072,VNCONS,Tiêu dùng thiết yếu
2023-04-03,693.54,695.62,686.85,688.72,28412800,VNCONS,Tiêu dùng thiết yếu
2023-04-04,689.22,695.51,689.18,694.15,36264542,VNCONS,Tiêu dùng thiết yếu
2023-04-05,695.04,696.75,691.15,694.47,24443393,VNCONS,Tiêu dùng thiết yếu
2023-04-06,694.76,696.36,688.85,688.85,33882863,VNCONS,Tiêu dùng thiết yếu
2023-04-07,689.88,693.15,689.0,692.11,22813396,VNCONS,Tiêu dùng thiết yếu
2023-04-10,693.83,695.57,691.06,692.52,37960089,VNCONS,Tiêu dùng thiết yếu
2023-04-11,693.58,695.47,692.32,695.47,31419828,VNCONS,Tiêu dùng thiết yếu
2023-04-12,696.21,699.6,694.61,697.63,22817177,VNCONS,Tiêu dùng thiết yếu
2023-04-13,699.25,701.62,692.64,692.64,20839081,VNCONS,Tiêu dùng thiết yếu
2023-04-14,694.05,696.0,686.55,686.55,29766107,VNCONS,Tiêu dùng thiết yếu
2023-04-17,686.39,687.88,680.76,683.95,24848780,VNCONS,Tiêu dùng thiết yếu
2023-04-18,684.79,691.45,684.79,691.45,28014415,VNCONS,Tiêu dùng thiết yếu
2023-04-19,692.64,694.65,687.98,689.25,23497513,VNCONS,Tiêu dùng thiết yếu
2023-04-20,692.51,694.41,687.72,688.33,20880344,VNCONS,Tiêu dùng thiết yếu
2023-04-21,691.05,691.42,679.46,680.87,34952270,VNCONS,Tiêu dùng thiết yếu
2023-04-24,682.19,682.26,669.86,669.86,28257853,VNCONS,Tiêu dùng thiết yếu
2023-04-25,670.0,675.43,662.17,663.04,28365016,VNCONS,Tiêu dùng thiết yếu
2023-04-26,663.11,667.45,661.83,667.45,20637825,VNCONS,Tiêu dùng thiết yếu
2023-04-27,668.83,669.96,662.2,665.41,18011555,VNCONS,Tiêu dùng thiết yếu
2023-04-28,668.5,670.8,666.09,668.98,27162325,VNCONS,Tiêu dùng thiết yếu
2023-05-04,667.9,667.9,653.34,653.83,30572546,VNCONS,Tiêu dùng thiết yếu
2023-05-05,654.93,664.24,654.65,663.11,21250431,VNCONS,Tiêu dùng thiết yếu
2023-05-08,666.42,675.51,666.04,673.06,22570557,VNCONS,Tiêu dùng thiết yếu
2023-05-09,675.5,675.85,669.94,672.0,16629526,VNCONS,Tiêu dùng thiết yếu
2023-05-10,673.46,677.21,671.48,671.62,20550003,VNCONS,Tiêu dùng thiết yếu
2023-05-11,672.61,676.47,669.42,670.35,18955912,VNCONS,Tiêu dùng thiết yếu
2023-05-12,670.6,672.38,667.49,670.63,24611067,VNCONS,Tiêu dùng thiết yếu
2023-05-15,671.34,673.61,666.4,666.4,25177963,VNCONS,Tiêu dùng thiết yếu
2023-05-16,667.15,668.52,663.95,666.99,25504073,VNCONS,Tiêu dùng thiết yếu
2023-05-17,667.38,668.1,663.96,663.96,36062984,VNCONS,Tiêu dùng thiết yếu
2023-05-18,664.88,668.67,660.61,664.29,21876480,VNCONS,Tiêu dùng thiết yếu
2023-05-19,665.52,666.03,655.62,659.72,24514813,VNCONS,Tiêu dùng thiết yếu
2023-05-22,657.56,661.4,657.12,657.61,23119537,VNCONS,Tiêu dùng thiết yếu
2023-05-23,657.91,659.6,647.63,648.87,28801736,VNCONS,Tiêu dùng thiết yếu
2023-05-24,651.38,652.48,644.83,649.74,23365189,VNCONS,Tiêu dùng thiết yếu
2023-05-25,649.3,653.87,645.48,652.48,19764671,VNCONS,Tiêu dùng thiết yếu
2023-05-26,652.94,655.4,649.59,651.83,20380476,VNCONS,Tiêu dùng thiết yếu
2023-05-29,652.57,655.2,651.34,652.04,29174007,VNCONS,Tiêu dùng thiết yếu
2023-05-30,652.81,655.35,650.1,653.88,29294767,VNCONS,Tiêu dùng thiết yếu
2023-05-31,654.14,657.67,651.94,652.3,34863505,VNCONS,Tiêu dùng thiết yếu
2023-06-01,652.75,654.99,650.21,652.03,28847331,VNCONS,Tiêu dùng thiết yếu
2023-06-02,654.5,655.87,650.28,652.4,35844503,VNCONS,Tiêu dùng thiết yếu
2023-06-05,658.0,663.84,657.15,661.61,36970727,VNCONS,Tiêu dùng thiết yếu
2023-06-06,662.16,664.81,658.9,660.91,33315161,VNCONS,Tiêu dùng thiết yếu
2023-06-07,661.01,667.36,659.96,665.83,33334225,VNCONS,Tiêu dùng thiết yếu
2023-06-08,669.43,669.9,659.49,659.49,46956484,VNCONS,Tiêu dùng thiết yếu
2023-06-09,662.15,666.89,658.8,666.41,38457237,VNCONS,Tiêu dùng thiết yếu
2023-06-12,669.48,681.51,668.34,681.51,35971919,VNCONS,Tiêu dùng thiết yếu
2023-06-13,682.77,684.69,678.82,681.14,32152730,VNCONS,Tiêu dùng thiết yếu
2023-06-14,682.18,684.51,675.92,675.92,34005408,VNCONS,Tiêu dùng thiết yếu
2023-06-15,676.47,677.39,668.33,670.72,37758101,VNCONS,Tiêu dùng thiết yếu
2023-06-16,671.19,674.81,663.51,665.71,37477145,VNCONS,Tiêu dùng thiết yếu
2023-06-19,667.14,668.13,659.38,659.75,27990414,VNCONS,Tiêu dùng thiết yếu
2023-06-20,659.99,661.62,658.2,661.62,24354475,VNCONS,Tiêu dùng thiết yếu
2023-06-21,661.8,667.76,659.55,667.76,35205642,VNCONS,Tiêu dùng thiết yếu
2023-06-22,669.31,674.38,667.86,672.21,41601342,VNCONS,Tiêu dùng thiết yếu
2023-06-23,672.16,684.53,672.09,683.82,42912369,VNCONS,Tiêu dùng thiết yếu
2023-06-26,686.95,691.37,678.03,689.88,42101468,VNCONS,Tiêu dùng thiết yếu
2023-06-27,690.53,690.98,683.73,689.36,29799012,VNCONS,Tiêu dùng thiết yếu
2023-06-28,690.17,691.65,683.66,688.66,36871666,VNCONS,Tiêu dùng thiết yếu
2023-06-29,688.05,692.04,683.74,687.07,34456088,VNCONS,Tiêu dùng thiết yếu
2023-06-30,687.15,687.46,681.17,682.28,23368445,VNCONS,Tiêu dùng thiết yếu
2023-07-03,683.51,686.31,682.54,685.22,25137308,VNCONS,Tiêu dùng thiết yếu
2023-07-04,684.81,688.9,683.77,687.99,38593366,VNCONS,Tiêu dùng thiết yếu
2023-07-05,690.38,690.76,685.95,686.5,45770152,VNCONS,Tiêu dùng thiết yếu
2023-07-06,686.65,690.43,684.72,689.33,36900816,VNCONS,Tiêu dùng thiết yếu
2023-07-07,690.57,692.51,687.12,689.97,35270794,VNCONS,Tiêu dùng thiết yếu
2023-07-10,693.2,703.22,692.52,703.22,39569685,VNCONS,Tiêu dùng thiết yếu
2023-07-11,703.22,714.36,703.22,709.8,40319381,VNCONS,Tiêu dùng thiết yếu
2023-07-12,709.89,714.96,709.31,714.82,38981441,VNCONS,Tiêu dùng thiết yếu
2023-07-13,715.41,722.75,715.28,722.11,31406028,VNCONS,Tiêu dùng thiết yếu
2023-07-14,723.64,726.15,713.5,723.13,40195253,VNCONS,Tiêu dùng thiết yếu
2023-07-17,722.23,724.47,714.88,715.98,31020336,VNCONS,Tiêu dùng thiết yếu
2023-07-18,716.02,717.94,713.23,714.2,35158595,VNCONS,Tiêu dùng thiết yếu
2023-07-19,715.3,718.14,714.98,715.77,33258495,VNCONS,Tiêu dùng thiết yếu
2023-07-20,716.17,717.9,710.59,713.55,32643926,VNCONS,Tiêu dùng thiết yếu
2023-07-21,715.33,728.94,715.17,728.94,38136352,VNCONS,Tiêu dùng thiết yếu
2023-07-24,735.18,737.46,729.16,733.03,37914953,VNCONS,Tiêu dùng thiết yếu
2023-07-25,734.41,736.08,728.38,734.7,37010022,VNCONS,Tiêu dùng thiết yếu
2023-07-26,734.78,741.52,733.33,741.46,30982655,VNCONS,Tiêu dùng thiết yếu
2023-07-27,741.25,743.55,736.81,742.29,38427263,VNCONS,Tiêu dùng thiết yếu
2023-07-28,742.92,753.31,741.2,752.87,36398465,VNCONS,Tiêu dùng thiết yếu
2023-07-31,755.16,760.87,755.16,757.67,49211222,VNCONS,Tiêu dùng thiết yếu
2023-08-01,759.59,759.81,748.16,748.16,43424629,VNCONS,Tiêu dùng thiết yếu
2023-08-02,747.95,748.41,741.35,746.35,30019717,VNCONS,Tiêu dùng thiết yếu
2023-08-03,740.46,742.72,734.59,736.23,39594979,VNCONS,Tiêu dùng thiết yếu
2023-08-04,736.5,737.7,733.52,737.7,28090483,VNCONS,Tiêu dùng thiết yếu
2023-08-07,738.67,752.39,735.52,752.39,56204858,VNCONS,Tiêu dùng thiết yếu
2023-08-08,756.68,758.02,750.22,758.02,98385621,VNCONS,Tiêu dùng thiết yếu
2023-08-09,757.03,758.04,747.57,748.95,65283732,VNCONS,Tiêu dùng thiết yếu
2023-08-10,747.68,749.97,730.22,730.22,68632513,VNCONS,Tiêu dùng thiết yếu
2023-08-11,730.34,734.88,723.58,733.98,55579242,VNCONS,Tiêu dùng thiết yếu
2023-08-14,734.31,734.34,725.53,726.59,52403165,VNCONS,Tiêu dùng thiết yếu
2023-08-15,726.91,730.45,722.91,725.13,43525610,VNCONS,Tiêu dùng thiết yếu
2023-08-16,725.64,726.06,720.42,723.48,35718407,VNCONS,Tiêu dùng thiết yếu
2023-08-17,723.72,729.52,720.47,723.39,45126975,VNCONS,Tiêu dùng thiết yếu
2023-08-18,722.27,723.78,696.78,704.53,97368630,VNCONS,Tiêu dùng thiết yếu
2023-08-21,704.69,707.64,696.39,699.56,44326576,VNCONS,Tiêu dùng thiết yếu
2023-08-22,699.74,702.13,682.05,697.17,48944757,VNCONS,Tiêu dùng thiết yếu
2023-08-23,699.42,703.53,691.85,698.9,30067857,VNCONS,Tiêu dùng thiết yếu
2023-08-24,700.59,716.41,700.23,716.41,49680231,VNCONS,Tiêu dùng thiết yếu
2023-08-25,716.4,724.0,715.97,718.47,47019208,VNCONS,Tiêu dùng thiết yếu
2023-08-28,721.17,734.44,720.25,734.09,33755244,VNCONS,Tiêu dùng thiết yếu
2023-08-29,735.72,736.35,726.09,730.76,47213547,VNCONS,Tiêu dùng thiết yếu
2023-08-30,730.76,736.53,727.4,732.73,38054487,VNCONS,Tiêu dùng thiết yếu
2023-08-31,734.25,741.7,730.82,741.11,67676548,VNCONS,Tiêu dùng thiết yếu
2023-09-05,748.03,752.19,744.52,749.57,48595144,VNCONS,Tiêu dùng thiết yếu
2023-09-06,750.77,753.4,746.44,753.4,57486776,VNCONS,Tiêu dùng thiết yếu
2023-09-07,754.0,758.93,749.31,751.24,59862820,VNCONS,Tiêu dùng thiết yếu
2023-09-08,751.72,757.53,750.55,753.43,65327556,VNCONS,Tiêu dùng thiết yếu
2023-09-11,754.19,761.25,737.89,744.05,68721401,VNCONS,Tiêu dùng thiết yếu
2023-09-12,744.19,753.61,738.33,753.61,39700373,VNCONS,Tiêu dùng thiết yếu
2023-09-13,752.47,754.46,742.36,744.0,48820586,VNCONS,Tiêu dùng thiết yếu
2023-09-14,743.88,747.08,736.31,738.91,51307862,VNCONS,Tiêu dùng thiết yếu
2023-09-15,739.86,751.06,736.38,741.39,33454141,VNCONS,Tiêu dùng thiết yếu
2023-09-18,741.51,741.55,732.54,735.57,30704524,VNCONS,Tiêu dùng thiết yếu
2023-09-19,734.84,738.65,727.02,735.58,31879199,VNCONS,Tiêu dùng thiết yếu
2023-09-20,734.4,741.75,733.69,740.84,48731086,VNCONS,Tiêu dùng thiết yếu
2023-09-21,740.66,741.75,734.01,736.61,44013557,VNCONS,Tiêu dùng thiết yếu
2023-09-22,731.71,731.71,713.9,720.98,66055793,VNCONS,Tiêu dùng thiết yếu
2023-09-25,718.83,723.86,697.08,697.08,51202636,VNCONS,Tiêu dùng thiết yếu
2023-09-26,695.06,707.85,690.31,695.21,51544894,VNCONS,Tiêu dùng thiết yếu
2023-09-27,696.83,708.16,687.01,708.16,35402442,VNCONS,Tiêu dùng thiết yếu
2023-09-28,708.1,708.57,691.62,701.62,25885150,VNCONS,Tiêu dùng thiết yếu
2023-09-29,704.02,706.51,699.15,699.15,25574956,VNCONS,Tiêu dùng thiết yếu
2023-10-02,700.71,713.85,700.25,711.12,36106967,VNCONS,Tiêu dùng thiết yếu
2023-10-03,705.96,707.77,689.95,689.95,43654179,VNCONS,Tiêu dùng thiết yếu
2023-10-04,686.03,696.39,682.37,690.96,28112808,VNCONS,Tiêu dùng thiết yếu
2023-10-05,691.64,694.91,682.33,682.33,41537884,VNCONS,Tiêu dùng thiết yếu
2023-10-06,682.15,689.38,677.95,688.95,32266755,VNCONS,Tiêu dùng thiết yếu
2023-10-09,688.07,692.9,686.46,690.6,30314371,VNCONS,Tiêu dùng thiết yếu
2023-10-10,692.42,698.74,692.42,693.16,41176874,VNCONS,Tiêu dùng thiết yếu
2023-10-11,695.1,695.28,688.16,694.83,23555413,VNCONS,Tiêu dùng thiết yếu
2023-10-12,695.37,701.58,694.45,696.53,34097167,VNCONS,Tiêu dùng thiết yếu
2023-10-13,692.86,701.43,690.06,697.99,30348136,VNCONS,Tiêu dùng thiết yếu
2023-10-16,698.25,698.25,690.57,691.91,24575375,VNCONS,Tiêu dùng thiết yếu
2023-10-17,694.22,696.35,682.11,682.11,32951238,VNCONS,Tiêu dùng thiết yếu
2023-10-18,682.5,683.3,656.46,665.22,45494924,VNCONS,Tiêu dùng thiết yếu
2023-10-19,666.14,666.14,648.42,650.2,31580219,VNCONS,Tiêu dùng thiết yếu
2023-10-20,650.21,666.78,643.9,666.78,25827405,VNCONS,Tiêu dùng thiết yếu
2023-10-23,662.3,662.33,646.31,649.07,49645784,VNCONS,Tiêu dùng thiết yếu
2023-10-24,649.47,656.38,645.44,653.77,22122878,VNCONS,Tiêu dùng thiết yếu
2023-10-25,654.65,657.54,647.27,647.27,32733471,VNCONS,Tiêu dùng thiết yếu
2023-10-26,638.83,639.61,614.74,621.05,54341605,VNCONS,Tiêu dùng thiết yếu
2023-10-27,623.36,623.38,602.29,612.32,38930890,VNCONS,Tiêu dùng thiết yếu
2023-10-30,607.46,614.86,604.59,605.75,23534720,VNCONS,Tiêu dùng thiết yếu
2023-10-31,606.14,610.81,596.14,599.18,34110546,VNCONS,Tiêu dùng thiết yếu
2023-11-01,599.52,614.75,597.06,614.75,25734170,VNCONS,Tiêu dùng thiết yếu
2023-11-02,614.82,633.02,614.82,632.5,31425369,VNCONS,Tiêu dùng thiết yếu
2023-11-03,633.84,636.64,626.68,633.61,26359303,VNCONS,Tiêu dùng thiết yếu
2023-11-06,635.47,642.38,634.09,640.22,23054602,VNCONS,Tiêu dùng thiết yếu
2023-11-07,638.41,638.41,630.21,632.75,25613738,VNCONS,Tiêu dùng thiết yếu
2023-11-08,633.04,645.07,623.18,645.07,42216159,VNCONS,Tiêu dùng thiết yếu
2023-11-09,647.06,651.61,639.21,639.21,46082034,VNCONS,Tiêu dùng thiết yếu
2023-11-10,636.25,640.93,630.85,630.85,76434683,VNCONS,Tiêu dùng thiết yếu
2023-11-13,630.82,636.72,625.2,629.55,49591684,VNCONS,Tiêu dùng thiết yếu
2023-11-14,631.06,635.9,625.91,632.75,39571855,VNCONS,Tiêu dùng thiết yếu
2023-11-15,637.56,658.56,637.56,650.1,56643004,VNCONS,Tiêu dùng thiết yếu
2023-11-16,652.85,655.3,645.81,651.0,34949692,VNCONS,Tiêu dùng thiết yếu
2023-11-17,656.05,657.14,637.1,643.11,71643856,VNCONS,Tiêu dùng thiết yếu
2023-11-20,641.52,645.06,633.86,638.68,51615329,VNCONS,Tiêu dùng thiết yếu
2023-11-21,639.14,644.72,638.53,642.57,28124079,VNCONS,Tiêu dùng thiết yếu
2023-11-22,643.15,647.85,637.68,644.16,35812339,VNCONS,Tiêu dùng thiết yếu
2023-11-23,646.52,648.38,635.21,635.21,89346021,VNCONS,Tiêu dùng thiết yếu
2023-11-24,635.31,636.92,622.91,632.43,63511128,VNCONS,Tiêu dùng thiết yếu
2023-11-27,632.99,634.52,628.21,628.65,53692780,VNCONS,Tiêu dùng thiết yếu
2023-11-28,628.74,633.24,620.93,632.26,39921470,VNCONS,Tiêu dùng thiết yếu
2023-11-29,633.98,640.76,633.6,639.67,57230679,VNCONS,Tiêu dùng thiết yếu
2023-11-30,638.17,640.62,625.28,625.28,53603514,VNCONS,Tiêu dùng thiết yếu
2023-12-01,629.54,637.46,628.79,637.46,53100024,VNCONS,Tiêu dùng thiết yếu
2023-12-04,638.78,647.23,637.4,643.71,65144414,VNCONS,Tiêu dùng thiết yếu
2023-12-05,644.27,645.15,636.46,637.92,40046415,VNCONS,Tiêu dùng thiết yếu
2023-12-06,638.13,647.34,638.11,647.34,71389606,VNCONS,Tiêu dùng thiết yếu
2023-12-07,647.92,653.11,639.08,649.67,83268518,VNCONS,Tiêu dùng thiết yếu
2023-12-08,649.66,661.52,649.66,658.57,39930703,VNCONS,Tiêu dùng thiết yếu
2023-12-11,664.29,669.93,664.16,668.95,57333412,VNCONS,Tiêu dùng thiết yếu
2023-12-12,669.69,670.41,659.97,663.32,51977545,VNCONS,Tiêu dùng thiết yếu
2023-12-13,666.38,669.54,654.92,656.66,60850280,VNCONS,Tiêu dùng thiết yếu
2023-12-14,658.54,661.05,651.14,652.76,35469450,VNCONS,Tiêu dùng thiết yếu
2023-12-15,653.76,653.76,643.94,643.94,60077707,VNCONS,Tiêu dùng thiết yếu
2023-12-18,645.82,646.76,637.91,638.26,42983416,VNCONS,Tiêu dùng thiết yếu
2023-12-19,638.26,640.88,629.58,635.33,42762505,VNCONS,Tiêu dùng thiết yếu
2023-12-20,635.33,646.01,635.26,644.93,47307494,VNCONS,Tiêu dùng thiết yếu
2023-12-21,640.93,647.53,640.43,646.96,54227771,VNCONS,Tiêu dùng thiết yếu
2023-12-22,646.82,649.6,643.27,643.85,40915501,VNCONS,Tiêu dùng thiết yếu
2023-12-25,645.62,659.9,644.9,656.41,46063732,VNCONS,Tiêu dùng thiết yếu
2023-12-26,657.97,659.96,655.55,657.44,44931292,VNCONS,Tiêu dùng thiết yếu
2023-12-27,658.05,662.66,656.22,657.81,49657063,VNCONS,Tiêu dùng thiết yếu
2023-12-28,658.76,662.75,656.21,661.49,70225339,VNCONS,Tiêu dùng thiết yếu
2023-12-29,663.26,664.99,657.26,657.26,47229802,VNCONS,Tiêu dùng thiết yếu
2024-01-02,663.59,667.75,659.61,665.74,48886348,VNCONS,Tiêu dùng thiết yếu
2024-01-03,664.26,670.46,662.22,670.46,36302433,VNCONS,Tiêu dùng thiết yếu
2024-01-04,670.49,672.36,666.56,666.71,48347112,VNCONS,Tiêu dùng thiết yếu
2024-01-05,667.17,668.62,659.63,665.94,61102868,VNCONS,Tiêu dùng thiết yếu
2024-01-08,666.4,668.34,659.02,659.34,40972612,VNCONS,Tiêu dùng thiết yếu
2024-01-09,659.75,662.13,657.24,658.5,49115677,VNCONS,Tiêu dùng thiết yếu
2024-01-10,658.83,660.85,654.63,655.31,33749231,VNCONS,Tiêu dùng thiết yếu
2024-01-11,655.27,661.65,655.27,658.37,59280780,VNCONS,Tiêu dùng thiết yếu
2024-01-12,657.55,657.55,648.68,650.03,44319659,VNCONS,Tiêu dùng thiết yếu
2024-01-15,652.16,654.98,648.78,648.78,29400662,VNCONS,Tiêu dùng thiết yếu
2024-01-16,648.98,656.47,646.3,656.47,29235802,VNCONS,Tiêu dùng thiết yếu
2024-01-17,656.64,660.47,653.2,653.39,30225815,VNCONS,Tiêu dùng thiết yếu
2024-01-18,654.62,657.32,653.24,654.07,23142856,VNCONS,Tiêu dùng thiết yếu
2024-01-19,656.62,665.8,656.57,661.03,31412694,VNCONS,Tiêu dùng thiết yếu
2024-01-22,663.22,664.66,657.57,662.77,35679979,VNCONS,Tiêu dùng thiết yếu
2024-01-23,663.46,663.75,657.68,660.52,41213334,VNCONS,Tiêu dùng thiết yếu
2024-01-24,659.61,661.81,653.62,653.62,28039785,VNCONS,Tiêu dùng thiết yếu
2024-01-25,654.63,655.67,651.43,654.03,29012890,VNCONS,Tiêu dùng thiết yếu
2024-01-26,655.97,656.82,651.63,651.63,28762468,VNCONS,Tiêu dùng thiết yếu
2024-01-29,652.72,654.33,650.12,651.52,27863532,VNCONS,Tiêu dùng thiết yếu
2024-01-30,652.58,655.63,651.83,654.67,38049247,VNCONS,Tiêu dùng thiết yếu
2024-01-31,657.48,658.89,645.74,645.74,47347006,VNCONS,Tiêu dùng thiết yếu
2024-02-01,646.94,653.32,646.73,652.62,33185264,VNCONS,Tiêu dùng thiết yếu
2024-02-02,654.05,654.71,649.66,651.71,37734494,VNCONS,Tiêu dùng thiết yếu
2024-02-05,651.91,653.68,648.06,650.74,46204369,VNCONS,Tiêu dùng thiết yếu
2024-02-06,652.19,653.93,648.83,649.79,37556670,VNCONS,Tiêu dùng thiết yếu
2024-02-07,650.54,652.9,649.54,651.66,54657863,VNCONS,Tiêu dùng thiết yếu
2024-02-15,653.0,656.5,651.61,653.45,44387857,VNCONS,Tiêu dùng thiết yếu
2024-02-16,654.88,665.28,653.94,664.41,68957063,VNCONS,Tiêu dùng thiết yếu
2024-02-19,667.95,680.58,667.93,680.58,65075219,VNCONS,Tiêu dùng thiết yếu
2024-02-20,682.54,682.58,675.01,677.12,42818492,VNCONS,Tiêu dùng thiết yếu
2024-02-21,677.54,678.17,670.46,673.93,39824451,VNCONS,Tiêu dùng thiết yếu
2024-02-22,673.79,682.03,673.09,675.77,54281535,VNCONS,Tiêu dùng thiết yếu
2024-02-23,676.68,680.9,666.59,666.59,72579806,VNCONS,Tiêu dùng thiết yếu
2024-02-26,667.14,673.51,666.52,671.36,61307549,VNCONS,Tiêu dùng thiết yếu
2024-02-27,673.59,681.21,673.3,679.21,50172946,VNCONS,Tiêu dùng thiết yếu
2024-02-28,682.73,683.75,677.41,683.18,56127626,VNCONS,Tiêu dùng thiết yếu
2024-02-29,686.69,695.94,685.61,690.57,71027076,VNCONS,Tiêu dùng thiết yếu
2024-03-01,691.27,693.43,686.08,689.16,41990114,VNCONS,Tiêu dùng thiết yếu
2024-03-04,691.78,693.52,688.4,691.72,60090733,VNCONS,Tiêu dùng thiết yếu
2024-03-05,692.99,711.56,691.58,711.56,76214985,VNCONS,Tiêu dùng thiết yếu
2024-03-06,715.22,719.14,706.81,710.92,51739312,VNCONS,Tiêu dùng thiết yếu
2024-03-07,710.93,724.75,707.78,724.75,56566882,VNCONS,Tiêu dùng thiết yếu
2024-03-08,724.86,729.85,708.81,708.81,78090196,VNCONS,Tiêu dùng thiết yếu
2024-03-11,708.84,721.42,702.86,705.85,85866338,VNCONS,Tiêu dùng thiết yếu
2024-03-12,705.58,711.33,704.06,708.46,62081164,VNCONS,Tiêu dùng thiết yếu
2024-03-13,708.8,721.01,708.8,721.01,65052667,VNCONS,Tiêu dùng thiết yếu
2024-03-14,721.33,725.16,710.31,712.69,73665946,VNCONS,Tiêu dùng thiết yếu
2024-03-15,709.55,710.57,698.46,705.53,62887492,VNCONS,Tiêu dùng thiết yếu
2024-03-18,705.44,706.51,677.63,696.17,95432031,VNCONS,Tiêu dùng thiết yếu
2024-03-19,696.09,700.99,693.35,694.81,37857605,VNCONS,Tiêu dùng thiết yếu
2024-03-20,695.62,700.76,689.27,697.57,62089408,VNCONS,Tiêu dùng thiết yếu
2024-03-21,703.69,704.99,699.25,702.07,53183204,VNCONS,Tiêu dùng thiết yếu
2024-03-22,707.7,710.78,700.69,701.24,60126112,VNCONS,Tiêu dùng thiết yếu
2024-03-25,701.42,701.85,684.8,688.11,55440545,VNCONS,Tiêu dùng thiết yếu
2024-03-26,689.38,692.51,686.14,686.72,41624108,VNCONS,Tiêu dùng thiết yếu
2024-03-27,690.09,694.2,688.56,692.27,42190691,VNCONS,Tiêu dùng thiết yếu
2024-03-28,697.3,702.1,694.95,697.08,67844789,VNCONS,Tiêu dùng thiết yếu
2024-03-29,701.16,701.16,689.09,690.24,51832739,VNCONS,Tiêu dùng thiết yếu
2024-04-01,690.89,691.13,680.83,683.65,50689258,VNCONS,Tiêu dùng thiết yếu
2024-04-02,682.87,687.84,680.51,687.84,46750209,VNCONS,Tiêu dùng thiết yếu
2024-04-03,687.95,690.62,680.14,681.53,56370129,VNCONS,Tiêu dùng thiết yếu
2024-04-04,680.52,688.79,680.17,685.94,55539471,VNCONS,Tiêu dùng thiết yếu
2024-04-05,682.93,684.89,678.48,678.48,57083453,VNCONS,Tiêu dùng thiết yếu
2024-04-08,680.1,681.32,675.11,675.11,58049436,VNCONS,Tiêu dùng thiết yếu
2024-04-09,676.94,680.7,675.09,680.7,38697986,VNCONS,Tiêu dùng thiết yếu
2024-04-10,681.31,683.42,677.85,677.85,50494204,VNCONS,Tiêu dùng thiết yếu
2024-04-11,677.22,677.22,672.0,674.27,35189030,VNCONS,Tiêu dùng thiết yếu
2024-04-12,674.92,679.16,674.92,676.84,40509085,VNCONS,Tiêu dùng thiết yếu
2024-04-15,676.84,677.12,645.05,645.05,83727067,VNCONS,Tiêu dùng thiết yếu
2024-04-16,644.52,645.83,624.78,637.67,66597711,VNCONS,Tiêu dùng thiết yếu
2024-04-17,637.91,647.48,636.25,637.66,52371631,VNCONS,Tiêu dùng thiết yếu
2024-04-19,633.28,637.93,625.58,632.2,59740752,VNCONS,Tiêu dùng thiết yếu
2024-04-22,636.57,641.85,635.93,637.36,35996255,VNCONS,Tiêu dùng thiết yếu
2024-04-23,637.18,640.7,624.79,626.88,33451591,VNCONS,Tiêu dùng thiết yếu
2024-04-24,632.29,642.39,630.58,640.23,33070987,VNCONS,Tiêu dùng thiết yếu
2024-04-25,641.37,647.8,637.43,646.59,28324191,VNCONS,Tiêu dùng thiết yếu
2024-04-26,643.43,651.37,642.21,645.26,31020277,VNCONS,Tiêu dùng thiết yếu
2024-05-02,648.97,651.93,644.89,651.93,25830539,VNCONS,Tiêu dùng thiết yếu
2024-05-03,652.47,663.12,652.47,657.87,31395790,VNCONS,Tiêu dùng thiết yếu
2024-05-06,662.79,666.87,660.48,666.87,47535155,VNCONS,Tiêu dùng thiết yếu
2024-05-07,669.4,678.27,666.99,676.99,44318407,VNCONS,Tiêu dùng thiết yếu
2024-05-08,675.08,682.79,669.81,681.79,53659646,VNCONS,Tiêu dùng thiết yếu
2024-05-09,682.33,688.79,673.1,674.41,49383456,VNCONS,Tiêu dùng thiết yếu
2024-05-10,675.96,678.76,669.54,672.18,43769042,VNCONS,Tiêu dùng thiết yếu
2024-05-13,673.22,676.52,667.21,671.07,65350909,VNCONS,Tiêu dùng thiết yếu
2024-05-14,672.91,677.6,670.65,673.2,33366461,VNCONS,Tiêu dùng thiết yếu
2024-05-15,679.77,683.14,678.47,679.73,51786362,VNCONS,Tiêu dùng thiết yếu
2024-05-16,683.3,685.05,680.4,681.54,55057681,VNCONS,Tiêu dùng thiết yếu
2024-05-17,684.48,698.61,684.21,696.12,92101870,VNCONS,Tiêu dùng thiết yếu
2024-05-20,701.93,703.65,696.72,699.01,75741760,VNCONS,Tiêu dùng thiết yếu
2024-05-21,697.72,700.48,692.8,698.6,68478258,VNCONS,Tiêu dùng thiết yếu
2024-05-22,701.3,703.2,687.11,687.58,84211710,VNCONS,Tiêu dùng thiết yếu
2024-05-23,687.2,701.99,684.87,701.99,58731797,VNCONS,Tiêu dùng thiết yếu
2024-05-24,701.56,701.81,681.84,688.1,76468219,VNCONS,Tiêu dùng thiết yếu
2024-05-27,688.34,691.63,683.13,689.32,31593303,VNCONS,Tiêu dùng thiết yếu
2024-05-28,693.36,701.35,691.95,701.35,54760875,VNCONS,Tiêu dùng thiết yếu
2024-05-29,703.19,705.89,695.62,696.29,70759412,VNCONS,Tiêu dùng thiết yếu
2024-05-30,693.26,700.3,688.76,700.3,70002530,VNCONS,Tiêu dùng thiết yếu
2024-05-31,703.59,703.99,696.26,696.26,42960492,VNCONS,Tiêu dùng thiết yếu
2024-06-03,702.1,708.66,700.22,705.51,57560801,VNCONS,Tiêu dùng thiết yếu
2024-06-04,707.75,708.23,702.98,703.69,53788342,VNCONS,Tiêu dùng thiết yếu
2024-06-05,704.07,721.86,704.07,716.51,60283631,VNCONS,Tiêu dùng thiết yếu
2024-06-06,720.24,721.13,708.47,711.06,45664393,VNCONS,Tiêu dùng thiết yếu
2024-06-07,711.72,717.8,710.32,714.16,34392301,VNCONS,Tiêu dùng thiết yếu
2024-06-10,717.33,718.82,710.56,710.85,64886280,VNCONS,Tiêu dùng thiết yếu
2024-06-11,712.52,713.69,700.57,703.56,54230886,VNCONS,Tiêu dùng thiết yếu
2024-06-12,704.32,714.17,704.29,712.07,31720934,VNCONS,Tiêu dùng thiết yếu
2024-06-13,712.43,714.67,709.23,711.29,41015580,VNCONS,Tiêu dùng thiết yếu
2024-06-14,711.63,714.73,699.29,699.29,76232023,VNCONS,Tiêu dùng thiết yếu
2024-06-17,699.81,699.85,691.95,692.88,38932917,VNCONS,Tiêu dùng thiết yếu
2024-06-18,695.33,698.59,693.11,694.91,31012514,VNCONS,Tiêu dùng thiết yếu
2024-06-19,697.09,698.13,686.47,687.09,68507200,VNCONS,Tiêu dùng thiết yếu
2024-06-20,688.05,692.07,684.32,689.56,49166565,VNCONS,Tiêu dùng thiết yếu
2024-06-21,692.02,699.05,689.57,689.57,48836707,VNCONS,Tiêu dùng thiết yếu
2024-06-24,688.36,691.89,674.59,675.95,61520181,VNCONS,Tiêu dùng thiết yếu
2024-06-25,678.74,680.61,673.91,676.47,29330087,VNCONS,Tiêu dùng thiết yếu
2024-06-26,676.55,679.39,670.29,676.58,35071894,VNCONS,Tiêu dùng thiết yếu
2024-06-27,676.41,680.78,674.69,675.99,22801348,VNCONS,Tiêu dùng thiết yếu
2024-06-28,678.37,683.59,671.41,673.48,42060670,VNCONS,Tiêu dùng thiết yếu
2024-07-01,673.78,681.58,673.43,681.58,22823339,VNCONS,Tiêu dùng thiết yếu
2024-07-02,683.32,685.78,682.6,685.12,21018302,VNCONS,Tiêu dùng thiết yếu
2024-07-03,685.23,687.3,683.67,686.59,20303345,VNCONS,Tiêu dùng thiết yếu
2024-07-04,689.27,692.13,686.66,687.48,30585119,VNCONS,Tiêu dùng thiết yếu
2024-07-05,687.46,689.58,684.27,688.26,41045304,VNCONS,Tiêu dùng thiết yếu
2024-07-08,689.88,689.88,684.56,687.2,39051605,VNCONS,Tiêu dùng thiết yếu
2024-07-09,687.75,693.01,685.93,692.25,65383218,VNCONS,Tiêu dùng thiết yếu
2024-07-10,693.31,695.68,688.49,689.54,43844984,VNCONS,Tiêu dùng thiết yếu
2024-07-11,691.75,692.16,683.6,683.6,42893833,VNCONS,Tiêu dùng thiết yếu
2024-07-12,684.12,685.02,678.73,681.18,50352779,VNCONS,Tiêu dùng thiết yếu
2024-07-15,681.25,685.69,678.89,680.57,26914214,VNCONS,Tiêu dùng thiết yếu
2024-07-16,680.82,685.38,677.46,678.82,35219555,VNCONS,Tiêu dùng thiết yếu
2024-07-17,680.83,681.41,660.29,663.65,50855680,VNCONS,Tiêu dùng thiết yếu
2024-07-18,665.21,668.67,657.64,666.79,43983771,VNCONS,Tiêu dùng thiết yếu
2024-07-19,666.79,667.92,660.88,662.3,36090991,VNCONS,Tiêu dùng thiết yếu
2024-07-22,662.16,667.41,658.9,664.38,43753938,VNCONS,Tiêu dùng thiết yếu
2024-07-23,664.86,666.75,653.79,656.53,34794191,VNCONS,Tiêu dùng thiết yếu
2024-07-24,655.44,662.96,650.24,659.1,35754573,VNCONS,Tiêu dùng thiết yếu
2024-07-25,656.43,658.31,654.35,657.29,19528691,VNCONS,Tiêu dùng thiết yếu
2024-07-26,657.48,672.08,657.25,672.08,35192855,VNCONS,Tiêu dùng thiết yếu
2024-07-29,675.21,680.65,674.14,678.59,34714133,VNCONS,Tiêu dùng thiết yếu
2024-07-30,679.26,683.67,676.73,678.06,43868570,VNCONS,Tiêu dùng thiết yếu
2024-07-31,679.85,693.58,679.85,689.42,48841222,VNCONS,Tiêu dùng thiết yếu
2024-08-01,689.87,692.19,671.27,674.12,56763462,VNCONS,Tiêu dùng thiết yếu
2024-08-02,671.26,686.99,669.51,683.72,45519949,VNCONS,Tiêu dùng thiết yếu
2024-08-05,676.84,680.17,660.22,662.18,57540256,VNCONS,Tiêu dùng thiết yếu
2024-08-06,667.87,685.58,663.96,685.51,44542184,VNCONS,Tiêu dùng thiết yếu
2024-08-07,687.25,687.95,679.79,686.88,32773921,VNCONS,Tiêu dùng thiết yếu
2024-08-08,687.29,692.52,679.52,683.85,64179336,VNCONS,Tiêu dùng thiết yếu
2024-08-09,685.4,688.97,683.25,688.97,33234420,VNCONS,Tiêu dùng thiết yếu
2024-08-12,689.57,695.09,684.84,688.95,26542643,VNCONS,Tiêu dùng thiết yếu
2024-08-13,688.48,692.48,685.52,690.47,31138138,VNCONS,Tiêu dùng thiết yếu
2024-08-14,692.83,698.57,691.84,695.69,45133062,VNCONS,Tiêu dùng thiết yếu
2024-08-15,695.78,699.15,688.78,689.7,26731704,VNCONS,Tiêu dùng thiết yếu
2024-08-16,691.47,701.14,689.81,700.55,39431599,VNCONS,Tiêu dùng thiết yếu
2024-08-19,703.04,712.9,701.07,712.21,36803569,VNCONS,Tiêu dùng thiết yếu
2024-08-20,712.53,717.0,708.31,711.63,36657283,VNCONS,Tiêu dùng thiết yếu
2024-08-21,710.19,713.8,708.27,709.99,26984571,VNCONS,Tiêu dùng thiết yếu
2024-08-22,713.57,713.57,704.1,705.79,29151680,VNCONS,Tiêu dùng thiết yếu
2024-08-23,708.93,714.48,704.75,708.54,32274306,VNCONS,Tiêu dùng thiết yếu
2024-08-26,709.91,710.84,697.62,697.62,32099465,VNCONS,Tiêu dùng thiết yếu
2024-08-27,697.83,701.03,693.36,700.09,27238386,VNCONS,Tiêu dùng thiết yếu
2024-08-28,701.38,708.05,699.34,704.48,50726850,VNCONS,Tiêu dùng thiết yếu
2024-08-29,704.5,706.21,700.51,701.94,27543732,VNCONS,Tiêu dùng thiết yếu
2024-08-30,702.64,706.97,701.28,701.5,26195658,VNCONS,Tiêu dùng thiết yếu
2024-09-04,696.32,699.33,692.17,696.88,30073423,VNCONS,Tiêu dùng thiết yếu
2024-09-05,697.33,703.35,693.77,694.15,27840461,VNCONS,Tiêu dùng thiết yếu
2024-09-06,694.98,700.82,692.67,700.82,30631454,VNCONS,Tiêu dùng thiết yếu
2024-09-09,698.46,698.61,693.77,698.34,26187076,VNCONS,Tiêu dùng thiết yếu
2024-09-10,699.65,709.74,696.93,699.88,57116376,VNCONS,Tiêu dùng thiết yếu
2024-09-11,699.97,701.13,694.51,697.89,25861958,VNCONS,Tiêu dùng thiết yếu
2024-09-12,702.24,703.11,697.02,699.52,26060203,VNCONS,Tiêu dùng thiết yếu
2024-09-13,700.17,700.17,691.94,691.94,32869597,VNCONS,Tiêu dùng thiết yếu
2024-09-16,692.61,694.15,682.62,682.62,30127650,VNCONS,Tiêu dùng thiết yếu
2024-09-17,683.32,694.67,682.31,694.67,23961537,VNCONS,Tiêu dùng thiết yếu
2024-09-18,696.57,699.36,693.6,694.4,26778377,VNCONS,Tiêu dùng thiết yếu
2024-09-19,695.34,696.51,692.62,695.26,29956425,VNCONS,Tiêu dùng thiết yếu
2024-09-20,699.44,701.53,694.8,694.8,37967491,VNCONS,Tiêu dùng thiết yếu
2024-09-23,696.29,698.21,691.74,692.42,24029314,VNCONS,Tiêu dùng thiết yếu
2024-09-24,686.49,686.5,680.16,684.48,19342892,VNCONS,Tiêu dùng thiết yếu
2024-09-25,685.53,686.98,682.85,684.56,34679649,VNCONS,Tiêu dùng thiết yếu
2024-09-26,685.46,691.77,685.46,689.34,32586898,VNCONS,Tiêu dùng thiết yếu
2024-09-27,691.07,691.51,687.25,690.6,30622506,VNCONS,Tiêu dùng thiết yếu
2024-09-30,690.67,691.23,686.07,686.83,29219521,VNCONS,Tiêu dùng thiết yếu
2024-10-01,687.7,693.63,687.62,690.24,41861578,VNCONS,Tiêu dùng thiết yếu
2024-10-02,688.92,689.28,685.07,686.38,25148319,VNCONS,Tiêu dùng thiết yếu
2024-10-03,686.78,692.21,684.03,684.79,36077464,VNCONS,Tiêu dùng thiết yếu
2024-10-04,684.61,686.57,678.16,678.23,38903901,VNCONS,Tiêu dùng thiết yếu
2024-10-07,680.95,683.65,670.23,671.65,25468037,VNCONS,Tiêu dùng thiết yếu
2024-10-08,673.17,677.78,672.66,677.12,24235433,VNCONS,Tiêu dùng thiết yếu
2024-10-09,678.65,683.87,677.87,682.62,40292306,VNCONS,Tiêu dùng thiết yếu
2024-10-10,686.05,695.81,686.05,691.63,48344403,VNCONS,Tiêu dùng thiết yếu
2024-10-11,694.23,695.08,690.02,694.65,21773030,VNCONS,Tiêu dùng thiết yếu
2024-10-14,695.25,699.52,691.07,691.32,30342269,VNCONS,Tiêu dùng thiết yếu
2024-10-15,691.9,694.67,688.28,689.8,39913740,VNCONS,Tiêu dùng thiết yếu
2024-10-16,689.81,697.74,688.7,691.15,30786109,VNCONS,Tiêu dùng thiết yếu
2024-10-17,692.51,693.35,684.8,691.86,32188354,VNCONS,Tiêu dùng thiết yếu
2024-10-18,694.01,694.53,689.24,689.25,21413879,VNCONS,Tiêu dùng thiết yếu
2024-10-21,688.34,691.59,685.92,686.45,22958511,VNCONS,Tiêu dùng thiết yếu
2024-10-22,685.92,687.54,679.63,681.66,29750348,VNCONS,Tiêu dùng thiết yếu
2024-10-23,684.0,685.61,679.82,684.71,26633939,VNCONS,Tiêu dùng thiết yếu
2024-10-24,684.97,692.81,683.66,683.91,30519152,VNCONS,Tiêu dùng thiết yếu
2024-10-25,686.64,687.24,676.87,677.04,37389350,VNCONS,Tiêu dùng thiết yếu
2024-10-28,676.48,676.83,670.9,676.47,22792211,VNCONS,Tiêu dùng thiết yếu
2024-10-29,676.47,678.44,673.43,676.87,16943700,VNCONS,Tiêu dùng thiết yếu
2024-10-30,677.47,677.6,670.59,674.21,28215507,VNCONS,Tiêu dùng thiết yếu
2024-10-31,673.21,673.48,666.14,669.9,26922872,VNCONS,Tiêu dùng thiết yếu
2024-11-01,668.59,669.61,660.87,661.85,28020127,VNCONS,Tiêu dùng thiết yếu
2024-11-04,662.25,665.77,655.61,655.61,26233920,VNCONS,Tiêu dùng thiết yếu
2024-11-05,656.57,658.47,654.54,656.55,19383030,VNCONS,Tiêu dùng thiết yếu
2024-11-06,656.57,662.89,656.57,662.57,30063464,VNCONS,Tiêu dùng thiết yếu
2024-11-07,665.29,665.79,660.67,660.67,24508116,VNCONS,Tiêu dùng thiết yếu
2024-11-08,661.17,661.73,656.47,657.37,27691460,VNCONS,Tiêu dùng thiết yếu
2024-11-11,657.29,660.1,651.25,659.76,35132938,VNCONS,Tiêu dùng thiết yếu
2024-11-12,660.45,664.24,658.08,658.65,51302026,VNCONS,Tiêu dùng thiết yếu
2024-11-13,658.5,662.1,655.02,660.37,31495411,VNCONS,Tiêu dùng thiết yếu
2024-11-14,660.41,660.85,654.45,654.75,42514245,VNCONS,Tiêu dùng thiết yếu
2024-11-15,653.98,654.3,646.91,646.96,37161628,VNCONS,Tiêu dùng thiết yếu
2024-11-18,647.96,649.54,638.99,643.31,28361219,VNCONS,Tiêu dùng thiết yếu
2024-11-19,643.31,646.1,638.83,638.83,24241956,VNCONS,Tiêu dùng thiết yếu
2024-11-20,638.67,647.3,634.91,643.74,29329797,VNCONS,Tiêu dùng thiết yếu
2024-11-21,644.84,649.66,642.58,648.64,18273965,VNCONS,Tiêu dùng thiết yếu
2024-11-22,648.44,652.56,648.44,648.85,27915937,VNCONS,Tiêu dùng thiết yếu
2024-11-25,649.87,653.76,649.76,653.56,24099274,VNCONS,Tiêu dùng thiết yếu
2024-11-26,655.44,659.9,654.66,658.5,26823827,VNCONS,Tiêu dùng thiết yếu
2024-11-27,658.33,660.24,656.07,657.45,22994851,VNCONS,Tiêu dùng thiết yếu
2024-11-28,660.09,661.02,656.33,656.61,20757218,VNCONS,Tiêu dùng thiết yếu
2024-11-29,657.0,662.67,655.97,661.0,25499327,VNCONS,Tiêu dùng thiết yếu
2024-12-02,661.17,662.66,656.28,658.29,18749437,VNCONS,Tiêu dùng thiết yếu
2024-12-03,658.38,659.1,654.7,656.26,20389149,VNCONS,Tiêu dùng thiết yếu
2024-12-04,655.14,655.16,648.99,650.95,25972217,VNCONS,Tiêu dùng thiết yếu
2024-12-05,650.61,663.75,648.46,662.38,33198513,VNCONS,Tiêu dùng thiết yếu
2024-12-06,662.8,667.65,661.4,661.61,36434500,VNCONS,Tiêu dùng thiết yếu
2024-12-09,663.09,665.79,661.24,663.56,49089908,VNCONS,Tiêu dùng thiết yếu
2024-12-10,663.14,666.18,661.01,662.96,27200495,VNCONS,Tiêu dùng thiết yếu
2024-12-11,663.24,667.51,663.2,665.84,27438316,VNCONS,Tiêu dùng thiết yếu
2024-12-12,665.52,668.3,664.41,665.82,19485784,VNCONS,Tiêu dùng thiết yếu
2024-12-13,665.53,665.53,660.78,661.55,22120845,VNCONS,Tiêu dùng thiết yếu
2024-12-16,662.57,665.95,660.45,665.15,17991079,VNCONS,Tiêu dùng thiết yếu
2024-12-17,665.5,665.77,662.09,664.24,19670265,VNCONS,Tiêu dùng thiết yếu
2024-12-18,665.82,669.96,665.25,669.39,40853502,VNCONS,Tiêu dùng thiết yếu
2024-12-19,669.06,669.06,660.76,662.04,30785507,VNCONS,Tiêu dùng thiết yếu
2024-12-20,662.17,666.53,662.17,665.05,30532824,VNCONS,Tiêu dùng thiết yếu
2024-12-23,667.3,668.25,665.0,666.0,28961380,VNCONS,Tiêu dùng thiết yếu
2024-12-24,666.56,667.75,662.86,665.16,26008350,VNCONS,Tiêu dùng thiết yếu
2024-12-25,665.47,670.07,665.47,666.35,30759351,VNCONS,Tiêu dùng thiết yếu
2024-12-26,664.01,666.1,662.35,662.35,27026685,VNCONS,Tiêu dùng thiết yếu
2024-12-27,662.54,664.48,660.67,661.12,44610630,VNCONS,Tiêu dùng thiết yếu
2024-12-30,659.98,660.84,657.16,658.14,23299838,VNCONS,Tiêu dùng thiết yếu
2024-12-31,658.69,661.41,656.91,656.91,28851471,VNCONS,Tiêu dùng thiết yếu
2025-01-02,659.44,661.57,657.3,659.26,20668439,VNCONS,Tiêu dùng thiết yếu
2025-01-03,659.3,660.0,651.75,651.92,29405188,VNCONS,Tiêu dùng thiết yếu
2025-01-06,652.9,653.82,638.4,638.4,31882942,VNCONS,Tiêu dùng thiết yếu
2025-01-07,639.25,642.45,633.89,634.71,29056224,VNCONS,Tiêu dùng thiết yếu
2025-01-08,636.37,640.24,633.27,638.86,20433750,VNCONS,Tiêu dùng thiết yếu
2025-01-09,639.79,640.71,633.95,637.85,17089779,VNCONS,Tiêu dùng thiết yếu
2025-01-10,638.31,639.07,628.31,628.31,23220207,VNCONS,Tiêu dùng thiết yếu
2025-01-13,628.24,631.36,625.52,629.97,22661884,VNCONS,Tiêu dùng thiết yếu
2025-01-14,630.03,631.98,624.76,625.6,14223695,VNCONS,Tiêu dùng thiết yếu
2025-01-15,628.84,635.77,625.6,633.76,18222090,VNCONS,Tiêu dùng thiết yếu
2025-01-16,638.54,639.59,632.66,636.41,24153003,VNCONS,Tiêu dùng thiết yếu
2025-01-17,637.9,637.9,634.48,635.61,15756172,VNCONS,Tiêu dùng thiết yếu
2025-01-20,636.84,638.58,634.29,635.77,16981790,VNCONS,Tiêu dùng thiết yếu
2025-01-21,637.52,639.0,633.33,635.34,19328444,VNCONS,Tiêu dùng thiết yếu
2025-01-22,636.92,638.71,631.86,631.86,23886767,VNCONS,Tiêu dùng thiết yếu
2025-01-23,631.95,638.53,631.95,635.95,24950578,VNCONS,Tiêu dùng thiết yếu
2025-01-24,635.83,643.21,634.06,642.82,29909916,VNCONS,Tiêu dùng thiết yếu
2025-02-03,641.16,641.18,633.3,636.77,32260447,VNCONS,Tiêu dùng thiết yếu
2025-02-04,638.21,643.1,638.21,640.85,35752287,VNCONS,Tiêu dùng thiết yếu
2025-02-05,642.73,643.72,638.78,642.33,25929646,VNCONS,Tiêu dùng thiết yếu
2025-02-06,642.68,643.74,638.14,640.29,29453237,VNCONS,Tiêu dùng thiết yếu
2025-02-07,641.93,642.94,640.09,642.02,29425410,VNCONS,Tiêu dùng thiết yếu
2025-02-10,643.25,647.3,641.91,643.81,35231130,VNCONS,Tiêu dùng thiết yếu
2025-02-11,644.06,645.08,642.36,644.92,35757328,VNCONS,Tiêu dùng thiết yếu
2025-02-12,645.81,646.46,643.47,646.24,20704959,VNCONS,Tiêu dùng thiết yếu
2025-02-13,645.61,646.51,642.41,646.51,21828384,VNCONS,Tiêu dùng thiết yếu
2025-02-14,646.79,648.86,641.9,643.02,32635211,VNCONS,Tiêu dùng thiết yếu
2025-02-17,643.43,645.27,636.56,636.73,39989862,VNCONS,Tiêu dùng thiết yếu
2025-02-18,638.06,641.75,635.9,638.29,26530693,VNCONS,Tiêu dùng thiết yếu
2025-02-19,639.23,646.59,639.16,646.59,35978583,VNCONS,Tiêu dùng thiết yếu
2025-02-20,648.65,648.65,644.74,647.23,30174897,VNCONS,Tiêu dùng thiết yếu
2025-02-21,647.28,652.24,644.14,649.67,36221215,VNCONS,Tiêu dùng thiết yếu
2025-02-24,649.12,659.15,649.09,658.9,40636365,VNCONS,Tiêu dùng thiết yếu
2025-02-25,661.8,662.52,655.29,657.96,34270268,VNCONS,Tiêu dùng thiết yếu
2025-02-26,658.43,660.2,656.03,657.82,35743639,VNCONS,Tiêu dùng thiết yếu
2025-02-27,659.19,659.61,654.34,658.66,50501575,VNCONS,Tiêu dùng thiết yếu
2025-02-28,658.99,661.72,655.45,655.92,36033434,VNCONS,Tiêu dùng thiết yếu
2025-03-03,655.97,660.87,655.97,660.27,42660590,VNCONS,Tiêu dùng thiết yếu
2025-03-04,659.94,665.28,655.49,665.28,45734143,VNCONS,Tiêu dùng thiết yếu
2025-03-05,666.82,668.29,659.59,659.65,37196470,VNCONS,Tiêu dùng thiết yếu
2025-03-06,660.7,664.57,658.04,664.57,34570504,VNCONS,Tiêu dùng thiết yếu
2025-03-07,664.44,667.37,660.02,662.71,35940637,VNCONS,Tiêu dùng thiết yếu
2025-03-10,663.79,666.13,657.95,660.74,37922829,VNCONS,Tiêu dùng thiết yếu
2025-03-11,655.48,659.81,654.07,659.81,36121396,VNCONS,Tiêu dùng thiết yếu
2025-03-12,660.09,663.76,657.56,658.01,38873362,VNCONS,Tiêu dùng thiết yếu
2025-03-13,659.04,667.4,657.1,660.62,50574775,VNCONS,Tiêu dùng thiết yếu
2025-03-14,662.21,666.27,660.24,662.6,42875029,VNCONS,Tiêu dùng thiết yếu
2025-03-17,664.96,665.9,661.88,663.78,25134240,VNCONS,Tiêu dùng thiết yếu
2025-03-18,664.74,666.56,659.65,659.95,31863039,VNCONS,Tiêu dùng thiết yếu
2025-03-19,660.38,660.38,653.56,655.23,31013704,VNCONS,Tiêu dùng thiết yếu
2025-03-20,655.06,656.92,648.59,651.91,33566848,VNCONS,Tiêu dùng thiết yếu
2025-03-21,652.57,652.57,646.74,648.36,27863831,VNCONS,Tiêu dùng thiết yếu
2025-03-24,649.08,652.05,647.79,651.43,31865401,VNCONS,Tiêu dùng thiết yếu
2025-03-25,652.03,654.37,649.35,652.06,31941138,VNCONS,Tiêu dùng thiết yếu
2025-03-26,652.52,656.51,648.99,649.54,30017653,VNCONS,Tiêu dùng thiết yếu
2025-03-27,650.6,656.9,650.11,651.81,27423697,VNCONS,Tiêu dùng thiết yếu
2025-03-28,652.35,652.76,643.26,644.65,26867450,VNCONS,Tiêu dùng thiết yếu
2025-03-31,645.85,651.35,638.79,638.79,40633220,VNCONS,Tiêu dùng thiết yếu
2025-04-01,642.27,643.17,633.56,638.31,30944475,VNCONS,Tiêu dùng thiết yếu
2025-04-02,639.93,641.88,636.81,637.08,28278332,VNCONS,Tiêu dùng thiết yếu
2025-04-03,616.6,617.92,594.95,596.29,75937967,VNCONS,Tiêu dùng thiết yếu
2025-04-04,576.99,586.14,563.08,585.49,85179876,VNCONS,Tiêu dùng thiết yếu
2025-04-08,567.68,568.06,548.78,549.67,53492491,VNCONS,Tiêu dùng thiết yếu
2025-04-09,532.71,549.67,519.54,525.03,76214553,VNCONS,Tiêu dùng thiết yếu
2025-04-10,560.4,560.45,559.32,560.16,18535807,VNCONS,Tiêu dùng thiết yếu
2025-04-11,570.35,583.59,562.59,582.63,74559784,VNCONS,Tiêu dùng thiết yếu
2025-04-14,587.32,595.24,581.23,593.43,45899631,VNCONS,Tiêu dùng thiết yếu
2025-04-15,587.23,599.2,584.42,586.7,47669111,VNCONS,Tiêu dùng thiết yếu
2025-04-16,586.75,590.87,578.28,578.28,37153274,VNCONS,Tiêu dùng thiết yếu
2025-04-17,572.57,582.42,571.05,580.49,32509863,VNCONS,Tiêu dùng thiết yếu
2025-04-18,585.92,594.27,585.87,589.13,37922564,VNCONS,Tiêu dùng thiết yếu
2025-04-21,589.08,592.32,584.35,588.86,30204874,VNCONS,Tiêu dùng thiết yếu
2025-04-22,585.59,591.45,557.41,585.78,66437701,VNCONS,Tiêu dùng thiết yếu
2025-04-23,591.26,596.18,590.68,594.45,38826906,VNCONS,Tiêu dùng thiết yếu
2025-04-24,596.65,598.93,591.5,597.82,33074657,VNCONS,Tiêu dùng thiết yếu
2025-04-25,599.73,611.3,599.3,611.3,46304447,VNCONS,Tiêu dùng thiết yếu
2025-04-28,612.15,612.16,606.52,611.9,48819880,VNCONS,Tiêu dùng thiết yếu
2025-04-29,610.33,612.59,608.82,611.16,31498190,VNCONS,Tiêu dùng thiết yếu
2025-05-05,611.16,615.19,606.11,610.43,28991799,VNCONS,Tiêu dùng thiết yếu
2025-05-06,610.43,613.3,606.14,607.48,43541355,VNCONS,Tiêu dùng thiết yếu
2025-05-07,607.48,608.85,604.91,606.45,27649821,VNCONS,Tiêu dùng thiết yếu
2025-05-08,606.45,615.06,605.27,613.98,32591105,VNCONS,Tiêu dùng thiết yếu
2025-05-09,613.98,618.07,612.97,614.94,34349132,VNCONS,Tiêu dùng thiết yếu
2025-05-12,614.94,619.64,613.92,617.12,34301224,VNCONS,Tiêu dùng thiết yếu
2025-05-13,617.12,623.01,617.12,620.13,47433330,VNCONS,Tiêu dùng thiết yếu
2025-05-14,620.13,620.13,611.8,613.51,39003303,VNCONS,Tiêu dùng thiết yếu
2025-05-15,613.51,617.7,611.49,615.91,39017335,VNCONS,Tiêu dùng thiết yếu
2025-05-16,615.91,616.8,609.31,612.02,33393546,VNCONS,Tiêu dùng thiết yếu
2025-05-19,612.02,612.02,603.07,606.39,47899573,VNCONS,Tiêu dùng thiết yếu
2025-05-20,606.39,613.53,604.33,611.25,43064201,VNCONS,Tiêu dùng thiết yếu
2025-05-21,611.25,615.11,609.82,613.56,39230004,VNCONS,Tiêu dùng thiết yếu
2025-05-22,613.56,617.07,609.43,611.99,41070731,VNCONS,Tiêu dùng thiết yếu
2025-05-23,611.99,613.46,607.7,612.61,37873512,VNCONS,Tiêu dùng thiết yếu
2025-05-26,612.61,619.0,603.24,619.0,39911707,VNCONS,Tiêu dùng thiết yếu
2025-05-27,619.0,624.18,616.65,620.46,45628664,VNCONS,Tiêu dùng thiết yếu
2025-05-28,620.46,622.71,616.27,619.33,41258544,VNCONS,Tiêu dùng thiết yếu
2025-05-29,619.33,622.39,614.65,616.95,28569021,VNCONS,Tiêu dùng thiết yếu
2025-05-30,616.95,617.93,608.5,610.69,42237808,VNCONS,Tiêu dùng thiết yếu
2025-06-02,610.69,612.31,607.9,610.61,34813139,VNCONS,Tiêu dùng thiết yếu
2025-06-03,610.61,619.73,609.81,616.48,47423744,VNCONS,Tiêu dùng thiết yếu
2025-06-04,616.48,629.6,615.76,626.21,74939637,VNCONS,Tiêu dùng thiết yếu
2025-06-05,626.21,629.74,624.3,628.48,44173382,VNCONS,Tiêu dùng thiết yếu
2025-06-06,628.48,630.72,618.99,621.6,47491206,VNCONS,Tiêu dùng thiết yếu
2025-06-09,621.6,624.1,612.4,616.12,44077772,VNCONS,Tiêu dùng thiết yếu
2025-06-10,616.12,623.14,614.04,618.88,32369989,VNCONS,Tiêu dùng thiết yếu
2025-06-11,618.88,619.88,614.63,619.66,27315540,VNCONS,Tiêu dùng thiết yếu
2025-06-12,619.66,627.48,619.66,626.73,39670874,VNCONS,Tiêu dùng thiết yếu
2025-06-13,626.73,626.73,617.1,621.74,51351104,VNCONS,Tiêu dùng thiết yếu
2025-06-16,621.74,632.01,619.57,631.07,39735332,VNCONS,Tiêu dùng thiết yếu
2025-06-17,631.07,634.07,627.85,634.07,30563201,VNCONS,Tiêu dùng thiết yếu
2025-06-18,634.07,635.44,623.33,632.57,38050209,VNCONS,Tiêu dùng thiết yếu
2025-06-19,632.57,633.62,626.11,633.62,35960816,VNCONS,Tiêu dùng thiết yếu
2025-06-20,633.62,647.17,631.35,639.97,50895074,VNCONS,Tiêu dùng thiết yếu
2025-06-23,639.97,639.97,631.1,639.35,51106067,VNCONS,Tiêu dùng thiết yếu
2025-06-24,639.35,645.33,639.35,644.59,35623665,VNCONS,Tiêu dùng thiết yếu
2025-06-25,644.59,650.21,644.08,649.94,46242236,VNCONS,Tiêu dùng thiết yếu
2025-06-26,649.94,654.52,647.99,653.83,38188456,VNCONS,Tiêu dùng thiết yếu
2025-06-30,673.72,679.94,671.85,677.45,71991627,VNCONS,Tiêu dùng thiết yếu
2025-07-01,677.45,678.71,668.13,671.36,59464101,VNCONS,Tiêu dùng thiết yếu
2025-07-02,671.36,676.94,671.01,673.31,64186661,VNCONS,Tiêu dùng thiết yếu
2025-07-03,673.31,677.79,665.03,667.78,71199318,VNCONS,Tiêu dùng thiết yếu
2025-07-04,667.78,671.3,665.19,669.79,47946956,VNCONS,Tiêu dùng thiết yếu
2025-07-07,669.79,674.7,667.99,671.25,43044783,VNCONS,Tiêu dùng thiết yếu
2025-07-08,671.25,679.55,671.2,677.75,50130022,VNCONS,Tiêu dùng thiết yếu
2025-07-09,677.75,685.51,677.75,683.13,73045075,VNCONS,Tiêu dùng thiết yếu
2025-07-10,683.13,691.63,683.13,684.32,58855052,VNCONS,Tiêu dùng thiết yếu
2025-07-11,684.32,687.13,681.15,683.56,54474662,VNCONS,Tiêu dùng thiết yếu
2025-07-14,683.56,687.05,675.06,683.97,53852046,VNCONS,Tiêu dùng thiết yếu
2025-07-15,683.97,688.92,679.02,679.02,62228565,VNCONS,Tiêu dùng thiết yếu
2025-07-16,679.02,681.27,676.11,680.37,47327539,VNCONS,Tiêu dùng thiết yếu
2025-07-17,680.37,688.83,680.37,686.3,77965472,VNCONS,Tiêu dùng thiết yếu
2025-07-18,686.3,703.82,686.3,699.98,85768138,VNCONS,Tiêu dùng thiết yếu
2025-07-21,699.98,704.46,692.36,692.36,58669497,VNCONS,Tiêu dùng thiết yếu
2025-07-22,692.36,698.17,687.7,697.02,76781314,VNCONS,Tiêu dùng thiết yếu
2025-07-23,697.02,703.71,695.85,702.64,82020969,VNCONS,Tiêu dùng thiết yếu
2025-07-24,702.64,711.46,702.39,705.87,86190861,VNCONS,Tiêu dùng thiết yếu
2025-07-25,705.87,712.11,704.34,706.45,87715566,VNCONS,Tiêu dùng thiết yếu
2025-07-28,706.45,718.19,706.45,716.65,77727041,VNCONS,Tiêu dùng thiết yếu
2025-07-29,716.65,721.14,688.36,690.17,117796679,VNCONS,Tiêu dùng thiết yếu
2025-07-30,690.17,696.78,684.0,694.14,67960101,VNCONS,Tiêu dùng thiết yếu
2025-07-31,694.14,699.71,677.78,687.15,69200240,VNCONS,Tiêu dùng thiết yếu
2025-08-01,687.15,688.33,677.04,683.04,48535803,VNCONS,Tiêu dùng thiết yếu
2025-08-04,683.04,692.62,680.31,691.62,52962621,VNCONS,Tiêu dùng thiết yếu
2025-08-05,691.62,710.42,686.47,695.33,139594921,VNCONS,Tiêu dùng thiết yếu
2025-08-06,695.33,709.5,695.33,707.38,71776953,VNCONS,Tiêu dùng thiết yếu
2025-08-07,707.38,716.43,705.41,707.8,76940982,VNCONS,Tiêu dùng thiết yếu
2025-08-08,707.8,717.56,707.8,713.81,104271007,VNCONS,Tiêu dùng thiết yếu
2025-08-11,713.81,737.13,713.81,732.76,95183758,VNCONS,Tiêu dùng thiết yếu
2025-08-12,732.76,747.58,732.76,740.72,75341322,VNCONS,Tiêu dùng thiết yếu
2025-08-13,745.51,749.5,730.16,746.2,108909164,VNCONS,Tiêu dùng thiết yếu
2025-08-14,748.29,750.14,738.55,742.97,80972904,VNCONS,Tiêu dùng thiết yếu
2025-08-15,742.38,746.38,730.63,732.22,83204453,VNCONS,Tiêu dùng thiết yếu
2025-08-18,732.64,737.6,730.29,735.07,95508726,VNCONS,Tiêu dùng thiết yếu
2025-08-19,738.09,745.52,733.71,739.22,97496465,VNCONS,Tiêu dùng thiết yếu
2025-08-20,745.9,747.08,717.5,729.84,104832270,VNCONS,Tiêu dùng thiết yếu
2025-08-21,731.76,732.66,724.47,729.91,82780335,VNCONS,Tiêu dùng thiết yếu
2025-08-22,723.73,723.83,703.3,709.45,117494720,VNCONS,Tiêu dùng thiết yếu
2025-08-25,712.02,717.64,701.24,706.5,93229018,VNCONS,Tiêu dùng thiết yếu
2025-08-26,705.26,720.53,702.92,719.58,142911417,VNCONS,Tiêu dùng thiết yếu
2025-08-27,720.48,729.24,719.95,723.73,74126469,VNCONS,Tiêu dùng thiết yếu
2025-08-28,725.88,730.05,722.29,727.84,87389808,VNCONS,Tiêu dùng thiết yếu
2025-08-29,730.53,731.05,722.68,725.88,49891776,VNCONS,Tiêu dùng thiết yếu
2025-09-03,727.49,734.44,726.85,730.71,42678153,VNCONS,Tiêu dùng thiết yếu
2025-09-04,733.9,739.85,727.89,738.64,52021890,VNCONS,Tiêu dùng thiết yếu
2025-09-05,744.73,748.47,729.22,729.22,69678040,VNCONS,Tiêu dùng thiết yếu
2025-09-08,726.94,729.96,713.92,715.94,77756809,VNCONS,Tiêu dùng thiết yếu
2025-09-09,716.55,718.48,710.21,716.74,55915228,VNCONS,Tiêu dùng thiết yếu
2025-09-10,719.13,719.29,710.74,715.91,46195134,VNCONS,Tiêu dùng thiết yếu
2025-09-11,715.27,725.65,706.23,725.45,53720463,VNCONS,Tiêu dùng thiết yếu
2025-09-12,727.2,749.03,724.26,745.1,72464288,VNCONS,Tiêu dùng thiết yếu
2025-09-15,748.75,759.11,747.27,757.17,60889310,VNCONS,Tiêu dùng thiết yếu
2025-09-16,762.21,765.04,754.91,757.34,71574821,VNCONS,Tiêu dùng thiết yếu
2025-09-17,757.55,761.38,746.03,746.03,55663682,VNCONS,Tiêu dùng thiết yếu
2025-09-18,747.76,750.52,737.47,738.92,36218676,VNCONS,Tiêu dùng thiết yếu
2025-09-19,742.19,742.97,731.58,731.58,37771462,VNCONS,Tiêu dùng thiết yếu
2025-09-22,732.47,734.53,715.75,719.83,53853468,VNCONS,Tiêu dùng thiết yếu
2025-09-23,720.47,726.46,719.17,721.67,27547998,VNCONS,Tiêu dùng thiết yếu
2025-09-24,722.69,729.49,716.16,728.84,29056906,VNCONS,Tiêu dùng thiết yếu
2025-09-25,731.39,732.4,724.82,725.31,35044283,VNCONS,Tiêu dùng thiết yếu
2025-09-26,725.45,730.85,722.76,723.09,45118688,VNCONS,Tiêu dùng thiết yếu
2025-09-29,722.81,722.93,716.3,718.66,45668442,VNCONS,Tiêu dùng thiết yếu
2025-09-30,719.78,720.97,710.92,714.33,44597728,VNCONS,Tiêu dùng thiết yếu
2025-10-01,716.32,727.36,714.3,724.15,45801262,VNCONS,Tiêu dùng thiết yếu
2025-10-02,726.17,728.4,718.65,720.54,37736690,VNCONS,Tiêu dùng thiết yếu
2025-10-03,720.89,722.31,713.66,716.6,53639191,VNCONS,Tiêu dùng thiết yếu
2025-10-06,725.8,732.59,723.27,732.59,48166895,VNCONS,Tiêu dùng thiết yếu
2025-10-07,735.38,735.38,725.79,725.79,43412586,VNCONS,Tiêu dùng thiết yếu
2025-10-08,733.73,736.68,729.28,735.01,46043725,VNCONS,Tiêu dùng thiết yếu
2025-10-09,737.13,740.24,734.67,737.48,54902924,VNCONS,Tiêu dùng thiết yếu
2025-10-10,740.78,744.04,738.98,742.62,45985589,VNCONS,Tiêu dùng thiết yếu
2025-10-13,739.21,750.72,737.94,750.72,53005700,VNCONS,Tiêu dùng thiết yếu
2025-10-14,753.75,753.75,735.31,735.31,70530868,VNCONS,Tiêu dùng thiết yếu
2025-10-15,737.74,740.63,731.64,733.57,36741830,VNCONS,Tiêu dùng thiết yếu
2025-10-16,732.25,742.94,730.74,742.31,96186514,VNCONS,Tiêu dùng thiết yếu
2025-10-17,752.52,759.37,733.89,733.89,63705546,VNCONS,Tiêu dùng thiết yếu
2025-10-20,732.12,737.9,691.72,691.72,83869585,VNCONS,Tiêu dùng thiết yếu
2025-10-21,685.7,695.42,676.66,687.39,67731354,VNCONS,Tiêu dùng thiết yếu
2025-10-22,695.79,697.8,681.51,692.79,44683021,VNCONS,Tiêu dùng thiết yếu
2025-10-23,694.84,699.57,688.24,691.13,28409242,VNCONS,Tiêu dùng thiết yếu
2025-10-24,690.5,697.37,678.2,697.37,35280767,VNCONS,Tiêu dùng thiết yếu
2025-10-27,702.58,702.58,689.41,692.27,38698252,VNCONS,Tiêu dùng thiết yếu
2025-10-28,693.96,696.34,681.15,696.34,31298737,VNCONS,Tiêu dùng thiết yếu
2025-10-29,697.69,708.26,694.61,704.12,50423695,VNCONS,Tiêu dùng thiết yếu
2025-10-30,706.75,709.72,702.3,703.77,40583624,VNCONS,Tiêu dùng thiết yếu
2025-10-31,705.19,710.56,702.76,706.58,41717435,VNCONS,Tiêu dùng thiết yếu
2025-11-03,706.89,707.84,694.29,694.29,39086396,VNCONS,Tiêu dùng thiết yếu
2025-11-04,693.79,708.73,677.52,706.52,58048296,VNCONS,Tiêu dùng thiết yếu
2025-11-05,705.6,714.21,701.38,709.69,45293244,VNCONS,Tiêu dùng thiết yếu
2025-11-06,709.9,710.17,701.32,702.4,23282331,VNCONS,Tiêu dùng thiết yếu
2025-11-07,700.34,705.66,689.27,689.27,46115733,VNCONS,Tiêu dùng thiết yếu
2025-11-10,690.05,695.56,684.25,684.25,26256720,VNCONS,Tiêu dùng thiết yếu
2025-11-11,686.99,702.08,686.13,700.28,32364628,VNCONS,Tiêu dùng thiết yếu
2025-11-12,701.85,709.39,699.88,708.22,34491029,VNCONS,Tiêu dùng thiết yếu
2025-11-13,709.18,718.04,707.78,715.18,42185383,VNCONS,Tiêu dùng thiết yếu
2025-11-14,713.85,721.1,713.14,718.19,66198970,VNCONS,Tiêu dùng thiết yếu
2025-11-17,721.56,725.79,717.99,725.79,51181163,VNCONS,Tiêu dùng thiết yếu
2025-11-18,726.13,726.13,716.62,720.76,56543068,VNCONS,Tiêu dùng thiết yếu
2025-11-19,720.85,723.16,712.55,716.05,78411468,VNCONS,Tiêu dùng thiết yếu
2025-11-20,718.5,719.64,712.76,713.69,30789643,VNCONS,Tiêu dùng thiết yếu
2025-11-21,711.88,712.07,703.87,707.98,33661328,VNCONS,Tiêu dùng thiết yếu
2025-11-24,710.24,724.85,709.89,719.43,43397666,VNCONS,Tiêu dùng thiết yếu
2025-11-25,720.57,722.14,711.17,712.8,77212694,VNCONS,Tiêu dùng thiết yếu
2025-11-26,716.74,722.82,716.01,722.82,35641697,VNCONS,Tiêu dùng thiết yếu
2025-11-27,724.76,725.87,716.4,717.09,39671899,VNCONS,Tiêu dùng thiết yếu
2025-11-28,718.2,723.26,715.76,717.31,50779825,VNCONS,Tiêu dùng thiết yếu
2025-12-01,720.12,730.04,720.12,727.93,47088488,VNCONS,Tiêu dùng thiết yếu
2025-12-02,727.64,731.14,724.27,729.14,39256447,VNCONS,Tiêu dùng thiết yếu
2025-12-03,732.09,738.28,729.76,736.19,45732131,VNCONS,Tiêu dùng thiết yếu
2025-12-04,739.8,739.84,726.78,730.26,43060062,VNCONS,Tiêu dùng thiết yếu
2025-12-05,732.3,735.54,724.23,724.37,42659420,VNCONS,Tiêu dùng thiết yếu
2025-12-08,724.25,730.49,723.22,723.92,34759981,VNCONS,Tiêu dùng thiết yếu
2025-12-09,724.45,726.2,715.52,717.33,56925209,VNCONS,Tiêu dùng thiết yếu
2025-12-10,717.41,722.22,716.34,718.14,27902647,VNCONS,Tiêu dùng thiết yếu
2025-12-11,719.29,722.86,710.9,711.08,45769218,VNCONS,Tiêu dùng thiết yếu
2025-12-12,713.61,713.99,690.91,691.9,59805129,VNCONS,Tiêu dùng thiết yếu
2025-12-15,692.13,701.6,692.13,698.59,41236811,VNCONS,Tiêu dùng thiết yếu
2025-12-16,700.41,717.66,697.19,714.09,47766469,VNCONS,Tiêu dùng thiết yếu
2025-12-17,713.12,713.91,691.35,706.94,33182495,VNCONS,Tiêu dùng thiết yếu
2025-12-18,710.8,710.86,705.44,709.86,24221821,VNCONS,Tiêu dùng thiết yếu
2025-12-19,709.62,731.51,707.59,716.81,50243378,VNCONS,Tiêu dùng thiết yếu
2025-12-22,718.26,718.26,713.47,716.33,174765274,VNCONS,Tiêu dùng thiết yếu
2025-12-23,718.29,723.04,709.65,713.43,50685552,VNCONS,Tiêu dùng thiết yếu
2025-12-24,713.72,713.78,706.87,711.19,46031414,VNCONS,Tiêu dùng thiết yếu
2025-12-25,712.85,717.08,708.76,708.99,42860950,VNCONS,Tiêu dùng thiết yếu
2025-12-26,708.59,710.02,694.56,705.35,58479647,VNCONS,Tiêu dùng thiết yếu
2025-12-29,705.09,707.19,703.01,707.19,32359788,VNCONS,Tiêu dùng thiết yếu
2025-12-30,708.98,713.74,706.07,712.95,26980431,VNCONS,Tiêu dùng thiết yếu
2025-12-31,712.8,713.76,706.68,710.7,30368553,VNCONS,Tiêu dùng thiết yếu
2026-01-05,711.22,711.55,696.06,702.86,40826509,VNCONS,Tiêu dùng thiết yếu
2026-01-06,703.6,705.28,698.38,704.51,32754861,VNCONS,Tiêu dùng thiết yếu
2026-01-07,706.08,711.95,703.59,711.15,53098922,VNCONS,Tiêu dùng thiết yếu
2026-01-08,714.47,721.47,711.4,715.06,35716903,VNCONS,Tiêu dùng thiết yếu
2026-01-09,716.31,717.72,702.76,702.76,47792391,VNCONS,Tiêu dùng thiết yếu
2026-01-12,702.69,717.72,700.93,717.72,43312756,VNCONS,Tiêu dùng thiết yếu
2026-01-13,720.99,733.67,720.99,724.76,50821803,VNCONS,Tiêu dùng thiết yếu
2026-01-14,726.57,753.86,725.93,748.55,88224734,VNCONS,Tiêu dùng thiết yếu
2026-01-15,756.25,770.58,751.56,760.28,58643351,VNCONS,Tiêu dùng thiết yếu
2026-01-16,762.37,779.15,753.2,757.4,59331114,VNCONS,Tiêu dùng thiết yếu
2026-01-19,761.71,764.26,749.49,756.76,55574565,VNCONS,Tiêu dùng thiết yếu
2026-01-20,759.38,778.66,759.38,767.38,68928033,VNCONS,Tiêu dùng thiết yếu
2026-01-21,761.37,763.53,747.14,754.89,50254665,VNCONS,Tiêu dùng thiết yếu
2026-01-22,758.32,764.49,751.77,757.04,45145176,VNCONS,Tiêu dùng thiết yếu
2026-01-23,754.29,756.74,740.14,740.16,47753173,VNCONS,Tiêu dùng thiết yếu
2026-01-26,741.87,745.11,728.07,735.17,58913643,VNCONS,Tiêu dùng thiết yếu
2026-01-27,734.65,735.27,724.6,729.81,46634492,VNCONS,Tiêu dùng thiết yếu
2026-01-28,733.18,741.83,732.31,739.86,46084728,VNCONS,Tiêu dùng thiết yếu
2026-01-29,745.42,769.91,744.07,769.91,75957875,VNCONS,Tiêu dùng thiết yếu
2026-01-30,773.61,775.6,765.84,768.19,43816300,VNCONS,Tiêu dùng thiết yếu
2026-02-02,768.92,777.75,760.94,777.75,58466973,VNCONS,Tiêu dùng thiết yếu
2026-02-03,782.07,784.62,772.58,776.03,54838712,VNCONS,Tiêu dùng thiết yếu
2026-02-04,777.9,782.68,771.65,774.78,55839572,VNCONS,Tiêu dùng thiết yếu
2026-02-05,775.2,775.88,749.3,749.3,47693173,VNCONS,Tiêu dùng thiết yếu
2026-02-06,742.12,748.73,736.54,738.51,52039234,VNCONS,Tiêu dùng thiết yếu
2026-02-09,743.42,745.14,736.84,740.03,29057519,VNCONS,Tiêu dùng thiết yếu
2026-02-10,740.26,742.95,723.42,729.43,34370100,VNCONS,Tiêu dùng thiết yếu
2026-02-11,732.38,740.71,729.86,737.55,32116229,VNCONS,Tiêu dùng thiết yếu
2026-02-12,739.52,741.46,737.31,738.5,18470257,VNCONS,Tiêu dùng thiết yếu
2026-02-13,738.71,741.85,735.02,740.79,23058165,VNCONS,Tiêu dùng thiết yếu
2026-02-23,741.84,750.73,741.84,750.73,26594771,VNCONS,Tiêu dùng thiết yếu
2026-02-24,750.76,756.26,748.23,755.49,36874042,VNCONS,Tiêu dùng thiết yếu
2026-02-25,758.19,769.15,758.19,760.86,40863037,VNCONS,Tiêu dùng thiết yếu
2026-02-26,759.92,759.92,749.04,754.43,111124686,VNCONS,Tiêu dùng thiết yếu
2026-02-27,753.83,755.03,738.24,739.76,44241005,VNCONS,Tiêu dùng thiết yếu
2026-03-02,738.25,747.09,725.37,732.69,64372169,VNCONS,Tiêu dùng thiết yếu
2026-03-03,735.57,739.06,713.91,713.96,55666700,VNCONS,Tiêu dùng thiết yếu
2026-03-04,714.15,718.78,693.59,715.19,68708551,VNCONS,Tiêu dùng thiết yếu
2026-03-05,718.68,720.4,702.08,705.79,34003097,VNCONS,Tiêu dùng thiết yếu
2026-03-06,702.01,702.01,691.86,692.78,37873046,VNCONS,Tiêu dùng thiết yếu
2026-03-09,689.72,689.72,646.33,648.36,47675316,VNCONS,Tiêu dùng thiết yếu
2026-03-10,650.14,668.06,649.83,664.91,56902843,VNCONS,Tiêu dùng thiết yếu
2026-03-11,666.94,688.67,666.94,688.67,44467032,VNCONS,Tiêu dùng thiết yếu
2026-03-12,685.12,690.64,675.98,683.6,33331547,VNCONS,Tiêu dùng thiết yếu
2026-03-13,683.13,693.79,681.86,692.28,32921526,VNCONS,Tiêu dùng thiết yếu
2026-03-16,693.42,694.95,684.49,686.5,25462509,VNCONS,Tiêu dùng thiết yếu
2026-03-17,691.76,697.51,689.75,691.49,31462331,VNCONS,Tiêu dùng thiết yếu
2026-03-18,694.02,696.8,685.44,691.03,21975363,VNCONS,Tiêu dùng thiết yếu
2026-03-19,683.06,689.73,680.55,685.52,39247546,VNCONS,Tiêu dùng thiết yếu
2026-03-20,685.23,685.29,642.88,665.18,40468355,VNCONS,Tiêu dùng thiết yếu
2026-03-23,659.12,669.37,656.79,662.44,42425114,VNCONS,Tiêu dùng thiết yếu
2026-03-24,673.1,673.8,667.29,670.52,27197932,VNCONS,Tiêu dùng thiết yếu
2026-03-25,676.36,682.87,674.39,682.87,33045275,VNCONS,Tiêu dùng thiết yếu
2026-03-26,681.71,681.91,672.96,675.19,23528784,VNCONS,Tiêu dùng thiết yếu
2026-03-27,675.76,684.52,675.59,684.52,33142303,VNCONS,Tiêu dùng thiết yếu
2026-03-30,677.92,690.92,672.48,688.08,30655297,VNCONS,Tiêu dùng thiết yếu
2026-03-31,692.56,695.88,687.1,689.93,31834216,VNCONS,Tiêu dùng thiết yếu
2026-04-01,698.9,702.15,693.73,697.05,33941227,VNCONS,Tiêu dùng thiết yếu
2026-04-02,696.25,696.29,687.38,690.95,20269016,VNCONS,Tiêu dùng thiết yếu
2026-04-03,691.85,697.13,682.81,683.68,23184113,VNCONS,Tiêu dùng thiết yếu
2026-04-06,682.47,688.1,679.96,684.17,22069738,VNCONS,Tiêu dùng thiết yếu
2026-04-07,684.95,686.51,678.21,684.47,16059259,VNCONS,Tiêu dùng thiết yếu
2026-04-08,694.74,704.02,693.18,704.02,39414871,VNCONS,Tiêu dùng thiết yếu
2026-04-09,700.29,706.39,696.24,702.04,26262639,VNCONS,Tiêu dùng thiết yếu
2026-04-10,706.89,712.05,702.65,705.97,24313568,VNCONS,Tiêu dùng thiết yếu
2026-04-13,700.87,702.29,697.08,702.29,22818124,VNCONS,Tiêu dùng thiết yếu
2026-04-14,707.44,708.72,699.91,704.86,49981373,VNCONS,Tiêu dùng thiết yếu
2026-04-15,709.2,710.1,697.29,700.63,33898874,VNCONS,Tiêu dùng thiết yếu
2026-04-16,701.6,705.07,698.18,702.12,26802413,VNCONS,Tiêu dùng thiết yếu
2026-04-17,704.54,721.97,704.36,707.8,45324489,VNCONS,Tiêu dùng thiết yếu
2026-04-20,710.47,713.68,707.79,710.11,26532059,VNCONS,Tiêu dùng thiết yếu
2026-04-21,711.71,715.26,702.34,706.94,34684884,VNCONS,Tiêu dùng thiết yếu
2026-04-22,707.18,708.43,702.68,707.32,27320675,VNCONS,Tiêu dùng thiết yếu
2026-04-23,708.1,709.98,698.79,706.23,36522960,VNCONS,Tiêu dùng thiết yếu
2026-04-24,707.38,710.7,695.64,699.09,26179118,VNCONS,Tiêu dùng thiết yếu
2026-04-28,698.07,698.88,693.51,697.52,22061726,VNCONS,Tiêu dùng thiết yếu
2026-04-29,692.38,694.87,689.87,694.2,30193121,VNCONS,Tiêu dùng thiết yếu
2026-05-04,696.67,699.56,692.69,695.62,18334261,VNCONS,Tiêu dùng thiết yếu
2026-05-05,696.71,700.86,690.66,695.05,20726282,VNCONS,Tiêu dùng thiết yếu
2026-05-06,697.03,703.93,693.68,703.93,25894166,VNCONS,Tiêu dùng thiết yếu
2026-05-07,709.5,717.47,707.82,711.79,40122709,VNCONS,Tiêu dùng thiết yếu
2026-05-08,711.12,715.65,705.16,706.88,27877596,VNCONS,Tiêu dùng thiết yếu
2026-05-11,709.62,709.62,697.48,697.48,28477903,VNCONS,Tiêu dùng thiết yếu
2026-05-12,697.92,698.81,690.75,695.22,31753801,VNCONS,Tiêu dùng thiết yếu
2026-05-13,695.08,696.66,691.22,695.94,33399861,VNCONS,Tiêu dùng thiết yếu
2026-05-14,697.5,699.8,696.81,699.78,19294777,VNCONS,Tiêu dùng thiết yếu
2026-05-15,700.68,700.7,692.9,694.01,22538287,VNCONS,Tiêu dùng thiết yếu
2026-05-18,691.53,693.95,687.26,691.52,30460731,VNCONS,Tiêu dùng thiết yếu
2026-05-19,692.46,694.94,688.58,690.22,32820740,VNCONS,Tiêu dùng thiết yếu
2026-05-20,690.24,691.07,673.64,683.71,47997053,VNCONS,Tiêu dùng thiết yếu
2026-05-21,687.82,689.59,683.48,685.85,21199930,VNCONS,Tiêu dùng thiết yếu
2026-05-22,686.53,687.45,681.73,686.16,19960351,VNCONS,Tiêu dùng thiết yếu
2026-05-25,686.57,690.4,685.5,689.29,23390966,VNCONS,Tiêu dùng thiết yếu
2026-05-26,690.01,690.12,686.51,687.82,14993833,VNCONS,Tiêu dùng thiết yếu
2026-05-27,688.8,689.62,684.67,685.08,38224079,VNCONS,Tiêu dùng thiết yếu
2026-05-28,686.12,690.23,682.47,682.47,19106376,VNCONS,Tiêu dùng thiết yếu
2026-05-29,681.68,682.57,675.45,677.07,15715738,VNCONS,Tiêu dùng thiết yếu
2026-06-01,677.77,679.14,674.86,677.71,19078145,VNCONS,Tiêu dùng thiết yếu
2026-06-02,677.44,678.13,668.71,668.71,26423982,VNCONS,Tiêu dùng thiết yếu
2026-06-03,668.09,676.41,665.22,675.77,22130379,VNCONS,Tiêu dùng thiết yếu
2026-06-04,676.05,676.26,669.56,672.91,30687349,VNCONS,Tiêu dùng thiết yếu
2026-06-05,674.75,674.77,667.31,668.88,16501329,VNCONS,Tiêu dùng thiết yếu
2026-06-08,665.7,667.23,655.93,657.06,37655047,VNCONS,Tiêu dùng thiết yếu
2026-06-09,658.51,664.27,657.25,664.27,17438163,VNCONS,Tiêu dùng thiết yếu
2026-06-10,663.17,666.02,661.3,666.02,37608563,VNCONS,Tiêu dùng thiết yếu
2026-06-11,663.79,667.86,662.11,666.41,19010275,VNCONS,Tiêu dùng thiết yếu
2026-06-12,670.52,671.96,665.07,665.07,19082363,VNCONS,Tiêu dùng thiết yếu
2026-06-15,670.14,674.13,669.73,672.64,23733695,VNCONS,Tiêu dùng thiết yếu
2026-06-16,674.27,675.44,671.05,674.1,18722101,VNCONS,Tiêu dùng thiết yếu
2026-06-17,674.53,677.1,672.08,673.09,30847863,VNCONS,Tiêu dùng thiết yếu
2026-06-18,674.89,675.66,670.26,670.26,19083713,VNCONS,Tiêu dùng thiết yếu
2026-06-19,671.01,672.78,664.34,669.34,18984791,VNCONS,Tiêu dùng thiết yếu
2026-06-22,672.93,672.93,666.51,666.51,32214865,VNCONS,Tiêu dùng thiết yếu
2026-06-23,669.45,669.45,661.15,664.98,22761290,VNCONS,Tiêu dùng thiết yếu
2026-06-24,664.81,666.08,659.68,664.91,27738425,VNCONS,Tiêu dùng thiết yếu
2026-06-25,666.68,666.71,663.89,666.13,16745694,VNCONS,Tiêu dùng thiết yếu
2026-06-26,660.66,660.66,654.95,658.52,17531589,VNCONS,Tiêu dùng thiết yếu
2026-06-29,658.66,659.98,655.66,659.74,23460973,VNCONS,Tiêu dùng thiết yếu
2026-06-30,659.49,661.37,650.09,656.08,30949062,VNCONS,Tiêu dùng thiết yếu
2026-07-01,656.13,659.85,655.27,658.91,18958487,VNCONS,Tiêu dùng thiết yếu
2026-07-02,659.84,662.6,655.98,658.69,15769566,VNCONS,Tiêu dùng thiết yếu
2026-07-03,657.84,658.66,650.58,654.26,15057506,VNCONS,Tiêu dùng thiết yếu
2026-07-06,653.89,655.86,641.9,648.96,22025847,VNCONS,Tiêu dùng thiết yếu
2026-07-07,648.01,648.57,638.66,641.62,22327704,VNCONS,Tiêu dùng thiết yếu
2026-07-08,641.95,647.19,638.2,645.61,24586807,VNCONS,Tiêu dùng thiết yếu
2026-07-09,644.71,647.79,642.03,643.95,13199719,VNCONS,Tiêu dùng thiết yếu
2026-07-10,643.14,646.18,642.64,646.18,25250526,VNCONS,Tiêu dùng thiết yếu
2026-07-13,643.89,643.9,632.36,637.22,25526544,VNCONS,Tiêu dùng thiết yếu
2026-07-14,634.87,641.14,632.35,640.96,18076424,VNCONS,Tiêu dùng thiết yếu
2026-07-15,640.83,641.09,634.9,638.89,15771070,VNCONS,Tiêu dùng thiết yếu
2026-07-16,635.6,639.65,629.3,639.65,20282049,VNCONS,Tiêu dùng thiết yếu
2026-07-17,639.06,649.19,636.94,648.27,22817282,VNCONS,Tiêu dùng thiết yếu
2026-07-20,644.01,644.94,627.46,633.18,31789216,VNCONS,Tiêu dùng thiết yếu
2026-07-21,630.55,637.87,630.17,631.64,24232596,VNCONS,Tiêu dùng thiết yếu
2026-07-22,633.59,638.69,622.91,628.39,31548899,VNCONS,Tiêu dùng thiết yếu
2026-07-23,627.81,630.08,610.27,624.49,23066456,VNCONS,Tiêu dùng thiết yếu
2026-07-24,624.45,627.12,621.57,626.95,24462128,VNCONS,Tiêu dùng thiết yếu
2026-07-27,631.56,633.41,619.34,621.69,19342169,VNCONS,Tiêu dùng thiết yếu
2026-07-28,616.05,634.44,614.39,632.86,27479486,VNCONS,Tiêu dùng thiết yếu
2026-07-29,633.85,640.0,629.2,636.92,19697240,VNCONS,Tiêu dùng thiết yếu
2026-07-30,636.64,649.85,634.78,649.8,24891030,VNCONS,Tiêu dùng thiết yếu
2026-07-31,650.8,650.89,638.09,641.38,19657454,VNCONS,Tiêu dùng thiết yếu
2026-08-03,642.07,645.6,639.46,645.6,37060343,VNCONS,Tiêu dùng thiết yếu
