time,open,high,low,close,volume,symbol,name
2018-08-06,964.03,964.79,951.46,952.07,2820760,VNCOND,Tiêu dùng tùy ý
2018-08-07,951.6,956.79,944.53,948.8,3682310,VNCOND,Tiêu dùng tùy ý
2018-08-08,951.26,963.84,951.26,963.01,2946480,VNCOND,Tiêu dùng tùy ý
2018-08-09,965.02,976.06,964.65,973.93,4045750,VNCOND,Tiêu dùng tùy ý
2018-08-10,972.95,978.49,972.24,978.17,4003160,VNCOND,Tiêu dùng tùy ý
2018-08-13,976.1,979.47,968.47,977.1,4676350,VNCOND,Tiêu dùng tùy ý
2018-08-14,981.78,1004.69,981.5,1004.69,5554910,VNCOND,Tiêu dùng tùy ý
2018-08-15,981.78,1014.51,987.44,988.39,6780610,VNCOND,Tiêu dùng tùy ý
2018-08-16,981.78,1008.26,979.93,1008.26,4973110,VNCOND,Tiêu dùng tùy ý
2018-08-17,981.78,1016.52,999.36,999.36,6031380,VNCOND,Tiêu dùng tùy ý
2018-08-20,981.78,1018.34,999.04,1014.98,5473150,VNCOND,Tiêu dùng tùy ý
2018-08-21,981.78,1035.84,1015.62,1035.84,6105460,VNCOND,Tiêu dùng tùy ý
2018-08-22,981.78,1039.27,1025.0,1032.28,3957020,VNCOND,Tiêu dùng tùy ý
2018-08-23,981.78,1038.0,1023.66,1038.0,4969900,VNCOND,Tiêu dùng tùy ý
2018-08-24,981.78,1038.11,1025.73,1033.36,6118740,VNCOND,Tiêu dùng tùy ý
2018-08-27,981.78,1048.13,1033.17,1043.55,4837560,VNCOND,Tiêu dùng tùy ý
2018-08-28,981.78,1048.19,1037.55,1040.82,4127830,VNCOND,Tiêu dùng tùy ý
2018-08-29,981.78,1043.83,1035.61,1038.18,4051700,VNCOND,Tiêu dùng tùy ý
2018-08-30,1037.72,1046.98,1035.44,1046.98,3582390,VNCOND,Tiêu dùng tùy ý
2018-08-31,1037.72,1048.16,1025.49,1025.49,5331700,VNCOND,Tiêu dùng tùy ý
2018-09-04,1037.72,1048.16,1010.58,1010.58,5181510,VNCOND,Tiêu dùng tùy ý
2018-09-05,1037.72,1011.25,992.92,994.95,5220130,VNCOND,Tiêu dùng tùy ý
2018-09-06,1037.72,1003.53,990.34,990.34,4376730,VNCOND,Tiêu dùng tùy ý
2018-09-07,1037.72,1004.39,989.02,1004.01,5147220,VNCOND,Tiêu dùng tùy ý
2018-09-10,1037.72,1011.23,1000.78,1004.68,4448930,VNCOND,Tiêu dùng tùy ý
2018-09-11,1037.72,1024.78,1003.03,1024.78,6195280,VNCOND,Tiêu dùng tùy ý
2018-09-12,1037.72,1038.68,1024.78,1028.6,5161860,VNCOND,Tiêu dùng tùy ý
2018-09-13,1037.72,1040.79,1027.59,1033.78,4056590,VNCOND,Tiêu dùng tùy ý
2018-09-14,1037.72,1040.45,1034.59,1039.0,5382360,VNCOND,Tiêu dùng tùy ý
2018-09-17,1037.72,1040.33,1027.97,1030.77,6010840,VNCOND,Tiêu dùng tùy ý
2018-09-18,1037.72,1038.82,1020.53,1038.82,6536910,VNCOND,Tiêu dùng tùy ý
2018-09-19,1037.72,1050.6,1034.28,1039.67,6530540,VNCOND,Tiêu dùng tùy ý
2018-09-20,1037.72,1044.27,1036.6,1039.78,5362190,VNCOND,Tiêu dùng tùy ý
2018-09-21,1037.72,1064.06,1039.16,1064.06,6062220,VNCOND,Tiêu dùng tùy ý
2018-09-24,1037.72,1074.72,1066.61,1069.27,4377570,VNCOND,Tiêu dùng tùy ý
2018-09-25,1037.72,1075.4,1060.33,1071.92,4961310,VNCOND,Tiêu dùng tùy ý
2018-09-26,1037.72,1076.75,1066.7,1066.7,5594660,VNCOND,Tiêu dùng tùy ý
2018-09-27,1037.72,1082.52,1063.39,1082.52,6078620,VNCOND,Tiêu dùng tùy ý
2018-09-28,1037.72,1095.67,1082.57,1083.77,6206490,VNCOND,Tiêu dùng tùy ý
2018-10-01,1037.72,1090.3,1076.36,1081.3,6787420,VNCOND,Tiêu dùng tùy ý
2018-10-02,1037.72,1088.13,1079.05,1081.37,6498780,VNCOND,Tiêu dùng tùy ý
2018-10-03,1037.72,1096.43,1082.94,1096.43,4489480,VNCOND,Tiêu dùng tùy ý
2018-10-04,1037.72,1110.12,1096.88,1101.94,4841240,VNCOND,Tiêu dùng tùy ý
2018-10-05,1037.72,1108.51,1087.54,1087.54,5008140,VNCOND,Tiêu dùng tùy ý
2018-10-08,1037.72,1102.43,1083.64,1093.13,5681010,VNCOND,Tiêu dùng tùy ý
2018-10-09,1037.72,1108.35,1094.39,1103.95,4552830,VNCOND,Tiêu dùng tùy ý
2018-10-10,1037.72,1111.84,1104.61,1111.84,6348720,VNCOND,Tiêu dùng tùy ý
2018-10-11,1037.72,1110.54,1054.09,1054.09,11470800,VNCOND,Tiêu dùng tùy ý
2018-10-12,1037.72,1081.36,1043.7,1081.36,5642500,VNCOND,Tiêu dùng tùy ý
2018-10-15,1037.72,1082.17,1061.64,1063.62,4820840,VNCOND,Tiêu dùng tùy ý
2018-10-16,1062.94,1077.67,1060.29,1077.67,4041960,VNCOND,Tiêu dùng tùy ý
2018-10-17,1077.67,1092.1,1077.67,1082.22,3758410,VNCOND,Tiêu dùng tùy ý
2018-10-18,1082.41,1084.96,1073.26,1074.08,3997110,VNCOND,Tiêu dùng tùy ý
2018-10-19,1062.73,1074.08,1055.62,1068.78,4138970,VNCOND,Tiêu dùng tùy ý
2018-10-22,1069.19,1075.33,1054.67,1054.67,6086200,VNCOND,Tiêu dùng tùy ý
2018-10-23,1046.13,1048.39,1010.83,1022.61,6249270,VNCOND,Tiêu dùng tùy ý
2018-10-24,1024.16,1034.22,998.27,998.27,5012160,VNCOND,Tiêu dùng tùy ý
2018-10-25,955.05,990.65,955.05,979.4,5523920,VNCOND,Tiêu dùng tùy ý
2018-10-26,994.03,994.49,948.57,948.57,4928640,VNCOND,Tiêu dùng tùy ý
2018-10-29,946.12,954.79,927.39,927.39,4634460,VNCOND,Tiêu dùng tùy ý
2018-10-30,927.83,949.78,927.83,939.97,4123350,VNCOND,Tiêu dùng tùy ý
2018-10-31,954.43,983.67,953.87,983.67,4385460,VNCOND,Tiêu dùng tùy ý
2018-11-01,954.43,985.38,953.87,968.24,3646070,VNCOND,Tiêu dùng tùy ý
2018-11-02,954.43,994.98,953.87,990.39,3922750,VNCOND,Tiêu dùng tùy ý
2018-11-05,982.39,986.15,970.33,986.15,4367660,VNCOND,Tiêu dùng tùy ý
2018-11-06,994.68,995.16,982.23,984.01,4158590,VNCOND,Tiêu dùng tùy ý
2018-11-07,988.9,992.05,976.26,983.99,3754220,VNCOND,Tiêu dùng tùy ý
2018-11-08,985.62,988.8,971.8,974.74,3757110,VNCOND,Tiêu dùng tùy ý
2018-11-09,972.66,981.82,948.99,948.99,3458970,VNCOND,Tiêu dùng tùy ý
2018-11-12,948.99,970.22,946.36,968.34,3111210,VNCOND,Tiêu dùng tùy ý
2018-11-13,955.0,962.04,951.21,956.81,2856860,VNCOND,Tiêu dùng tùy ý
2018-11-14,958.43,966.98,951.56,955.86,6182900,VNCOND,Tiêu dùng tùy ý
2018-11-15,955.92,965.13,949.54,949.54,4413830,VNCOND,Tiêu dùng tùy ý
2018-11-16,957.2,970.52,954.48,954.48,5108310,VNCOND,Tiêu dùng tùy ý
2018-11-19,954.48,985.11,954.48,985.11,4613900,VNCOND,Tiêu dùng tùy ý
2018-11-20,985.15,985.93,979.42,985.93,4638590,VNCOND,Tiêu dùng tùy ý
2018-11-21,985.93,990.11,974.63,990.05,4123190,VNCOND,Tiêu dùng tùy ý
2018-11-22,998.17,1002.53,996.49,998.68,4477550,VNCOND,Tiêu dùng tùy ý
2018-11-23,999.17,1000.37,982.33,982.33,4875870,VNCOND,Tiêu dùng tùy ý
2018-11-26,981.67,992.52,981.67,992.38,3465620,VNCOND,Tiêu dùng tùy ý
2018-11-27,996.75,999.73,981.22,983.22,4042670,VNCOND,Tiêu dùng tùy ý
2018-11-28,983.65,986.12,979.2,986.12,3387880,VNCOND,Tiêu dùng tùy ý
2018-11-29,988.2,991.84,974.59,974.93,4064560,VNCOND,Tiêu dùng tùy ý
2018-11-30,974.83,980.45,968.58,974.94,4363740,VNCOND,Tiêu dùng tùy ý
2018-12-03,989.02,1005.37,983.55,1005.37,6668840,VNCOND,Tiêu dùng tùy ý
2018-12-04,1005.32,1010.13,1004.21,1008.03,4076370,VNCOND,Tiêu dùng tùy ý
2018-12-05,1007.83,1017.54,997.02,1014.01,5283470,VNCOND,Tiêu dùng tùy ý
2018-12-06,1008.85,1021.41,1004.92,1009.19,5684630,VNCOND,Tiêu dùng tùy ý
2018-12-07,1009.17,1022.94,1009.17,1020.57,4972690,VNCOND,Tiêu dùng tùy ý
2018-12-10,1017.46,1018.62,1011.69,1014.2,3774950,VNCOND,Tiêu dùng tùy ý
2018-12-11,1013.62,1016.93,1009.66,1012.01,3408150,VNCOND,Tiêu dùng tùy ý
2018-12-12,1011.93,1028.18,1011.93,1024.98,3742770,VNCOND,Tiêu dùng tùy ý
2018-12-13,1029.25,1030.28,1020.33,1023.23,4782460,VNCOND,Tiêu dùng tùy ý
2018-12-14,1018.13,1020.2,1013.24,1013.87,4884090,VNCOND,Tiêu dùng tùy ý
2018-12-17,1009.49,1009.49,989.32,998.44,4371740,VNCOND,Tiêu dùng tùy ý
2018-12-18,977.81,987.92,972.28,987.92,5218480,VNCOND,Tiêu dùng tùy ý
2018-12-19,986.96,989.97,979.17,986.38,5897500,VNCOND,Tiêu dùng tùy ý
2018-12-20,981.15,990.58,980.62,986.19,4475630,VNCOND,Tiêu dùng tùy ý
2018-12-21,978.69,998.48,976.31,997.47,5091820,VNCOND,Tiêu dùng tùy ý
2018-12-24,978.69,1003.19,976.31,993.11,3673840,VNCOND,Tiêu dùng tùy ý
2018-12-25,978.69,1003.19,968.63,979.65,9091520,VNCOND,Tiêu dùng tùy ý
2018-12-26,978.69,1003.19,968.63,978.16,3826020,VNCOND,Tiêu dùng tùy ý
2018-12-27,978.69,1003.19,968.63,990.1,3786010,VNCOND,Tiêu dùng tùy ý
2018-12-28,978.69,993.71,979.7,990.71,6022210,VNCOND,Tiêu dùng tùy ý
2019-01-02,978.69,993.71,977.59,977.59,3335100,VNCOND,Tiêu dùng tùy ý
2019-01-03,976.49,979.16,952.74,952.74,4126930,VNCOND,Tiêu dùng tùy ý
2019-01-04,947.45,960.63,937.81,960.63,3421940,VNCOND,Tiêu dùng tùy ý
2019-01-07,968.09,979.48,967.28,975.0,5714320,VNCOND,Tiêu dùng tùy ý
2019-01-08,974.44,976.09,965.69,968.05,5851750,VNCOND,Tiêu dùng tùy ý
2019-01-09,968.05,980.74,968.05,979.18,5420590,VNCOND,Tiêu dùng tùy ý
2019-01-10,980.32,985.61,975.71,985.61,3776700,VNCOND,Tiêu dùng tùy ý
2019-01-11,986.87,986.87,980.04,981.22,4263970,VNCOND,Tiêu dùng tùy ý
2019-01-14,981.18,981.62,974.64,981.62,4811210,VNCOND,Tiêu dùng tùy ý
2019-01-15,979.68,989.21,975.61,989.21,5212450,VNCOND,Tiêu dùng tùy ý
2019-01-16,990.2,996.47,983.98,983.98,6080240,VNCOND,Tiêu dùng tùy ý
2019-01-17,986.89,986.99,976.46,976.79,4944060,VNCOND,Tiêu dùng tùy ý
2019-01-18,977.63,979.01,970.59,970.81,3671520,VNCOND,Tiêu dùng tùy ý
2019-01-21,971.22,978.77,970.01,973.98,4289090,VNCOND,Tiêu dùng tùy ý
2019-01-22,974.31,978.72,970.39,970.39,5065650,VNCOND,Tiêu dùng tùy ý
2019-01-23,968.36,972.51,967.47,968.84,4419270,VNCOND,Tiêu dùng tùy ý
2019-01-24,969.76,972.22,966.76,970.05,4359950,VNCOND,Tiêu dùng tùy ý
2019-01-25,969.58,975.74,968.33,971.22,3239900,VNCOND,Tiêu dùng tùy ý
2019-01-28,973.77,983.74,973.54,979.17,4937100,VNCOND,Tiêu dùng tùy ý
2019-01-29,980.16,990.51,974.12,990.51,5146300,VNCOND,Tiêu dùng tùy ý
2019-01-30,986.44,986.73,979.63,979.63,3022850,VNCOND,Tiêu dùng tùy ý
2019-01-31,982.5,986.5,979.24,979.24,3153710,VNCOND,Tiêu dùng tùy ý
2019-02-01,983.89,985.85,975.57,979.96,3767480,VNCOND,Tiêu dùng tùy ý
2019-02-11,979.96,998.3,979.96,998.3,4641070,VNCOND,Tiêu dùng tùy ý
2019-02-12,994.46,1002.76,994.46,999.81,5707900,VNCOND,Tiêu dùng tùy ý
2019-02-13,1000.53,1013.58,1000.53,1013.42,6841460,VNCOND,Tiêu dùng tùy ý
2019-02-14,1014.54,1015.98,1008.56,1008.56,5369040,VNCOND,Tiêu dùng tùy ý
2019-02-15,1008.64,1011.21,1004.91,1008.67,5454950,VNCOND,Tiêu dùng tùy ý
2019-02-18,1012.67,1013.71,1007.13,1011.72,6299100,VNCOND,Tiêu dùng tùy ý
2019-02-19,1012.54,1025.9,1012.54,1017.01,8310510,VNCOND,Tiêu dùng tùy ý
2019-02-20,1018.24,1023.68,1015.47,1019.91,5354350,VNCOND,Tiêu dùng tùy ý
2019-02-21,1020.18,1023.12,1016.01,1022.6,5446490,VNCOND,Tiêu dùng tùy ý
2019-02-22,1018.78,1034.94,1015.84,1029.64,7983320,VNCOND,Tiêu dùng tùy ý
2019-02-25,1029.55,1045.81,1029.55,1038.9,8258150,VNCOND,Tiêu dùng tùy ý
2019-02-26,1041.86,1041.86,1025.74,1029.16,8952720,VNCOND,Tiêu dùng tùy ý
2019-02-27,1033.54,1037.03,1026.05,1030.7,8724180,VNCOND,Tiêu dùng tùy ý
2019-02-28,1031.37,1033.43,1016.03,1016.16,7481570,VNCOND,Tiêu dùng tùy ý
2019-03-01,1021.29,1031.84,1021.29,1031.07,8053880,VNCOND,Tiêu dùng tùy ý
2019-03-04,1037.75,1049.53,1030.91,1047.95,8046340,VNCOND,Tiêu dùng tùy ý
2019-03-05,1047.95,1053.33,1038.5,1038.5,10690100,VNCOND,Tiêu dùng tùy ý
2019-03-06,1039.06,1043.54,1031.55,1042.24,10507760,VNCOND,Tiêu dùng tùy ý
2019-03-07,1042.01,1045.41,1036.23,1037.14,8889260,VNCOND,Tiêu dùng tùy ý
2019-03-08,1037.64,1037.64,1024.97,1029.11,9524340,VNCOND,Tiêu dùng tùy ý
2019-03-11,1030.65,1039.12,1030.65,1038.32,7817480,VNCOND,Tiêu dùng tùy ý
2019-03-12,1039.46,1050.69,1039.46,1049.75,10067470,VNCOND,Tiêu dùng tùy ý
2019-03-13,1049.16,1062.72,1049.16,1062.17,14019370,VNCOND,Tiêu dùng tùy ý
2019-03-14,1062.24,1067.71,1060.6,1062.57,13130820,VNCOND,Tiêu dùng tùy ý
2019-03-15,1065.96,1068.96,1060.33,1062.33,10477960,VNCOND,Tiêu dùng tùy ý
2019-03-18,1062.17,1067.75,1059.23,1067.58,9387400,VNCOND,Tiêu dùng tùy ý
2019-03-19,1067.58,1078.1,1060.03,1061.9,13150600,VNCOND,Tiêu dùng tùy ý
2019-03-20,1060.88,1062.79,1049.82,1058.88,10276940,VNCOND,Tiêu dùng tùy ý
2019-03-21,1058.53,1064.74,1049.14,1049.14,10628200,VNCOND,Tiêu dùng tùy ý
2019-03-22,1049.28,1054.65,1036.49,1046.58,10672290,VNCOND,Tiêu dùng tùy ý
2019-03-25,1044.67,1044.67,1010.07,1012.05,9762660,VNCOND,Tiêu dùng tùy ý
2019-03-26,1012.09,1023.84,1009.94,1014.95,8190840,VNCOND,Tiêu dùng tùy ý
2019-03-27,1014.45,1024.07,1014.45,1019.94,7795530,VNCOND,Tiêu dùng tùy ý
2019-03-28,1017.92,1021.54,1015.65,1020.57,5942560,VNCOND,Tiêu dùng tùy ý
2019-03-29,1021.65,1027.19,1021.65,1025.34,6828990,VNCOND,Tiêu dùng tùy ý
2019-04-01,1025.41,1030.23,1019.39,1021.94,5917150,VNCOND,Tiêu dùng tùy ý
2019-04-02,1028.85,1030.98,1020.96,1022.96,7139780,VNCOND,Tiêu dùng tùy ý
2019-04-03,1023.94,1026.75,1021.45,1023.12,6344550,VNCOND,Tiêu dùng tùy ý
2019-04-04,1024.34,1032.55,1022.94,1027.74,6815690,VNCOND,Tiêu dùng tùy ý
2019-04-05,1027.81,1032.55,1025.55,1029.52,7948510,VNCOND,Tiêu dùng tùy ý
2019-04-08,1031.36,1034.5,1026.38,1030.64,7357620,VNCOND,Tiêu dùng tùy ý
2019-04-09,1032.44,1034.93,1023.97,1026.09,9296910,VNCOND,Tiêu dùng tùy ý
2019-04-10,1022.27,1022.64,1011.08,1014.81,6691220,VNCOND,Tiêu dùng tùy ý
2019-04-11,1016.04,1017.97,1013.04,1017.01,4713370,VNCOND,Tiêu dùng tùy ý
2019-04-12,1014.39,1017.07,1011.74,1015.68,5324760,VNCOND,Tiêu dùng tùy ý
2019-04-16,1015.68,1015.68,1003.99,1005.68,5775460,VNCOND,Tiêu dùng tùy ý
2019-04-17,1005.68,1010.57,1003.2,1004.77,7620950,VNCOND,Tiêu dùng tùy ý
2019-04-18,1004.63,1007.13,992.06,995.65,7182360,VNCOND,Tiêu dùng tùy ý
2019-04-19,995.62,1002.4,995.59,1001.11,4257670,VNCOND,Tiêu dùng tùy ý
2019-04-22,1003.59,1007.25,997.48,1003.09,8354530,VNCOND,Tiêu dùng tùy ý
2019-04-23,1003.94,1008.03,1001.69,1007.51,5110800,VNCOND,Tiêu dùng tùy ý
2019-04-24,1008.74,1012.85,1007.29,1011.64,4667040,VNCOND,Tiêu dùng tùy ý
2019-04-25,1012.86,1016.78,1010.2,1012.0,7976650,VNCOND,Tiêu dùng tùy ý
2019-04-26,1011.93,1021.65,1009.96,1021.65,6774580,VNCOND,Tiêu dùng tùy ý
2019-05-02,1024.06,1033.79,1024.06,1033.79,6112710,VNCOND,Tiêu dùng tùy ý
2019-05-03,1033.27,1033.97,1026.82,1030.26,4856440,VNCOND,Tiêu dùng tùy ý
2019-05-06,1029.66,1029.66,1008.53,1016.09,6329430,VNCOND,Tiêu dùng tùy ý
2019-05-07,1017.6,1022.53,1013.89,1018.45,4192740,VNCOND,Tiêu dùng tùy ý
2019-05-08,1008.45,1016.72,1005.7,1014.23,3811660,VNCOND,Tiêu dùng tùy ý
2019-05-09,1012.7,1019.19,1011.7,1015.45,5441910,VNCOND,Tiêu dùng tùy ý
2019-05-10,1019.41,1022.82,1014.06,1022.82,4628220,VNCOND,Tiêu dùng tùy ý
2019-05-13,1022.87,1028.12,1019.6,1028.12,5071070,VNCOND,Tiêu dùng tùy ý
2019-05-14,1033.16,1033.77,1026.16,1032.23,4550880,VNCOND,Tiêu dùng tùy ý
2019-05-15,1032.23,1047.0,1032.23,1045.27,6373880,VNCOND,Tiêu dùng tùy ý
2019-05-16,1046.56,1050.49,1041.7,1041.7,4789370,VNCOND,Tiêu dùng tùy ý
2019-05-17,1043.31,1048.12,1042.34,1043.56,5138640,VNCOND,Tiêu dùng tùy ý
2019-05-20,1059.82,1071.56,1059.24,1071.56,6039020,VNCOND,Tiêu dùng tùy ý
2019-05-21,1073.27,1076.89,1066.88,1069.2,5674750,VNCOND,Tiêu dùng tùy ý
2019-05-22,1072.83,1083.42,1071.4,1072.64,5523650,VNCOND,Tiêu dùng tùy ý
2019-05-23,1068.56,1077.73,1063.36,1077.73,5730530,VNCOND,Tiêu dùng tùy ý
2019-05-24,1070.95,1085.25,1069.32,1074.08,5840810,VNCOND,Tiêu dùng tùy ý
2019-05-27,1071.26,1075.68,1064.37,1066.9,7146810,VNCOND,Tiêu dùng tùy ý
2019-05-28,1069.29,1077.8,1068.88,1075.87,7445470,VNCOND,Tiêu dùng tùy ý
2019-05-29,1075.94,1077.71,1063.52,1063.52,6325800,VNCOND,Tiêu dùng tùy ý
2019-05-30,1062.49,1068.14,1060.7,1061.96,5188230,VNCOND,Tiêu dùng tùy ý
2019-05-31,1061.76,1063.26,1039.65,1039.65,6234110,VNCOND,Tiêu dùng tùy ý
2019-06-03,1036.56,1036.56,1019.05,1021.78,6464030,VNCOND,Tiêu dùng tùy ý
2019-06-04,1024.95,1031.59,1022.6,1028.16,4417290,VNCOND,Tiêu dùng tùy ý
2019-06-05,1040.49,1045.58,1038.74,1039.8,4993830,VNCOND,Tiêu dùng tùy ý
2019-06-06,1043.46,1043.72,1032.15,1038.8,4581640,VNCOND,Tiêu dùng tùy ý
2019-06-07,1042.1,1057.38,1042.1,1057.38,4118780,VNCOND,Tiêu dùng tùy ý
2019-06-10,1059.97,1067.35,1057.97,1062.47,4693680,VNCOND,Tiêu dùng tùy ý
2019-06-11,1065.06,1072.13,1063.24,1066.58,4641980,VNCOND,Tiêu dùng tùy ý
2019-06-12,1063.73,1073.1,1062.33,1064.17,5784770,VNCOND,Tiêu dùng tùy ý
2019-06-13,1060.65,1062.83,1050.04,1050.26,4616930,VNCOND,Tiêu dùng tùy ý
2019-06-14,1051.31,1055.1,1044.01,1045.3,3966130,VNCOND,Tiêu dùng tùy ý
2019-06-17,1044.05,1045.99,1029.44,1030.21,5366420,VNCOND,Tiêu dùng tùy ý
2019-06-18,1029.55,1035.27,1027.56,1029.96,5155470,VNCOND,Tiêu dùng tùy ý
2019-06-19,1030.26,1041.16,1030.26,1033.99,4183370,VNCOND,Tiêu dùng tùy ý
2019-06-20,1030.26,1041.16,1030.26,1033.99,4183370,VNCOND,Tiêu dùng tùy ý
2019-06-21,1030.26,1041.16,1030.26,1033.99,4183370,VNCOND,Tiêu dùng tùy ý
2019-06-24,1037.02,1064.44,1053.87,1057.31,5274210,VNCOND,Tiêu dùng tùy ý
2019-06-25,1037.02,1059.07,1051.18,1056.22,5347130,VNCOND,Tiêu dùng tùy ý
2019-06-26,1037.02,1067.54,1055.88,1064.36,6189340,VNCOND,Tiêu dùng tùy ý
2019-06-27,1037.02,1061.76,1047.81,1050.03,5240520,VNCOND,Tiêu dùng tùy ý
2019-06-28,1037.02,1070.01,1047.26,1070.01,4357600,VNCOND,Tiêu dùng tùy ý
2019-07-01,1037.02,1083.66,1070.01,1082.67,4970250,VNCOND,Tiêu dùng tùy ý
2019-07-02,1084.53,1089.76,1081.96,1088.49,5500630,VNCOND,Tiêu dùng tùy ý
2019-07-03,1085.92,1090.22,1082.6,1085.49,4281540,VNCOND,Tiêu dùng tùy ý
2019-07-04,1085.49,1096.55,1085.49,1088.72,5282890,VNCOND,Tiêu dùng tùy ý
2019-07-05,1088.7,1091.57,1084.34,1088.07,5092860,VNCOND,Tiêu dùng tùy ý
2019-07-08,1083.7,1085.85,1072.77,1075.88,4999940,VNCOND,Tiêu dùng tùy ý
2019-07-09,1076.0,1091.14,1071.97,1091.14,5997740,VNCOND,Tiêu dùng tùy ý
2019-07-10,1093.08,1105.78,1092.47,1098.3,6122370,VNCOND,Tiêu dùng tùy ý
2019-07-11,1103.71,1107.23,1096.08,1096.08,6508530,VNCOND,Tiêu dùng tùy ý
2019-07-12,1096.26,1102.89,1092.19,1098.45,5496920,VNCOND,Tiêu dùng tùy ý
2019-07-15,1096.26,1122.61,1097.96,1118.62,6885170,VNCOND,Tiêu dùng tùy ý
2019-07-16,1118.34,1131.54,1118.34,1124.6,5659180,VNCOND,Tiêu dùng tùy ý
2019-07-17,1124.66,1125.83,1119.55,1119.55,5428630,VNCOND,Tiêu dùng tùy ý
2019-07-18,1119.51,1131.31,1114.22,1130.87,6300710,VNCOND,Tiêu dùng tùy ý
2019-07-19,1137.03,1148.03,1134.53,1146.83,6865010,VNCOND,Tiêu dùng tùy ý
2019-07-22,1146.83,1162.29,1144.48,1160.84,7903960,VNCOND,Tiêu dùng tùy ý
2019-07-23,1159.7,1176.3,1157.68,1176.3,5408090,VNCOND,Tiêu dùng tùy ý
2019-07-24,1175.13,1181.32,1163.84,1164.34,5173930,VNCOND,Tiêu dùng tùy ý
2019-07-25,1163.46,1171.72,1158.13,1171.56,5886030,VNCOND,Tiêu dùng tùy ý
2019-07-26,1170.17,1175.2,1159.16,1163.47,4790200,VNCOND,Tiêu dùng tùy ý
2019-07-29,1165.15,1165.54,1141.92,1155.35,5095300,VNCOND,Tiêu dùng tùy ý
2019-07-30,1152.58,1163.56,1135.34,1135.34,5376650,VNCOND,Tiêu dùng tùy ý
2019-07-31,1135.38,1155.84,1131.6,1155.84,4341640,VNCOND,Tiêu dùng tùy ý
2019-08-01,1156.2,1173.66,1149.29,1173.66,5316600,VNCOND,Tiêu dùng tùy ý
2019-08-02,1173.56,1183.84,1163.29,1182.28,6701930,VNCOND,Tiêu dùng tùy ý
2019-08-05,1183.45,1202.97,1179.57,1193.66,6323640,VNCOND,Tiêu dùng tùy ý
2019-08-06,1179.41,1209.89,1173.16,1204.49,6460410,VNCOND,Tiêu dùng tùy ý
2019-08-07,1203.13,1235.59,1203.13,1235.59,6733560,VNCOND,Tiêu dùng tùy ý
2019-08-08,1240.76,1244.76,1225.16,1225.16,5950450,VNCOND,Tiêu dùng tùy ý
2019-08-09,1225.57,1240.04,1225.57,1240.04,5404500,VNCOND,Tiêu dùng tùy ý
2019-08-12,1240.35,1255.32,1235.65,1247.48,5594440,VNCOND,Tiêu dùng tùy ý
2019-08-13,1247.48,1258.6,1235.91,1253.08,6268530,VNCOND,Tiêu dùng tùy ý
2019-08-14,1257.29,1262.73,1251.43,1253.65,5762950,VNCOND,Tiêu dùng tùy ý
2019-08-15,1252.4,1264.92,1236.37,1264.92,6783140,VNCOND,Tiêu dùng tùy ý
2019-08-16,1272.72,1285.88,1247.81,1247.81,7745280,VNCOND,Tiêu dùng tùy ý
2019-08-19,1251.16,1258.54,1232.06,1247.72,5617030,VNCOND,Tiêu dùng tùy ý
2019-08-20,1250.91,1265.43,1249.01,1265.43,5580850,VNCOND,Tiêu dùng tùy ý
2019-08-21,1265.63,1278.61,1260.89,1264.59,4783160,VNCOND,Tiêu dùng tùy ý
2019-08-22,1264.75,1266.08,1243.81,1243.81,6230160,VNCOND,Tiêu dùng tùy ý
2019-08-23,1242.45,1244.56,1224.6,1232.12,5533350,VNCOND,Tiêu dùng tùy ý
2019-08-26,1227.02,1243.54,1227.02,1231.0,6936410,VNCOND,Tiêu dùng tùy ý
2019-08-27,1230.67,1239.23,1203.37,1214.53,6048390,VNCOND,Tiêu dùng tùy ý
2019-08-28,1214.42,1215.1,1202.02,1206.67,4584210,VNCOND,Tiêu dùng tùy ý
2019-08-29,1206.67,1212.64,1201.46,1212.64,3614860,VNCOND,Tiêu dùng tùy ý
2019-08-30,1212.64,1224.33,1212.64,1223.15,3765120,VNCOND,Tiêu dùng tùy ý
2019-09-03,1223.17,1233.56,1219.21,1219.91,3785360,VNCOND,Tiêu dùng tùy ý
2019-09-04,1217.92,1220.7,1209.71,1216.81,4552100,VNCOND,Tiêu dùng tùy ý
2019-09-05,1216.5,1220.32,1200.24,1206.95,3373660,VNCOND,Tiêu dùng tùy ý
2019-09-06,1207.5,1207.71,1198.11,1205.2,3689280,VNCOND,Tiêu dùng tùy ý
2019-09-09,1204.91,1204.91,1193.19,1194.68,3225830,VNCOND,Tiêu dùng tùy ý
2019-09-10,1197.06,1199.77,1175.57,1177.04,5347290,VNCOND,Tiêu dùng tùy ý
2019-09-11,1177.71,1187.35,1166.81,1187.35,3508410,VNCOND,Tiêu dùng tùy ý
2019-09-12,1195.01,1200.91,1187.9,1199.83,4176760,VNCOND,Tiêu dùng tùy ý
2019-09-13,1203.75,1238.22,1203.75,1238.22,7263830,VNCOND,Tiêu dùng tùy ý
2019-09-16,1242.37,1253.79,1241.5,1245.75,5912320,VNCOND,Tiêu dùng tùy ý
2019-09-17,1245.79,1245.85,1236.35,1244.4,4121340,VNCOND,Tiêu dùng tùy ý
2019-09-18,1244.28,1253.05,1236.36,1238.94,4507150,VNCOND,Tiêu dùng tùy ý
2019-09-19,1237.92,1256.83,1236.3,1256.83,3447580,VNCOND,Tiêu dùng tùy ý
2019-09-20,1260.32,1272.43,1254.42,1267.34,4031880,VNCOND,Tiêu dùng tùy ý
2019-09-23,1266.48,1272.86,1248.18,1249.97,4215070,VNCOND,Tiêu dùng tùy ý
2019-09-24,1249.97,1252.01,1240.05,1240.51,4240470,VNCOND,Tiêu dùng tùy ý
2019-09-25,1238.34,1258.24,1236.47,1258.24,4114640,VNCOND,Tiêu dùng tùy ý
2019-09-26,1257.63,1263.88,1247.86,1255.85,4811670,VNCOND,Tiêu dùng tùy ý
2019-09-27,1259.3,1274.24,1257.06,1269.63,9730650,VNCOND,Tiêu dùng tùy ý
2019-09-30,1269.7,1278.01,1255.76,1255.81,4191080,VNCOND,Tiêu dùng tùy ý
2019-10-01,1257.89,1261.79,1253.19,1259.14,5038170,VNCOND,Tiêu dùng tùy ý
2019-10-02,1258.98,1264.66,1247.89,1248.69,7446940,VNCOND,Tiêu dùng tùy ý
2019-10-03,1247.98,1251.18,1238.92,1251.18,5310040,VNCOND,Tiêu dùng tùy ý
2019-10-04,1255.49,1256.25,1240.3,1240.3,6216550,VNCOND,Tiêu dùng tùy ý
2019-10-07,1241.16,1245.29,1223.23,1223.23,4111790,VNCOND,Tiêu dùng tùy ý
2019-10-08,1223.07,1234.67,1220.95,1234.57,3148130,VNCOND,Tiêu dùng tùy ý
2019-10-09,1234.6,1240.89,1232.65,1237.15,8523190,VNCOND,Tiêu dùng tùy ý
2019-10-10,1237.12,1242.35,1233.22,1237.28,4851500,VNCOND,Tiêu dùng tùy ý
2019-10-11,1238.02,1240.4,1233.2,1239.59,4786660,VNCOND,Tiêu dùng tùy ý
2019-10-14,1241.15,1253.77,1237.1,1246.08,4663610,VNCOND,Tiêu dùng tùy ý
2019-10-15,1246.18,1253.03,1243.77,1250.34,5828050,VNCOND,Tiêu dùng tùy ý
2019-10-16,1250.72,1258.13,1247.26,1254.29,4273240,VNCOND,Tiêu dùng tùy ý
2019-10-17,1254.85,1256.7,1245.02,1247.35,3996410,VNCOND,Tiêu dùng tùy ý
2019-10-18,1252.67,1252.67,1244.43,1246.61,5797910,VNCOND,Tiêu dùng tùy ý
2019-10-21,1247.11,1251.62,1237.98,1243.9,7054070,VNCOND,Tiêu dùng tùy ý
2019-10-22,1244.46,1247.67,1237.9,1247.67,5040150,VNCOND,Tiêu dùng tùy ý
2019-10-23,1246.8,1253.33,1242.78,1246.14,3866740,VNCOND,Tiêu dùng tùy ý
2019-10-24,1245.5,1275.58,1245.5,1275.58,6404360,VNCOND,Tiêu dùng tùy ý
2019-10-25,1278.02,1280.18,1269.31,1275.46,3774260,VNCOND,Tiêu dùng tùy ý
2019-10-28,1275.46,1285.18,1273.26,1273.26,4251780,VNCOND,Tiêu dùng tùy ý
2019-10-29,1273.97,1277.04,1264.66,1264.66,4987710,VNCOND,Tiêu dùng tùy ý
2019-10-30,1261.16,1263.96,1251.51,1253.61,4626120,VNCOND,Tiêu dùng tùy ý
2019-10-31,1253.71,1264.4,1248.84,1250.91,4218840,VNCOND,Tiêu dùng tùy ý
2019-11-01,1250.24,1256.26,1241.12,1253.74,4269210,VNCOND,Tiêu dùng tùy ý
2019-11-04,1256.18,1267.02,1243.49,1264.74,6569620,VNCOND,Tiêu dùng tùy ý
2019-11-05,1268.36,1268.36,1258.28,1260.05,4129470,VNCOND,Tiêu dùng tùy ý
2019-11-06,1259.44,1261.52,1252.55,1254.9,3310190,VNCOND,Tiêu dùng tùy ý
2019-11-07,1254.9,1262.44,1252.79,1257.54,3005040,VNCOND,Tiêu dùng tùy ý
2019-11-08,1257.91,1260.21,1248.8,1256.27,4198310,VNCOND,Tiêu dùng tùy ý
2019-11-11,1256.27,1258.71,1237.59,1237.59,3884300,VNCOND,Tiêu dùng tùy ý
2019-11-12,1236.44,1243.18,1234.36,1240.92,3576060,VNCOND,Tiêu dùng tùy ý
2019-11-13,1241.34,1245.56,1223.46,1228.99,4772420,VNCOND,Tiêu dùng tùy ý
2019-11-14,1228.99,1237.68,1205.69,1207.54,5954990,VNCOND,Tiêu dùng tùy ý
2019-11-15,1211.01,1219.14,1207.57,1216.05,3692720,VNCOND,Tiêu dùng tùy ý
2019-11-18,1216.19,1220.44,1206.59,1207.58,3411570,VNCOND,Tiêu dùng tùy ý
2019-11-19,1207.63,1215.92,1203.01,1215.92,3267640,VNCOND,Tiêu dùng tùy ý
2019-11-20,1216.81,1216.85,1202.54,1204.65,3215060,VNCOND,Tiêu dùng tùy ý
2019-11-21,1204.59,1204.59,1180.78,1180.78,4707110,VNCOND,Tiêu dùng tùy ý
2019-11-22,1191.79,1192.9,1157.72,1165.54,4020070,VNCOND,Tiêu dùng tùy ý
2019-11-25,1165.32,1173.39,1147.53,1167.61,4154010,VNCOND,Tiêu dùng tùy ý
2019-11-26,1176.73,1181.49,1171.48,1176.7,4754330,VNCOND,Tiêu dùng tùy ý
2019-11-27,1178.33,1180.68,1171.4,1171.91,4375450,VNCOND,Tiêu dùng tùy ý
2019-11-28,1163.38,1166.78,1144.15,1144.59,4587170,VNCOND,Tiêu dùng tùy ý
2019-11-29,1144.59,1145.63,1130.0,1144.15,4541200,VNCOND,Tiêu dùng tùy ý
2019-12-02,1144.48,1150.4,1133.78,1134.57,5173180,VNCOND,Tiêu dùng tùy ý
2019-12-03,1134.57,1143.79,1121.08,1143.31,5345820,VNCOND,Tiêu dùng tùy ý
2019-12-04,1141.31,1170.62,1138.92,1170.62,5249380,VNCOND,Tiêu dùng tùy ý
2019-12-05,1170.62,1172.72,1155.8,1155.8,4695280,VNCOND,Tiêu dùng tùy ý
2019-12-06,1155.86,1156.81,1149.8,1156.81,6108820,VNCOND,Tiêu dùng tùy ý
2019-12-09,1156.96,1162.76,1153.74,1160.22,6356180,VNCOND,Tiêu dùng tùy ý
2019-12-10,1160.39,1163.27,1151.78,1160.09,5918650,VNCOND,Tiêu dùng tùy ý
2019-12-11,1156.68,1170.37,1153.93,1170.37,5828010,VNCOND,Tiêu dùng tùy ý
2019-12-12,1170.37,1174.58,1166.24,1171.05,6312620,VNCOND,Tiêu dùng tùy ý
2019-12-13,1171.08,1177.84,1161.4,1166.11,6138440,VNCOND,Tiêu dùng tùy ý
2019-12-16,1166.11,1167.65,1154.89,1167.65,5306270,VNCOND,Tiêu dùng tùy ý
2019-12-17,1167.76,1175.75,1160.74,1161.62,5955120,VNCOND,Tiêu dùng tùy ý
2019-12-18,1159.55,1163.27,1137.4,1138.41,5183930,VNCOND,Tiêu dùng tùy ý
2019-12-19,1137.79,1145.13,1130.95,1139.23,7159440,VNCOND,Tiêu dùng tùy ý
2019-12-20,1139.23,1150.17,1139.23,1144.27,6425950,VNCOND,Tiêu dùng tùy ý
2019-12-23,1144.27,1158.03,1144.27,1148.24,6823540,VNCOND,Tiêu dùng tùy ý
2019-12-24,1146.98,1149.94,1140.02,1145.72,7217300,VNCOND,Tiêu dùng tùy ý
2019-12-25,1149.9,1164.53,1146.62,1164.53,6401270,VNCOND,Tiêu dùng tùy ý
2019-12-26,1164.68,1164.68,1155.26,1159.73,6288190,VNCOND,Tiêu dùng tùy ý
2019-12-27,1156.84,1163.36,1152.17,1163.36,6206380,VNCOND,Tiêu dùng tùy ý
2019-12-30,1165.14,1170.87,1162.67,1164.07,8028170,VNCOND,Tiêu dùng tùy ý
2019-12-31,1163.14,1168.01,1160.38,1161.58,9127300,VNCOND,Tiêu dùng tùy ý
2020-01-02,1161.88,1184.12,1159.96,1184.12,4119560,VNCOND,Tiêu dùng tùy ý
2020-01-03,1184.2,1189.85,1171.31,1173.74,4820700,VNCOND,Tiêu dùng tùy ý
2020-01-06,1173.83,1176.27,1166.45,1167.13,4491810,VNCOND,Tiêu dùng tùy ý
2020-01-07,1167.19,1176.99,1156.49,1176.94,5980250,VNCOND,Tiêu dùng tùy ý
2020-01-08,1176.76,1176.76,1147.46,1150.68,5515490,VNCOND,Tiêu dùng tùy ý
2020-01-09,1169.55,1170.98,1150.68,1166.26,5118780,VNCOND,Tiêu dùng tùy ý
2020-01-10,1167.68,1178.62,1166.83,1176.06,6137790,VNCOND,Tiêu dùng tùy ý
2020-01-13,1172.6,1179.75,1169.04,1173.44,3699650,VNCOND,Tiêu dùng tùy ý
2020-01-14,1173.64,1174.52,1168.14,1170.4,3208370,VNCOND,Tiêu dùng tùy ý
2020-01-15,1169.38,1176.85,1168.3,1172.84,4760300,VNCOND,Tiêu dùng tùy ý
2020-01-16,1172.84,1185.82,1172.43,1183.12,6781410,VNCOND,Tiêu dùng tùy ý
2020-01-17,1183.2,1191.09,1183.2,1189.72,7327240,VNCOND,Tiêu dùng tùy ý
2020-01-20,1189.66,1206.73,1186.4,1206.48,4925740,VNCOND,Tiêu dùng tùy ý
2020-01-21,1206.48,1216.26,1205.25,1212.35,4819270,VNCOND,Tiêu dùng tùy ý
2020-01-22,1212.58,1215.6,1207.06,1213.43,4351900,VNCOND,Tiêu dùng tùy ý
2020-01-30,1193.37,1197.58,1160.29,1167.3,6438420,VNCOND,Tiêu dùng tùy ý
2020-01-31,1159.19,1172.11,1130.48,1130.48,7359500,VNCOND,Tiêu dùng tùy ý
2020-02-03,1130.39,1130.39,1067.36,1109.71,8862570,VNCOND,Tiêu dùng tùy ý
2020-02-04,1109.71,1123.52,1091.0,1103.99,5117320,VNCOND,Tiêu dùng tùy ý
2020-02-05,1105.57,1119.32,1101.03,1101.39,4856750,VNCOND,Tiêu dùng tùy ý
2020-02-06,1101.39,1121.82,1101.39,1119.71,4822920,VNCOND,Tiêu dùng tùy ý
2020-02-07,1118.61,1120.35,1107.39,1113.64,5122580,VNCOND,Tiêu dùng tùy ý
2020-02-10,1112.96,1113.64,1090.94,1092.04,3942500,VNCOND,Tiêu dùng tùy ý
2020-02-11,1091.88,1100.54,1091.88,1097.86,3994400,VNCOND,Tiêu dùng tùy ý
2020-02-12,1098.14,1123.36,1098.08,1118.42,5605530,VNCOND,Tiêu dùng tùy ý
2020-02-13,1118.42,1122.02,1112.63,1116.27,5689790,VNCOND,Tiêu dùng tùy ý
2020-02-14,1116.45,1116.45,1105.51,1111.72,4482210,VNCOND,Tiêu dùng tùy ý
2020-02-17,1111.74,1113.04,1101.38,1108.87,4646150,VNCOND,Tiêu dùng tùy ý
2020-02-18,1108.85,1123.46,1105.04,1122.84,5109530,VNCOND,Tiêu dùng tùy ý
2020-02-19,1122.79,1139.36,1122.79,1139.17,5581620,VNCOND,Tiêu dùng tùy ý
2020-02-20,1139.49,1148.36,1135.69,1143.34,5717510,VNCOND,Tiêu dùng tùy ý
2020-02-21,1143.31,1151.47,1136.44,1137.54,6651390,VNCOND,Tiêu dùng tùy ý
2020-02-24,1131.83,1137.54,1096.9,1100.88,9453750,VNCOND,Tiêu dùng tùy ý
2020-02-25,1100.77,1108.05,1092.75,1107.95,5317610,VNCOND,Tiêu dùng tùy ý
2020-02-26,1107.72,1114.04,1092.4,1101.22,5603160,VNCOND,Tiêu dùng tùy ý
2020-02-27,1101.16,1114.87,1099.62,1114.87,5352140,VNCOND,Tiêu dùng tùy ý
2020-02-28,1114.49,1114.49,1082.1,1096.58,6687000,VNCOND,Tiêu dùng tùy ý
2020-03-02,1095.82,1100.75,1091.47,1095.46,4093850,VNCOND,Tiêu dùng tùy ý
2020-03-03,1095.54,1108.36,1095.46,1097.08,4449200,VNCOND,Tiêu dùng tùy ý
2020-03-04,1096.99,1097.08,1084.63,1093.88,4278650,VNCOND,Tiêu dùng tùy ý
2020-03-05,1093.9,1099.6,1085.92,1091.02,6136550,VNCOND,Tiêu dùng tùy ý
2020-03-06,1091.02,1091.02,1063.7,1075.2,4567320,VNCOND,Tiêu dùng tùy ý
2020-03-09,1074.02,1074.02,1002.94,1003.98,8023580,VNCOND,Tiêu dùng tùy ý
2020-03-10,1003.98,1003.98,955.65,989.09,6433390,VNCOND,Tiêu dùng tùy ý
2020-03-11,989.51,996.63,928.56,930.63,8955940,VNCOND,Tiêu dùng tùy ý
2020-03-12,929.74,929.74,868.59,870.27,7121710,VNCOND,Tiêu dùng tùy ý
2020-03-13,814.23,875.09,812.36,844.92,9975540,VNCOND,Tiêu dùng tùy ý
2020-03-16,844.67,844.67,801.83,814.28,6532090,VNCOND,Tiêu dùng tùy ý
2020-03-17,814.23,824.49,773.63,820.73,5686940,VNCOND,Tiêu dùng tùy ý
2020-03-18,820.73,844.9,820.73,831.68,5191810,VNCOND,Tiêu dùng tùy ý
2020-03-19,822.0,822.0,792.19,800.06,5750690,VNCOND,Tiêu dùng tùy ý
2020-03-20,800.06,809.87,791.73,809.87,7211480,VNCOND,Tiêu dùng tùy ý
2020-03-23,809.45,809.45,755.26,755.76,6743020,VNCOND,Tiêu dùng tùy ý
2020-03-24,755.76,755.76,721.89,737.04,5664440,VNCOND,Tiêu dùng tùy ý
2020-03-25,737.6,778.66,737.6,778.66,5582120,VNCOND,Tiêu dùng tùy ý
2020-03-26,778.64,778.64,742.69,742.69,6398570,VNCOND,Tiêu dùng tùy ý
2020-03-27,742.41,742.41,703.71,708.53,8035810,VNCOND,Tiêu dùng tùy ý
2020-03-30,708.01,708.01,663.31,667.88,6020270,VNCOND,Tiêu dùng tùy ý
2020-03-31,668.57,691.6,636.03,657.19,5584860,VNCOND,Tiêu dùng tùy ý
2020-04-01,657.19,687.02,649.6,680.05,5274420,VNCOND,Tiêu dùng tùy ý
2020-04-03,680.14,719.71,680.14,719.71,6923720,VNCOND,Tiêu dùng tùy ý
2020-04-06,728.79,765.04,728.79,765.04,6875620,VNCOND,Tiêu dùng tùy ý
2020-04-07,765.62,799.19,765.62,797.85,11517580,VNCOND,Tiêu dùng tùy ý
2020-04-08,797.6,797.85,768.63,791.8,6910770,VNCOND,Tiêu dùng tùy ý
2020-04-09,792.32,813.44,791.8,804.03,7212940,VNCOND,Tiêu dùng tùy ý
2020-04-10,797.29,800.31,780.61,790.96,6080630,VNCOND,Tiêu dùng tùy ý
2020-04-13,791.26,825.79,791.07,809.97,6999360,VNCOND,Tiêu dùng tùy ý
2020-04-14,809.97,817.21,796.07,808.42,7444720,VNCOND,Tiêu dùng tùy ý
2020-04-15,808.68,833.26,808.42,829.0,8236020,VNCOND,Tiêu dùng tùy ý
2020-04-16,829.45,832.2,817.59,831.17,6628440,VNCOND,Tiêu dùng tùy ý
2020-04-17,831.99,864.7,831.99,864.68,8989980,VNCOND,Tiêu dùng tùy ý
2020-04-20,880.59,887.39,864.68,881.85,8988990,VNCOND,Tiêu dùng tùy ý
2020-04-21,881.59,881.85,830.13,838.96,12345490,VNCOND,Tiêu dùng tùy ý
2020-04-22,838.96,865.9,817.03,860.65,6828590,VNCOND,Tiêu dùng tùy ý
2020-04-23,872.87,887.04,862.6,874.51,6686630,VNCOND,Tiêu dùng tùy ý
2020-04-24,874.85,875.97,860.77,874.61,7015500,VNCOND,Tiêu dùng tùy ý
2020-04-27,867.51,883.05,861.84,865.9,9735640,VNCOND,Tiêu dùng tùy ý
2020-04-28,862.49,865.16,851.95,855.7,6986210,VNCOND,Tiêu dùng tùy ý
2020-04-29,855.48,865.11,847.22,860.67,6752030,VNCOND,Tiêu dùng tùy ý
2020-05-04,860.49,860.49,843.01,843.31,6869880,VNCOND,Tiêu dùng tùy ý
2020-05-05,845.89,853.07,838.33,841.0,4826240,VNCOND,Tiêu dùng tùy ý
2020-05-06,841.12,855.23,838.61,855.16,6467250,VNCOND,Tiêu dùng tùy ý
2020-05-07,858.45,868.95,858.07,868.95,7435090,VNCOND,Tiêu dùng tùy ý
2020-05-08,871.14,893.42,870.78,876.37,11578310,VNCOND,Tiêu dùng tùy ý
2020-05-11,876.31,891.32,875.66,888.92,8226200,VNCOND,Tiêu dùng tùy ý
2020-05-12,888.88,903.96,873.56,899.22,15294260,VNCOND,Tiêu dùng tùy ý
2020-05-13,892.09,913.12,882.29,908.48,12108650,VNCOND,Tiêu dùng tùy ý
2020-05-14,908.48,908.48,892.12,897.24,11690470,VNCOND,Tiêu dùng tùy ý
2020-05-15,897.24,902.03,881.28,883.07,9434110,VNCOND,Tiêu dùng tùy ý
2020-05-18,882.89,909.39,880.49,907.97,9088730,VNCOND,Tiêu dùng tùy ý
2020-05-19,908.69,927.55,908.69,921.2,9934100,VNCOND,Tiêu dùng tùy ý
2020-05-20,913.18,921.35,910.76,918.98,8664190,VNCOND,Tiêu dùng tùy ý
2020-05-21,919.07,929.64,916.1,923.29,9628250,VNCOND,Tiêu dùng tùy ý
2020-05-22,923.33,923.33,907.13,907.22,8097740,VNCOND,Tiêu dùng tùy ý
2020-05-25,907.22,926.67,903.92,922.57,11380480,VNCOND,Tiêu dùng tùy ý
2020-05-26,922.57,933.43,922.57,931.77,12214480,VNCOND,Tiêu dùng tùy ý
2020-05-27,931.91,938.65,912.95,913.1,11579290,VNCOND,Tiêu dùng tùy ý
2020-05-28,913.07,917.69,908.14,911.81,9828590,VNCOND,Tiêu dùng tùy ý
2020-05-29,911.8,917.83,905.48,914.07,7053020,VNCOND,Tiêu dùng tùy ý
2020-06-01,914.03,927.81,914.03,927.81,8529130,VNCOND,Tiêu dùng tùy ý
2020-06-02,927.75,931.36,919.07,919.21,10764910,VNCOND,Tiêu dùng tùy ý
2020-06-03,919.21,925.39,918.65,923.59,7967530,VNCOND,Tiêu dùng tùy ý
2020-06-04,928.93,934.56,922.62,924.23,8150610,VNCOND,Tiêu dùng tùy ý
2020-06-05,924.23,931.76,919.39,931.72,8787230,VNCOND,Tiêu dùng tùy ý
2020-06-08,932.82,971.35,932.82,965.03,16726110,VNCOND,Tiêu dùng tùy ý
2020-06-09,965.1,971.94,956.15,956.28,9814720,VNCOND,Tiêu dùng tùy ý
2020-06-10,956.26,966.68,940.71,961.84,14543200,VNCOND,Tiêu dùng tùy ý
2020-06-11,960.54,964.26,901.91,901.91,20833780,VNCOND,Tiêu dùng tùy ý
2020-06-12,899.33,911.61,873.82,911.61,13125620,VNCOND,Tiêu dùng tùy ý
2020-06-15,911.43,912.16,873.96,877.04,12371550,VNCOND,Tiêu dùng tùy ý
2020-06-16,877.12,897.77,877.12,896.46,8240270,VNCOND,Tiêu dùng tùy ý
2020-06-17,896.51,900.61,886.15,892.17,6250900,VNCOND,Tiêu dùng tùy ý
2020-06-18,886.61,894.0,882.75,894.0,5275600,VNCOND,Tiêu dùng tùy ý
2020-06-19,894.1,906.71,893.44,904.04,6401840,VNCOND,Tiêu dùng tùy ý
2020-06-22,906.35,918.79,904.04,912.59,5583580,VNCOND,Tiêu dùng tùy ý
2020-06-23,917.75,918.88,907.23,910.15,6773040,VNCOND,Tiêu dùng tùy ý
2020-06-24,910.15,919.36,899.25,907.43,6110570,VNCOND,Tiêu dùng tùy ý
2020-06-25,902.73,902.73,893.64,895.69,5397480,VNCOND,Tiêu dùng tùy ý
2020-06-26,898.37,906.48,891.69,898.81,5199630,VNCOND,Tiêu dùng tùy ý
2020-06-29,892.79,892.79,865.31,871.14,7237600,VNCOND,Tiêu dùng tùy ý
2020-06-30,871.23,881.3,857.65,867.66,9269940,VNCOND,Tiêu dùng tùy ý
2020-07-01,867.89,884.61,867.29,883.48,6801300,VNCOND,Tiêu dùng tùy ý
2020-07-02,883.48,886.97,877.48,883.05,5369570,VNCOND,Tiêu dùng tùy ý
2020-07-03,883.05,886.24,881.15,882.58,4551630,VNCOND,Tiêu dùng tùy ý
2020-07-06,882.4,898.39,882.4,897.05,4169580,VNCOND,Tiêu dùng tùy ý
2020-07-07,897.05,906.18,896.81,897.93,5934800,VNCOND,Tiêu dùng tùy ý
2020-07-08,897.86,900.19,891.61,897.91,6054520,VNCOND,Tiêu dùng tùy ý
2020-07-09,897.75,906.45,897.75,904.93,6881240,VNCOND,Tiêu dùng tùy ý
2020-07-10,904.44,904.44,893.38,894.87,10328210,VNCOND,Tiêu dùng tùy ý
2020-07-13,894.87,900.47,889.14,891.48,7152360,VNCOND,Tiêu dùng tùy ý
2020-07-14,891.53,893.0,884.96,893.0,5291710,VNCOND,Tiêu dùng tùy ý
2020-07-15,892.94,907.59,892.94,906.31,7270910,VNCOND,Tiêu dùng tùy ý
2020-07-16,906.31,906.31,899.31,905.35,9045100,VNCOND,Tiêu dùng tùy ý
2020-07-17,905.35,905.35,899.85,901.74,18993750,VNCOND,Tiêu dùng tùy ý
2020-07-20,901.76,902.43,891.14,891.72,9078110,VNCOND,Tiêu dùng tùy ý
2020-07-21,891.61,894.53,887.15,894.53,6807060,VNCOND,Tiêu dùng tùy ý
2020-07-22,894.66,896.54,884.39,887.46,6215340,VNCOND,Tiêu dùng tùy ý
2020-07-23,887.1,891.95,881.82,886.59,5246940,VNCOND,Tiêu dùng tùy ý
2020-07-24,886.52,886.52,831.4,846.71,12345170,VNCOND,Tiêu dùng tùy ý
2020-07-27,845.69,845.69,790.78,792.47,13936920,VNCOND,Tiêu dùng tùy ý
2020-07-28,801.36,818.45,791.89,818.29,11582570,VNCOND,Tiêu dùng tùy ý
2020-07-29,791.57,818.29,769.77,787.12,11957340,VNCOND,Tiêu dùng tùy ý
2020-07-30,787.32,796.14,786.52,795.36,9084830,VNCOND,Tiêu dùng tùy ý
2020-07-31,795.32,797.77,777.89,794.84,6253830,VNCOND,Tiêu dùng tùy ý
2020-08-03,794.5,813.2,788.17,811.34,6935080,VNCOND,Tiêu dùng tùy ý
2020-08-04,811.35,829.92,811.35,821.98,11741140,VNCOND,Tiêu dùng tùy ý
2020-08-05,822.05,842.54,816.78,841.77,9754710,VNCOND,Tiêu dùng tùy ý
2020-08-06,841.77,851.4,835.32,846.45,9013750,VNCOND,Tiêu dùng tùy ý
2020-08-07,846.48,852.04,839.41,843.52,8928480,VNCOND,Tiêu dùng tùy ý
2020-08-10,843.52,856.25,843.52,846.73,7585040,VNCOND,Tiêu dùng tùy ý
2020-08-11,846.73,852.61,842.91,849.59,6182580,VNCOND,Tiêu dùng tùy ý
2020-08-12,849.59,850.73,842.55,847.82,7325490,VNCOND,Tiêu dùng tùy ý
2020-08-13,847.81,868.5,847.5,868.5,6290840,VNCOND,Tiêu dùng tùy ý
2020-08-14,868.53,883.74,868.07,874.67,7212290,VNCOND,Tiêu dùng tùy ý
2020-08-17,874.67,874.85,857.16,866.71,4791630,VNCOND,Tiêu dùng tùy ý
2020-08-18,866.71,866.85,857.27,861.71,4386900,VNCOND,Tiêu dùng tùy ý
2020-08-19,861.44,868.98,861.3,867.02,5476170,VNCOND,Tiêu dùng tùy ý
2020-08-20,867.04,869.93,860.01,866.07,6153950,VNCOND,Tiêu dùng tùy ý
2020-08-21,866.15,875.78,865.51,872.21,8483230,VNCOND,Tiêu dùng tùy ý
2020-08-24,872.27,897.93,872.27,892.55,10408880,VNCOND,Tiêu dùng tùy ý
2020-08-25,892.7,918.22,892.7,916.94,11814990,VNCOND,Tiêu dùng tùy ý
2020-08-26,916.85,922.2,908.77,913.23,7435660,VNCOND,Tiêu dùng tùy ý
2020-08-27,913.38,922.17,910.53,922.17,6323970,VNCOND,Tiêu dùng tùy ý
2020-08-28,951.77,957.52,922.17,952.28,8676250,VNCOND,Tiêu dùng tùy ý
2020-08-31,952.28,960.88,945.72,949.17,6910520,VNCOND,Tiêu dùng tùy ý
2020-09-01,950.9,962.02,947.53,957.08,6507080,VNCOND,Tiêu dùng tùy ý
2020-09-03,957.04,969.04,951.88,965.7,7809680,VNCOND,Tiêu dùng tùy ý
2020-09-04,965.59,965.59,948.34,957.63,5652420,VNCOND,Tiêu dùng tùy ý
2020-09-07,957.63,960.95,929.71,929.75,8240150,VNCOND,Tiêu dùng tùy ý
2020-09-08,929.83,949.94,928.5,949.94,6162770,VNCOND,Tiêu dùng tùy ý
2020-09-09,949.83,953.21,938.61,953.21,6017560,VNCOND,Tiêu dùng tùy ý
2020-09-10,953.26,960.4,953.26,957.98,8020060,VNCOND,Tiêu dùng tùy ý
2020-09-11,957.35,957.35,948.39,954.56,5257320,VNCOND,Tiêu dùng tùy ý
2020-09-14,954.38,960.03,953.13,954.85,8354210,VNCOND,Tiêu dùng tùy ý
2020-09-15,956.94,959.86,953.64,955.58,10836260,VNCOND,Tiêu dùng tùy ý
2020-09-16,955.61,974.07,955.55,968.45,7179580,VNCOND,Tiêu dùng tùy ý
2020-09-17,968.46,970.95,956.67,962.81,7609770,VNCOND,Tiêu dùng tùy ý
2020-09-18,962.81,967.73,962.4,966.31,4873360,VNCOND,Tiêu dùng tùy ý
2020-09-21,966.29,992.8,966.29,991.22,9697090,VNCOND,Tiêu dùng tùy ý
2020-09-22,991.17,998.17,981.99,995.13,8417750,VNCOND,Tiêu dùng tùy ý
2020-09-23,996.88,1018.72,996.88,1018.39,8028140,VNCOND,Tiêu dùng tùy ý
2020-09-24,1018.43,1018.44,1003.32,1009.63,7344910,VNCOND,Tiêu dùng tùy ý
2020-09-25,1009.07,1011.77,998.43,1004.63,6764090,VNCOND,Tiêu dùng tùy ý
2020-09-28,1010.83,1019.88,1005.86,1019.87,5566890,VNCOND,Tiêu dùng tùy ý
2020-09-29,1033.86,1041.9,1019.23,1019.45,10514560,VNCOND,Tiêu dùng tùy ý
2020-09-30,1019.42,1029.53,1013.21,1026.81,9352790,VNCOND,Tiêu dùng tùy ý
2020-10-01,1026.81,1035.35,1026.81,1035.35,7235540,VNCOND,Tiêu dùng tùy ý
2020-10-02,1035.51,1038.59,987.47,1025.13,10507620,VNCOND,Tiêu dùng tùy ý
2020-10-05,1025.13,1034.36,1024.12,1028.86,7754710,VNCOND,Tiêu dùng tùy ý
2020-10-06,1028.86,1042.28,1028.86,1038.04,7853880,VNCOND,Tiêu dùng tùy ý
2020-10-07,1037.97,1052.33,1030.21,1051.35,8764020,VNCOND,Tiêu dùng tùy ý
2020-10-08,1051.35,1067.09,1050.73,1067.05,7582430,VNCOND,Tiêu dùng tùy ý
2020-10-09,1066.99,1072.95,1059.71,1065.14,6224380,VNCOND,Tiêu dùng tùy ý
2020-10-12,1065.14,1068.86,1043.78,1050.24,7129300,VNCOND,Tiêu dùng tùy ý
2020-10-13,1050.35,1052.07,1040.88,1045.03,5468300,VNCOND,Tiêu dùng tùy ý
2020-10-14,1045.07,1063.5,1035.4,1061.93,8214620,VNCOND,Tiêu dùng tùy ý
2020-10-15,1062.0,1070.73,1053.65,1070.73,7331100,VNCOND,Tiêu dùng tùy ý
2020-10-16,1071.29,1081.52,1057.5,1074.25,6663520,VNCOND,Tiêu dùng tùy ý
2020-10-19,1076.4,1076.4,1061.54,1063.29,4299170,VNCOND,Tiêu dùng tùy ý
2020-10-20,1064.12,1064.69,1049.37,1064.69,8153090,VNCOND,Tiêu dùng tùy ý
2020-10-21,1064.69,1076.5,1055.17,1057.06,6518440,VNCOND,Tiêu dùng tùy ý
2020-10-22,1056.99,1078.49,1053.64,1078.49,4934550,VNCOND,Tiêu dùng tùy ý
2020-10-23,1080.3,1091.14,1076.53,1087.26,6956840,VNCOND,Tiêu dùng tùy ý
2020-10-26,1087.3,1112.13,1084.93,1090.77,8765540,VNCOND,Tiêu dùng tùy ý
2020-10-27,1090.77,1102.92,1088.06,1088.88,8228670,VNCOND,Tiêu dùng tùy ý
2020-10-28,1081.46,1084.86,1044.56,1044.56,10721930,VNCOND,Tiêu dùng tùy ý
2020-10-29,1035.31,1051.82,1023.89,1033.98,9608220,VNCOND,Tiêu dùng tùy ý
2020-10-30,1034.3,1057.98,1031.05,1057.98,8972660,VNCOND,Tiêu dùng tùy ý
2020-11-02,1058.04,1077.65,1058.04,1074.89,5538190,VNCOND,Tiêu dùng tùy ý
2020-11-03,1074.89,1086.96,1071.13,1080.32,5929040,VNCOND,Tiêu dùng tùy ý
2020-11-04,1080.59,1086.08,1072.97,1081.06,6557280,VNCOND,Tiêu dùng tùy ý
2020-11-05,1080.94,1094.64,1080.91,1083.88,5309360,VNCOND,Tiêu dùng tùy ý
2020-11-06,1083.48,1092.16,1063.9,1078.4,8894420,VNCOND,Tiêu dùng tùy ý
2020-11-09,1078.37,1093.85,1078.29,1091.01,8950400,VNCOND,Tiêu dùng tùy ý
2020-11-10,1092.03,1105.3,1088.76,1089.74,7322930,VNCOND,Tiêu dùng tùy ý
2020-11-11,1090.5,1104.33,1088.87,1098.77,7780970,VNCOND,Tiêu dùng tùy ý
2020-11-12,1098.77,1122.64,1098.77,1122.64,6498290,VNCOND,Tiêu dùng tùy ý
2020-11-13,1122.8,1131.86,1119.19,1122.92,8677840,VNCOND,Tiêu dùng tùy ý
2020-11-16,1122.92,1134.62,1103.55,1107.14,9772430,VNCOND,Tiêu dùng tùy ý
2020-11-17,1107.14,1130.6,1106.8,1130.6,7595060,VNCOND,Tiêu dùng tùy ý
2020-11-18,1130.72,1132.02,1119.38,1122.63,7790270,VNCOND,Tiêu dùng tùy ý
2020-11-19,1122.63,1133.52,1117.41,1133.52,11002990,VNCOND,Tiêu dùng tùy ý
2020-11-20,1133.46,1135.91,1124.42,1128.07,7053270,VNCOND,Tiêu dùng tùy ý
2020-11-23,1128.07,1154.92,1125.49,1153.25,9282700,VNCOND,Tiêu dùng tùy ý
2020-11-24,1153.25,1158.85,1134.97,1144.49,10808390,VNCOND,Tiêu dùng tùy ý
2020-11-25,1144.49,1159.93,1139.17,1145.53,7785430,VNCOND,Tiêu dùng tùy ý
2020-11-26,1145.51,1153.23,1141.09,1150.43,7402470,VNCOND,Tiêu dùng tùy ý
2020-11-27,1150.52,1175.52,1150.43,1174.92,8512670,VNCOND,Tiêu dùng tùy ý
2020-11-30,1186.2,1189.91,1174.35,1175.14,10864190,VNCOND,Tiêu dùng tùy ý
2020-12-01,1174.93,1177.09,1154.48,1177.04,10584900,VNCOND,Tiêu dùng tùy ý
2020-12-02,1176.77,1176.77,1158.0,1163.21,8294060,VNCOND,Tiêu dùng tùy ý
2020-12-03,1162.93,1173.06,1156.1,1173.06,12067150,VNCOND,Tiêu dùng tùy ý
2020-12-04,1171.28,1174.51,1166.21,1170.48,7687010,VNCOND,Tiêu dùng tùy ý
2020-12-07,1170.48,1181.62,1166.28,1174.26,7244990,VNCOND,Tiêu dùng tùy ý
2020-12-08,1174.54,1182.06,1171.12,1177.87,9930080,VNCOND,Tiêu dùng tùy ý
2020-12-09,1177.87,1184.55,1174.74,1184.25,9692710,VNCOND,Tiêu dùng tùy ý
2020-12-10,1184.25,1189.38,1158.67,1158.72,10318220,VNCOND,Tiêu dùng tùy ý
2020-12-11,1158.7,1179.2,1158.47,1179.2,9711540,VNCOND,Tiêu dùng tùy ý
2020-12-14,1179.1,1194.49,1178.94,1193.91,11115880,VNCOND,Tiêu dùng tùy ý
2020-12-15,1194.08,1207.36,1189.31,1191.49,12230270,VNCOND,Tiêu dùng tùy ý
2020-12-16,1191.49,1197.23,1191.49,1197.03,10482830,VNCOND,Tiêu dùng tùy ý
2020-12-17,1192.84,1194.86,1178.93,1180.63,12767650,VNCOND,Tiêu dùng tùy ý
2020-12-18,1180.64,1193.35,1177.96,1193.35,10594870,VNCOND,Tiêu dùng tùy ý
2020-12-21,1193.36,1202.67,1188.84,1202.56,12300830,VNCOND,Tiêu dùng tùy ý
2020-12-22,1202.54,1227.54,1195.55,1226.7,11032320,VNCOND,Tiêu dùng tùy ý
2020-12-23,1226.75,1234.88,1213.69,1213.88,11341810,VNCOND,Tiêu dùng tùy ý
2020-12-24,1213.88,1221.92,1185.99,1199.18,10272180,VNCOND,Tiêu dùng tùy ý
2020-12-25,1199.16,1219.73,1191.15,1218.06,10229880,VNCOND,Tiêu dùng tùy ý
2020-12-28,1218.06,1225.49,1205.36,1212.81,10043630,VNCOND,Tiêu dùng tùy ý
2020-12-29,1212.58,1220.15,1208.47,1215.98,8723690,VNCOND,Tiêu dùng tùy ý
2020-12-30,1216.21,1232.54,1216.21,1222.66,10509540,VNCOND,Tiêu dùng tùy ý
2020-12-31,1222.66,1236.57,1222.13,1234.56,7356050,VNCOND,Tiêu dùng tùy ý
2021-01-04,1235.1,1248.45,1235.1,1248.12,9267400,VNCOND,Tiêu dùng tùy ý
2021-01-05,1248.06,1259.28,1238.07,1255.66,10125900,VNCOND,Tiêu dùng tùy ý
2021-01-06,1255.66,1265.12,1248.62,1253.28,10786800,VNCOND,Tiêu dùng tùy ý
2021-01-07,1252.86,1255.03,1244.2,1254.14,11820400,VNCOND,Tiêu dùng tùy ý
2021-01-08,1254.26,1270.73,1252.68,1265.22,10992900,VNCOND,Tiêu dùng tùy ý
2021-01-11,1266.35,1296.23,1266.35,1295.35,11226100,VNCOND,Tiêu dùng tùy ý
2021-01-12,1295.35,1300.88,1286.54,1300.88,12454800,VNCOND,Tiêu dùng tùy ý
2021-01-13,1300.92,1312.77,1299.41,1300.12,12302300,VNCOND,Tiêu dùng tùy ý
2021-01-14,1300.28,1309.75,1295.58,1308.43,8752200,VNCOND,Tiêu dùng tùy ý
2021-01-15,1308.85,1314.26,1307.2,1312.93,9640000,VNCOND,Tiêu dùng tùy ý
2021-01-18,1312.49,1322.01,1307.77,1315.29,12345200,VNCOND,Tiêu dùng tùy ý
2021-01-19,1315.37,1315.37,1234.93,1252.81,13658600,VNCOND,Tiêu dùng tùy ý
2021-01-20,1252.17,1276.11,1224.58,1276.11,10507200,VNCOND,Tiêu dùng tùy ý
2021-01-21,1277.09,1311.0,1277.09,1304.58,8760300,VNCOND,Tiêu dùng tùy ý
2021-01-22,1304.58,1331.08,1304.57,1330.19,12987700,VNCOND,Tiêu dùng tùy ý
2021-01-25,1330.37,1375.67,1330.37,1375.67,14112300,VNCOND,Tiêu dùng tùy ý
2021-01-26,1376.12,1385.29,1354.06,1368.33,12069300,VNCOND,Tiêu dùng tùy ý
2021-01-27,1365.36,1382.38,1332.02,1362.32,11961900,VNCOND,Tiêu dùng tùy ý
2021-01-28,1341.69,1341.69,1270.28,1272.59,12238600,VNCOND,Tiêu dùng tùy ý
2021-01-29,1271.81,1345.09,1237.55,1345.09,13555900,VNCOND,Tiêu dùng tùy ý
2021-02-01,1341.05,1341.05,1262.14,1268.37,14543400,VNCOND,Tiêu dùng tùy ý
2021-02-02,1267.26,1306.2,1239.6,1305.84,9882300,VNCOND,Tiêu dùng tùy ý
2021-02-03,1313.07,1327.28,1288.62,1315.53,9294900,VNCOND,Tiêu dùng tùy ý
2021-02-04,1315.53,1334.66,1296.82,1321.71,9350000,VNCOND,Tiêu dùng tùy ý
2021-02-05,1322.53,1343.76,1317.59,1340.4,8030300,VNCOND,Tiêu dùng tùy ý
2021-02-08,1340.98,1344.17,1290.69,1311.03,10508400,VNCOND,Tiêu dùng tùy ý
2021-02-09,1314.63,1339.62,1297.42,1336.21,7811800,VNCOND,Tiêu dùng tùy ý
2021-02-17,1336.21,1400.2,1336.17,1400.01,9109000,VNCOND,Tiêu dùng tùy ý
2021-02-18,1400.03,1415.98,1389.63,1415.98,11129700,VNCOND,Tiêu dùng tùy ý
2021-02-19,1415.48,1415.9,1395.48,1403.57,8539800,VNCOND,Tiêu dùng tùy ý
2021-02-22,1403.75,1403.93,1381.83,1393.83,8343800,VNCOND,Tiêu dùng tùy ý
2021-02-23,1393.73,1396.27,1365.43,1384.28,10709200,VNCOND,Tiêu dùng tùy ý
2021-02-24,1384.78,1394.93,1364.33,1367.38,10181300,VNCOND,Tiêu dùng tùy ý
2021-02-25,1374.18,1384.33,1364.57,1384.33,8365500,VNCOND,Tiêu dùng tùy ý
2021-02-26,1384.3,1389.56,1367.75,1388.02,8268600,VNCOND,Tiêu dùng tùy ý
2021-03-01,1388.02,1405.73,1381.11,1389.18,8154200,VNCOND,Tiêu dùng tùy ý
2021-03-02,1389.47,1399.82,1385.86,1392.63,9027800,VNCOND,Tiêu dùng tùy ý
2021-03-03,1392.63,1402.31,1392.63,1398.41,9625300,VNCOND,Tiêu dùng tùy ý
2021-03-04,1398.12,1403.97,1362.51,1373.1,9443500,VNCOND,Tiêu dùng tùy ý
2021-03-05,1372.95,1372.95,1352.02,1370.58,7726600,VNCOND,Tiêu dùng tùy ý
2021-03-08,1372.35,1380.38,1363.42,1366.28,9065300,VNCOND,Tiêu dùng tùy ý
2021-03-09,1366.28,1366.28,1343.79,1351.8,10573300,VNCOND,Tiêu dùng tùy ý
2021-03-10,1358.34,1367.25,1344.66,1367.25,10592600,VNCOND,Tiêu dùng tùy ý
2021-03-11,1367.25,1385.73,1367.25,1385.73,11906200,VNCOND,Tiêu dùng tùy ý
2021-03-12,1386.1,1391.0,1373.08,1374.58,8077200,VNCOND,Tiêu dùng tùy ý
2021-03-15,1374.63,1391.42,1371.54,1385.62,9843800,VNCOND,Tiêu dùng tùy ý
2021-03-16,1385.68,1387.74,1373.95,1384.85,9597800,VNCOND,Tiêu dùng tùy ý
2021-03-17,1384.77,1388.51,1383.47,1384.94,12820200,VNCOND,Tiêu dùng tùy ý
2021-03-18,1388.91,1395.93,1343.4,1395.93,13112700,VNCOND,Tiêu dùng tùy ý
2021-03-19,1395.87,1396.02,1384.74,1393.55,10802100,VNCOND,Tiêu dùng tùy ý
2021-03-22,1393.39,1393.68,1382.23,1386.38,10732000,VNCOND,Tiêu dùng tùy ý
2021-03-23,1386.37,1386.72,1370.9,1380.64,13307000,VNCOND,Tiêu dùng tùy ý
2021-03-24,1380.19,1383.6,1361.17,1374.85,14060500,VNCOND,Tiêu dùng tùy ý
2021-03-25,1374.19,1381.31,1367.62,1373.22,11232000,VNCOND,Tiêu dùng tùy ý
2021-03-26,1373.19,1380.73,1335.67,1380.73,12627700,VNCOND,Tiêu dùng tùy ý
2021-03-29,1380.73,1400.65,1380.27,1393.52,11484900,VNCOND,Tiêu dùng tùy ý
2021-03-30,1394.15,1405.99,1374.27,1394.33,8970700,VNCOND,Tiêu dùng tùy ý
2021-03-31,1394.59,1398.94,1385.13,1398.94,8504800,VNCOND,Tiêu dùng tùy ý
2021-04-01,1399.01,1429.19,1386.36,1429.19,13385200,VNCOND,Tiêu dùng tùy ý
2021-04-02,1428.03,1448.11,1428.03,1441.07,11116600,VNCOND,Tiêu dùng tùy ý
2021-04-05,1441.13,1448.34,1431.2,1437.45,9905300,VNCOND,Tiêu dùng tùy ý
2021-04-06,1437.45,1439.59,1425.12,1431.57,11008700,VNCOND,Tiêu dùng tùy ý
2021-04-07,1431.58,1441.04,1421.64,1441.04,10050200,VNCOND,Tiêu dùng tùy ý
2021-04-08,1441.04,1441.75,1428.17,1437.57,10744200,VNCOND,Tiêu dùng tùy ý
2021-04-09,1436.12,1440.81,1427.52,1440.41,9713000,VNCOND,Tiêu dùng tùy ý
2021-04-12,1440.29,1455.46,1438.58,1454.89,11676700,VNCOND,Tiêu dùng tùy ý
2021-04-13,1456.59,1467.03,1443.3,1446.31,14233100,VNCOND,Tiêu dùng tùy ý
2021-04-14,1444.66,1455.21,1431.79,1455.21,10962800,VNCOND,Tiêu dùng tùy ý
2021-04-15,1455.07,1468.77,1445.53,1445.98,11213800,VNCOND,Tiêu dùng tùy ý
2021-04-16,1445.79,1454.66,1420.32,1438.93,10979800,VNCOND,Tiêu dùng tùy ý
2021-04-19,1438.72,1472.58,1434.02,1472.58,9968800,VNCOND,Tiêu dùng tùy ý
2021-04-20,1473.03,1513.57,1472.58,1501.62,10698100,VNCOND,Tiêu dùng tùy ý
2021-04-22,1501.69,1525.81,1483.99,1492.3,10076000,VNCOND,Tiêu dùng tùy ý
2021-04-23,1491.78,1528.2,1471.7,1528.2,9482000,VNCOND,Tiêu dùng tùy ý
2021-04-26,1528.24,1529.93,1486.54,1490.75,7461200,VNCOND,Tiêu dùng tùy ý
2021-04-27,1490.75,1493.88,1468.47,1493.88,5457900,VNCOND,Tiêu dùng tùy ý
2021-04-28,1494.02,1494.02,1472.84,1488.57,7463900,VNCOND,Tiêu dùng tùy ý
2021-04-29,1488.49,1502.66,1475.63,1499.74,6583200,VNCOND,Tiêu dùng tùy ý
2021-05-04,1499.55,1499.55,1464.55,1482.17,7083800,VNCOND,Tiêu dùng tùy ý
2021-05-05,1482.42,1513.79,1482.42,1495.13,6819400,VNCOND,Tiêu dùng tùy ý
2021-05-06,1495.13,1509.41,1489.05,1497.39,6729000,VNCOND,Tiêu dùng tùy ý
2021-05-07,1497.39,1500.17,1474.29,1482.04,7061100,VNCOND,Tiêu dùng tùy ý
2021-05-10,1481.99,1482.61,1457.96,1461.01,7608500,VNCOND,Tiêu dùng tùy ý
2021-05-11,1461.23,1484.02,1461.01,1461.3,8231800,VNCOND,Tiêu dùng tùy ý
2021-05-12,1461.3,1485.66,1460.77,1484.25,7287800,VNCOND,Tiêu dùng tùy ý
2021-05-13,1484.23,1487.65,1476.09,1479.96,8169800,VNCOND,Tiêu dùng tùy ý
2021-05-14,1479.27,1500.8,1477.28,1491.18,6368500,VNCOND,Tiêu dùng tùy ý
2021-05-17,1491.2,1503.05,1476.73,1480.23,7660500,VNCOND,Tiêu dùng tùy ý
2021-05-18,1483.3,1483.3,1469.49,1477.41,8719900,VNCOND,Tiêu dùng tùy ý
2021-05-19,1477.1,1477.43,1464.81,1474.6,9678300,VNCOND,Tiêu dùng tùy ý
2021-05-20,1473.25,1543.07,1469.37,1543.07,11016400,VNCOND,Tiêu dùng tùy ý
2021-05-21,1542.7,1549.89,1519.86,1529.31,11265200,VNCOND,Tiêu dùng tùy ý
2021-05-24,1530.08,1541.02,1526.22,1536.37,14702400,VNCOND,Tiêu dùng tùy ý
2021-05-25,1536.43,1538.77,1527.21,1534.64,8273000,VNCOND,Tiêu dùng tùy ý
2021-05-26,1534.1,1539.71,1520.02,1526.65,8693900,VNCOND,Tiêu dùng tùy ý
2021-05-27,1530.75,1531.81,1504.23,1508.62,8445800,VNCOND,Tiêu dùng tùy ý
2021-05-28,1508.62,1514.91,1501.89,1510.58,9739500,VNCOND,Tiêu dùng tùy ý
2021-05-31,1515.36,1515.36,1477.69,1482.75,8838900,VNCOND,Tiêu dùng tùy ý
2021-06-01,1482.75,1482.75,1454.58,1461.2,6328000,VNCOND,Tiêu dùng tùy ý
2021-06-02,1461.2,1489.95,1456.13,1481.15,7970700,VNCOND,Tiêu dùng tùy ý
2021-06-03,1490.5,1497.34,1476.6,1492.78,9754000,VNCOND,Tiêu dùng tùy ý
2021-06-04,1492.78,1494.32,1478.44,1482.22,10722900,VNCOND,Tiêu dùng tùy ý
2021-06-07,1481.22,1483.62,1462.46,1468.23,7775700,VNCOND,Tiêu dùng tùy ý
2021-06-08,1468.28,1475.41,1451.34,1452.1,9710700,VNCOND,Tiêu dùng tùy ý
2021-06-09,1451.83,1459.74,1439.92,1454.62,7548700,VNCOND,Tiêu dùng tùy ý
2021-06-10,1454.66,1462.44,1442.19,1450.63,7719300,VNCOND,Tiêu dùng tùy ý
2021-06-11,1450.8,1471.41,1450.63,1467.49,8502800,VNCOND,Tiêu dùng tùy ý
2021-06-14,1466.55,1483.45,1466.26,1476.01,8475300,VNCOND,Tiêu dùng tùy ý
2021-06-15,1476.01,1481.97,1473.77,1475.48,11987500,VNCOND,Tiêu dùng tùy ý
2021-06-16,1475.48,1476.64,1461.27,1467.35,8246100,VNCOND,Tiêu dùng tùy ý
2021-06-17,1467.24,1509.7,1459.93,1487.11,9847500,VNCOND,Tiêu dùng tùy ý
2021-06-18,1487.11,1512.32,1487.11,1511.47,9527700,VNCOND,Tiêu dùng tùy ý
2021-06-21,1511.56,1539.96,1504.43,1539.96,10487800,VNCOND,Tiêu dùng tùy ý
2021-06-22,1539.99,1546.1,1530.47,1540.74,9564500,VNCOND,Tiêu dùng tùy ý
2021-06-23,1540.74,1540.77,1524.54,1527.96,12044900,VNCOND,Tiêu dùng tùy ý
2021-06-24,1527.96,1539.04,1523.6,1525.12,8638000,VNCOND,Tiêu dùng tùy ý
2021-06-25,1525.49,1531.54,1517.97,1520.33,7150500,VNCOND,Tiêu dùng tùy ý
2021-06-28,1520.33,1536.87,1519.33,1534.13,10152200,VNCOND,Tiêu dùng tùy ý
2021-06-29,1534.02,1545.82,1529.76,1542.91,7467100,VNCOND,Tiêu dùng tùy ý
2021-06-30,1542.84,1586.49,1542.84,1576.14,7225400,VNCOND,Tiêu dùng tùy ý
2021-07-01,1576.41,1585.09,1569.8,1572.32,16626400,VNCOND,Tiêu dùng tùy ý
2021-07-02,1572.62,1606.98,1571.93,1606.4,9021000,VNCOND,Tiêu dùng tùy ý
2021-07-05,1665.81,1671.1,1606.4,1665.81,13635900,VNCOND,Tiêu dùng tùy ý
2021-07-06,1665.81,1699.51,1589.8,1589.8,12278100,VNCOND,Tiêu dùng tùy ý
2021-07-07,1618.75,1677.01,1587.12,1677.01,14651000,VNCOND,Tiêu dùng tùy ý
2021-07-08,1718.98,1733.47,1679.22,1709.18,11964600,VNCOND,Tiêu dùng tùy ý
2021-07-09,1700.6,1762.98,1698.24,1729.26,11335700,VNCOND,Tiêu dùng tùy ý
2021-07-12,1722.96,1745.15,1625.66,1708.62,15311200,VNCOND,Tiêu dùng tùy ý
2021-07-13,1724.27,1724.27,1666.01,1690.42,7313900,VNCOND,Tiêu dùng tùy ý
2021-07-14,1688.83,1688.86,1614.56,1630.22,7992500,VNCOND,Tiêu dùng tùy ý
2021-07-15,1619.75,1659.99,1604.9,1634.31,7300100,VNCOND,Tiêu dùng tùy ý
2021-07-16,1642.96,1647.23,1628.51,1643.61,8479900,VNCOND,Tiêu dùng tùy ý
2021-07-19,1596.47,1607.99,1557.75,1558.02,15706100,VNCOND,Tiêu dùng tùy ý
2021-07-20,1567.02,1608.87,1552.02,1608.87,8042600,VNCOND,Tiêu dùng tùy ý
2021-07-21,1613.78,1617.26,1589.05,1601.01,8860400,VNCOND,Tiêu dùng tùy ý
2021-07-22,1595.51,1630.98,1591.71,1620.13,10055600,VNCOND,Tiêu dùng tùy ý
2021-07-23,1610.61,1624.08,1588.78,1592.64,12130800,VNCOND,Tiêu dùng tùy ý
2021-07-26,1583.39,1592.02,1565.84,1587.78,12563200,VNCOND,Tiêu dùng tùy ý
2021-07-27,1602.26,1605.55,1567.81,1573.97,12598200,VNCOND,Tiêu dùng tùy ý
2021-07-28,1571.32,1589.43,1560.78,1566.98,10246500,VNCOND,Tiêu dùng tùy ý
2021-07-29,1591.07,1610.82,1564.34,1610.82,11433900,VNCOND,Tiêu dùng tùy ý
2021-07-30,1601.87,1629.32,1591.79,1629.32,12201900,VNCOND,Tiêu dùng tùy ý
2021-08-02,1625.75,1678.17,1619.19,1669.8,14126700,VNCOND,Tiêu dùng tùy ý
2021-08-03,1672.32,1674.59,1659.31,1674.59,12285800,VNCOND,Tiêu dùng tùy ý
2021-08-04,1677.48,1682.73,1663.72,1676.87,11996100,VNCOND,Tiêu dùng tùy ý
2021-08-05,1671.4,1701.36,1665.04,1696.32,18164000,VNCOND,Tiêu dùng tùy ý
2021-08-06,1696.14,1713.21,1686.18,1689.09,15356900,VNCOND,Tiêu dùng tùy ý
2021-08-09,1690.11,1708.91,1675.65,1706.51,11635200,VNCOND,Tiêu dùng tùy ý
2021-08-10,1708.25,1713.12,1692.95,1711.24,16278300,VNCOND,Tiêu dùng tùy ý
2021-08-11,1713.47,1746.44,1705.26,1719.52,19151700,VNCOND,Tiêu dùng tùy ý
2021-08-12,1712.55,1721.52,1688.47,1689.44,14103000,VNCOND,Tiêu dùng tùy ý
2021-08-13,1687.47,1696.3,1663.4,1696.3,15913100,VNCOND,Tiêu dùng tùy ý
2021-08-16,1697.76,1703.94,1678.28,1692.67,15016000,VNCOND,Tiêu dùng tùy ý
2021-08-17,1693.53,1694.71,1676.27,1692.51,13718700,VNCOND,Tiêu dùng tùy ý
2021-08-18,1688.7,1713.33,1684.2,1706.24,11536000,VNCOND,Tiêu dùng tùy ý
2021-08-19,1707.39,1710.03,1689.22,1707.09,11996300,VNCOND,Tiêu dùng tùy ý
2021-08-20,1703.12,1703.33,1633.26,1640.19,19156800,VNCOND,Tiêu dùng tùy ý
2021-08-23,1624.3,1630.42,1583.86,1583.86,15655600,VNCOND,Tiêu dùng tùy ý
2021-08-24,1586.05,1608.92,1578.85,1594.18,13935300,VNCOND,Tiêu dùng tùy ý
2021-08-25,1596.87,1617.76,1591.39,1606.89,9223300,VNCOND,Tiêu dùng tùy ý
2021-08-26,1622.43,1627.8,1601.49,1602.79,11530600,VNCOND,Tiêu dùng tùy ý
2021-08-27,1602.52,1620.42,1602.31,1620.42,12988600,VNCOND,Tiêu dùng tùy ý
2021-08-30,1636.86,1647.68,1620.42,1638.8,14132700,VNCOND,Tiêu dùng tùy ý
2021-08-31,1644.91,1645.32,1629.68,1640.12,13635600,VNCOND,Tiêu dùng tùy ý
2021-09-01,1629.03,1639.48,1617.86,1634.4,16280800,VNCOND,Tiêu dùng tùy ý
2021-09-06,1646.57,1647.46,1639.19,1646.87,13945300,VNCOND,Tiêu dùng tùy ý
2021-09-07,1652.63,1653.67,1631.07,1633.03,16381300,VNCOND,Tiêu dùng tùy ý
2021-09-08,1631.29,1641.04,1626.24,1638.39,12419600,VNCOND,Tiêu dùng tùy ý
2021-09-09,1641.92,1722.83,1638.96,1722.83,12076400,VNCOND,Tiêu dùng tùy ý
2021-09-10,1727.2,1738.53,1706.73,1738.53,10151600,VNCOND,Tiêu dùng tùy ý
2021-09-13,1736.63,1791.21,1735.95,1787.72,19258600,VNCOND,Tiêu dùng tùy ý
2021-09-14,1779.32,1787.71,1760.41,1776.97,16025000,VNCOND,Tiêu dùng tùy ý
2021-09-15,1765.77,1792.37,1760.38,1791.4,13195000,VNCOND,Tiêu dùng tùy ý
2021-09-16,1789.65,1790.51,1773.43,1787.8,12504000,VNCOND,Tiêu dùng tùy ý
2021-09-17,1788.83,1791.75,1769.94,1783.93,12474900,VNCOND,Tiêu dùng tùy ý
2021-09-20,1799.36,1811.17,1757.44,1770.39,16638200,VNCOND,Tiêu dùng tùy ý
2021-09-21,1744.39,1783.21,1744.0,1771.53,15149500,VNCOND,Tiêu dùng tùy ý
2021-09-22,1776.53,1806.24,1773.15,1803.86,16769000,VNCOND,Tiêu dùng tùy ý
2021-09-23,1812.19,1866.83,1811.86,1852.66,17244800,VNCOND,Tiêu dùng tùy ý
2021-09-24,1853.43,1868.46,1831.77,1835.25,12118000,VNCOND,Tiêu dùng tùy ý
2021-09-27,1820.95,1821.68,1784.42,1784.42,15663300,VNCOND,Tiêu dùng tùy ý
2021-09-28,1768.28,1800.35,1760.33,1800.35,10111600,VNCOND,Tiêu dùng tùy ý
2021-09-29,1797.63,1814.72,1796.62,1812.39,7045200,VNCOND,Tiêu dùng tùy ý
2021-09-30,1811.73,1835.67,1809.76,1834.37,11693300,VNCOND,Tiêu dùng tùy ý
2021-10-01,1822.6,1835.92,1820.74,1824.1,9457600,VNCOND,Tiêu dùng tùy ý
2021-10-04,1813.51,1824.87,1799.13,1824.87,9217600,VNCOND,Tiêu dùng tùy ý
2021-10-05,1818.73,1826.35,1810.21,1825.54,7846000,VNCOND,Tiêu dùng tùy ý
2021-10-06,1825.01,1850.16,1818.05,1845.96,9645900,VNCOND,Tiêu dùng tùy ý
2021-10-07,1838.46,1849.54,1836.38,1842.83,10770600,VNCOND,Tiêu dùng tùy ý
2021-10-08,1840.51,1857.74,1838.29,1856.5,9552100,VNCOND,Tiêu dùng tùy ý
2021-10-11,1857.9,1869.06,1842.71,1869.06,12376700,VNCOND,Tiêu dùng tùy ý
2021-10-12,1867.46,1893.18,1867.46,1885.96,12000800,VNCOND,Tiêu dùng tùy ý
2021-10-13,1892.77,1910.24,1885.76,1905.39,9417100,VNCOND,Tiêu dùng tùy ý
2021-10-14,1903.38,1912.11,1889.26,1906.15,13830100,VNCOND,Tiêu dùng tùy ý
2021-10-15,1908.35,1908.35,1893.35,1897.67,12064800,VNCOND,Tiêu dùng tùy ý
2021-10-18,1894.59,1901.09,1870.46,1873.22,15194700,VNCOND,Tiêu dùng tùy ý
2021-10-19,1865.57,1876.84,1854.25,1862.57,10869500,VNCOND,Tiêu dùng tùy ý
2021-10-20,1868.91,1881.09,1842.63,1861.89,12127700,VNCOND,Tiêu dùng tùy ý
2021-10-21,1862.04,1872.27,1844.39,1844.39,11123800,VNCOND,Tiêu dùng tùy ý
2021-10-22,1857.54,1860.22,1844.39,1854.31,12455800,VNCOND,Tiêu dùng tùy ý
2021-10-25,1856.54,1871.68,1854.31,1861.84,11864100,VNCOND,Tiêu dùng tùy ý
2021-10-26,1854.84,1856.84,1842.8,1855.21,9806000,VNCOND,Tiêu dùng tùy ý
2021-10-27,1854.83,1911.87,1854.83,1910.1,17906300,VNCOND,Tiêu dùng tùy ý
2021-10-28,1906.9,1919.34,1895.76,1911.67,13726900,VNCOND,Tiêu dùng tùy ý
2021-10-29,1907.46,1916.45,1900.47,1915.4,17349700,VNCOND,Tiêu dùng tùy ý
2021-11-01,1918.81,1924.75,1888.07,1897.52,19681500,VNCOND,Tiêu dùng tùy ý
2021-11-02,1886.7,1905.61,1886.7,1905.61,16828000,VNCOND,Tiêu dùng tùy ý
2021-11-03,1903.52,1912.25,1877.83,1892.76,20531900,VNCOND,Tiêu dùng tùy ý
2021-11-04,1888.91,1907.6,1883.11,1902.27,16069100,VNCOND,Tiêu dùng tùy ý
2021-11-05,1929.04,1943.58,1902.27,1943.58,16826500,VNCOND,Tiêu dùng tùy ý
2021-11-08,1945.94,1953.5,1939.19,1943.9,18306700,VNCOND,Tiêu dùng tùy ý
2021-11-09,1946.35,1949.83,1920.49,1922.58,12945200,VNCOND,Tiêu dùng tùy ý
2021-11-10,1920.0,1937.21,1917.43,1929.72,16358600,VNCOND,Tiêu dùng tùy ý
2021-11-11,1936.75,1989.51,1928.29,1965.58,23900700,VNCOND,Tiêu dùng tùy ý
2021-11-12,1973.96,1998.51,1951.82,1998.51,20366800,VNCOND,Tiêu dùng tùy ý
2021-11-15,2010.62,2036.06,2004.13,2032.9,20736800,VNCOND,Tiêu dùng tùy ý
2021-11-16,2019.07,2028.03,1988.58,2008.82,18255900,VNCOND,Tiêu dùng tùy ý
2021-11-17,2006.3,2014.01,1987.44,2011.09,17133900,VNCOND,Tiêu dùng tùy ý
2021-11-18,2014.01,2050.68,2000.85,2022.05,17184600,VNCOND,Tiêu dùng tùy ý
2021-11-19,2032.92,2042.21,1967.08,2002.23,22756800,VNCOND,Tiêu dùng tùy ý
2021-11-22,2005.6,2020.26,1982.13,1993.27,17140800,VNCOND,Tiêu dùng tùy ý
2021-11-23,1985.77,2044.34,1981.78,2044.34,11504700,VNCOND,Tiêu dùng tùy ý
2021-11-24,2044.12,2054.88,2025.33,2053.97,11839400,VNCOND,Tiêu dùng tùy ý
2021-11-25,2052.2,2066.65,2037.34,2057.45,11123000,VNCOND,Tiêu dùng tùy ý
2021-11-26,2055.94,2056.48,2014.15,2014.15,13702500,VNCOND,Tiêu dùng tùy ý
2021-11-29,1971.81,1995.91,1963.52,1963.52,13439900,VNCOND,Tiêu dùng tùy ý
2021-11-30,1981.12,1992.87,1955.07,1978.82,14573400,VNCOND,Tiêu dùng tùy ý
2021-12-01,1956.38,1988.67,1951.67,1978.79,12120400,VNCOND,Tiêu dùng tùy ý
2021-12-02,1978.69,1985.35,1962.85,1965.02,12192500,VNCOND,Tiêu dùng tùy ý
2021-12-03,1961.93,1969.68,1916.9,1916.9,11460800,VNCOND,Tiêu dùng tùy ý
2021-12-06,1914.36,1920.93,1838.62,1875.92,12164500,VNCOND,Tiêu dùng tùy ý
2021-12-07,1882.51,1911.9,1875.92,1911.9,9185200,VNCOND,Tiêu dùng tùy ý
2021-12-08,1919.14,1932.52,1914.7,1927.86,6901900,VNCOND,Tiêu dùng tùy ý
2021-12-09,1923.11,1949.37,1918.8,1938.3,8435900,VNCOND,Tiêu dùng tùy ý
2021-12-10,1927.03,1940.26,1921.97,1935.51,8881600,VNCOND,Tiêu dùng tùy ý
2021-12-13,1937.66,1950.99,1937.02,1950.99,9436100,VNCOND,Tiêu dùng tùy ý
2021-12-14,1947.85,1958.85,1931.27,1945.71,10607500,VNCOND,Tiêu dùng tùy ý
2021-12-15,1945.0,1947.1,1931.09,1947.1,8927200,VNCOND,Tiêu dùng tùy ý
2021-12-16,1948.62,1953.01,1921.56,1921.93,11802000,VNCOND,Tiêu dùng tùy ý
2021-12-17,1927.46,1941.71,1921.34,1939.87,13759600,VNCOND,Tiêu dùng tùy ý
2021-12-20,1927.27,1942.15,1918.55,1923.08,9369700,VNCOND,Tiêu dùng tùy ý
2021-12-21,1921.69,1925.23,1910.47,1922.38,9997200,VNCOND,Tiêu dùng tùy ý
2021-12-22,1930.41,1959.46,1925.83,1938.72,13714200,VNCOND,Tiêu dùng tùy ý
2021-12-23,1937.73,1945.98,1899.82,1920.99,14793500,VNCOND,Tiêu dùng tùy ý
2021-12-24,1923.75,1938.29,1912.64,1938.29,9938300,VNCOND,Tiêu dùng tùy ý
2021-12-27,1943.48,1950.9,1928.66,1950.66,10478300,VNCOND,Tiêu dùng tùy ý
2021-12-28,1960.15,1960.8,1933.74,1959.81,11540100,VNCOND,Tiêu dùng tùy ý
2021-12-29,1950.17,1960.54,1940.99,1941.04,8602100,VNCOND,Tiêu dùng tùy ý
2021-12-30,1940.91,1949.85,1937.34,1937.34,9131700,VNCOND,Tiêu dùng tùy ý
2021-12-31,1941.64,1959.09,1923.72,1959.09,10964700,VNCOND,Tiêu dùng tùy ý
2022-01-04,1959.09,1987.02,1947.82,1974.85,10362600,VNCOND,Tiêu dùng tùy ý
2022-01-05,1975.52,1988.17,1966.73,1966.73,12696400,VNCOND,Tiêu dùng tùy ý
2022-01-06,1964.09,1974.52,1957.24,1961.18,12832300,VNCOND,Tiêu dùng tùy ý
2022-01-07,1958.46,1959.77,1939.63,1942.73,13867400,VNCOND,Tiêu dùng tùy ý
2022-01-10,1942.13,1943.8,1910.62,1910.62,13099800,VNCOND,Tiêu dùng tùy ý
2022-01-11,1910.41,1917.96,1891.48,1894.15,12166000,VNCOND,Tiêu dùng tùy ý
2022-01-12,1891.2,1923.49,1860.22,1923.49,13044500,VNCOND,Tiêu dùng tùy ý
2022-01-13,1927.45,1934.93,1895.45,1924.61,10225600,VNCOND,Tiêu dùng tùy ý
2022-01-14,1915.18,1921.72,1894.98,1914.42,8300200,VNCOND,Tiêu dùng tùy ý
2022-01-17,1904.62,1913.01,1865.63,1865.63,11691400,VNCOND,Tiêu dùng tùy ý
2022-01-18,1849.35,1875.77,1843.77,1860.87,8238900,VNCOND,Tiêu dùng tùy ý
2022-01-19,1860.79,1895.26,1857.95,1895.26,6810300,VNCOND,Tiêu dùng tùy ý
2022-01-20,1889.01,1904.54,1880.27,1904.54,6842000,VNCOND,Tiêu dùng tùy ý
2022-01-21,1905.41,1907.29,1882.71,1900.39,6526100,VNCOND,Tiêu dùng tùy ý
2022-01-24,1890.86,1899.31,1865.57,1867.26,6913200,VNCOND,Tiêu dùng tùy ý
2022-01-25,1864.46,1879.21,1842.83,1879.21,6617900,VNCOND,Tiêu dùng tùy ý
2022-01-26,1879.99,1901.16,1859.67,1901.16,7392900,VNCOND,Tiêu dùng tùy ý
2022-01-27,1888.43,1906.22,1873.15,1898.61,5933500,VNCOND,Tiêu dùng tùy ý
2022-01-28,1896.55,1928.99,1882.03,1928.99,6761000,VNCOND,Tiêu dùng tùy ý
2022-02-07,1943.24,1973.16,1940.95,1965.52,8859500,VNCOND,Tiêu dùng tùy ý
2022-02-08,1964.0,1993.38,1962.92,1983.72,9762400,VNCOND,Tiêu dùng tùy ý
2022-02-09,1984.71,1991.92,1975.2,1985.42,10160600,VNCOND,Tiêu dùng tùy ý
2022-02-10,1988.1,1990.83,1960.53,1982.97,9508900,VNCOND,Tiêu dùng tùy ý
2022-02-11,1970.25,1989.49,1968.16,1980.91,8967100,VNCOND,Tiêu dùng tùy ý
2022-02-14,1966.32,1976.83,1950.62,1950.62,10585000,VNCOND,Tiêu dùng tùy ý
2022-02-15,1952.94,1971.56,1946.2,1967.76,10646000,VNCOND,Tiêu dùng tùy ý
2022-02-16,1976.27,1976.27,1951.1,1966.16,12236700,VNCOND,Tiêu dùng tùy ý
2022-02-17,1966.08,1993.03,1957.23,1993.03,12770900,VNCOND,Tiêu dùng tùy ý
2022-02-18,1969.53,1994.12,1968.62,1994.12,17502300,VNCOND,Tiêu dùng tùy ý
2022-02-21,1987.69,2008.11,1979.98,2004.17,15476600,VNCOND,Tiêu dùng tùy ý
2022-02-22,2003.98,2065.67,1983.75,2053.56,21495900,VNCOND,Tiêu dùng tùy ý
2022-02-23,2053.8,2088.36,2046.98,2054.21,15242200,VNCOND,Tiêu dùng tùy ý
2022-02-24,2046.25,2057.75,2024.26,2044.9,21773500,VNCOND,Tiêu dùng tùy ý
2022-02-25,2049.95,2080.47,2034.72,2052.4,17218800,VNCOND,Tiêu dùng tùy ý
2022-02-28,2038.58,2057.29,2014.87,2022.72,15328100,VNCOND,Tiêu dùng tùy ý
2022-03-01,2027.59,2036.75,2014.64,2030.84,14327400,VNCOND,Tiêu dùng tùy ý
2022-03-02,2026.42,2026.8,1996.51,2011.2,14476900,VNCOND,Tiêu dùng tùy ý
2022-03-03,2016.54,2037.12,1996.54,2037.12,15039800,VNCOND,Tiêu dùng tùy ý
2022-03-04,2033.85,2047.32,2020.55,2045.2,14750300,VNCOND,Tiêu dùng tùy ý
2022-03-07,2035.57,2055.48,2032.12,2035.72,17047600,VNCOND,Tiêu dùng tùy ý
2022-03-08,2032.34,2038.61,2002.42,2013.0,19160100,VNCOND,Tiêu dùng tùy ý
2022-03-09,2011.43,2025.94,2006.34,2025.94,16973900,VNCOND,Tiêu dùng tùy ý
2022-03-10,2029.13,2029.13,2014.4,2027.95,15438200,VNCOND,Tiêu dùng tùy ý
2022-03-11,2023.12,2025.38,2000.37,2011.5,18445200,VNCOND,Tiêu dùng tùy ý
2022-03-14,1997.36,2002.5,1956.53,1971.35,15369700,VNCOND,Tiêu dùng tùy ý
2022-03-15,1964.42,1986.46,1946.07,1986.46,11212400,VNCOND,Tiêu dùng tùy ý
2022-03-16,1987.94,2000.73,1977.37,1995.24,12682600,VNCOND,Tiêu dùng tùy ý
2022-03-17,2006.29,2007.65,1995.04,2002.4,12466500,VNCOND,Tiêu dùng tùy ý
2022-03-18,2001.81,2015.49,1996.48,2006.81,9071400,VNCOND,Tiêu dùng tùy ý
2022-03-21,2004.8,2042.26,2004.53,2042.26,12108600,VNCOND,Tiêu dùng tùy ý
2022-03-22,2045.64,2063.47,2036.26,2048.82,14140700,VNCOND,Tiêu dùng tùy ý
2022-03-23,2048.02,2070.04,2045.78,2047.99,12460500,VNCOND,Tiêu dùng tùy ý
2022-03-24,2054.71,2057.28,2034.61,2049.73,10757300,VNCOND,Tiêu dùng tùy ý
2022-03-25,2057.52,2116.89,2049.18,2109.22,16528600,VNCOND,Tiêu dùng tùy ý
2022-03-28,2109.05,2157.27,2109.05,2154.28,18258600,VNCOND,Tiêu dùng tùy ý
2022-03-29,2155.79,2211.39,2155.79,2190.59,14564000,VNCOND,Tiêu dùng tùy ý
2022-03-30,2180.38,2205.03,2145.96,2164.75,15253200,VNCOND,Tiêu dùng tùy ý
2022-03-31,2161.42,2198.76,2147.93,2180.77,13906000,VNCOND,Tiêu dùng tùy ý
2022-04-01,2190.51,2294.03,2180.77,2294.03,18147400,VNCOND,Tiêu dùng tùy ý
2022-04-04,2318.62,2321.03,2284.41,2286.19,10599600,VNCOND,Tiêu dùng tùy ý
2022-04-05,2273.8,2309.77,2273.8,2293.02,16129900,VNCOND,Tiêu dùng tùy ý
2022-04-06,2276.62,2356.47,2272.87,2326.11,32647500,VNCOND,Tiêu dùng tùy ý
2022-04-07,2342.52,2348.15,2265.12,2275.43,22941400,VNCOND,Tiêu dùng tùy ý
2022-04-08,2275.96,2277.27,2221.84,2221.84,18932400,VNCOND,Tiêu dùng tùy ý
2022-04-12,2220.9,2235.19,2175.77,2231.66,15610800,VNCOND,Tiêu dùng tùy ý
2022-04-13,2214.97,2289.98,2209.81,2287.1,18692400,VNCOND,Tiêu dùng tùy ý
2022-04-14,2286.87,2369.05,2285.31,2332.39,15681600,VNCOND,Tiêu dùng tùy ý
2022-04-15,2313.78,2369.32,2313.78,2345.97,17963900,VNCOND,Tiêu dùng tùy ý
2022-04-18,2348.74,2379.75,2345.54,2369.22,29668900,VNCOND,Tiêu dùng tùy ý
2022-04-19,2367.1,2385.97,2303.09,2314.46,25989800,VNCOND,Tiêu dùng tùy ý
2022-04-20,2313.4,2353.86,2284.41,2298.94,19733500,VNCOND,Tiêu dùng tùy ý
2022-04-21,2294.48,2317.81,2259.47,2287.65,23442200,VNCOND,Tiêu dùng tùy ý
2022-04-22,2304.67,2306.16,2153.81,2254.63,26021700,VNCOND,Tiêu dùng tùy ý
2022-04-25,2234.29,2240.0,2101.38,2102.44,20398700,VNCOND,Tiêu dùng tùy ý
2022-04-26,2034.91,2151.71,2005.92,2146.12,19261100,VNCOND,Tiêu dùng tùy ý
2022-04-27,2143.06,2152.78,2067.27,2138.95,11436000,VNCOND,Tiêu dùng tùy ý
2022-04-28,2140.84,2168.6,2121.02,2121.02,10845300,VNCOND,Tiêu dùng tùy ý
2022-04-29,2121.11,2181.75,2119.88,2175.65,14388700,VNCOND,Tiêu dùng tùy ý
2022-05-04,2181.68,2194.76,2167.81,2178.98,10982800,VNCOND,Tiêu dùng tùy ý
2022-05-05,2194.92,2195.32,2122.73,2177.74,12735100,VNCOND,Tiêu dùng tùy ý
2022-05-06,2147.24,2163.42,2122.55,2122.55,14846300,VNCOND,Tiêu dùng tùy ý
2022-05-09,2088.16,2092.63,1978.64,1978.64,16848600,VNCOND,Tiêu dùng tùy ý
2022-05-10,1969.56,2021.37,1920.37,2021.37,18265200,VNCOND,Tiêu dùng tùy ý
2022-05-11,2023.18,2046.22,1986.71,2046.22,9303000,VNCOND,Tiêu dùng tùy ý
2022-05-12,2027.06,2028.67,1944.14,1944.14,11939300,VNCOND,Tiêu dùng tùy ý
2022-05-13,1943.74,1950.35,1825.99,1827.39,17895800,VNCOND,Tiêu dùng tùy ý
2022-05-16,1910.27,1910.3,1790.08,1803.32,12421400,VNCOND,Tiêu dùng tùy ý
2022-05-17,1813.58,1919.22,1780.52,1918.07,16437300,VNCOND,Tiêu dùng tùy ý
2022-05-18,1924.03,1944.28,1895.01,1935.75,12760400,VNCOND,Tiêu dùng tùy ý
2022-05-19,1889.51,1936.33,1883.67,1927.05,8759000,VNCOND,Tiêu dùng tùy ý
2022-05-20,1935.83,1965.73,1919.22,1951.66,10616100,VNCOND,Tiêu dùng tùy ý
2022-05-23,1966.37,1966.42,1899.14,1918.44,9048900,VNCOND,Tiêu dùng tùy ý
2022-05-24,1919.29,1952.54,1901.91,1952.54,8732500,VNCOND,Tiêu dùng tùy ý
2022-05-25,1966.45,2065.15,1958.49,2045.24,13740000,VNCOND,Tiêu dùng tùy ý
2022-05-26,2046.95,2064.1,2020.87,2048.12,12653800,VNCOND,Tiêu dùng tùy ý
2022-05-27,2052.66,2154.23,2049.76,2153.05,16206900,VNCOND,Tiêu dùng tùy ý
2022-05-30,2152.62,2159.58,2111.84,2132.89,10864200,VNCOND,Tiêu dùng tùy ý
2022-05-31,2132.52,2132.52,2085.29,2105.03,14814100,VNCOND,Tiêu dùng tùy ý
2022-06-01,2106.12,2129.44,2089.02,2121.34,11631700,VNCOND,Tiêu dùng tùy ý
2022-06-02,2148.71,2194.14,2129.07,2171.45,15638800,VNCOND,Tiêu dùng tùy ý
2022-06-03,2172.46,2228.58,2171.32,2218.44,11579600,VNCOND,Tiêu dùng tùy ý
2022-06-06,2218.49,2267.04,2218.49,2236.83,14098500,VNCOND,Tiêu dùng tùy ý
2022-06-07,2245.57,2245.57,2171.59,2244.57,17218400,VNCOND,Tiêu dùng tùy ý
2022-06-08,2268.58,2296.24,2256.14,2260.46,14911300,VNCOND,Tiêu dùng tùy ý
2022-06-09,2264.08,2273.86,2229.37,2254.47,8342200,VNCOND,Tiêu dùng tùy ý
2022-06-10,2250.42,2263.66,2192.35,2192.35,14361700,VNCOND,Tiêu dùng tùy ý
2022-06-13,2122.12,2139.48,2049.56,2049.56,22276300,VNCOND,Tiêu dùng tùy ý
2022-06-14,2024.58,2095.44,2018.37,2090.45,14019200,VNCOND,Tiêu dùng tùy ý
2022-06-15,2099.99,2129.52,2072.65,2129.52,17421500,VNCOND,Tiêu dùng tùy ý
2022-06-16,2233.81,2244.82,2201.36,2244.06,13597200,VNCOND,Tiêu dùng tùy ý
2022-06-17,2209.03,2222.21,2169.12,2220.44,11591700,VNCOND,Tiêu dùng tùy ý
2022-06-20,2224.5,2224.64,2117.96,2123.2,11321200,VNCOND,Tiêu dùng tùy ý
2022-06-21,2123.28,2161.47,2053.94,2107.43,10932800,VNCOND,Tiêu dùng tùy ý
2022-06-22,2132.0,2139.61,1998.79,2015.21,13559300,VNCOND,Tiêu dùng tùy ý
2022-06-23,2014.79,2093.39,2007.26,2093.39,11934700,VNCOND,Tiêu dùng tùy ý
2022-06-24,2113.48,2113.48,2079.07,2091.25,7831900,VNCOND,Tiêu dùng tùy ý
2022-06-27,2088.39,2116.84,2086.37,2113.69,9318700,VNCOND,Tiêu dùng tùy ý
2022-06-28,2109.27,2144.61,2104.2,2144.61,12354400,VNCOND,Tiêu dùng tùy ý
2022-06-29,2131.79,2156.32,2089.9,2143.79,9627400,VNCOND,Tiêu dùng tùy ý
2022-06-30,2146.03,2147.69,2101.95,2113.25,7922800,VNCOND,Tiêu dùng tùy ý
2022-07-01,2108.91,2109.59,2026.49,2087.56,10656500,VNCOND,Tiêu dùng tùy ý
2022-07-04,2088.78,2088.78,1998.48,2022.47,10536400,VNCOND,Tiêu dùng tùy ý
2022-07-05,2020.82,2021.03,1910.68,1947.48,12038100,VNCOND,Tiêu dùng tùy ý
2022-07-06,1945.92,1945.92,1882.71,1882.71,8362700,VNCOND,Tiêu dùng tùy ý
2022-07-07,1879.81,1917.4,1871.26,1902.3,6978400,VNCOND,Tiêu dùng tùy ý
2022-07-08,1921.01,1953.12,1910.24,1925.89,7234900,VNCOND,Tiêu dùng tùy ý
2022-07-11,1922.37,1925.99,1883.64,1908.93,6211400,VNCOND,Tiêu dùng tùy ý
2022-07-12,1906.34,1919.86,1891.22,1919.86,6955000,VNCOND,Tiêu dùng tùy ý
2022-07-13,1914.49,1915.99,1870.16,1898.86,8997700,VNCOND,Tiêu dùng tùy ý
2022-07-14,1880.61,1900.76,1863.64,1884.19,7455900,VNCOND,Tiêu dùng tùy ý
2022-07-15,1887.65,1896.57,1852.09,1854.82,11619000,VNCOND,Tiêu dùng tùy ý
2022-07-18,1868.55,1882.19,1830.86,1847.84,9224700,VNCOND,Tiêu dùng tùy ý
2022-07-19,1851.43,1851.52,1808.44,1815.01,7308800,VNCOND,Tiêu dùng tùy ý
2022-07-20,1810.64,1884.56,1791.87,1857.39,17634100,VNCOND,Tiêu dùng tùy ý
2022-07-21,1859.44,1921.52,1859.39,1913.3,13802300,VNCOND,Tiêu dùng tùy ý
2022-07-22,1928.85,1960.04,1916.07,1917.76,12125600,VNCOND,Tiêu dùng tùy ý
2022-07-25,1921.97,1938.1,1875.56,1890.19,11401700,VNCOND,Tiêu dùng tùy ý
2022-07-26,1901.33,1901.48,1874.61,1879.49,8093700,VNCOND,Tiêu dùng tùy ý
2022-07-27,1879.33,1879.33,1849.27,1864.9,7902400,VNCOND,Tiêu dùng tùy ý
2022-07-28,1864.92,1892.46,1862.04,1868.18,12301100,VNCOND,Tiêu dùng tùy ý
2022-07-29,1878.79,1879.55,1844.82,1848.97,14250000,VNCOND,Tiêu dùng tùy ý
2022-08-01,1848.99,1873.21,1829.67,1870.58,14998200,VNCOND,Tiêu dùng tùy ý
2022-08-02,1875.18,1889.14,1864.45,1883.02,11884200,VNCOND,Tiêu dùng tùy ý
2022-08-03,1876.61,1879.9,1862.3,1878.15,11296900,VNCOND,Tiêu dùng tùy ý
2022-08-04,1885.61,1903.16,1878.45,1896.96,16113800,VNCOND,Tiêu dùng tùy ý
2022-08-05,1900.26,1909.92,1890.22,1894.8,11683400,VNCOND,Tiêu dùng tùy ý
2022-08-08,1896.03,1912.59,1894.23,1912.59,13340100,VNCOND,Tiêu dùng tùy ý
2022-08-09,1920.41,1926.62,1908.22,1918.07,12503600,VNCOND,Tiêu dùng tùy ý
2022-08-10,1916.86,1932.14,1910.62,1921.35,11900300,VNCOND,Tiêu dùng tùy ý
2022-08-11,1930.52,1936.51,1892.55,1901.83,13136900,VNCOND,Tiêu dùng tùy ý
2022-08-12,1897.22,1915.06,1878.27,1903.9,13626500,VNCOND,Tiêu dùng tùy ý
2022-08-15,1911.81,1948.43,1907.28,1948.43,13194300,VNCOND,Tiêu dùng tùy ý
2022-08-16,1950.13,1982.92,1949.84,1966.62,14517500,VNCOND,Tiêu dùng tùy ý
2022-08-17,1967.11,1976.15,1945.73,1947.38,11039100,VNCOND,Tiêu dùng tùy ý
2022-08-18,1946.01,1957.05,1918.84,1933.46,12106300,VNCOND,Tiêu dùng tùy ý
2022-08-19,1929.92,1950.93,1901.31,1924.37,13428800,VNCOND,Tiêu dùng tùy ý
2022-08-22,1924.0,1975.94,1924.0,1971.12,15223800,VNCOND,Tiêu dùng tùy ý
2022-08-23,1953.8,1992.96,1952.53,1981.73,16060800,VNCOND,Tiêu dùng tùy ý
2022-08-24,1982.43,1994.78,1978.47,1990.72,13047300,VNCOND,Tiêu dùng tùy ý
2022-08-25,2006.24,2023.0,1998.74,2017.65,18073400,VNCOND,Tiêu dùng tùy ý
2022-08-26,2024.36,2109.43,2024.36,2087.22,22572600,VNCOND,Tiêu dùng tùy ý
2022-08-29,2075.36,2110.46,2030.51,2110.46,22706100,VNCOND,Tiêu dùng tùy ý
2022-08-30,2110.52,2130.45,2081.85,2090.94,15153000,VNCOND,Tiêu dùng tùy ý
2022-08-31,2074.89,2108.11,2072.9,2108.11,14699900,VNCOND,Tiêu dùng tùy ý
2022-09-05,2107.06,2107.06,2081.14,2081.14,10168100,VNCOND,Tiêu dùng tùy ý
2022-09-06,2082.76,2096.34,2077.02,2084.44,12206100,VNCOND,Tiêu dùng tùy ý
2022-09-07,2078.08,2082.27,2021.1,2021.1,21821900,VNCOND,Tiêu dùng tùy ý
2022-09-08,2039.43,2052.68,2013.82,2041.58,14476400,VNCOND,Tiêu dùng tùy ý
2022-09-09,2053.5,2059.67,2026.17,2052.57,9943600,VNCOND,Tiêu dùng tùy ý
2022-09-12,2058.19,2122.67,2055.54,2093.72,16297930,VNCOND,Tiêu dùng tùy ý
2022-09-13,2093.82,2100.73,2080.84,2096.57,7540200,VNCOND,Tiêu dùng tùy ý
2022-09-14,2067.33,2086.72,2059.77,2082.74,12276200,VNCOND,Tiêu dùng tùy ý
2022-09-15,2084.54,2105.04,2077.6,2085.73,12629700,VNCOND,Tiêu dùng tùy ý
2022-09-16,2076.19,2086.57,2037.43,2051.41,14526200,VNCOND,Tiêu dùng tùy ý
2022-09-19,2050.9,2061.55,1982.62,2006.68,14877000,VNCOND,Tiêu dùng tùy ý
2022-09-20,2015.55,2038.44,1980.73,2038.44,11780200,VNCOND,Tiêu dùng tùy ý
2022-09-21,2026.26,2026.26,2004.45,2007.7,9321700,VNCOND,Tiêu dùng tùy ý
2022-09-22,1986.56,2025.36,1973.78,2015.09,13443400,VNCOND,Tiêu dùng tùy ý
2022-09-23,2015.25,2016.86,1984.35,2000.49,9357700,VNCOND,Tiêu dùng tùy ý
2022-09-26,1962.31,1968.1,1906.65,1953.93,18166300,VNCOND,Tiêu dùng tùy ý
2022-09-27,1949.7,1960.39,1931.82,1937.34,9284200,VNCOND,Tiêu dùng tùy ý
2022-09-28,1917.29,1935.82,1888.89,1888.89,12321657,VNCOND,Tiêu dùng tùy ý
2022-09-29,1918.56,1923.14,1861.4,1865.73,9434247,VNCOND,Tiêu dùng tùy ý
2022-09-30,1858.36,1860.84,1788.07,1854.3,18575642,VNCOND,Tiêu dùng tùy ý
2022-10-03,1826.26,1830.35,1734.75,1734.75,14753312,VNCOND,Tiêu dùng tùy ý
2022-10-04,1773.33,1773.33,1735.05,1750.61,13535511,VNCOND,Tiêu dùng tùy ý
2022-10-05,1754.12,1814.77,1754.12,1798.58,9808043,VNCOND,Tiêu dùng tùy ý
2022-10-06,1798.44,1798.52,1716.05,1716.05,10822730,VNCOND,Tiêu dùng tùy ý
2022-10-07,1680.08,1706.06,1621.33,1635.55,18142453,VNCOND,Tiêu dùng tùy ý
2022-10-10,1614.09,1709.66,1593.58,1704.48,13250783,VNCOND,Tiêu dùng tùy ý
2022-10-11,1710.49,1713.98,1631.71,1664.5,12129801,VNCOND,Tiêu dùng tùy ý
2022-10-12,1667.12,1733.9,1665.51,1710.34,11637667,VNCOND,Tiêu dùng tùy ý
2022-10-13,1710.88,1726.24,1687.53,1715.09,10473363,VNCOND,Tiêu dùng tùy ý
2022-10-14,1727.75,1771.16,1727.75,1766.27,15765040,VNCOND,Tiêu dùng tùy ý
2022-10-17,1760.42,1761.62,1723.13,1751.1,11296687,VNCOND,Tiêu dùng tùy ý
2022-10-18,1782.1,1790.54,1750.53,1757.75,11013088,VNCOND,Tiêu dùng tùy ý
2022-10-19,1762.31,1774.77,1750.41,1765.61,9162508,VNCOND,Tiêu dùng tùy ý
2022-10-20,1753.53,1770.05,1741.64,1754.18,9697213,VNCOND,Tiêu dùng tùy ý
2022-10-21,1755.15,1755.3,1650.09,1656.16,17366808,VNCOND,Tiêu dùng tùy ý
2022-10-24,1656.04,1668.71,1568.6,1571.68,16364605,VNCOND,Tiêu dùng tùy ý
2022-10-25,1573.64,1641.78,1534.72,1600.71,14753486,VNCOND,Tiêu dùng tùy ý
2022-10-26,1605.27,1613.34,1574.39,1600.57,7171333,VNCOND,Tiêu dùng tùy ý
2022-10-27,1593.96,1650.62,1585.5,1638.44,14525806,VNCOND,Tiêu dùng tùy ý
2022-10-28,1644.71,1663.06,1629.96,1639.82,11531008,VNCOND,Tiêu dùng tùy ý
2022-10-31,1625.87,1634.46,1552.79,1608.81,12848293,VNCOND,Tiêu dùng tùy ý
2022-11-01,1609.44,1624.31,1574.32,1574.32,10424236,VNCOND,Tiêu dùng tùy ý
2022-11-02,1575.43,1579.51,1511.31,1531.7,11010947,VNCOND,Tiêu dùng tùy ý
2022-11-03,1534.92,1577.41,1522.62,1557.9,9290615,VNCOND,Tiêu dùng tùy ý
2022-11-04,1524.43,1526.39,1458.97,1458.97,14449443,VNCOND,Tiêu dùng tùy ý
2022-11-07,1456.99,1473.61,1393.03,1394.36,11898040,VNCOND,Tiêu dùng tùy ý
2022-11-08,1390.65,1440.86,1360.46,1432.59,9915994,VNCOND,Tiêu dùng tùy ý
2022-11-09,1439.36,1468.19,1426.51,1451.79,8120005,VNCOND,Tiêu dùng tùy ý
2022-11-10,1438.89,1438.89,1365.51,1381.66,12027342,VNCOND,Tiêu dùng tùy ý
2022-11-11,1406.49,1421.1,1389.33,1392.94,10862951,VNCOND,Tiêu dùng tùy ý
2022-11-14,1372.93,1386.14,1332.72,1340.26,12628891,VNCOND,Tiêu dùng tùy ý
2022-11-15,1284.21,1311.44,1254.19,1269.18,10156502,VNCOND,Tiêu dùng tùy ý
2022-11-16,1212.79,1337.73,1198.57,1337.73,20534727,VNCOND,Tiêu dùng tùy ý
2022-11-17,1338.89,1396.98,1338.89,1377.39,8743465,VNCOND,Tiêu dùng tùy ý
2022-11-18,1361.57,1391.72,1334.35,1385.22,13456173,VNCOND,Tiêu dùng tùy ý
2022-11-21,1382.82,1384.5,1363.35,1363.35,7415372,VNCOND,Tiêu dùng tùy ý
2022-11-22,1363.23,1394.09,1348.29,1358.72,15389029,VNCOND,Tiêu dùng tùy ý
2022-11-23,1354.63,1377.9,1353.26,1371.28,6991864,VNCOND,Tiêu dùng tùy ý
2022-11-24,1345.98,1345.98,1307.93,1316.83,15911198,VNCOND,Tiêu dùng tùy ý
2022-11-25,1314.66,1339.4,1301.61,1324.87,9515584,VNCOND,Tiêu dùng tùy ý
2022-11-28,1340.0,1390.5,1340.0,1385.85,13756895,VNCOND,Tiêu dùng tùy ý
2022-11-29,1395.96,1453.21,1390.88,1453.21,15058095,VNCOND,Tiêu dùng tùy ý
2022-11-30,1468.31,1493.94,1454.17,1484.58,14826676,VNCOND,Tiêu dùng tùy ý
2022-12-01,1502.42,1518.82,1446.16,1476.69,16169958,VNCOND,Tiêu dùng tùy ý
2022-12-02,1465.0,1544.57,1457.98,1544.57,14848278,VNCOND,Tiêu dùng tùy ý
2022-12-05,1546.33,1582.13,1546.33,1556.8,14423623,VNCOND,Tiêu dùng tùy ý
2022-12-06,1549.45,1549.45,1480.03,1480.03,14996467,VNCOND,Tiêu dùng tùy ý
2022-12-07,1485.58,1495.43,1446.35,1479.62,9961415,VNCOND,Tiêu dùng tùy ý
2022-12-08,1499.15,1530.38,1488.15,1512.12,12309576,VNCOND,Tiêu dùng tùy ý
2022-12-09,1516.57,1523.98,1500.77,1522.23,8760855,VNCOND,Tiêu dùng tùy ý
2022-12-12,1515.94,1537.6,1489.81,1516.25,10917935,VNCOND,Tiêu dùng tùy ý
2022-12-13,1512.34,1530.82,1474.5,1530.82,7622036,VNCOND,Tiêu dùng tùy ý
2022-12-14,1530.89,1548.84,1513.75,1533.81,8699216,VNCOND,Tiêu dùng tùy ý
2022-12-15,1527.6,1547.48,1522.26,1543.17,12617423,VNCOND,Tiêu dùng tùy ý
2022-12-16,1528.1,1556.81,1513.84,1556.81,10305742,VNCOND,Tiêu dùng tùy ý
2022-12-19,1555.33,1570.95,1538.3,1538.3,9736390,VNCOND,Tiêu dùng tùy ý
2022-12-20,1520.99,1531.17,1464.55,1516.31,9644483,VNCOND,Tiêu dùng tùy ý
2022-12-21,1512.73,1519.49,1465.17,1511.41,12092145,VNCOND,Tiêu dùng tùy ý
2022-12-22,1511.69,1517.04,1481.23,1510.09,6970176,VNCOND,Tiêu dùng tùy ý
2022-12-23,1508.47,1508.99,1478.75,1493.19,7084798,VNCOND,Tiêu dùng tùy ý
2022-12-26,1490.13,1494.74,1423.12,1423.12,7122702,VNCOND,Tiêu dùng tùy ý
2022-12-27,1399.38,1449.44,1399.38,1449.44,7948084,VNCOND,Tiêu dùng tùy ý
2022-12-28,1436.83,1459.73,1415.51,1444.22,5934623,VNCOND,Tiêu dùng tùy ý
2022-12-29,1441.68,1458.81,1433.9,1458.18,17536654,VNCOND,Tiêu dùng tùy ý
2022-12-30,1459.43,1480.16,1446.03,1480.16,6932940,VNCOND,Tiêu dùng tùy ý
2023-01-03,1483.03,1501.61,1469.68,1501.61,12087417,VNCOND,Tiêu dùng tùy ý
2023-01-04,1486.81,1509.35,1486.21,1489.04,12592112,VNCOND,Tiêu dùng tùy ý
2023-01-05,1502.77,1502.82,1484.1,1493.19,8779317,VNCOND,Tiêu dùng tùy ý
2023-01-06,1490.81,1496.43,1477.24,1477.24,7216467,VNCOND,Tiêu dùng tùy ý
2023-01-09,1475.39,1483.77,1452.9,1452.9,8219995,VNCOND,Tiêu dùng tùy ý
2023-01-10,1453.26,1464.5,1451.54,1457.35,6238771,VNCOND,Tiêu dùng tùy ý
2023-01-11,1459.52,1474.71,1458.78,1458.78,13314719,VNCOND,Tiêu dùng tùy ý
2023-01-12,1460.7,1468.67,1444.7,1447.46,5040829,VNCOND,Tiêu dùng tùy ý
2023-01-13,1454.6,1461.11,1446.16,1447.1,5769781,VNCOND,Tiêu dùng tùy ý
2023-01-16,1446.7,1461.57,1444.93,1448.97,15187856,VNCOND,Tiêu dùng tùy ý
2023-01-17,1458.47,1481.75,1455.91,1475.88,11123992,VNCOND,Tiêu dùng tùy ý
2023-01-18,1490.61,1524.24,1484.21,1519.83,16010458,VNCOND,Tiêu dùng tùy ý
2023-01-19,1515.18,1540.85,1511.92,1537.34,11690731,VNCOND,Tiêu dùng tùy ý
2023-01-27,1555.81,1590.16,1555.18,1569.95,12019538,VNCOND,Tiêu dùng tùy ý
2023-01-30,1574.89,1577.26,1553.97,1567.13,13701872,VNCOND,Tiêu dùng tùy ý
2023-01-31,1553.19,1563.0,1539.7,1563.0,12229975,VNCOND,Tiêu dùng tùy ý
2023-02-01,1558.5,1575.98,1531.93,1551.45,22735290,VNCOND,Tiêu dùng tùy ý
2023-02-02,1553.27,1595.24,1527.83,1595.24,12820516,VNCOND,Tiêu dùng tùy ý
2023-02-03,1562.89,1573.16,1543.48,1543.48,16300224,VNCOND,Tiêu dùng tùy ý
2023-02-06,1543.47,1543.47,1511.49,1539.53,10938296,VNCOND,Tiêu dùng tùy ý
2023-02-07,1534.38,1560.86,1510.91,1510.91,11709394,VNCOND,Tiêu dùng tùy ý
2023-02-08,1510.67,1518.54,1488.29,1488.29,8527862,VNCOND,Tiêu dùng tùy ý
2023-02-09,1485.67,1506.65,1479.2,1479.2,11924569,VNCOND,Tiêu dùng tùy ý
2023-02-10,1478.59,1487.87,1441.72,1441.72,10132316,VNCOND,Tiêu dùng tùy ý
2023-02-13,1440.59,1447.6,1420.58,1444.17,12936318,VNCOND,Tiêu dùng tùy ý
2023-02-14,1449.22,1450.62,1434.65,1440.98,7477100,VNCOND,Tiêu dùng tùy ý
2023-02-15,1440.11,1462.52,1438.94,1449.22,7965823,VNCOND,Tiêu dùng tùy ý
2023-02-16,1456.4,1468.6,1450.77,1466.05,8237806,VNCOND,Tiêu dùng tùy ý
2023-02-17,1466.06,1467.75,1454.75,1467.31,7368044,VNCOND,Tiêu dùng tùy ý
2023-02-20,1466.72,1498.18,1457.83,1498.18,11447971,VNCOND,Tiêu dùng tùy ý
2023-02-21,1502.68,1524.18,1500.74,1501.66,15118327,VNCOND,Tiêu dùng tùy ý
2023-02-22,1501.04,1501.04,1462.65,1462.65,12560779,VNCOND,Tiêu dùng tùy ý
2023-02-23,1458.9,1459.97,1429.35,1459.5,12096758,VNCOND,Tiêu dùng tùy ý
2023-02-24,1449.61,1456.98,1419.0,1432.34,8141010,VNCOND,Tiêu dùng tùy ý
2023-02-27,1412.2,1422.39,1374.87,1374.87,10367265,VNCOND,Tiêu dùng tùy ý
2023-02-28,1376.24,1397.26,1365.63,1369.47,7630138,VNCOND,Tiêu dùng tùy ý
2023-03-01,1369.17,1393.57,1356.29,1392.95,10075610,VNCOND,Tiêu dùng tùy ý
2023-03-02,1395.07,1404.82,1384.31,1393.56,5122626,VNCOND,Tiêu dùng tùy ý
2023-03-03,1393.77,1401.98,1369.3,1370.63,7302511,VNCOND,Tiêu dùng tùy ý
2023-03-06,1381.35,1395.47,1368.06,1368.06,10746623,VNCOND,Tiêu dùng tùy ý
2023-03-07,1380.06,1388.3,1364.73,1377.27,6443275,VNCOND,Tiêu dùng tùy ý
2023-03-08,1362.89,1378.04,1353.2,1378.04,7559973,VNCOND,Tiêu dùng tùy ý
2023-03-09,1379.78,1399.62,1379.37,1390.07,9179758,VNCOND,Tiêu dùng tùy ý
2023-03-10,1387.41,1388.79,1371.39,1381.98,8027952,VNCOND,Tiêu dùng tùy ý
2023-03-13,1383.55,1391.99,1376.69,1376.69,8292782,VNCOND,Tiêu dùng tùy ý
2023-03-14,1378.31,1384.42,1350.73,1359.32,9240213,VNCOND,Tiêu dùng tùy ý
2023-03-15,1379.93,1392.14,1377.62,1391.06,9079079,VNCOND,Tiêu dùng tùy ý
2023-03-16,1389.87,1389.87,1355.86,1374.51,8229383,VNCOND,Tiêu dùng tùy ý
2023-03-17,1375.71,1383.84,1352.61,1367.13,7221165,VNCOND,Tiêu dùng tùy ý
2023-03-20,1371.39,1371.39,1336.96,1341.88,10057797,VNCOND,Tiêu dùng tùy ý
2023-03-21,1356.0,1360.44,1324.96,1347.46,7462110,VNCOND,Tiêu dùng tùy ý
2023-03-22,1347.51,1352.83,1332.63,1335.54,7086431,VNCOND,Tiêu dùng tùy ý
2023-03-23,1326.25,1331.58,1324.65,1329.35,8508187,VNCOND,Tiêu dùng tùy ý
2023-03-24,1327.75,1338.75,1327.56,1337.0,14053392,VNCOND,Tiêu dùng tùy ý
2023-03-27,1338.02,1343.86,1332.11,1336.74,13070079,VNCOND,Tiêu dùng tùy ý
2023-03-28,1340.06,1358.34,1338.23,1352.48,12175338,VNCOND,Tiêu dùng tùy ý
2023-03-29,1355.77,1355.84,1337.83,1339.71,12150892,VNCOND,Tiêu dùng tùy ý
2023-03-30,1350.93,1354.61,1327.43,1339.75,14325483,VNCOND,Tiêu dùng tùy ý
2023-03-31,1339.44,1347.82,1331.85,1337.92,10958094,VNCOND,Tiêu dùng tùy ý
2023-04-03,1348.35,1354.08,1339.45,1345.7,12690446,VNCOND,Tiêu dùng tùy ý
2023-04-04,1347.75,1369.12,1347.75,1364.2,18861295,VNCOND,Tiêu dùng tùy ý
2023-04-05,1365.47,1369.17,1359.25,1367.69,20611058,VNCOND,Tiêu dùng tùy ý
2023-04-06,1374.86,1375.58,1351.23,1351.42,23855807,VNCOND,Tiêu dùng tùy ý
2023-04-07,1346.73,1352.95,1337.6,1348.2,15732503,VNCOND,Tiêu dùng tùy ý
2023-04-10,1353.39,1395.96,1353.05,1391.3,25211580,VNCOND,Tiêu dùng tùy ý
2023-04-11,1392.13,1397.9,1376.48,1391.67,16780743,VNCOND,Tiêu dùng tùy ý
2023-04-12,1390.28,1410.4,1390.28,1390.73,19562090,VNCOND,Tiêu dùng tùy ý
2023-04-13,1396.53,1400.44,1386.89,1395.44,26739771,VNCOND,Tiêu dùng tùy ý
2023-04-14,1403.39,1407.87,1374.91,1374.91,20124456,VNCOND,Tiêu dùng tùy ý
2023-04-17,1372.02,1379.01,1367.77,1375.73,14864202,VNCOND,Tiêu dùng tùy ý
2023-04-18,1390.01,1398.99,1377.76,1379.61,18217454,VNCOND,Tiêu dùng tùy ý
2023-04-19,1382.83,1406.65,1382.07,1388.97,14849602,VNCOND,Tiêu dùng tùy ý
2023-04-20,1391.22,1391.63,1375.22,1385.7,12851783,VNCOND,Tiêu dùng tùy ý
2023-04-21,1387.97,1387.97,1362.42,1363.83,17820764,VNCOND,Tiêu dùng tùy ý
2023-04-24,1362.78,1362.78,1338.19,1340.77,15712627,VNCOND,Tiêu dùng tùy ý
2023-04-25,1340.36,1350.11,1317.35,1321.74,15452578,VNCOND,Tiêu dùng tùy ý
2023-04-26,1321.16,1337.26,1315.55,1337.26,10976510,VNCOND,Tiêu dùng tùy ý
2023-04-27,1340.67,1347.07,1328.55,1340.86,12238704,VNCOND,Tiêu dùng tùy ý
2023-04-28,1341.64,1357.58,1339.63,1357.58,12921890,VNCOND,Tiêu dùng tùy ý
2023-05-04,1335.84,1350.97,1328.13,1328.13,12885931,VNCOND,Tiêu dùng tùy ý
2023-05-05,1330.47,1336.1,1321.64,1326.65,10657922,VNCOND,Tiêu dùng tùy ý
2023-05-08,1326.64,1335.64,1325.53,1326.52,20504236,VNCOND,Tiêu dùng tùy ý
2023-05-09,1326.56,1337.98,1324.88,1326.98,13187863,VNCOND,Tiêu dùng tùy ý
2023-05-10,1329.27,1347.14,1325.17,1346.7,18703442,VNCOND,Tiêu dùng tùy ý
2023-05-11,1349.94,1355.51,1338.49,1341.98,15409758,VNCOND,Tiêu dùng tùy ý
2023-05-12,1342.37,1348.53,1329.81,1348.53,18390358,VNCOND,Tiêu dùng tùy ý
2023-05-15,1351.27,1359.31,1343.79,1344.82,20943868,VNCOND,Tiêu dùng tùy ý
2023-05-16,1345.69,1346.36,1327.6,1332.4,13277051,VNCOND,Tiêu dùng tùy ý
2023-05-17,1332.2,1338.17,1322.13,1326.24,20965429,VNCOND,Tiêu dùng tùy ý
2023-05-18,1334.03,1334.44,1321.81,1321.81,12143763,VNCOND,Tiêu dùng tùy ý
2023-05-19,1322.5,1322.76,1311.06,1320.63,16010869,VNCOND,Tiêu dùng tùy ý
2023-05-22,1324.35,1328.86,1317.59,1326.15,12507795,VNCOND,Tiêu dùng tùy ý
2023-05-23,1326.76,1337.91,1319.17,1319.9,12194092,VNCOND,Tiêu dùng tùy ý
2023-05-24,1324.96,1325.81,1309.15,1310.51,10649260,VNCOND,Tiêu dùng tùy ý
2023-05-25,1309.55,1320.05,1306.31,1309.75,10659148,VNCOND,Tiêu dùng tùy ý
2023-05-26,1314.13,1319.49,1312.3,1318.39,15836718,VNCOND,Tiêu dùng tùy ý
2023-05-29,1324.94,1327.71,1316.0,1327.71,20537319,VNCOND,Tiêu dùng tùy ý
2023-05-30,1331.06,1351.03,1331.06,1341.46,23376130,VNCOND,Tiêu dùng tùy ý
2023-05-31,1340.1,1345.37,1333.4,1339.01,23566690,VNCOND,Tiêu dùng tùy ý
2023-06-01,1343.59,1348.2,1328.78,1342.55,34865121,VNCOND,Tiêu dùng tùy ý
2023-06-02,1349.74,1382.94,1340.78,1382.93,30473206,VNCOND,Tiêu dùng tùy ý
2023-06-05,1395.36,1402.85,1384.91,1392.72,28006820,VNCOND,Tiêu dùng tùy ý
2023-06-06,1393.16,1405.16,1387.96,1402.79,22887328,VNCOND,Tiêu dùng tùy ý
2023-06-07,1404.07,1406.49,1386.74,1403.25,26168826,VNCOND,Tiêu dùng tùy ý
2023-06-08,1406.12,1407.67,1377.78,1378.7,42830148,VNCOND,Tiêu dùng tùy ý
2023-06-09,1385.51,1392.15,1371.84,1392.15,24080791,VNCOND,Tiêu dùng tùy ý
2023-06-12,1395.79,1431.78,1392.66,1431.78,27019017,VNCOND,Tiêu dùng tùy ý
2023-06-13,1442.68,1443.44,1429.96,1437.4,27251168,VNCOND,Tiêu dùng tùy ý
2023-06-14,1438.78,1441.87,1414.98,1414.98,26411143,VNCOND,Tiêu dùng tùy ý
2023-06-15,1414.14,1421.5,1403.15,1410.28,19670239,VNCOND,Tiêu dùng tùy ý
2023-06-16,1410.37,1427.08,1398.02,1400.91,23896406,VNCOND,Tiêu dùng tùy ý
2023-06-19,1401.61,1406.95,1389.91,1399.69,19042077,VNCOND,Tiêu dùng tùy ý
2023-06-20,1400.66,1422.43,1399.74,1422.43,14621158,VNCOND,Tiêu dùng tùy ý
2023-06-21,1423.03,1434.91,1420.01,1434.91,16976305,VNCOND,Tiêu dùng tùy ý
2023-06-22,1441.04,1458.88,1434.71,1449.81,16969710,VNCOND,Tiêu dùng tùy ý
2023-06-23,1449.4,1455.26,1443.44,1453.61,16434695,VNCOND,Tiêu dùng tùy ý
2023-06-26,1463.33,1483.21,1437.29,1483.21,22133222,VNCOND,Tiêu dùng tùy ý
2023-06-27,1484.18,1488.72,1462.41,1476.52,14748040,VNCOND,Tiêu dùng tùy ý
2023-06-28,1476.61,1482.21,1454.46,1469.34,19175992,VNCOND,Tiêu dùng tùy ý
2023-06-29,1462.07,1470.14,1441.5,1444.15,17202141,VNCOND,Tiêu dùng tùy ý
2023-06-30,1444.34,1465.92,1439.69,1461.5,16536525,VNCOND,Tiêu dùng tùy ý
2023-07-03,1466.42,1468.38,1447.58,1451.01,10501838,VNCOND,Tiêu dùng tùy ý
2023-07-04,1450.55,1465.21,1445.66,1459.37,13980000,VNCOND,Tiêu dùng tùy ý
2023-07-05,1466.11,1487.91,1462.64,1462.64,18414113,VNCOND,Tiêu dùng tùy ý
2023-07-06,1463.24,1471.05,1447.6,1454.07,18659903,VNCOND,Tiêu dùng tùy ý
2023-07-07,1451.66,1496.3,1451.48,1496.3,21461835,VNCOND,Tiêu dùng tùy ý
2023-07-10,1517.07,1546.97,1509.91,1546.97,27601272,VNCOND,Tiêu dùng tùy ý
2023-07-11,1546.99,1570.61,1540.46,1570.61,27370153,VNCOND,Tiêu dùng tùy ý
2023-07-12,1562.49,1575.1,1556.47,1570.51,19328694,VNCOND,Tiêu dùng tùy ý
2023-07-13,1574.65,1602.83,1573.51,1595.13,20599482,VNCOND,Tiêu dùng tùy ý
2023-07-14,1605.16,1605.16,1577.93,1600.96,22742007,VNCOND,Tiêu dùng tùy ý
2023-07-17,1604.16,1614.52,1598.05,1598.5,20318312,VNCOND,Tiêu dùng tùy ý
2023-07-18,1591.57,1595.12,1576.34,1580.49,17972741,VNCOND,Tiêu dùng tùy ý
2023-07-19,1587.05,1592.89,1573.77,1581.49,18418158,VNCOND,Tiêu dùng tùy ý
2023-07-20,1579.94,1598.55,1578.95,1593.41,17978557,VNCOND,Tiêu dùng tùy ý
2023-07-21,1594.66,1663.02,1591.01,1662.15,24926940,VNCOND,Tiêu dùng tùy ý
2023-07-24,1672.09,1697.64,1646.82,1697.64,25025966,VNCOND,Tiêu dùng tùy ý
2023-07-25,1698.72,1698.94,1668.39,1683.79,20070495,VNCOND,Tiêu dùng tùy ý
2023-07-26,1684.32,1693.47,1659.3,1670.82,19229783,VNCOND,Tiêu dùng tùy ý
2023-07-27,1667.63,1697.74,1657.67,1694.51,26972698,VNCOND,Tiêu dùng tùy ý
2023-07-28,1692.51,1716.22,1685.15,1711.73,25075662,VNCOND,Tiêu dùng tùy ý
2023-07-31,1701.39,1704.56,1674.75,1699.47,31347520,VNCOND,Tiêu dùng tùy ý
2023-08-01,1706.65,1707.71,1651.69,1651.69,34706724,VNCOND,Tiêu dùng tùy ý
2023-08-02,1648.58,1661.91,1646.75,1654.41,18804213,VNCOND,Tiêu dùng tùy ý
2023-08-03,1655.65,1695.45,1646.08,1678.1,34543589,VNCOND,Tiêu dùng tùy ý
2023-08-04,1683.62,1685.53,1667.99,1681.72,23134763,VNCOND,Tiêu dùng tùy ý
2023-08-07,1681.92,1724.44,1681.92,1704.1,29950466,VNCOND,Tiêu dùng tùy ý
2023-08-08,1710.56,1713.37,1690.18,1695.48,30782611,VNCOND,Tiêu dùng tùy ý
2023-08-09,1691.77,1691.8,1661.28,1672.47,39429835,VNCOND,Tiêu dùng tùy ý
2023-08-10,1681.79,1681.89,1643.15,1646.83,31822229,VNCOND,Tiêu dùng tùy ý
2023-08-11,1650.07,1672.36,1625.18,1672.36,28396205,VNCOND,Tiêu dùng tùy ý
2023-08-14,1685.71,1690.67,1659.51,1688.34,25832049,VNCOND,Tiêu dùng tùy ý
2023-08-15,1696.43,1720.9,1684.15,1684.15,24699766,VNCOND,Tiêu dùng tùy ý
2023-08-16,1684.68,1690.13,1664.3,1684.53,27406326,VNCOND,Tiêu dùng tùy ý
2023-08-17,1689.74,1707.07,1674.02,1680.85,27122686,VNCOND,Tiêu dùng tùy ý
2023-08-18,1675.04,1675.36,1578.75,1589.49,47746894,VNCOND,Tiêu dùng tùy ý
2023-08-21,1584.82,1593.02,1557.58,1576.18,21451012,VNCOND,Tiêu dùng tùy ý
2023-08-22,1577.9,1595.56,1528.87,1595.56,22621408,VNCOND,Tiêu dùng tùy ý
2023-08-23,1607.42,1607.42,1573.1,1584.11,12526736,VNCOND,Tiêu dùng tùy ý
2023-08-24,1583.79,1608.65,1583.52,1603.07,14404595,VNCOND,Tiêu dùng tùy ý
2023-08-25,1602.39,1622.55,1595.33,1607.34,16622643,VNCOND,Tiêu dùng tùy ý
2023-08-28,1618.21,1641.2,1607.3,1641.08,17664289,VNCOND,Tiêu dùng tùy ý
2023-08-29,1645.96,1673.28,1638.38,1667.53,20045146,VNCOND,Tiêu dùng tùy ý
2023-08-30,1669.36,1697.47,1669.16,1688.61,17307764,VNCOND,Tiêu dùng tùy ý
2023-08-31,1688.57,1701.51,1688.57,1694.9,19925723,VNCOND,Tiêu dùng tùy ý
2023-09-05,1701.01,1727.54,1690.0,1705.79,19192871,VNCOND,Tiêu dùng tùy ý
2023-09-06,1707.79,1732.53,1697.43,1725.22,17944741,VNCOND,Tiêu dùng tùy ý
2023-09-07,1733.32,1752.68,1727.67,1740.26,23330217,VNCOND,Tiêu dùng tùy ý
2023-09-08,1727.59,1767.77,1727.59,1751.75,21875059,VNCOND,Tiêu dùng tùy ý
2023-09-11,1758.0,1764.2,1710.28,1726.85,27228327,VNCOND,Tiêu dùng tùy ý
2023-09-12,1726.79,1755.28,1712.55,1755.28,14721866,VNCOND,Tiêu dùng tùy ý
2023-09-13,1762.79,1820.34,1752.91,1780.82,29007856,VNCOND,Tiêu dùng tùy ý
2023-09-14,1784.45,1797.64,1761.69,1763.66,22046552,VNCOND,Tiêu dùng tùy ý
2023-09-15,1768.18,1771.09,1725.66,1740.71,16539751,VNCOND,Tiêu dùng tùy ý
2023-09-18,1732.07,1738.21,1702.74,1726.21,14336722,VNCOND,Tiêu dùng tùy ý
2023-09-19,1726.46,1735.08,1683.71,1735.08,17238064,VNCOND,Tiêu dùng tùy ý
2023-09-20,1729.43,1762.48,1721.49,1756.04,17776355,VNCOND,Tiêu dùng tùy ý
2023-09-21,1757.11,1757.94,1719.97,1725.56,20374282,VNCOND,Tiêu dùng tùy ý
2023-09-22,1701.0,1701.0,1651.63,1678.81,30178119,VNCOND,Tiêu dùng tùy ý
2023-09-25,1672.19,1694.67,1616.81,1641.13,23481970,VNCOND,Tiêu dùng tùy ý
2023-09-26,1636.63,1651.97,1621.52,1634.76,20125731,VNCOND,Tiêu dùng tùy ý
2023-09-27,1627.15,1650.86,1602.33,1650.86,14565942,VNCOND,Tiêu dùng tùy ý
2023-09-28,1650.95,1694.26,1650.95,1665.81,14165240,VNCOND,Tiêu dùng tùy ý
2023-09-29,1678.8,1689.15,1665.12,1665.82,11819517,VNCOND,Tiêu dùng tùy ý
2023-10-02,1666.13,1680.11,1652.27,1655.25,9193313,VNCOND,Tiêu dùng tùy ý
2023-10-03,1647.43,1647.43,1586.29,1588.76,20091057,VNCOND,Tiêu dùng tùy ý
2023-10-04,1585.38,1612.91,1566.25,1601.72,11635182,VNCOND,Tiêu dùng tùy ý
2023-10-05,1617.99,1617.99,1561.26,1561.26,12062536,VNCOND,Tiêu dùng tùy ý
2023-10-06,1561.92,1594.52,1546.03,1590.74,10479283,VNCOND,Tiêu dùng tùy ý
2023-10-09,1593.7,1605.95,1578.95,1592.87,12151292,VNCOND,Tiêu dùng tùy ý
2023-10-10,1601.2,1623.48,1601.2,1607.64,13980694,VNCOND,Tiêu dùng tùy ý
2023-10-11,1613.63,1623.85,1605.4,1623.85,10055635,VNCOND,Tiêu dùng tùy ý
2023-10-12,1625.81,1631.44,1602.58,1606.37,20796510,VNCOND,Tiêu dùng tùy ý
2023-10-13,1605.91,1627.55,1605.87,1627.55,17143644,VNCOND,Tiêu dùng tùy ý
2023-10-16,1627.83,1652.06,1604.59,1606.6,14718312,VNCOND,Tiêu dùng tùy ý
2023-10-17,1609.25,1613.79,1553.56,1553.56,14551853,VNCOND,Tiêu dùng tùy ý
2023-10-18,1563.56,1563.56,1474.98,1508.01,21957045,VNCOND,Tiêu dùng tùy ý
2023-10-19,1506.89,1508.19,1466.89,1467.98,14618875,VNCOND,Tiêu dùng tùy ý
2023-10-20,1465.41,1507.18,1457.39,1500.81,13395027,VNCOND,Tiêu dùng tùy ý
2023-10-23,1499.4,1502.0,1452.64,1459.92,12146442,VNCOND,Tiêu dùng tùy ý
2023-10-24,1462.16,1474.12,1435.46,1464.98,11560826,VNCOND,Tiêu dùng tùy ý
2023-10-25,1465.36,1488.58,1463.43,1472.26,9283845,VNCOND,Tiêu dùng tùy ý
2023-10-26,1442.31,1446.02,1395.67,1431.49,28406943,VNCOND,Tiêu dùng tùy ý
2023-10-27,1434.47,1439.92,1410.63,1430.02,10256940,VNCOND,Tiêu dùng tùy ý
2023-10-30,1413.34,1420.45,1389.28,1389.28,8478028,VNCOND,Tiêu dùng tùy ý
2023-10-31,1387.09,1388.72,1325.03,1328.96,19966604,VNCOND,Tiêu dùng tùy ý
2023-11-01,1316.5,1328.85,1273.52,1283.51,26366848,VNCOND,Tiêu dùng tùy ý
2023-11-02,1283.64,1345.65,1261.58,1338.88,27047981,VNCOND,Tiêu dùng tùy ý
2023-11-03,1347.84,1379.88,1340.35,1378.4,19129258,VNCOND,Tiêu dùng tùy ý
2023-11-06,1379.68,1385.86,1362.08,1375.44,17109499,VNCOND,Tiêu dùng tùy ý
2023-11-07,1373.81,1399.97,1359.41,1373.11,14261275,VNCOND,Tiêu dùng tùy ý
2023-11-08,1367.66,1413.47,1340.91,1413.47,27116252,VNCOND,Tiêu dùng tùy ý
2023-11-09,1431.02,1448.95,1417.28,1430.19,21653604,VNCOND,Tiêu dùng tùy ý
2023-11-10,1417.73,1431.35,1401.08,1409.68,17649793,VNCOND,Tiêu dùng tùy ý
2023-11-13,1409.48,1428.56,1402.29,1420.5,13512746,VNCOND,Tiêu dùng tùy ý
2023-11-14,1441.02,1466.66,1439.49,1459.67,23516191,VNCOND,Tiêu dùng tùy ý
2023-11-15,1478.53,1487.37,1459.38,1469.63,17139630,VNCOND,Tiêu dùng tùy ý
2023-11-16,1459.62,1461.43,1441.34,1460.33,16530705,VNCOND,Tiêu dùng tùy ý
2023-11-17,1459.36,1482.1,1439.42,1461.41,24337686,VNCOND,Tiêu dùng tùy ý
2023-11-20,1432.59,1467.13,1430.78,1444.14,12804820,VNCOND,Tiêu dùng tùy ý
2023-11-21,1445.29,1465.76,1445.29,1461.07,12077809,VNCOND,Tiêu dùng tùy ý
2023-11-22,1458.9,1460.17,1426.53,1440.47,20122273,VNCOND,Tiêu dùng tùy ý
2023-11-23,1444.89,1455.34,1388.98,1388.98,17526078,VNCOND,Tiêu dùng tùy ý
2023-11-24,1398.34,1411.85,1378.2,1411.85,18762156,VNCOND,Tiêu dùng tùy ý
2023-11-27,1413.04,1413.04,1392.43,1392.43,8897613,VNCOND,Tiêu dùng tùy ý
2023-11-28,1388.39,1395.02,1370.75,1390.51,10927129,VNCOND,Tiêu dùng tùy ý
2023-11-29,1396.57,1422.08,1396.46,1412.24,12784312,VNCOND,Tiêu dùng tùy ý
2023-11-30,1412.93,1422.96,1410.5,1410.5,9270433,VNCOND,Tiêu dùng tùy ý
2023-12-01,1416.93,1419.35,1397.36,1416.07,7293238,VNCOND,Tiêu dùng tùy ý
2023-12-04,1422.85,1455.0,1418.17,1442.64,19513001,VNCOND,Tiêu dùng tùy ý
2023-12-05,1442.9,1444.72,1433.99,1440.32,13393763,VNCOND,Tiêu dùng tùy ý
2023-12-06,1439.01,1461.15,1438.99,1461.15,23153561,VNCOND,Tiêu dùng tùy ý
2023-12-07,1461.02,1465.74,1422.82,1452.11,23971796,VNCOND,Tiêu dùng tùy ý
2023-12-08,1451.2,1493.95,1443.45,1484.75,25311015,VNCOND,Tiêu dùng tùy ý
2023-12-11,1484.59,1486.36,1470.59,1485.0,13007693,VNCOND,Tiêu dùng tùy ý
2023-12-12,1487.06,1490.75,1479.13,1490.75,15760664,VNCOND,Tiêu dùng tùy ý
2023-12-13,1497.63,1514.34,1467.47,1472.02,18787226,VNCOND,Tiêu dùng tùy ý
2023-12-14,1479.9,1481.93,1460.67,1465.21,13720340,VNCOND,Tiêu dùng tùy ý
2023-12-15,1463.84,1463.84,1440.76,1448.68,15659909,VNCOND,Tiêu dùng tùy ý
2023-12-18,1448.92,1450.95,1419.71,1428.74,14169409,VNCOND,Tiêu dùng tùy ý
2023-12-19,1427.46,1449.33,1415.33,1446.09,10600903,VNCOND,Tiêu dùng tùy ý
2023-12-20,1445.33,1485.73,1442.23,1485.73,18417113,VNCOND,Tiêu dùng tùy ý
2023-12-21,1481.75,1507.74,1477.02,1507.74,16988999,VNCOND,Tiêu dùng tùy ý
2023-12-22,1507.72,1509.0,1494.14,1503.78,12380704,VNCOND,Tiêu dùng tùy ý
2023-12-25,1504.61,1535.75,1503.93,1515.92,15889980,VNCOND,Tiêu dùng tùy ý
2023-12-26,1515.92,1525.15,1508.94,1520.89,13212796,VNCOND,Tiêu dùng tùy ý
2023-12-27,1520.81,1529.96,1517.92,1522.98,13246124,VNCOND,Tiêu dùng tùy ý
2023-12-28,1521.37,1530.5,1520.18,1526.47,13182314,VNCOND,Tiêu dùng tùy ý
2023-12-29,1528.13,1530.43,1517.13,1529.24,12061512,VNCOND,Tiêu dùng tùy ý
2024-01-02,1540.25,1541.8,1512.66,1522.93,20278105,VNCOND,Tiêu dùng tùy ý
2024-01-03,1521.75,1539.1,1512.89,1538.76,20420242,VNCOND,Tiêu dùng tùy ý
2024-01-04,1539.92,1543.67,1529.04,1530.31,20350859,VNCOND,Tiêu dùng tùy ý
2024-01-05,1529.09,1545.6,1522.57,1536.09,18376034,VNCOND,Tiêu dùng tùy ý
2024-01-08,1544.72,1546.59,1525.67,1525.74,15171066,VNCOND,Tiêu dùng tùy ý
2024-01-09,1525.35,1529.31,1512.51,1521.06,17347932,VNCOND,Tiêu dùng tùy ý
2024-01-10,1521.45,1529.22,1502.82,1516.17,17325599,VNCOND,Tiêu dùng tùy ý
2024-01-11,1515.19,1531.1,1507.82,1515.48,11251295,VNCOND,Tiêu dùng tùy ý
2024-01-12,1503.95,1511.0,1492.26,1498.19,17647250,VNCOND,Tiêu dùng tùy ý
2024-01-15,1510.42,1524.26,1504.53,1513.72,14603404,VNCOND,Tiêu dùng tùy ý
2024-01-16,1512.25,1550.68,1512.25,1550.68,23623017,VNCOND,Tiêu dùng tùy ý
2024-01-17,1553.15,1582.02,1552.14,1574.5,20556435,VNCOND,Tiêu dùng tùy ý
2024-01-18,1575.66,1594.27,1570.71,1594.27,15932549,VNCOND,Tiêu dùng tùy ý
2024-01-19,1597.55,1610.02,1576.72,1594.43,17037619,VNCOND,Tiêu dùng tùy ý
2024-01-22,1595.31,1598.67,1572.76,1594.7,12761364,VNCOND,Tiêu dùng tùy ý
2024-01-23,1596.53,1600.29,1583.46,1588.67,11713324,VNCOND,Tiêu dùng tùy ý
2024-01-24,1584.94,1590.92,1566.42,1567.41,14899267,VNCOND,Tiêu dùng tùy ý
2024-01-25,1564.23,1590.96,1559.74,1590.96,12631416,VNCOND,Tiêu dùng tùy ý
2024-01-26,1586.74,1597.39,1583.13,1586.48,10830627,VNCOND,Tiêu dùng tùy ý
2024-01-29,1588.83,1595.41,1583.91,1593.84,11889903,VNCOND,Tiêu dùng tùy ý
2024-01-30,1594.09,1619.75,1589.01,1618.76,16638113,VNCOND,Tiêu dùng tùy ý
2024-01-31,1626.1,1631.21,1604.11,1613.23,21397674,VNCOND,Tiêu dùng tùy ý
2024-02-01,1613.45,1644.02,1611.84,1640.25,17956043,VNCOND,Tiêu dùng tùy ý
2024-02-02,1646.1,1665.87,1639.22,1663.65,19781555,VNCOND,Tiêu dùng tùy ý
2024-02-05,1665.71,1665.71,1643.46,1659.49,15104135,VNCOND,Tiêu dùng tùy ý
2024-02-06,1661.42,1661.42,1644.37,1657.73,11867679,VNCOND,Tiêu dùng tùy ý
2024-02-07,1659.06,1663.79,1649.12,1655.74,12028079,VNCOND,Tiêu dùng tùy ý
2024-02-15,1662.15,1666.56,1637.58,1643.86,16964610,VNCOND,Tiêu dùng tùy ý
2024-02-16,1654.78,1656.23,1640.91,1649.97,11992653,VNCOND,Tiêu dùng tùy ý
2024-02-19,1651.91,1658.53,1639.01,1650.23,17531256,VNCOND,Tiêu dùng tùy ý
2024-02-20,1651.33,1651.5,1632.05,1648.64,16178293,VNCOND,Tiêu dùng tùy ý
2024-02-21,1646.55,1647.02,1632.43,1639.16,16486920,VNCOND,Tiêu dùng tùy ý
2024-02-22,1639.19,1643.47,1625.28,1631.74,22000617,VNCOND,Tiêu dùng tùy ý
2024-02-23,1629.85,1636.79,1600.36,1601.63,31650019,VNCOND,Tiêu dùng tùy ý
2024-02-26,1601.66,1620.65,1581.97,1617.79,22655409,VNCOND,Tiêu dùng tùy ý
2024-02-27,1628.03,1639.04,1619.78,1634.87,19887750,VNCOND,Tiêu dùng tùy ý
2024-02-28,1640.5,1654.04,1634.87,1646.74,27876206,VNCOND,Tiêu dùng tùy ý
2024-02-29,1665.7,1682.16,1656.27,1674.19,25288548,VNCOND,Tiêu dùng tùy ý
2024-03-01,1680.46,1714.95,1674.32,1701.69,27247622,VNCOND,Tiêu dùng tùy ý
2024-03-04,1704.15,1729.59,1703.44,1718.94,29038307,VNCOND,Tiêu dùng tùy ý
2024-03-05,1723.05,1777.58,1721.84,1777.58,34227639,VNCOND,Tiêu dùng tùy ý
2024-03-06,1777.58,1778.89,1728.49,1742.72,24696658,VNCOND,Tiêu dùng tùy ý
2024-03-07,1744.08,1760.89,1731.99,1758.78,20725545,VNCOND,Tiêu dùng tùy ý
2024-03-08,1762.95,1772.9,1714.84,1734.79,37105214,VNCOND,Tiêu dùng tùy ý
2024-03-11,1731.69,1772.89,1724.85,1731.2,27260692,VNCOND,Tiêu dùng tùy ý
2024-03-12,1728.06,1768.31,1720.8,1742.31,28087938,VNCOND,Tiêu dùng tùy ý
2024-03-13,1742.37,1791.45,1742.37,1791.45,27051313,VNCOND,Tiêu dùng tùy ý
2024-03-14,1791.42,1803.88,1752.2,1764.13,28340885,VNCOND,Tiêu dùng tùy ý
2024-03-15,1759.84,1765.17,1728.74,1754.79,24652186,VNCOND,Tiêu dùng tùy ý
2024-03-18,1754.24,1760.24,1682.84,1717.08,32453492,VNCOND,Tiêu dùng tùy ý
2024-03-19,1716.87,1724.72,1692.71,1703.91,17239054,VNCOND,Tiêu dùng tùy ý
2024-03-20,1702.42,1770.44,1700.89,1759.41,30946799,VNCOND,Tiêu dùng tùy ý
2024-03-21,1773.76,1784.14,1756.76,1773.56,20212108,VNCOND,Tiêu dùng tùy ý
2024-03-22,1778.7,1784.78,1753.64,1782.53,23446675,VNCOND,Tiêu dùng tùy ý
2024-03-25,1780.1,1798.28,1750.85,1750.85,21153267,VNCOND,Tiêu dùng tùy ý
2024-03-26,1749.84,1766.22,1737.86,1766.22,16881106,VNCOND,Tiêu dùng tùy ý
2024-03-27,1767.56,1815.58,1763.55,1805.21,23988886,VNCOND,Tiêu dùng tùy ý
2024-03-28,1807.89,1837.3,1801.45,1824.35,20853937,VNCOND,Tiêu dùng tùy ý
2024-03-29,1827.92,1845.35,1824.66,1830.26,25495622,VNCOND,Tiêu dùng tùy ý
2024-04-01,1820.84,1854.44,1819.59,1830.86,24724773,VNCOND,Tiêu dùng tùy ý
2024-04-02,1820.58,1837.24,1793.38,1837.24,31317713,VNCOND,Tiêu dùng tùy ý
2024-04-03,1823.69,1828.9,1793.17,1795.48,26416318,VNCOND,Tiêu dùng tùy ý
2024-04-04,1791.68,1806.98,1765.37,1805.54,23008822,VNCOND,Tiêu dùng tùy ý
2024-04-05,1783.74,1816.47,1771.06,1801.57,22968147,VNCOND,Tiêu dùng tùy ý
2024-04-08,1796.46,1798.0,1763.83,1766.73,16531824,VNCOND,Tiêu dùng tùy ý
2024-04-09,1765.68,1826.3,1759.9,1823.99,29017887,VNCOND,Tiêu dùng tùy ý
2024-04-10,1829.26,1845.69,1811.37,1823.14,18250790,VNCOND,Tiêu dùng tùy ý
2024-04-11,1820.05,1836.97,1801.19,1832.04,14214019,VNCOND,Tiêu dùng tùy ý
2024-04-12,1832.05,1851.03,1828.31,1841.69,14020159,VNCOND,Tiêu dùng tùy ý
2024-04-15,1838.9,1838.9,1750.24,1756.24,29470389,VNCOND,Tiêu dùng tùy ý
2024-04-16,1754.85,1754.96,1707.78,1754.96,24329297,VNCOND,Tiêu dùng tùy ý
2024-04-17,1755.09,1765.55,1719.22,1729.34,14618437,VNCOND,Tiêu dùng tùy ý
2024-04-19,1724.33,1724.33,1680.36,1701.26,19951207,VNCOND,Tiêu dùng tùy ý
2024-04-22,1719.91,1731.94,1699.59,1724.33,18926099,VNCOND,Tiêu dùng tùy ý
2024-04-23,1733.52,1747.83,1721.97,1741.06,24714483,VNCOND,Tiêu dùng tùy ý
2024-04-24,1746.75,1808.54,1744.74,1807.09,20761747,VNCOND,Tiêu dùng tùy ý
2024-04-25,1800.89,1836.13,1789.83,1836.13,24737546,VNCOND,Tiêu dùng tùy ý
2024-04-26,1827.9,1870.12,1817.11,1868.73,19570677,VNCOND,Tiêu dùng tùy ý
2024-05-02,1890.64,1903.18,1866.85,1893.13,28955422,VNCOND,Tiêu dùng tùy ý
2024-05-03,1895.01,1918.67,1880.91,1896.23,38475262,VNCOND,Tiêu dùng tùy ý
2024-05-06,1906.86,1954.27,1892.18,1943.58,21738438,VNCOND,Tiêu dùng tùy ý
2024-05-07,1954.71,1979.97,1928.33,1974.85,20188229,VNCOND,Tiêu dùng tùy ý
2024-05-08,1959.61,1973.73,1946.37,1972.92,20743757,VNCOND,Tiêu dùng tùy ý
2024-05-09,1972.53,1977.67,1953.2,1968.52,20322213,VNCOND,Tiêu dùng tùy ý
2024-05-10,1971.3,1976.16,1935.13,1968.19,18748212,VNCOND,Tiêu dùng tùy ý
2024-05-13,1972.19,1974.03,1940.89,1951.21,16166356,VNCOND,Tiêu dùng tùy ý
2024-05-14,1957.12,1994.33,1943.54,1983.62,25345366,VNCOND,Tiêu dùng tùy ý
2024-05-15,1996.54,2029.88,1988.13,2004.78,28780179,VNCOND,Tiêu dùng tùy ý
2024-05-16,2012.36,2014.19,1984.77,1992.62,24086785,VNCOND,Tiêu dùng tùy ý
2024-05-17,1992.0,2000.23,1975.76,1995.48,22959399,VNCOND,Tiêu dùng tùy ý
2024-05-20,2011.49,2032.22,1993.12,1995.7,24177069,VNCOND,Tiêu dùng tùy ý
2024-05-21,2010.88,2035.14,2000.23,2012.79,25526741,VNCOND,Tiêu dùng tùy ý
2024-05-22,2020.2,2038.58,1984.1,2017.82,24333560,VNCOND,Tiêu dùng tùy ý
2024-05-23,2011.21,2038.47,1990.26,2038.47,22445701,VNCOND,Tiêu dùng tùy ý
2024-05-24,2038.5,2038.5,1951.76,1990.33,35335937,VNCOND,Tiêu dùng tùy ý
2024-05-27,1982.2,1984.99,1957.09,1978.13,15037843,VNCOND,Tiêu dùng tùy ý
2024-05-28,1987.41,2030.32,1983.77,2014.44,22587616,VNCOND,Tiêu dùng tùy ý
2024-05-29,2017.63,2024.66,1990.55,1990.55,25474940,VNCOND,Tiêu dùng tùy ý
2024-05-30,1977.79,2033.84,1951.63,2033.84,30334992,VNCOND,Tiêu dùng tùy ý
2024-05-31,2033.85,2075.44,2026.87,2062.25,30273663,VNCOND,Tiêu dùng tùy ý
2024-06-03,2072.79,2075.7,2054.66,2071.43,23591870,VNCOND,Tiêu dùng tùy ý
2024-06-04,2073.8,2080.31,2058.86,2074.16,22980929,VNCOND,Tiêu dùng tùy ý
2024-06-05,2074.03,2074.03,2027.13,2035.02,27922422,VNCOND,Tiêu dùng tùy ý
2024-06-06,2040.45,2049.52,2025.34,2036.62,23450962,VNCOND,Tiêu dùng tùy ý
2024-06-07,2035.73,2051.64,2029.09,2039.62,16543205,VNCOND,Tiêu dùng tùy ý
2024-06-10,2039.93,2063.86,2036.94,2060.53,18781566,VNCOND,Tiêu dùng tùy ý
2024-06-11,2068.34,2071.67,2032.45,2046.2,19750646,VNCOND,Tiêu dùng tùy ý
2024-06-12,2044.11,2089.83,2037.71,2085.33,18205232,VNCOND,Tiêu dùng tùy ý
2024-06-13,2085.37,2105.9,2078.7,2100.75,19325705,VNCOND,Tiêu dùng tùy ý
2024-06-14,2100.48,2104.1,2065.1,2065.1,22343709,VNCOND,Tiêu dùng tùy ý
2024-06-17,2058.22,2059.74,2019.91,2046.08,20214421,VNCOND,Tiêu dùng tùy ý
2024-06-18,2046.98,2057.38,2031.74,2053.72,16836445,VNCOND,Tiêu dùng tùy ý
2024-06-19,2052.13,2078.79,2039.16,2076.53,17822175,VNCOND,Tiêu dùng tùy ý
2024-06-20,2071.15,2086.76,2061.9,2086.1,17165765,VNCOND,Tiêu dùng tùy ý
2024-06-21,2080.16,2119.56,2067.52,2089.82,20391019,VNCOND,Tiêu dùng tùy ý
2024-06-24,2087.66,2089.74,2030.61,2050.15,27633610,VNCOND,Tiêu dùng tùy ý
2024-06-25,2046.28,2060.5,2033.4,2047.2,14589491,VNCOND,Tiêu dùng tùy ý
2024-06-26,2056.32,2070.11,2026.21,2066.25,24315195,VNCOND,Tiêu dùng tùy ý
2024-06-27,2058.54,2081.1,2048.28,2079.15,20666193,VNCOND,Tiêu dùng tùy ý
2024-06-28,2070.42,2072.66,2025.15,2051.19,21201357,VNCOND,Tiêu dùng tùy ý
2024-07-01,2051.19,2110.11,2032.9,2110.11,30668192,VNCOND,Tiêu dùng tùy ý
2024-07-02,2112.13,2120.66,2094.55,2120.66,18313348,VNCOND,Tiêu dùng tùy ý
2024-07-03,2120.72,2128.71,2105.86,2113.38,19102772,VNCOND,Tiêu dùng tùy ý
2024-07-04,2118.85,2128.23,2099.32,2108.49,18540329,VNCOND,Tiêu dùng tùy ý
2024-07-05,2113.33,2124.41,2105.33,2122.28,21089191,VNCOND,Tiêu dùng tùy ý
2024-07-08,2126.77,2157.22,2122.93,2155.4,22211897,VNCOND,Tiêu dùng tùy ý
2024-07-09,2159.58,2165.73,2144.89,2165.73,23410342,VNCOND,Tiêu dùng tùy ý
2024-07-10,2164.36,2164.8,2128.93,2129.31,23105900,VNCOND,Tiêu dùng tùy ý
2024-07-11,2133.2,2142.92,2112.23,2119.06,20089574,VNCOND,Tiêu dùng tùy ý
2024-07-12,2118.45,2127.21,2096.43,2114.7,20362594,VNCOND,Tiêu dùng tùy ý
2024-07-15,2114.83,2121.29,2095.74,2103.56,12235789,VNCOND,Tiêu dùng tùy ý
2024-07-16,2103.64,2125.02,2098.53,2098.67,19962113,VNCOND,Tiêu dùng tùy ý
2024-07-17,2109.96,2109.96,2034.65,2071.35,31982474,VNCOND,Tiêu dùng tùy ý
2024-07-18,2069.79,2103.02,2056.48,2103.02,18392975,VNCOND,Tiêu dùng tùy ý
2024-07-19,2102.34,2126.7,2093.26,2112.82,19326615,VNCOND,Tiêu dùng tùy ý
2024-07-22,2099.99,2105.9,2057.51,2094.81,16812078,VNCOND,Tiêu dùng tùy ý
2024-07-23,2090.39,2090.98,2029.62,2032.69,18866030,VNCOND,Tiêu dùng tùy ý
2024-07-24,2012.27,2018.77,1940.18,2018.77,26066205,VNCOND,Tiêu dùng tùy ý
2024-07-25,1979.31,2007.46,1975.51,2007.46,9595166,VNCOND,Tiêu dùng tùy ý
2024-07-26,1999.47,2011.95,1994.84,2011.16,9726251,VNCOND,Tiêu dùng tùy ý
2024-07-29,2013.08,2038.0,2009.8,2034.87,12423384,VNCOND,Tiêu dùng tùy ý
2024-07-30,2033.98,2056.5,2027.75,2053.47,13448739,VNCOND,Tiêu dùng tùy ý
2024-07-31,2070.08,2083.49,2057.47,2070.21,18937147,VNCOND,Tiêu dùng tùy ý
2024-08-01,2067.06,2070.51,2006.29,2029.65,26449294,VNCOND,Tiêu dùng tùy ý
2024-08-02,2023.25,2050.64,1983.65,2050.64,17162644,VNCOND,Tiêu dùng tùy ý
2024-08-05,2005.87,2022.87,1958.43,1987.37,23899438,VNCOND,Tiêu dùng tùy ý
2024-08-06,1995.0,2011.42,1964.58,2011.09,13840521,VNCOND,Tiêu dùng tùy ý
2024-08-07,2016.41,2017.0,1985.19,2013.55,9104499,VNCOND,Tiêu dùng tùy ý
2024-08-08,1999.41,2027.93,1996.84,2012.92,13555474,VNCOND,Tiêu dùng tùy ý
2024-08-09,2019.21,2084.46,2019.0,2081.83,22581518,VNCOND,Tiêu dùng tùy ý
2024-08-12,2090.14,2109.63,2080.6,2109.63,18023328,VNCOND,Tiêu dùng tùy ý
2024-08-13,2114.2,2121.43,2085.64,2114.8,17596419,VNCOND,Tiêu dùng tùy ý
2024-08-14,2117.95,2124.42,2091.98,2109.65,12111731,VNCOND,Tiêu dùng tùy ý
2024-08-15,2109.55,2109.55,2072.15,2092.44,12819948,VNCOND,Tiêu dùng tùy ý
2024-08-16,2094.18,2170.08,2088.54,2161.1,29500606,VNCOND,Tiêu dùng tùy ý
2024-08-19,2167.58,2203.03,2166.79,2193.15,19948008,VNCOND,Tiêu dùng tùy ý
2024-08-20,2201.04,2217.71,2185.78,2217.71,19948543,VNCOND,Tiêu dùng tùy ý
2024-08-21,2218.4,2246.18,2211.54,2240.31,21229021,VNCOND,Tiêu dùng tùy ý
2024-08-22,2239.1,2249.26,2225.52,2247.5,15673697,VNCOND,Tiêu dùng tùy ý
2024-08-23,2249.32,2249.34,2221.17,2241.99,11822516,VNCOND,Tiêu dùng tùy ý
2024-08-26,2234.58,2243.71,2206.52,2206.52,17879777,VNCOND,Tiêu dùng tùy ý
2024-08-27,2197.48,2203.42,2153.96,2203.42,23658213,VNCOND,Tiêu dùng tùy ý
2024-08-28,2200.83,2201.34,2174.3,2189.16,13151488,VNCOND,Tiêu dùng tùy ý
2024-08-29,2177.94,2192.25,2170.51,2181.54,9942430,VNCOND,Tiêu dùng tùy ý
2024-08-30,2180.14,2201.01,2175.21,2201.01,10930504,VNCOND,Tiêu dùng tùy ý
2024-09-04,2172.08,2196.06,2164.86,2183.47,12896818,VNCOND,Tiêu dùng tùy ý
2024-09-05,2181.06,2184.66,2147.22,2154.83,14471006,VNCOND,Tiêu dùng tùy ý
2024-09-06,2146.35,2155.17,2126.08,2154.78,14883224,VNCOND,Tiêu dùng tùy ý
2024-09-09,2144.62,2152.6,2130.13,2142.66,7921000,VNCOND,Tiêu dùng tùy ý
2024-09-10,2143.12,2161.96,2138.63,2141.23,11350599,VNCOND,Tiêu dùng tùy ý
2024-09-11,2139.28,2143.29,2122.47,2140.89,11613258,VNCOND,Tiêu dùng tùy ý
2024-09-12,2147.86,2149.38,2129.35,2135.98,8412820,VNCOND,Tiêu dùng tùy ý
2024-09-13,2130.92,2136.9,2115.9,2132.36,10635424,VNCOND,Tiêu dùng tùy ý
2024-09-16,2128.77,2135.76,2106.97,2106.97,10307067,VNCOND,Tiêu dùng tùy ý
2024-09-17,2108.74,2124.43,2095.77,2124.43,13931564,VNCOND,Tiêu dùng tùy ý
2024-09-18,2127.89,2157.3,2126.61,2152.81,16431150,VNCOND,Tiêu dùng tùy ý
2024-09-19,2158.82,2158.85,2137.33,2150.37,11758405,VNCOND,Tiêu dùng tùy ý
2024-09-20,2160.91,2164.85,2144.32,2144.32,12346728,VNCOND,Tiêu dùng tùy ý
2024-09-23,2145.07,2145.07,2122.69,2132.74,9715979,VNCOND,Tiêu dùng tùy ý
2024-09-24,2136.89,2160.06,2135.14,2147.92,11966715,VNCOND,Tiêu dùng tùy ý
2024-09-25,2157.67,2160.27,2143.84,2160.27,13972514,VNCOND,Tiêu dùng tùy ý
2024-09-26,2165.12,2176.41,2152.56,2152.56,18294774,VNCOND,Tiêu dùng tùy ý
2024-09-27,2159.36,2159.36,2119.91,2134.96,21437257,VNCOND,Tiêu dùng tùy ý
2024-09-30,2130.48,2145.01,2120.1,2145.01,14159645,VNCOND,Tiêu dùng tùy ý
2024-10-01,2146.49,2157.48,2135.65,2135.65,18341472,VNCOND,Tiêu dùng tùy ý
2024-10-02,2124.72,2135.38,2114.88,2125.09,15025358,VNCOND,Tiêu dùng tùy ý
2024-10-03,2123.88,2126.21,2088.69,2096.7,24456244,VNCOND,Tiêu dùng tùy ý
2024-10-04,2099.05,2101.37,2085.3,2088.2,12476463,VNCOND,Tiêu dùng tùy ý
2024-10-07,2095.11,2105.18,2079.04,2086.87,10779647,VNCOND,Tiêu dùng tùy ý
2024-10-08,2094.15,2095.36,2059.04,2064.78,17039750,VNCOND,Tiêu dùng tùy ý
2024-10-09,2061.24,2065.7,2034.09,2047.39,26493470,VNCOND,Tiêu dùng tùy ý
2024-10-10,2052.52,2072.23,2043.94,2068.25,14795005,VNCOND,Tiêu dùng tùy ý
2024-10-11,2068.43,2073.7,2043.66,2059.88,15559135,VNCOND,Tiêu dùng tùy ý
2024-10-14,2059.84,2067.47,2036.31,2039.84,13878758,VNCOND,Tiêu dùng tùy ý
2024-10-15,2045.3,2057.48,2037.89,2049.35,18190781,VNCOND,Tiêu dùng tùy ý
2024-10-16,2048.56,2075.01,2047.43,2070.65,20214900,VNCOND,Tiêu dùng tùy ý
2024-10-17,2076.22,2078.55,2063.25,2078.55,10712522,VNCOND,Tiêu dùng tùy ý
2024-10-18,2082.46,2085.19,2066.24,2074.51,12240313,VNCOND,Tiêu dùng tùy ý
2024-10-21,2066.46,2076.02,2058.79,2071.47,8985543,VNCOND,Tiêu dùng tùy ý
2024-10-22,2071.01,2088.68,2052.1,2070.98,19005036,VNCOND,Tiêu dùng tùy ý
2024-10-23,2065.96,2071.73,2049.32,2061.95,11483587,VNCOND,Tiêu dùng tùy ý
2024-10-24,2056.83,2067.1,2044.77,2053.99,10342655,VNCOND,Tiêu dùng tùy ý
2024-10-25,2050.35,2063.11,2044.22,2053.15,10319969,VNCOND,Tiêu dùng tùy ý
2024-10-28,2056.04,2057.94,2041.11,2057.94,8340724,VNCOND,Tiêu dùng tùy ý
2024-10-29,2058.03,2088.26,2058.03,2088.26,15955038,VNCOND,Tiêu dùng tùy ý
2024-10-30,2089.69,2089.69,2066.77,2074.45,13927548,VNCOND,Tiêu dùng tùy ý
2024-10-31,2076.11,2084.96,2064.64,2084.96,13018221,VNCOND,Tiêu dùng tùy ý
2024-11-01,2069.11,2072.13,2054.82,2054.82,29293096,VNCOND,Tiêu dùng tùy ý
2024-11-04,2053.01,2054.52,2032.21,2043.37,15286496,VNCOND,Tiêu dùng tùy ý
2024-11-05,2036.86,2056.07,2036.86,2056.07,9059846,VNCOND,Tiêu dùng tùy ý
2024-11-06,2056.07,2065.66,2044.61,2065.66,13002022,VNCOND,Tiêu dùng tùy ý
2024-11-07,2068.11,2070.38,2045.07,2057.34,16563671,VNCOND,Tiêu dùng tùy ý
2024-11-08,2058.19,2058.19,2040.24,2052.26,13649575,VNCOND,Tiêu dùng tùy ý
2024-11-11,2052.3,2052.3,2008.25,2013.93,19898463,VNCOND,Tiêu dùng tùy ý
2024-11-12,2012.13,2015.55,1972.96,1972.96,17583539,VNCOND,Tiêu dùng tùy ý
2024-11-13,1972.77,1996.65,1960.11,1990.16,13476732,VNCOND,Tiêu dùng tùy ý
2024-11-14,1985.53,1986.36,1963.58,1974.5,13298758,VNCOND,Tiêu dùng tùy ý
2024-11-15,1964.06,1967.39,1932.1,1940.97,14639274,VNCOND,Tiêu dùng tùy ý
2024-11-18,1942.92,1944.63,1882.93,1925.19,17951035,VNCOND,Tiêu dùng tùy ý
2024-11-19,1925.19,1926.19,1886.86,1889.57,10846240,VNCOND,Tiêu dùng tùy ý
2024-11-20,1886.15,1902.84,1859.11,1884.89,16949578,VNCOND,Tiêu dùng tùy ý
2024-11-21,1887.68,1931.85,1876.62,1931.85,16369294,VNCOND,Tiêu dùng tùy ý
2024-11-22,1933.75,1945.04,1924.0,1937.24,14299768,VNCOND,Tiêu dùng tùy ý
2024-11-25,1935.28,1946.31,1930.63,1939.23,13725667,VNCOND,Tiêu dùng tùy ý
2024-11-26,1945.28,1960.03,1937.26,1956.49,13148230,VNCOND,Tiêu dùng tùy ý
2024-11-27,1954.93,1974.19,1947.18,1961.52,12248461,VNCOND,Tiêu dùng tùy ý
2024-11-28,1961.59,1971.57,1954.75,1961.57,13362016,VNCOND,Tiêu dùng tùy ý
2024-11-29,1962.35,1974.52,1945.6,1974.52,18407521,VNCOND,Tiêu dùng tùy ý
2024-12-02,1978.69,1980.66,1964.47,1978.78,10845811,VNCOND,Tiêu dùng tùy ý
2024-12-03,1973.26,1978.99,1962.0,1965.17,13228553,VNCOND,Tiêu dùng tùy ý
2024-12-04,1957.99,1960.2,1931.19,1934.66,17977788,VNCOND,Tiêu dùng tùy ý
2024-12-05,1940.55,2002.29,1936.24,1999.41,19741128,VNCOND,Tiêu dùng tùy ý
2024-12-06,1999.52,2017.96,1991.09,2005.48,19894516,VNCOND,Tiêu dùng tùy ý
2024-12-09,2014.34,2014.4,2000.65,2009.27,14243566,VNCOND,Tiêu dùng tùy ý
2024-12-10,2009.62,2013.37,1993.91,2004.57,12605193,VNCOND,Tiêu dùng tùy ý
2024-12-11,2004.24,2004.24,1983.8,1988.82,13777556,VNCOND,Tiêu dùng tùy ý
2024-12-12,1988.77,2005.13,1988.77,1991.45,15768852,VNCOND,Tiêu dùng tùy ý
2024-12-13,1986.0,2011.49,1982.29,2007.86,14669128,VNCOND,Tiêu dùng tùy ý
2024-12-16,2008.38,2024.66,2002.1,2016.86,11138260,VNCOND,Tiêu dùng tùy ý
2024-12-17,2017.46,2019.37,1999.4,2002.91,13287101,VNCOND,Tiêu dùng tùy ý
2024-12-18,2000.13,2007.44,1991.21,2002.89,14483383,VNCOND,Tiêu dùng tùy ý
2024-12-19,2002.7,2002.7,1977.64,1992.71,20620083,VNCOND,Tiêu dùng tùy ý
2024-12-20,1994.18,2007.58,1986.76,2007.58,15915567,VNCOND,Tiêu dùng tùy ý
2024-12-23,2010.83,2018.81,2006.85,2018.25,20004576,VNCOND,Tiêu dùng tùy ý
2024-12-24,2021.81,2025.39,2005.67,2025.39,20534902,VNCOND,Tiêu dùng tùy ý
2024-12-25,2025.73,2044.64,2025.39,2042.87,23082739,VNCOND,Tiêu dùng tùy ý
2024-12-26,2047.09,2047.09,2010.36,2029.26,19500461,VNCOND,Tiêu dùng tùy ý
2024-12-27,2029.27,2030.85,2005.27,2026.61,18066617,VNCOND,Tiêu dùng tùy ý
2024-12-30,2009.96,2020.91,2006.83,2017.45,13496519,VNCOND,Tiêu dùng tùy ý
2024-12-31,2012.88,2021.35,2008.23,2021.35,12446693,VNCOND,Tiêu dùng tùy ý
2025-01-02,2019.68,2024.4,2006.66,2015.87,12223664,VNCOND,Tiêu dùng tùy ý
2025-01-03,2017.05,2018.78,1972.46,1972.46,15880449,VNCOND,Tiêu dùng tùy ý
2025-01-06,1972.66,1988.06,1936.51,1936.51,19173099,VNCOND,Tiêu dùng tùy ý
2025-01-07,1939.09,1947.82,1911.12,1925.88,15155191,VNCOND,Tiêu dùng tùy ý
2025-01-08,1923.75,1948.71,1910.8,1948.71,8115105,VNCOND,Tiêu dùng tùy ý
2025-01-09,1943.74,1948.08,1932.68,1937.29,6952139,VNCOND,Tiêu dùng tùy ý
2025-01-10,1934.53,1942.12,1914.95,1922.88,9639026,VNCOND,Tiêu dùng tùy ý
2025-01-13,1913.72,1927.45,1900.25,1921.39,9051984,VNCOND,Tiêu dùng tùy ý
2025-01-14,1925.96,1926.07,1898.23,1922.73,7492839,VNCOND,Tiêu dùng tùy ý
2025-01-15,1923.37,1935.82,1908.51,1920.24,8166507,VNCOND,Tiêu dùng tùy ý
2025-01-16,1918.63,1935.14,1916.58,1932.23,9451825,VNCOND,Tiêu dùng tùy ý
2025-01-17,1926.36,1937.09,1921.93,1937.09,6943054,VNCOND,Tiêu dùng tùy ý
2025-01-20,1939.88,1943.88,1930.95,1937.53,7798874,VNCOND,Tiêu dùng tùy ý
2025-01-21,1944.09,1949.4,1929.41,1942.66,9802009,VNCOND,Tiêu dùng tùy ý
2025-01-22,1949.21,1950.8,1939.89,1945.39,8640982,VNCOND,Tiêu dùng tùy ý
2025-01-23,1945.38,1986.77,1945.05,1981.74,11494067,VNCOND,Tiêu dùng tùy ý
2025-01-24,1984.95,2010.33,1975.54,2010.14,12443191,VNCOND,Tiêu dùng tùy ý
2025-02-03,1990.55,2002.78,1977.09,2002.78,12215869,VNCOND,Tiêu dùng tùy ý
2025-02-04,2007.05,2007.15,1990.06,2000.91,11011109,VNCOND,Tiêu dùng tùy ý
2025-02-05,2001.66,2006.5,1985.81,1996.02,11659716,VNCOND,Tiêu dùng tùy ý
2025-02-06,1997.84,2001.57,1979.01,1988.82,19193827,VNCOND,Tiêu dùng tùy ý
2025-02-07,1984.26,1988.48,1961.45,1978.79,16531063,VNCOND,Tiêu dùng tùy ý
2025-02-10,1963.14,1978.79,1933.37,1933.37,18713814,VNCOND,Tiêu dùng tùy ý
2025-02-11,1932.63,1936.14,1917.11,1917.41,14005547,VNCOND,Tiêu dùng tùy ý
2025-02-12,1925.89,1934.33,1917.2,1917.2,11571620,VNCOND,Tiêu dùng tùy ý
2025-02-13,1911.36,1911.54,1884.52,1888.03,20956779,VNCOND,Tiêu dùng tùy ý
2025-02-14,1893.35,1903.36,1874.76,1901.83,20264107,VNCOND,Tiêu dùng tùy ý
2025-02-17,1901.9,1901.9,1875.84,1882.46,16902278,VNCOND,Tiêu dùng tùy ý
2025-02-18,1877.92,1893.46,1871.23,1883.88,13944913,VNCOND,Tiêu dùng tùy ý
2025-02-19,1888.54,1915.16,1884.76,1915.16,16342323,VNCOND,Tiêu dùng tùy ý
2025-02-20,1916.64,1926.88,1909.24,1925.27,20396481,VNCOND,Tiêu dùng tùy ý
2025-02-21,1927.03,1954.65,1922.89,1945.11,19468536,VNCOND,Tiêu dùng tùy ý
2025-02-24,1946.21,1946.91,1930.26,1946.38,15523563,VNCOND,Tiêu dùng tùy ý
2025-02-25,1942.61,1944.89,1924.32,1943.76,19511875,VNCOND,Tiêu dùng tùy ý
2025-02-26,1946.01,1963.23,1936.56,1957.0,14100999,VNCOND,Tiêu dùng tùy ý
2025-02-27,1958.77,1958.85,1944.28,1956.98,13584682,VNCOND,Tiêu dùng tùy ý
2025-02-28,1949.84,1953.94,1935.44,1947.91,19424092,VNCOND,Tiêu dùng tùy ý
2025-03-03,1947.8,1960.48,1939.25,1953.12,14790397,VNCOND,Tiêu dùng tùy ý
2025-03-04,1951.22,1971.33,1944.95,1962.47,18650874,VNCOND,Tiêu dùng tùy ý
2025-03-05,1969.17,1976.73,1955.31,1958.02,17260666,VNCOND,Tiêu dùng tùy ý
2025-03-06,1970.72,2007.04,1961.95,2004.61,22373992,VNCOND,Tiêu dùng tùy ý
2025-03-07,2002.93,2007.05,1992.49,2005.21,15202150,VNCOND,Tiêu dùng tùy ý
2025-03-10,2006.31,2008.02,1992.76,2001.26,17882122,VNCOND,Tiêu dùng tùy ý
2025-03-11,1985.07,2018.55,1984.5,2017.71,17638483,VNCOND,Tiêu dùng tùy ý
2025-03-12,2016.45,2016.45,1990.51,2001.31,20861731,VNCOND,Tiêu dùng tùy ý
2025-03-13,2005.31,2007.3,1971.77,1976.32,19960671,VNCOND,Tiêu dùng tùy ý
2025-03-14,1977.74,1990.67,1963.05,1963.05,19515054,VNCOND,Tiêu dùng tùy ý
2025-03-17,1969.04,1976.92,1959.0,1976.92,11903963,VNCOND,Tiêu dùng tùy ý
2025-03-18,1981.89,1991.71,1965.05,1970.76,12555266,VNCOND,Tiêu dùng tùy ý
2025-03-19,1961.06,1964.61,1918.45,1930.77,20549761,VNCOND,Tiêu dùng tùy ý
2025-03-20,1942.32,1944.07,1919.61,1939.78,11434858,VNCOND,Tiêu dùng tùy ý
2025-03-21,1940.09,1943.76,1925.51,1943.76,8498016,VNCOND,Tiêu dùng tùy ý
2025-03-24,1935.38,1940.05,1920.43,1933.16,8380044,VNCOND,Tiêu dùng tùy ý
2025-03-25,1933.44,1947.07,1920.4,1932.94,14574345,VNCOND,Tiêu dùng tùy ý
2025-03-26,1936.15,1947.81,1925.87,1932.4,7907959,VNCOND,Tiêu dùng tùy ý
2025-03-27,1931.84,1932.23,1910.22,1918.39,10302712,VNCOND,Tiêu dùng tùy ý
2025-03-28,1913.63,1923.67,1877.95,1892.62,17018729,VNCOND,Tiêu dùng tùy ý
2025-03-31,1875.33,1877.43,1852.68,1877.43,14924285,VNCOND,Tiêu dùng tùy ý
2025-04-01,1869.16,1873.26,1844.69,1857.28,11821695,VNCOND,Tiêu dùng tùy ý
2025-04-02,1861.27,1874.15,1839.72,1853.67,14394452,VNCOND,Tiêu dùng tùy ý
2025-04-03,1762.17,1780.97,1725.31,1725.67,30391044,VNCOND,Tiêu dùng tùy ý
2025-04-04,1708.58,1708.58,1608.43,1659.75,42941889,VNCOND,Tiêu dùng tùy ý
2025-04-08,1580.3,1580.3,1546.42,1547.08,20866586,VNCOND,Tiêu dùng tùy ý
2025-04-09,1473.13,1532.46,1442.7,1461.47,30642139,VNCOND,Tiêu dùng tùy ý
2025-04-10,1560.98,1561.99,1559.04,1559.04,5562446,VNCOND,Tiêu dùng tùy ý
2025-04-11,1600.72,1655.62,1600.72,1655.62,34732541,VNCOND,Tiêu dùng tùy ý
2025-04-14,1702.02,1738.55,1695.82,1738.55,25580197,VNCOND,Tiêu dùng tùy ý
2025-04-15,1724.56,1738.63,1687.16,1729.72,22786458,VNCOND,Tiêu dùng tùy ý
2025-04-16,1727.78,1736.88,1679.54,1705.8,19210957,VNCOND,Tiêu dùng tùy ý
2025-04-17,1687.23,1708.4,1675.38,1708.4,13406259,VNCOND,Tiêu dùng tùy ý
2025-04-18,1716.59,1746.18,1707.02,1717.3,14342424,VNCOND,Tiêu dùng tùy ý
2025-04-21,1717.37,1728.57,1690.29,1697.36,13055059,VNCOND,Tiêu dùng tùy ý
2025-04-22,1693.82,1725.59,1598.76,1722.12,30857362,VNCOND,Tiêu dùng tùy ý
2025-04-23,1749.92,1772.09,1749.91,1768.47,16545017,VNCOND,Tiêu dùng tùy ý
2025-04-24,1772.16,1800.82,1765.26,1797.72,17641094,VNCOND,Tiêu dùng tùy ý
2025-04-25,1802.37,1804.56,1785.88,1802.48,17514999,VNCOND,Tiêu dùng tùy ý
2025-04-28,1804.49,1834.97,1785.59,1815.87,14050718,VNCOND,Tiêu dùng tùy ý
2025-04-29,1813.56,1820.66,1806.12,1818.94,11502288,VNCOND,Tiêu dùng tùy ý
2025-05-05,1818.94,1837.39,1806.98,1829.19,12069288,VNCOND,Tiêu dùng tùy ý
2025-05-06,1829.19,1840.89,1823.22,1835.53,13581873,VNCOND,Tiêu dùng tùy ý
2025-05-07,1835.53,1835.58,1807.58,1829.06,16851313,VNCOND,Tiêu dùng tùy ý
2025-05-08,1829.06,1834.57,1804.74,1834.36,18783585,VNCOND,Tiêu dùng tùy ý
2025-05-09,1834.36,1852.43,1829.47,1847.72,12844982,VNCOND,Tiêu dùng tùy ý
2025-05-12,1847.72,1868.93,1828.9,1868.83,13901699,VNCOND,Tiêu dùng tùy ý
2025-05-13,1868.83,1945.07,1797.97,1938.27,29385292,VNCOND,Tiêu dùng tùy ý
2025-05-14,1938.27,1971.05,1932.73,1965.47,22050054,VNCOND,Tiêu dùng tùy ý
2025-05-15,1965.47,1977.64,1940.4,1963.64,19169762,VNCOND,Tiêu dùng tùy ý
2025-05-16,1963.64,1963.64,1931.72,1935.08,13217737,VNCOND,Tiêu dùng tùy ý
2025-05-19,1935.08,1947.78,1915.37,1928.48,13594322,VNCOND,Tiêu dùng tùy ý
2025-05-20,1928.48,1961.77,1919.85,1953.47,19417047,VNCOND,Tiêu dùng tùy ý
2025-05-21,1953.47,1961.06,1922.0,1935.57,13958447,VNCOND,Tiêu dùng tùy ý
2025-05-22,1935.57,1935.57,1916.17,1924.81,18228565,VNCOND,Tiêu dùng tùy ý
2025-05-23,1924.81,1928.72,1906.01,1923.81,15428297,VNCOND,Tiêu dùng tùy ý
2025-05-26,1923.81,1945.7,1887.46,1943.88,23659119,VNCOND,Tiêu dùng tùy ý
2025-05-27,1943.88,1964.61,1936.83,1949.72,20941006,VNCOND,Tiêu dùng tùy ý
2025-05-28,1949.72,1967.31,1938.47,1945.22,25132373,VNCOND,Tiêu dùng tùy ý
2025-05-29,1945.22,1974.16,1928.34,1963.82,18801752,VNCOND,Tiêu dùng tùy ý
2025-05-30,1963.82,1985.63,1912.01,1918.51,22568696,VNCOND,Tiêu dùng tùy ý
2025-06-02,1918.51,1918.51,1856.57,1876.21,26474969,VNCOND,Tiêu dùng tùy ý
2025-06-03,1876.21,1913.54,1874.75,1904.8,17958036,VNCOND,Tiêu dùng tùy ý
2025-06-04,1904.8,1918.76,1880.19,1886.92,17888913,VNCOND,Tiêu dùng tùy ý
2025-06-05,1886.92,1897.82,1864.85,1891.75,16866763,VNCOND,Tiêu dùng tùy ý
2025-06-06,1891.75,1893.81,1851.2,1855.2,15483930,VNCOND,Tiêu dùng tùy ý
2025-06-09,1855.2,1859.22,1841.37,1854.14,14984975,VNCOND,Tiêu dùng tùy ý
2025-06-10,1854.14,1912.25,1850.97,1889.92,18541209,VNCOND,Tiêu dùng tùy ý
2025-06-11,1889.92,1919.61,1884.57,1893.96,9673095,VNCOND,Tiêu dùng tùy ý
2025-06-12,1893.96,1932.67,1893.96,1931.56,18427723,VNCOND,Tiêu dùng tùy ý
2025-06-13,1931.56,1931.83,1886.83,1914.82,18029504,VNCOND,Tiêu dùng tùy ý
2025-06-16,1914.82,1956.75,1882.83,1955.71,15923777,VNCOND,Tiêu dùng tùy ý
2025-06-17,1955.71,1970.79,1940.1,1958.78,12716527,VNCOND,Tiêu dùng tùy ý
2025-06-18,1958.78,1969.57,1926.87,1937.45,16427097,VNCOND,Tiêu dùng tùy ý
2025-06-19,1937.45,1946.83,1920.66,1943.73,15107193,VNCOND,Tiêu dùng tùy ý
2025-06-20,1943.73,1953.65,1926.52,1943.58,14275722,VNCOND,Tiêu dùng tùy ý
2025-06-23,1943.58,1963.83,1913.15,1963.19,16343098,VNCOND,Tiêu dùng tùy ý
2025-06-24,1963.19,1981.48,1958.18,1962.54,18582099,VNCOND,Tiêu dùng tùy ý
2025-06-25,1962.54,1971.2,1952.4,1962.88,15598128,VNCOND,Tiêu dùng tùy ý
2025-06-26,1962.88,1968.95,1950.02,1962.5,14412641,VNCOND,Tiêu dùng tùy ý
2025-06-30,1990.2,2004.11,1985.97,1997.54,16679699,VNCOND,Tiêu dùng tùy ý
2025-07-01,1997.54,2008.35,1973.96,1981.59,24818034,VNCOND,Tiêu dùng tùy ý
2025-07-02,1981.59,1995.95,1976.27,1988.96,23036576,VNCOND,Tiêu dùng tùy ý
2025-07-03,1988.96,2028.48,1988.9,2002.81,43027583,VNCOND,Tiêu dùng tùy ý
2025-07-04,2002.81,2029.94,2002.81,2022.37,21832640,VNCOND,Tiêu dùng tùy ý
2025-07-07,2022.37,2034.09,2007.69,2023.16,24420953,VNCOND,Tiêu dùng tùy ý
2025-07-08,2023.16,2040.24,2016.02,2035.57,21749659,VNCOND,Tiêu dùng tùy ý
2025-07-09,2035.57,2049.74,2024.25,2047.09,27995054,VNCOND,Tiêu dùng tùy ý
2025-07-10,2047.09,2054.23,2032.4,2046.24,21835067,VNCOND,Tiêu dùng tùy ý
2025-07-11,2046.24,2053.48,2033.39,2048.64,22708465,VNCOND,Tiêu dùng tùy ý
2025-07-14,2048.64,2097.95,2027.73,2097.95,23460244,VNCOND,Tiêu dùng tùy ý
2025-07-15,2097.95,2136.65,2097.74,2097.74,28231836,VNCOND,Tiêu dùng tùy ý
2025-07-16,2097.74,2119.81,2082.84,2119.81,20831446,VNCOND,Tiêu dùng tùy ý
2025-07-17,2119.81,2139.1,2107.73,2123.2,27171386,VNCOND,Tiêu dùng tùy ý
2025-07-18,2123.2,2157.06,2110.23,2126.5,29422600,VNCOND,Tiêu dùng tùy ý
2025-07-21,2126.5,2133.26,2098.03,2107.25,30234734,VNCOND,Tiêu dùng tùy ý
2025-07-22,2107.25,2117.55,2086.17,2117.55,26307503,VNCOND,Tiêu dùng tùy ý
2025-07-23,2117.55,2136.29,2111.19,2130.56,27884293,VNCOND,Tiêu dùng tùy ý
2025-07-24,2130.56,2130.56,2093.99,2112.4,26588415,VNCOND,Tiêu dùng tùy ý
2025-07-25,2112.4,2144.28,2109.24,2128.45,25840620,VNCOND,Tiêu dùng tùy ý
2025-07-28,2128.45,2144.8,2117.48,2129.34,32726794,VNCOND,Tiêu dùng tùy ý
2025-07-29,2129.34,2129.97,2028.22,2041.97,47695778,VNCOND,Tiêu dùng tùy ý
2025-07-30,2041.97,2065.29,2027.75,2062.03,33408440,VNCOND,Tiêu dùng tùy ý
2025-07-31,2062.03,2072.36,2016.8,2026.19,30702613,VNCOND,Tiêu dùng tùy ý
2025-08-01,2026.19,2049.72,2017.39,2049.72,33009860,VNCOND,Tiêu dùng tùy ý
2025-08-04,2049.72,2061.75,2021.02,2061.68,36968264,VNCOND,Tiêu dùng tùy ý
2025-08-05,2061.68,2100.12,2031.26,2087.24,72216822,VNCOND,Tiêu dùng tùy ý
2025-08-06,2087.24,2147.77,2073.79,2147.77,52725929,VNCOND,Tiêu dùng tùy ý
2025-08-07,2147.77,2162.69,2135.0,2150.15,42241317,VNCOND,Tiêu dùng tùy ý
2025-08-08,2150.15,2157.74,2110.94,2139.01,49109756,VNCOND,Tiêu dùng tùy ý
2025-08-11,2139.01,2174.99,2136.23,2146.78,41912701,VNCOND,Tiêu dùng tùy ý
2025-08-12,2146.78,2154.39,2126.96,2153.53,38845613,VNCOND,Tiêu dùng tùy ý
2025-08-13,2161.4,2161.4,2106.97,2129.65,43708657,VNCOND,Tiêu dùng tùy ý
2025-08-14,2132.9,2138.76,2100.76,2138.65,42637364,VNCOND,Tiêu dùng tùy ý
2025-08-15,2141.29,2141.7,2075.31,2097.06,48158973,VNCOND,Tiêu dùng tùy ý
2025-08-18,2098.18,2105.56,2058.87,2077.13,30512640,VNCOND,Tiêu dùng tùy ý
2025-08-19,2078.02,2078.02,2042.68,2043.77,45639674,VNCOND,Tiêu dùng tùy ý
2025-08-20,2054.73,2086.29,2034.22,2056.95,37417004,VNCOND,Tiêu dùng tùy ý
2025-08-21,2057.21,2085.61,2042.94,2075.15,35279190,VNCOND,Tiêu dùng tùy ý
2025-08-22,2058.99,2073.15,2023.06,2057.6,47488936,VNCOND,Tiêu dùng tùy ý
2025-08-25,2063.1,2069.2,2020.95,2023.7,25331833,VNCOND,Tiêu dùng tùy ý
2025-08-26,2020.02,2118.82,2017.31,2118.82,36845465,VNCOND,Tiêu dùng tùy ý
2025-08-27,2155.65,2178.87,2138.53,2146.07,32589738,VNCOND,Tiêu dùng tùy ý
2025-08-28,2148.46,2189.64,2138.56,2189.64,30842302,VNCOND,Tiêu dùng tùy ý
2025-08-29,2202.48,2204.22,2175.79,2197.09,26995704,VNCOND,Tiêu dùng tùy ý
2025-09-03,2178.93,2189.98,2153.18,2162.23,22723269,VNCOND,Tiêu dùng tùy ý
2025-09-04,2168.98,2207.56,2141.1,2207.56,37407246,VNCOND,Tiêu dùng tùy ý
2025-09-05,2221.22,2225.36,2160.56,2160.56,35619466,VNCOND,Tiêu dùng tùy ý
2025-09-08,2149.29,2181.75,2121.66,2122.45,40939467,VNCOND,Tiêu dùng tùy ý
2025-09-09,2137.84,2159.82,2113.76,2159.82,22602267,VNCOND,Tiêu dùng tùy ý
2025-09-10,2153.24,2164.56,2128.12,2153.96,19131584,VNCOND,Tiêu dùng tùy ý
2025-09-11,2151.33,2217.33,2109.89,2210.1,32848736,VNCOND,Tiêu dùng tùy ý
2025-09-12,2210.18,2232.76,2193.88,2228.23,27464600,VNCOND,Tiêu dùng tùy ý
2025-09-15,2232.47,2246.41,2212.92,2246.41,30079138,VNCOND,Tiêu dùng tùy ý
2025-09-16,2250.78,2290.05,2234.05,2264.19,33193784,VNCOND,Tiêu dùng tùy ý
2025-09-17,2259.11,2281.65,2212.87,2212.87,28758517,VNCOND,Tiêu dùng tùy ý
2025-09-18,2219.49,2222.6,2192.86,2222.55,22561490,VNCOND,Tiêu dùng tùy ý
2025-09-19,2227.85,2227.85,2198.66,2222.79,16656922,VNCOND,Tiêu dùng tùy ý
2025-09-22,2213.3,2213.3,2164.8,2179.27,23008807,VNCOND,Tiêu dùng tùy ý
2025-09-23,2178.13,2203.72,2173.95,2198.68,14279679,VNCOND,Tiêu dùng tùy ý
2025-09-24,2196.64,2227.62,2176.51,2227.62,16005874,VNCOND,Tiêu dùng tùy ý
2025-09-25,2220.14,2221.84,2198.42,2217.43,21635445,VNCOND,Tiêu dùng tùy ý
2025-09-26,2200.4,2213.24,2186.02,2190.74,26989104,VNCOND,Tiêu dùng tùy ý
2025-09-29,2191.15,2191.15,2154.29,2164.78,20661423,VNCOND,Tiêu dùng tùy ý
2025-09-30,2159.77,2173.61,2148.97,2170.93,28140999,VNCOND,Tiêu dùng tùy ý
2025-10-01,2169.82,2184.03,2164.97,2173.26,28399291,VNCOND,Tiêu dùng tùy ý
2025-10-02,2174.81,2185.9,2153.11,2157.25,16131733,VNCOND,Tiêu dùng tùy ý
2025-10-03,2153.96,2161.56,2123.15,2149.97,22470689,VNCOND,Tiêu dùng tùy ý
2025-10-06,2175.82,2189.26,2163.16,2174.6,22451850,VNCOND,Tiêu dùng tùy ý
2025-10-07,2185.89,2217.28,2175.79,2189.0,20525815,VNCOND,Tiêu dùng tùy ý
2025-10-08,2217.34,2252.2,2207.85,2239.77,32538281,VNCOND,Tiêu dùng tùy ý
2025-10-09,2243.38,2269.21,2237.86,2263.04,20924368,VNCOND,Tiêu dùng tùy ý
2025-10-10,2265.05,2279.94,2253.91,2279.88,26154430,VNCOND,Tiêu dùng tùy ý
2025-10-13,2261.65,2292.78,2257.3,2292.78,27645693,VNCOND,Tiêu dùng tùy ý
2025-10-14,2311.6,2326.99,2277.76,2307.2,37661479,VNCOND,Tiêu dùng tùy ý
2025-10-15,2303.29,2314.99,2288.83,2297.12,23042710,VNCOND,Tiêu dùng tùy ý
2025-10-16,2298.46,2342.54,2292.74,2342.54,20412435,VNCOND,Tiêu dùng tùy ý
2025-10-17,2346.67,2355.44,2320.79,2329.89,23923188,VNCOND,Tiêu dùng tùy ý
2025-10-20,2382.49,2382.49,2199.7,2213.25,36356702,VNCOND,Tiêu dùng tùy ý
2025-10-21,2236.02,2275.47,2209.68,2275.47,34640704,VNCOND,Tiêu dùng tùy ý
2025-10-22,2288.55,2317.62,2256.38,2317.42,19139009,VNCOND,Tiêu dùng tùy ý
2025-10-23,2342.93,2363.85,2332.54,2355.09,23707051,VNCOND,Tiêu dùng tùy ý
2025-10-24,2351.61,2377.04,2299.18,2374.65,22035163,VNCOND,Tiêu dùng tùy ý
2025-10-27,2379.67,2379.67,2287.83,2287.83,22122264,VNCOND,Tiêu dùng tùy ý
2025-10-28,2286.75,2352.62,2262.87,2352.62,19584669,VNCOND,Tiêu dùng tùy ý
2025-10-29,2344.18,2358.1,2323.34,2352.84,15402747,VNCOND,Tiêu dùng tùy ý
2025-10-30,2356.44,2361.9,2337.44,2350.0,15764854,VNCOND,Tiêu dùng tùy ý
2025-10-31,2349.99,2352.03,2309.13,2327.59,23351938,VNCOND,Tiêu dùng tùy ý
2025-11-03,2330.86,2333.85,2284.92,2284.92,18693077,VNCOND,Tiêu dùng tùy ý
2025-11-04,2276.5,2290.63,2207.96,2281.57,31173739,VNCOND,Tiêu dùng tùy ý
2025-11-05,2276.06,2276.06,2252.0,2259.93,11182995,VNCOND,Tiêu dùng tùy ý
2025-11-06,2261.31,2268.77,2225.66,2256.49,14237566,VNCOND,Tiêu dùng tùy ý
2025-11-07,2241.84,2257.4,2158.82,2170.95,19790557,VNCOND,Tiêu dùng tùy ý
2025-11-10,2162.36,2230.21,2162.36,2172.9,14987127,VNCOND,Tiêu dùng tùy ý
2025-11-11,2183.41,2221.87,2183.4,2208.37,17497943,VNCOND,Tiêu dùng tùy ý
2025-11-12,2217.76,2258.11,2203.6,2258.11,11960536,VNCOND,Tiêu dùng tùy ý
2025-11-13,2253.96,2268.11,2241.04,2259.57,17338569,VNCOND,Tiêu dùng tùy ý
2025-11-14,2242.96,2288.9,2242.96,2281.37,13960946,VNCOND,Tiêu dùng tùy ý
2025-11-17,2282.32,2299.61,2279.41,2299.61,13297092,VNCOND,Tiêu dùng tùy ý
2025-11-18,2300.85,2313.31,2287.58,2309.28,15923977,VNCOND,Tiêu dùng tùy ý
2025-11-19,2302.75,2311.14,2276.44,2293.8,16569095,VNCOND,Tiêu dùng tùy ý
2025-11-20,2292.08,2292.08,2249.33,2255.64,14896834,VNCOND,Tiêu dùng tùy ý
2025-11-21,2241.24,2242.93,2199.68,2235.88,16634431,VNCOND,Tiêu dùng tùy ý
2025-11-24,2239.49,2242.9,2221.16,2223.0,10410530,VNCOND,Tiêu dùng tùy ý
2025-11-25,2219.7,2230.93,2195.34,2207.54,13846335,VNCOND,Tiêu dùng tùy ý
2025-11-26,2207.96,2243.79,2207.96,2243.79,12035535,VNCOND,Tiêu dùng tùy ý
2025-11-27,2241.35,2254.97,2233.2,2254.97,9765717,VNCOND,Tiêu dùng tùy ý
2025-11-28,2256.26,2260.15,2230.57,2258.77,17801084,VNCOND,Tiêu dùng tùy ý
2025-12-01,2250.61,2258.69,2241.32,2256.47,12780549,VNCOND,Tiêu dùng tùy ý
2025-12-02,2244.94,2255.98,2230.11,2255.98,14172442,VNCOND,Tiêu dùng tùy ý
2025-12-03,2261.07,2361.99,2261.07,2349.43,23867470,VNCOND,Tiêu dùng tùy ý
2025-12-04,2360.03,2380.55,2351.64,2369.86,17669120,VNCOND,Tiêu dùng tùy ý
2025-12-05,2365.85,2366.43,2339.21,2364.5,19848153,VNCOND,Tiêu dùng tùy ý
2025-12-08,2360.96,2360.96,2322.64,2346.18,16895975,VNCOND,Tiêu dùng tùy ý
2025-12-09,2339.93,2339.93,2284.43,2322.58,21615395,VNCOND,Tiêu dùng tùy ý
2025-12-10,2308.72,2326.92,2285.96,2297.68,26182871,VNCOND,Tiêu dùng tùy ý
2025-12-11,2296.03,2313.61,2286.47,2286.47,16059383,VNCOND,Tiêu dùng tùy ý
2025-12-12,2288.74,2289.3,2197.02,2209.01,26191646,VNCOND,Tiêu dùng tùy ý
2025-12-15,2206.74,2224.26,2179.5,2199.41,23131214,VNCOND,Tiêu dùng tùy ý
2025-12-16,2200.72,2298.66,2193.26,2287.33,19031549,VNCOND,Tiêu dùng tùy ý
2025-12-17,2287.7,2302.6,2251.42,2285.31,16084830,VNCOND,Tiêu dùng tùy ý
2025-12-18,2270.51,2277.88,2256.51,2277.88,20301765,VNCOND,Tiêu dùng tùy ý
2025-12-19,2276.01,2307.68,2266.0,2302.29,14967455,VNCOND,Tiêu dùng tùy ý
2025-12-22,2298.33,2348.4,2296.81,2348.4,17693888,VNCOND,Tiêu dùng tùy ý
2025-12-23,2351.98,2395.79,2345.66,2388.31,22358456,VNCOND,Tiêu dùng tùy ý
2025-12-24,2393.06,2405.2,2374.92,2405.2,14352107,VNCOND,Tiêu dùng tùy ý
2025-12-25,2402.21,2438.4,2367.22,2367.22,16991478,VNCOND,Tiêu dùng tùy ý
2025-12-26,2331.45,2382.68,2285.29,2382.68,26469497,VNCOND,Tiêu dùng tùy ý
2025-12-29,2382.31,2392.88,2348.7,2386.63,13374746,VNCOND,Tiêu dùng tùy ý
2025-12-30,2385.49,2418.17,2378.69,2418.17,15656875,VNCOND,Tiêu dùng tùy ý
2025-12-31,2409.64,2419.69,2354.93,2419.69,13145120,VNCOND,Tiêu dùng tùy ý
2026-01-05,2415.14,2420.2,2376.33,2411.03,17017549,VNCOND,Tiêu dùng tùy ý
2026-01-06,2401.7,2441.98,2397.94,2435.54,16291670,VNCOND,Tiêu dùng tùy ý
2026-01-07,2439.76,2474.56,2429.72,2474.51,21500825,VNCOND,Tiêu dùng tùy ý
2026-01-08,2471.4,2473.37,2402.24,2431.92,23502291,VNCOND,Tiêu dùng tùy ý
2026-01-09,2415.14,2428.77,2387.44,2398.76,23939334,VNCOND,Tiêu dùng tùy ý
2026-01-12,2403.8,2429.48,2370.64,2429.48,22192647,VNCOND,Tiêu dùng tùy ý
2026-01-13,2418.24,2447.67,2407.17,2423.21,20158578,VNCOND,Tiêu dùng tùy ý
2026-01-14,2418.92,2427.34,2374.2,2399.45,25337831,VNCOND,Tiêu dùng tùy ý
2026-01-15,2375.34,2411.07,2363.4,2367.98,20048107,VNCOND,Tiêu dùng tùy ý
2026-01-16,2368.98,2473.76,2367.3,2461.13,25951184,VNCOND,Tiêu dùng tùy ý
2026-01-19,2468.19,2484.88,2434.46,2484.88,13708780,VNCOND,Tiêu dùng tùy ý
2026-01-20,2483.62,2511.75,2454.25,2458.96,22613441,VNCOND,Tiêu dùng tùy ý
2026-01-21,2444.43,2454.61,2406.15,2435.52,17842549,VNCOND,Tiêu dùng tùy ý
2026-01-22,2433.45,2462.59,2423.76,2462.59,20693059,VNCOND,Tiêu dùng tùy ý
2026-01-23,2462.78,2488.41,2420.24,2454.59,23029138,VNCOND,Tiêu dùng tùy ý
2026-01-26,2460.47,2462.44,2422.84,2432.18,20461765,VNCOND,Tiêu dùng tùy ý
2026-01-27,2434.28,2470.82,2425.78,2457.18,14614758,VNCOND,Tiêu dùng tùy ý
2026-01-28,2461.71,2490.77,2450.6,2485.8,17202083,VNCOND,Tiêu dùng tùy ý
2026-01-29,2494.95,2600.58,2488.39,2600.48,30016065,VNCOND,Tiêu dùng tùy ý
2026-01-30,2603.63,2668.92,2587.66,2668.89,34825822,VNCOND,Tiêu dùng tùy ý
2026-02-02,2657.93,2666.08,2575.58,2635.99,35355491,VNCOND,Tiêu dùng tùy ý
2026-02-03,2642.6,2642.6,2565.37,2609.49,33076043,VNCOND,Tiêu dùng tùy ý
2026-02-04,2610.6,2615.02,2573.77,2610.15,25276730,VNCOND,Tiêu dùng tùy ý
2026-02-05,2609.91,2609.91,2558.23,2566.55,29332208,VNCOND,Tiêu dùng tùy ý
2026-02-06,2534.98,2539.29,2461.67,2479.82,32958569,VNCOND,Tiêu dùng tùy ý
2026-02-09,2498.11,2517.47,2484.79,2514.75,19422488,VNCOND,Tiêu dùng tùy ý
2026-02-10,2521.73,2527.05,2471.55,2519.94,17927518,VNCOND,Tiêu dùng tùy ý
2026-02-11,2513.71,2582.28,2512.07,2582.28,21548170,VNCOND,Tiêu dùng tùy ý
2026-02-12,2593.7,2619.02,2570.99,2607.16,18594966,VNCOND,Tiêu dùng tùy ý
2026-02-13,2583.19,2617.36,2572.93,2617.36,16813799,VNCOND,Tiêu dùng tùy ý
2026-02-23,2618.46,2629.92,2597.97,2608.28,13324698,VNCOND,Tiêu dùng tùy ý
2026-02-24,2601.15,2607.66,2579.64,2607.65,17504952,VNCOND,Tiêu dùng tùy ý
2026-02-25,2610.35,2610.82,2570.35,2607.49,21779932,VNCOND,Tiêu dùng tùy ý
2026-02-26,2603.14,2625.92,2591.24,2619.82,16835814,VNCOND,Tiêu dùng tùy ý
2026-02-27,2626.34,2629.27,2597.4,2625.15,18201092,VNCOND,Tiêu dùng tùy ý
2026-03-02,2624.22,2624.22,2565.39,2573.76,34570603,VNCOND,Tiêu dùng tùy ý
2026-03-03,2575.93,2592.37,2480.09,2517.29,28558951,VNCOND,Tiêu dùng tùy ý
2026-03-04,2486.07,2513.17,2399.69,2513.17,35413154,VNCOND,Tiêu dùng tùy ý
2026-03-05,2515.55,2517.14,2427.79,2435.28,23942591,VNCOND,Tiêu dùng tùy ý
2026-03-06,2419.88,2422.38,2357.05,2381.63,26523242,VNCOND,Tiêu dùng tùy ý
2026-03-09,2381.11,2381.11,2217.52,2218.05,26999210,VNCOND,Tiêu dùng tùy ý
2026-03-10,2222.31,2334.35,2222.31,2324.12,36555209,VNCOND,Tiêu dùng tùy ý
2026-03-11,2321.38,2464.25,2310.72,2464.25,31460394,VNCOND,Tiêu dùng tùy ý
2026-03-12,2424.2,2452.34,2390.38,2438.09,22608157,VNCOND,Tiêu dùng tùy ý
2026-03-13,2412.27,2428.44,2381.64,2387.3,18946664,VNCOND,Tiêu dùng tùy ý
2026-03-16,2370.2,2385.24,2345.14,2361.5,13199388,VNCOND,Tiêu dùng tùy ý
2026-03-17,2386.08,2418.22,2374.59,2395.12,13193796,VNCOND,Tiêu dùng tùy ý
2026-03-18,2396.11,2420.99,2372.12,2398.18,13406324,VNCOND,Tiêu dùng tùy ý
2026-03-19,2356.25,2391.41,2346.09,2387.13,17699069,VNCOND,Tiêu dùng tùy ý
2026-03-20,2379.53,2379.53,2333.12,2334.83,19245518,VNCOND,Tiêu dùng tùy ý
2026-03-23,2291.3,2292.99,2191.51,2214.34,31247188,VNCOND,Tiêu dùng tùy ý
2026-03-24,2259.56,2268.92,2228.94,2268.65,24609028,VNCOND,Tiêu dùng tùy ý
2026-03-25,2286.1,2342.62,2286.1,2342.62,24445733,VNCOND,Tiêu dùng tùy ý
2026-03-26,2326.54,2339.8,2273.47,2308.6,22311756,VNCOND,Tiêu dùng tùy ý
2026-03-27,2290.11,2375.49,2274.78,2374.25,23285814,VNCOND,Tiêu dùng tùy ý
2026-03-30,2317.46,2359.57,2307.68,2359.57,20096021,VNCOND,Tiêu dùng tùy ý
2026-03-31,2361.25,2381.63,2341.95,2374.99,18575858,VNCOND,Tiêu dùng tùy ý
2026-04-01,2405.92,2414.7,2371.35,2389.28,19738715,VNCOND,Tiêu dùng tùy ý
2026-04-02,2365.26,2374.17,2331.33,2374.17,66471996,VNCOND,Tiêu dùng tùy ý
2026-04-03,2362.1,2375.16,2314.05,2330.07,17047808,VNCOND,Tiêu dùng tùy ý
2026-04-06,2306.66,2320.46,2269.73,2287.42,17695740,VNCOND,Tiêu dùng tùy ý
2026-04-07,2286.68,2293.69,2241.54,2263.33,15190910,VNCOND,Tiêu dùng tùy ý
2026-04-08,2322.98,2374.97,2312.58,2372.58,24243389,VNCOND,Tiêu dùng tùy ý
2026-04-09,2351.99,2371.65,2340.81,2346.33,52851312,VNCOND,Tiêu dùng tùy ý
2026-04-10,2356.26,2370.77,2330.13,2359.69,15137392,VNCOND,Tiêu dùng tùy ý
2026-04-13,2341.25,2355.75,2325.72,2355.04,14689595,VNCOND,Tiêu dùng tùy ý
2026-04-14,2365.82,2381.92,2345.33,2359.12,14398336,VNCOND,Tiêu dùng tùy ý
2026-04-15,2373.06,2382.13,2345.45,2347.94,14151465,VNCOND,Tiêu dùng tùy ý
2026-04-16,2349.91,2383.65,2343.79,2373.06,17746256,VNCOND,Tiêu dùng tùy ý
2026-04-17,2391.32,2460.55,2390.52,2452.89,27874459,VNCOND,Tiêu dùng tùy ý
2026-04-20,2465.86,2486.32,2450.89,2483.44,20916488,VNCOND,Tiêu dùng tùy ý
2026-04-21,2488.28,2490.16,2424.84,2438.32,19208180,VNCOND,Tiêu dùng tùy ý
2026-04-22,2442.15,2446.85,2410.61,2440.39,21921689,VNCOND,Tiêu dùng tùy ý
2026-04-23,2455.72,2466.48,2387.9,2395.95,19551848,VNCOND,Tiêu dùng tùy ý
2026-04-24,2395.19,2405.37,2353.13,2362.53,18038553,VNCOND,Tiêu dùng tùy ý
2026-04-28,2366.33,2390.2,2363.77,2388.2,18210165,VNCOND,Tiêu dùng tùy ý
2026-04-29,2380.05,2402.74,2341.95,2372.33,18675171,VNCOND,Tiêu dùng tùy ý
2026-05-04,2380.15,2392.29,2358.99,2388.0,17382049,VNCOND,Tiêu dùng tùy ý
2026-05-05,2376.3,2399.53,2368.4,2390.27,18567805,VNCOND,Tiêu dùng tùy ý
2026-05-06,2402.16,2424.57,2395.48,2419.03,15455527,VNCOND,Tiêu dùng tùy ý
2026-05-07,2427.49,2455.7,2420.92,2428.66,18829445,VNCOND,Tiêu dùng tùy ý
2026-05-08,2425.52,2427.0,2401.46,2412.18,11990152,VNCOND,Tiêu dùng tùy ý
2026-05-11,2408.49,2419.29,2371.14,2371.14,18246249,VNCOND,Tiêu dùng tùy ý
2026-05-12,2370.83,2380.08,2348.32,2380.08,12598530,VNCOND,Tiêu dùng tùy ý
2026-05-13,2383.52,2386.58,2342.74,2379.85,14932014,VNCOND,Tiêu dùng tùy ý
2026-05-14,2376.31,2386.96,2357.99,2383.64,11118544,VNCOND,Tiêu dùng tùy ý
2026-05-15,2388.08,2388.1,2330.69,2330.69,21102103,VNCOND,Tiêu dùng tùy ý
2026-05-18,2324.82,2325.83,2272.24,2277.88,26581645,VNCOND,Tiêu dùng tùy ý
2026-05-19,2283.71,2299.25,2261.01,2267.97,19266101,VNCOND,Tiêu dùng tùy ý
2026-05-20,2264.04,2281.16,2182.45,2254.41,26532891,VNCOND,Tiêu dùng tùy ý
2026-05-21,2269.39,2295.25,2252.6,2291.15,18607228,VNCOND,Tiêu dùng tùy ý
2026-05-22,2300.18,2319.15,2277.66,2287.88,14469846,VNCOND,Tiêu dùng tùy ý
2026-05-25,2296.27,2300.45,2274.46,2278.42,11039963,VNCOND,Tiêu dùng tùy ý
2026-05-26,2286.74,2294.46,2273.72,2281.42,11299426,VNCOND,Tiêu dùng tùy ý
2026-05-27,2288.36,2305.36,2282.73,2290.7,15046377,VNCOND,Tiêu dùng tùy ý
2026-05-28,2287.43,2294.74,2259.65,2259.65,11792050,VNCOND,Tiêu dùng tùy ý
2026-05-29,2259.72,2264.74,2224.15,2243.71,15486189,VNCOND,Tiêu dùng tùy ý
2026-06-01,2246.99,2277.02,2243.95,2277.02,12052130,VNCOND,Tiêu dùng tùy ý
2026-06-02,2275.22,2279.0,2230.24,2251.4,12500489,VNCOND,Tiêu dùng tùy ý
2026-06-03,2242.54,2263.03,2224.47,2263.03,12413219,VNCOND,Tiêu dùng tùy ý
2026-06-04,2256.76,2256.81,2225.47,2252.75,12166808,VNCOND,Tiêu dùng tùy ý
2026-06-05,2254.22,2261.49,2234.96,2250.81,9188603,VNCOND,Tiêu dùng tùy ý
2026-06-08,2215.6,2232.08,2201.63,2211.44,14182408,VNCOND,Tiêu dùng tùy ý
2026-06-09,2211.23,2225.54,2195.61,2225.54,9666460,VNCOND,Tiêu dùng tùy ý
2026-06-10,2214.49,2231.05,2198.74,2230.45,11548821,VNCOND,Tiêu dùng tùy ý
2026-06-11,2221.28,2225.47,2189.46,2196.05,10632512,VNCOND,Tiêu dùng tùy ý
2026-06-12,2211.3,2215.3,2179.57,2179.57,11492190,VNCOND,Tiêu dùng tùy ý
2026-06-15,2200.53,2252.97,2200.24,2252.97,15712616,VNCOND,Tiêu dùng tùy ý
2026-06-16,2257.82,2292.44,2250.86,2284.15,14313325,VNCOND,Tiêu dùng tùy ý
2026-06-17,2283.08,2287.92,2273.03,2281.3,13220680,VNCOND,Tiêu dùng tùy ý
2026-06-18,2272.66,2279.64,2261.01,2277.95,10986702,VNCOND,Tiêu dùng tùy ý
2026-06-19,2272.96,2275.91,2240.88,2260.93,9440103,VNCOND,Tiêu dùng tùy ý
2026-06-22,2242.64,2250.3,2231.04,2246.26,10698952,VNCOND,Tiêu dùng tùy ý
2026-06-23,2244.87,2246.45,2210.16,2216.09,13226951,VNCOND,Tiêu dùng tùy ý
2026-06-24,2212.52,2243.17,2186.56,2243.17,14225682,VNCOND,Tiêu dùng tùy ý
2026-06-25,2227.88,2229.72,2205.19,2215.49,9346408,VNCOND,Tiêu dùng tùy ý
2026-06-26,2207.48,2229.83,2194.71,2229.83,12697071,VNCOND,Tiêu dùng tùy ý
2026-06-29,2225.71,2236.1,2217.98,2236.1,11601920,VNCOND,Tiêu dùng tùy ý
2026-06-30,2227.82,2234.09,2208.53,2227.8,10150517,VNCOND,Tiêu dùng tùy ý
2026-07-01,2212.93,2252.82,2210.31,2251.37,12951926,VNCOND,Tiêu dùng tùy ý
2026-07-02,2253.84,2274.35,2241.65,2244.85,17961648,VNCOND,Tiêu dùng tùy ý
2026-07-03,2216.07,2217.66,2187.38,2197.93,10388591,VNCOND,Tiêu dùng tùy ý
2026-07-06,2170.38,2173.14,2124.64,2142.33,16411747,VNCOND,Tiêu dùng tùy ý
2026-07-07,2122.54,2123.95,2102.0,2109.68,8573557,VNCOND,Tiêu dùng tùy ý
2026-07-08,2087.78,2142.05,2084.82,2142.05,37153317,VNCOND,Tiêu dùng tùy ý
2026-07-09,2128.19,2138.11,2106.3,2120.19,11774333,VNCOND,Tiêu dùng tùy ý
2026-07-10,2117.92,2122.12,2062.11,2063.88,23238179,VNCOND,Tiêu dùng tùy ý
2026-07-13,2059.77,2065.01,2027.98,2036.99,20522568,VNCOND,Tiêu dùng tùy ý
2026-07-14,2028.96,2064.48,2018.02,2064.14,14185569,VNCOND,Tiêu dùng tùy ý
2026-07-15,2059.48,2059.58,2011.63,2031.77,17493110,VNCOND,Tiêu dùng tùy ý
2026-07-16,2013.61,2021.68,1985.36,2019.69,25961858,VNCOND,Tiêu dùng tùy ý
2026-07-17,2019.54,2024.32,1996.71,2023.27,14468361,VNCOND,Tiêu dùng tùy ý
2026-07-20,2026.09,2027.32,1952.37,1973.35,24669720,VNCOND,Tiêu dùng tùy ý
2026-07-21,1970.56,1973.96,1936.84,1965.54,22788874,VNCOND,Tiêu dùng tùy ý
2026-07-22,1946.44,1955.54,1844.76,1846.47,40898907,VNCOND,Tiêu dùng tùy ý
2026-07-23,1829.25,1855.31,1769.22,1855.31,18636523,VNCOND,Tiêu dùng tùy ý
2026-07-24,1800.82,1820.4,1780.21,1785.58,52496474,VNCOND,Tiêu dùng tùy ý
2026-07-27,1801.45,1816.81,1724.76,1724.76,23412820,VNCOND,Tiêu dùng tùy ý
2026-07-28,1733.77,1771.3,1716.32,1753.57,35573013,VNCOND,Tiêu dùng tùy ý
2026-07-29,1748.07,1790.54,1743.5,1783.64,21292894,VNCOND,Tiêu dùng tùy ý
2026-07-30,1782.38,1860.85,1779.79,1853.44,24643442,VNCOND,Tiêu dùng tùy ý
2026-07-31,1866.88,1866.88,1825.65,1856.44,31195524,VNCOND,Tiêu dùng tùy ý
2026-08-03,1859.9,1926.82,1859.41,1926.82,22352143,VNCOND,Tiêu dùng tùy ý
2026-08-04,1927.21,1949.89,1915.43,1936.99,24302943,VNCOND,Tiêu dùng tùy ý
2026-08-05,1952.17,1963.81,1935.42,1954.51,25074067,VNCOND,Tiêu dùng tùy ý
2026-08-06,1950.52,1953.82,1903.38,1927.15,19967243,VNCOND,Tiêu dùng tùy ý
2026-08-07,1923.76,1932.71,1900.86,1914.2,14086369,VNCOND,Tiêu dùng tùy ý
2026-08-10,1914.53,1955.64,1900.76,1950.82,14976645,VNCOND,Tiêu dùng tùy ý
2026-08-11,1945.3,1971.51,1943.69,1958.54,13951507,VNCOND,Tiêu dùng tùy ý
2026-08-12,1962.4,1979.53,1956.68,1973.27,11280113,VNCOND,Tiêu dùng tùy ý
2026-08-13,1977.33,1986.31,1941.51,1961.74,13031733,VNCOND,Tiêu dùng tùy ý
2026-08-14,1948.7,1962.55,1930.86,1935.83,18298965,VNCOND,Tiêu dùng tùy ý
2026-08-17,1932.9,1963.95,1919.29,1955.87,10314608,VNCOND,Tiêu dùng tùy ý
2026-08-18,1954.02,1960.21,1924.11,1934.52,10345187,VNCOND,Tiêu dùng tùy ý
2026-08-19,1931.09,1934.62,1909.18,1925.44,11417476,VNCOND,Tiêu dùng tùy ý
