time,open,high,low,close,volume,symbol,name
2018-08-06,582.62,596.34,578.99,587.13,6566700,VNENE,Năng lượng
2018-08-07,586.64,588.23,574.67,578.35,4644650,VNENE,Năng lượng
2018-08-08,582.74,594.74,581.72,589.25,4377270,VNENE,Năng lượng
2018-08-09,595.65,600.49,584.63,587.76,7373150,VNENE,Năng lượng
2018-08-10,584.9,602.1,584.68,602.1,4913320,VNENE,Năng lượng
2018-08-13,603.23,616.65,595.45,616.65,5586770,VNENE,Năng lượng
2018-08-14,612.76,614.02,606.53,609.61,4206180,VNENE,Năng lượng
2018-08-15,612.76,612.25,585.21,586.02,7869580,VNENE,Năng lượng
2018-08-16,612.76,594.12,567.0,591.97,7353690,VNENE,Năng lượng
2018-08-17,612.76,597.0,581.49,582.77,4291560,VNENE,Năng lượng
2018-08-20,612.76,596.35,580.49,590.08,3259270,VNENE,Năng lượng
2018-08-21,612.76,597.21,588.19,595.91,3116360,VNENE,Năng lượng
2018-08-22,612.76,602.31,590.25,590.25,3941100,VNENE,Năng lượng
2018-08-23,612.76,597.08,590.1,595.88,3108300,VNENE,Năng lượng
2018-08-24,612.76,613.54,592.46,612.13,7603150,VNENE,Năng lượng
2018-08-27,612.76,620.74,613.0,613.0,6413470,VNENE,Năng lượng
2018-08-28,612.76,620.28,610.15,619.44,3599330,VNENE,Năng lượng
2018-08-29,612.76,618.06,605.69,608.06,4108690,VNENE,Năng lượng
2018-08-30,608.95,622.28,604.08,621.13,5125060,VNENE,Năng lượng
2018-08-31,608.95,627.51,613.32,613.79,3272140,VNENE,Năng lượng
2018-09-04,608.95,627.51,605.15,608.76,5227310,VNENE,Năng lượng
2018-09-05,608.95,609.99,596.13,601.14,4682740,VNENE,Năng lượng
2018-09-06,608.95,605.25,598.19,601.0,3201300,VNENE,Năng lượng
2018-09-07,608.95,610.08,599.7,610.08,2889920,VNENE,Năng lượng
2018-09-10,608.95,626.99,608.63,618.59,4356690,VNENE,Năng lượng
2018-09-11,608.95,625.59,617.54,625.36,3074660,VNENE,Năng lượng
2018-09-12,608.95,646.95,630.74,637.74,9663580,VNENE,Năng lượng
2018-09-13,608.95,648.1,631.19,632.75,7050800,VNENE,Năng lượng
2018-09-14,608.95,639.78,629.05,637.82,4326510,VNENE,Năng lượng
2018-09-17,608.95,650.68,635.97,647.21,6270570,VNENE,Năng lượng
2018-09-18,608.95,650.7,637.44,650.7,5037570,VNENE,Năng lượng
2018-09-19,608.95,660.54,646.26,648.54,7733060,VNENE,Năng lượng
2018-09-20,608.95,658.38,646.72,657.79,6503260,VNENE,Năng lượng
2018-09-21,608.95,660.06,647.2,651.94,6806310,VNENE,Năng lượng
2018-09-24,608.95,671.41,654.8,671.41,4992600,VNENE,Năng lượng
2018-09-25,608.95,685.16,674.83,682.42,7046740,VNENE,Năng lượng
2018-09-26,608.95,686.36,677.57,678.02,5502820,VNENE,Năng lượng
2018-09-27,608.95,693.1,676.32,690.48,7507620,VNENE,Năng lượng
2018-09-28,608.95,697.04,683.07,684.09,5429720,VNENE,Năng lượng
2018-10-01,608.95,703.43,684.09,695.64,5480430,VNENE,Năng lượng
2018-10-02,608.95,705.16,678.51,685.93,8751120,VNENE,Năng lượng
2018-10-03,608.95,688.11,678.8,684.12,6191180,VNENE,Năng lượng
2018-10-04,608.95,698.81,690.95,696.42,5050160,VNENE,Năng lượng
2018-10-05,608.95,690.87,669.88,669.88,8697300,VNENE,Năng lượng
2018-10-08,608.95,669.88,649.72,652.43,8741020,VNENE,Năng lượng
2018-10-09,608.95,663.42,656.87,659.77,3421370,VNENE,Năng lượng
2018-10-10,608.95,663.14,649.48,651.38,4554420,VNENE,Năng lượng
2018-10-11,608.95,628.13,608.54,613.15,9124350,VNENE,Năng lượng
2018-10-12,608.95,624.19,597.1,620.72,7115530,VNENE,Năng lượng
2018-10-15,608.95,623.41,607.14,608.58,3965890,VNENE,Năng lượng
2018-10-16,611.53,617.37,608.98,616.68,2606950,VNENE,Năng lượng
2018-10-17,621.89,631.26,620.22,624.81,4785330,VNENE,Năng lượng
2018-10-18,620.93,624.77,614.17,620.31,3438150,VNENE,Năng lượng
2018-10-19,610.04,612.38,598.96,612.38,6011290,VNENE,Năng lượng
2018-10-22,612.05,619.08,601.03,601.03,3515360,VNENE,Năng lượng
2018-10-23,599.87,599.87,567.39,577.22,6306220,VNENE,Năng lượng
2018-10-24,568.94,575.66,556.04,556.04,5067430,VNENE,Năng lượng
2018-10-25,532.94,561.73,532.03,561.73,5575270,VNENE,Năng lượng
2018-10-26,567.81,570.17,553.83,553.83,4511390,VNENE,Năng lượng
2018-10-29,551.87,556.24,545.43,550.99,3066200,VNENE,Năng lượng
2018-10-30,541.4,563.79,538.37,557.02,4511280,VNENE,Năng lượng
2018-10-31,564.83,582.13,564.83,581.12,4752800,VNENE,Năng lượng
2018-11-01,564.83,584.89,564.83,569.1,4324400,VNENE,Năng lượng
2018-11-02,564.83,586.93,564.83,584.4,4538750,VNENE,Năng lượng
2018-11-05,579.25,594.9,577.81,593.43,4956200,VNENE,Năng lượng
2018-11-06,597.23,601.68,585.0,585.51,4375400,VNENE,Năng lượng
2018-11-07,585.35,586.03,572.2,579.15,3896450,VNENE,Năng lượng
2018-11-08,583.74,587.79,577.43,577.75,2605200,VNENE,Năng lượng
2018-11-09,573.1,573.1,557.69,557.69,4428970,VNENE,Năng lượng
2018-11-12,556.41,566.18,547.74,566.18,3971890,VNENE,Năng lượng
2018-11-13,554.26,557.81,551.44,557.81,2241850,VNENE,Năng lượng
2018-11-14,548.25,553.5,537.36,547.19,4192820,VNENE,Năng lượng
2018-11-15,553.71,554.66,543.7,546.22,2727450,VNENE,Năng lượng
2018-11-16,554.24,561.44,550.02,557.46,2947040,VNENE,Năng lượng
2018-11-19,564.25,573.48,563.45,573.48,3650280,VNENE,Năng lượng
2018-11-20,568.25,573.78,564.93,570.19,3264960,VNENE,Năng lượng
2018-11-21,570.19,570.19,558.36,566.37,1688440,VNENE,Năng lượng
2018-11-22,572.08,572.36,560.69,561.15,1960120,VNENE,Năng lượng
2018-11-23,560.97,563.76,555.13,557.83,3441430,VNENE,Năng lượng
2018-11-26,555.69,557.05,552.58,556.49,1805120,VNENE,Năng lượng
2018-11-27,558.28,562.54,552.38,555.55,2776150,VNENE,Năng lượng
2018-11-28,555.04,558.8,551.49,558.8,2165830,VNENE,Năng lượng
2018-11-29,561.85,561.85,551.16,551.16,1950410,VNENE,Năng lượng
2018-11-30,552.73,558.08,548.63,558.08,2184350,VNENE,Năng lượng
2018-12-03,567.89,582.92,565.44,582.92,4909940,VNENE,Năng lượng
2018-12-04,581.9,586.86,577.18,579.78,3323710,VNENE,Năng lượng
2018-12-05,574.55,583.84,570.89,577.35,3950920,VNENE,Năng lượng
2018-12-06,576.18,584.36,570.74,576.2,2467160,VNENE,Năng lượng
2018-12-07,575.81,580.22,572.92,575.97,4073480,VNENE,Năng lượng
2018-12-10,578.77,585.49,576.99,582.2,3694450,VNENE,Năng lượng
2018-12-11,580.98,582.84,576.91,579.41,3385490,VNENE,Năng lượng
2018-12-12,583.32,587.49,583.01,586.77,5562780,VNENE,Năng lượng
2018-12-13,588.81,592.09,584.74,585.08,2594830,VNENE,Năng lượng
2018-12-14,586.34,595.35,581.56,581.56,4537310,VNENE,Năng lượng
2018-12-17,580.21,580.21,561.15,561.15,5032530,VNENE,Năng lượng
2018-12-18,555.74,559.06,549.35,557.27,4978190,VNENE,Năng lượng
2018-12-19,553.5,554.61,542.51,545.42,4636270,VNENE,Năng lượng
2018-12-20,543.57,549.97,543.52,547.32,2250630,VNENE,Năng lượng
2018-12-21,541.0,551.78,538.69,551.78,1321180,VNENE,Năng lượng
2018-12-24,541.0,552.21,538.69,541.93,1797810,VNENE,Năng lượng
2018-12-25,541.0,552.21,518.32,525.97,5358950,VNENE,Năng lượng
2018-12-26,541.0,552.21,518.32,526.12,2020890,VNENE,Năng lượng
2018-12-27,541.0,552.21,518.32,538.18,2723060,VNENE,Năng lượng
2018-12-28,541.0,542.91,520.03,520.03,2495140,VNENE,Năng lượng
2019-01-02,541.0,542.91,520.03,522.94,1722810,VNENE,Năng lượng
2019-01-03,522.94,529.07,509.52,513.98,2345270,VNENE,Năng lượng
2019-01-04,511.49,530.45,508.98,527.71,1990140,VNENE,Năng lượng
2019-01-07,536.03,537.1,530.59,533.45,1213570,VNENE,Năng lượng
2019-01-08,534.29,535.07,525.75,531.5,3424720,VNENE,Năng lượng
2019-01-09,536.5,542.39,533.9,535.61,2919490,VNENE,Năng lượng
2019-01-10,540.82,542.83,536.36,538.33,2314250,VNENE,Năng lượng
2019-01-11,540.96,542.35,536.51,538.62,2054840,VNENE,Năng lượng
2019-01-14,536.78,538.63,530.28,533.32,1354230,VNENE,Năng lượng
2019-01-15,533.74,544.16,533.05,541.27,1899600,VNENE,Năng lượng
2019-01-16,546.5,547.65,541.27,544.11,1826280,VNENE,Năng lượng
2019-01-17,543.69,546.5,539.28,539.95,1692200,VNENE,Năng lượng
2019-01-18,541.21,543.25,534.55,534.55,1598510,VNENE,Năng lượng
2019-01-21,538.44,545.3,535.84,541.63,1553290,VNENE,Năng lượng
2019-01-22,539.64,542.33,533.85,534.86,4201050,VNENE,Năng lượng
2019-01-23,534.86,536.16,530.46,532.84,2343610,VNENE,Năng lượng
2019-01-24,534.53,541.18,534.11,536.87,2696480,VNENE,Năng lượng
2019-01-25,539.56,541.92,536.72,539.51,1401520,VNENE,Năng lượng
2019-01-28,542.64,545.44,541.64,543.18,3733520,VNENE,Năng lượng
2019-01-29,541.28,544.21,538.9,543.48,1956670,VNENE,Năng lượng
2019-01-30,543.48,547.05,541.73,541.73,2165380,VNENE,Năng lượng
2019-01-31,550.04,551.55,544.11,545.22,3117900,VNENE,Năng lượng
2019-02-01,541.8,546.16,541.8,543.13,2481860,VNENE,Năng lượng
2019-02-11,546.49,554.74,543.94,553.91,2539860,VNENE,Năng lượng
2019-02-12,556.42,560.18,547.24,549.22,4326190,VNENE,Năng lượng
2019-02-13,552.58,564.69,552.56,564.0,4228110,VNENE,Năng lượng
2019-02-14,564.16,565.0,556.84,559.69,1637000,VNENE,Năng lượng
2019-02-15,560.58,567.93,556.61,563.55,4035960,VNENE,Năng lượng
2019-02-18,572.22,579.34,569.02,578.12,4187160,VNENE,Năng lượng
2019-02-19,576.61,579.07,565.58,565.58,3592720,VNENE,Năng lượng
2019-02-20,567.09,569.07,559.84,564.4,2659710,VNENE,Năng lượng
2019-02-21,569.6,571.29,560.73,565.82,2981760,VNENE,Năng lượng
2019-02-22,562.61,572.25,559.3,568.25,2220210,VNENE,Năng lượng
2019-02-25,568.25,573.7,567.07,567.25,2812090,VNENE,Năng lượng
2019-02-26,560.94,564.25,554.02,560.91,5639670,VNENE,Năng lượng
2019-02-27,564.43,566.81,558.64,562.22,2815590,VNENE,Năng lượng
2019-02-28,568.09,570.17,556.25,559.44,3911810,VNENE,Năng lượng
2019-03-01,567.91,567.91,559.51,563.16,2830240,VNENE,Năng lượng
2019-03-04,571.15,586.44,571.15,586.44,6535830,VNENE,Năng lượng
2019-03-05,580.32,596.05,580.32,585.23,5552010,VNENE,Năng lượng
2019-03-06,582.24,603.49,578.21,603.49,4993390,VNENE,Năng lượng
2019-03-07,601.49,604.73,594.82,594.82,3606230,VNENE,Năng lượng
2019-03-08,593.46,593.46,582.1,587.67,3977850,VNENE,Năng lượng
2019-03-11,587.39,588.23,574.01,584.23,3156170,VNENE,Năng lượng
2019-03-12,590.45,596.04,586.0,594.79,2945730,VNENE,Năng lượng
2019-03-13,598.84,598.84,588.63,590.85,2564770,VNENE,Năng lượng
2019-03-14,595.93,596.25,586.82,587.66,2116850,VNENE,Năng lượng
2019-03-15,587.97,592.41,585.48,591.83,2195710,VNENE,Năng lượng
2019-03-18,595.28,600.34,594.02,599.85,2954770,VNENE,Năng lượng
2019-03-19,604.06,610.37,596.26,600.05,3987730,VNENE,Năng lượng
2019-03-20,597.53,598.37,581.71,594.53,2567650,VNENE,Năng lượng
2019-03-21,597.89,601.0,569.25,569.25,4440890,VNENE,Năng lượng
2019-03-22,573.79,576.23,568.46,574.33,4659110,VNENE,Năng lượng
2019-03-25,574.69,574.69,552.73,559.81,5846050,VNENE,Năng lượng
2019-03-26,564.6,570.69,557.42,570.69,2487480,VNENE,Năng lượng
2019-03-27,572.52,574.92,567.51,569.75,1998890,VNENE,Năng lượng
2019-03-28,567.9,575.14,563.84,573.68,2127960,VNENE,Năng lượng
2019-03-29,574.84,581.91,572.82,573.5,3081120,VNENE,Năng lượng
2019-04-01,582.17,582.28,573.74,577.56,3377550,VNENE,Năng lượng
2019-04-02,587.7,590.51,575.77,579.3,4724970,VNENE,Năng lượng
2019-04-03,582.78,591.29,578.14,589.9,7617250,VNENE,Năng lượng
2019-04-04,591.0,599.07,587.98,590.43,4569590,VNENE,Năng lượng
2019-04-05,593.22,598.05,590.06,596.94,3899230,VNENE,Năng lượng
2019-04-08,599.74,616.26,599.74,615.43,7239420,VNENE,Năng lượng
2019-04-09,618.19,620.6,603.32,603.58,7375970,VNENE,Năng lượng
2019-04-10,598.69,608.82,596.02,604.24,6123820,VNENE,Năng lượng
2019-04-11,605.92,608.4,592.35,593.01,3609770,VNENE,Năng lượng
2019-04-12,590.49,600.01,583.49,595.96,2955680,VNENE,Năng lượng
2019-04-16,586.02,595.3,580.7,595.3,2976580,VNENE,Năng lượng
2019-04-17,595.67,605.69,591.89,591.89,4298180,VNENE,Năng lượng
2019-04-18,588.99,594.41,574.91,580.58,3846300,VNENE,Năng lượng
2019-04-19,586.74,587.53,580.07,583.71,1495260,VNENE,Năng lượng
2019-04-22,586.24,594.56,582.58,588.14,3182020,VNENE,Năng lượng
2019-04-23,592.1,594.94,587.26,587.7,3088130,VNENE,Năng lượng
2019-04-24,589.33,592.89,583.58,585.81,3465830,VNENE,Năng lượng
2019-04-25,581.72,590.4,579.19,586.73,2714890,VNENE,Năng lượng
2019-04-26,582.93,586.3,579.24,584.9,2403380,VNENE,Năng lượng
2019-05-02,590.18,596.67,582.8,594.97,5428850,VNENE,Năng lượng
2019-05-03,592.64,595.21,587.21,589.71,2517520,VNENE,Năng lượng
2019-05-06,588.92,588.92,569.3,572.82,3225110,VNENE,Năng lượng
2019-05-07,576.08,586.57,572.03,586.57,3920670,VNENE,Năng lượng
2019-05-08,577.06,601.85,576.22,596.86,7380530,VNENE,Năng lượng
2019-05-09,596.81,600.27,593.2,594.83,4558000,VNENE,Năng lượng
2019-05-10,597.61,609.59,592.09,606.59,6990510,VNENE,Năng lượng
2019-05-13,604.06,609.81,601.7,603.79,4095210,VNENE,Năng lượng
2019-05-14,605.31,625.82,601.56,625.82,7110860,VNENE,Năng lượng
2019-05-15,628.14,629.82,619.7,619.91,6263220,VNENE,Năng lượng
2019-05-16,623.12,624.93,616.32,616.32,4029490,VNENE,Năng lượng
2019-05-17,621.36,621.91,614.25,618.62,6529300,VNENE,Năng lượng
2019-05-20,627.55,633.13,626.01,629.1,6935270,VNENE,Năng lượng
2019-05-21,629.34,632.14,624.39,627.77,3156040,VNENE,Năng lượng
2019-05-22,629.52,631.31,617.8,620.11,5792680,VNENE,Năng lượng
2019-05-23,616.74,618.99,605.1,616.89,11169680,VNENE,Năng lượng
2019-05-24,606.25,618.47,603.15,603.15,8383340,VNENE,Năng lượng
2019-05-27,603.04,605.43,600.26,601.25,3734860,VNENE,Năng lượng
2019-05-28,606.04,612.8,602.54,612.8,3658970,VNENE,Năng lượng
2019-05-29,609.43,612.87,604.7,605.19,3248430,VNENE,Năng lượng
2019-05-30,606.88,611.54,602.28,602.28,2746420,VNENE,Năng lượng
2019-05-31,595.45,596.75,578.85,583.06,8069760,VNENE,Năng lượng
2019-06-03,569.42,575.65,559.45,561.66,7098820,VNENE,Năng lượng
2019-06-04,565.9,571.38,563.56,567.26,3052100,VNENE,Năng lượng
2019-06-05,573.94,576.57,567.14,567.97,3579250,VNENE,Năng lượng
2019-06-06,566.96,571.64,563.24,571.64,3612160,VNENE,Năng lượng
2019-06-07,576.98,584.52,576.13,584.52,3459840,VNENE,Năng lượng
2019-06-10,590.08,591.67,580.69,582.07,2204640,VNENE,Năng lượng
2019-06-11,582.06,583.36,578.32,580.43,1618760,VNENE,Năng lượng
2019-06-12,578.81,578.81,570.24,571.73,2936650,VNENE,Năng lượng
2019-06-13,568.42,575.08,564.86,573.26,2337920,VNENE,Năng lượng
2019-06-14,575.48,576.84,566.73,566.73,1593460,VNENE,Năng lượng
2019-06-17,565.85,571.77,563.21,565.44,1922690,VNENE,Năng lượng
2019-06-18,566.92,567.88,558.84,560.51,3032360,VNENE,Năng lượng
2019-06-19,567.43,571.51,565.44,567.15,3320680,VNENE,Năng lượng
2019-06-20,567.43,571.51,565.44,567.15,3320680,VNENE,Năng lượng
2019-06-21,567.43,571.51,565.44,567.15,3320680,VNENE,Năng lượng
2019-06-24,570.81,583.12,578.3,579.91,3292920,VNENE,Năng lượng
2019-06-25,570.81,582.27,577.14,578.1,2683090,VNENE,Năng lượng
2019-06-26,570.81,589.38,580.77,585.46,3976370,VNENE,Năng lượng
2019-06-27,570.81,587.83,575.83,575.83,4380110,VNENE,Năng lượng
2019-06-28,570.81,580.06,568.95,577.41,3498740,VNENE,Năng lượng
2019-07-01,570.81,587.35,580.96,584.73,2410620,VNENE,Năng lượng
2019-07-02,584.81,585.43,580.61,583.73,1990120,VNENE,Năng lượng
2019-07-03,579.75,580.76,576.48,577.77,3162340,VNENE,Năng lượng
2019-07-04,577.77,581.16,577.06,579.83,2514450,VNENE,Năng lượng
2019-07-05,578.71,583.23,578.6,579.16,2075000,VNENE,Năng lượng
2019-07-08,582.51,588.92,578.4,580.61,4298400,VNENE,Năng lượng
2019-07-09,580.77,586.78,576.63,585.76,3445830,VNENE,Năng lượng
2019-07-10,590.57,594.23,587.4,591.65,3385080,VNENE,Năng lượng
2019-07-11,595.89,597.58,591.19,594.22,4095500,VNENE,Năng lượng
2019-07-12,594.22,598.75,592.64,594.5,3808650,VNENE,Năng lượng
2019-07-15,594.22,599.08,592.97,596.54,3293610,VNENE,Năng lượng
2019-07-16,596.94,596.94,591.42,591.98,3705070,VNENE,Năng lượng
2019-07-17,591.01,599.25,589.22,593.61,3345920,VNENE,Năng lượng
2019-07-18,593.61,595.5,589.23,592.06,2569690,VNENE,Năng lượng
2019-07-19,592.64,595.73,585.24,585.24,3330550,VNENE,Năng lượng
2019-07-22,584.19,586.82,575.94,575.94,3046940,VNENE,Năng lượng
2019-07-23,575.94,582.87,573.96,573.96,3167300,VNENE,Năng lượng
2019-07-24,576.19,579.71,573.95,579.71,3420780,VNENE,Năng lượng
2019-07-25,580.68,582.75,577.52,579.59,2865020,VNENE,Năng lượng
2019-07-26,584.91,588.62,582.76,584.58,4659930,VNENE,Năng lượng
2019-07-29,592.65,594.82,588.68,592.03,4159360,VNENE,Năng lượng
2019-07-30,593.89,596.59,587.89,587.89,3148110,VNENE,Năng lượng
2019-07-31,593.11,600.59,587.53,600.59,3051090,VNENE,Năng lượng
2019-08-01,600.59,601.52,590.96,597.09,2440720,VNENE,Năng lượng
2019-08-02,583.47,588.69,581.98,588.69,4291040,VNENE,Năng lượng
2019-08-05,589.13,590.31,583.48,583.99,2765960,VNENE,Năng lượng
2019-08-06,579.35,579.35,564.59,565.02,4379700,VNENE,Năng lượng
2019-08-07,565.85,571.81,560.9,569.85,3198010,VNENE,Năng lượng
2019-08-08,571.78,590.65,570.81,590.43,4275610,VNENE,Năng lượng
2019-08-09,590.43,595.04,588.3,590.67,2517580,VNENE,Năng lượng
2019-08-12,589.89,591.96,585.19,586.65,2133400,VNENE,Năng lượng
2019-08-13,574.19,574.34,568.15,568.56,2676020,VNENE,Năng lượng
2019-08-14,578.79,580.01,564.64,566.75,1666480,VNENE,Năng lượng
2019-08-15,555.74,566.15,553.81,566.15,1546390,VNENE,Năng lượng
2019-08-16,567.11,578.54,564.17,575.78,3512990,VNENE,Năng lượng
2019-08-19,580.89,585.83,577.6,585.55,2551560,VNENE,Năng lượng
2019-08-20,586.96,593.49,584.93,590.22,3127300,VNENE,Năng lượng
2019-08-21,597.42,613.9,596.84,612.1,8450920,VNENE,Năng lượng
2019-08-22,626.79,629.39,617.08,617.08,7191200,VNENE,Năng lượng
2019-08-23,615.16,626.05,611.95,625.06,3706660,VNENE,Năng lượng
2019-08-26,615.88,620.67,606.21,614.88,5352250,VNENE,Năng lượng
2019-08-27,614.88,632.43,614.88,625.57,7015820,VNENE,Năng lượng
2019-08-28,628.67,633.69,620.81,622.24,4760560,VNENE,Năng lượng
2019-08-29,625.79,627.14,616.01,620.55,4578150,VNENE,Năng lượng
2019-08-30,621.51,629.04,619.2,620.05,4084870,VNENE,Năng lượng
2019-09-03,620.05,622.37,599.73,599.73,3911900,VNENE,Năng lượng
2019-09-04,597.8,612.34,594.08,610.64,3510970,VNENE,Năng lượng
2019-09-05,616.45,617.51,607.92,611.24,2913280,VNENE,Năng lượng
2019-09-06,611.24,613.0,606.05,609.85,1214620,VNENE,Năng lượng
2019-09-09,609.19,620.61,607.64,610.74,3889870,VNENE,Năng lượng
2019-09-10,612.67,615.55,590.19,595.22,5424600,VNENE,Năng lượng
2019-09-11,595.8,600.63,589.75,597.37,2143500,VNENE,Năng lượng
2019-09-12,597.76,609.77,597.76,607.33,1874020,VNENE,Năng lượng
2019-09-13,605.56,612.65,603.67,610.71,2194140,VNENE,Năng lượng
2019-09-16,628.44,630.22,616.77,616.77,4927880,VNENE,Năng lượng
2019-09-17,621.18,629.06,619.52,624.66,5257340,VNENE,Năng lượng
2019-09-18,621.77,627.64,617.52,617.6,2525520,VNENE,Năng lượng
2019-09-19,615.87,620.34,614.57,615.1,1944610,VNENE,Năng lượng
2019-09-20,618.99,625.89,616.1,617.48,3084720,VNENE,Năng lượng
2019-09-23,620.45,624.7,616.35,616.37,2379240,VNENE,Năng lượng
2019-09-24,618.3,619.95,609.18,610.16,2956950,VNENE,Năng lượng
2019-09-25,611.07,614.77,606.68,613.58,2177740,VNENE,Năng lượng
2019-09-26,613.43,613.99,605.01,606.35,2424870,VNENE,Năng lượng
2019-09-27,607.37,612.0,603.74,611.75,3408430,VNENE,Năng lượng
2019-09-30,611.75,622.37,611.4,611.4,3564710,VNENE,Năng lượng
2019-10-01,616.06,616.06,596.7,600.09,6338910,VNENE,Năng lượng
2019-10-02,600.09,600.51,591.97,591.97,3280500,VNENE,Năng lượng
2019-10-03,585.6,598.11,584.06,597.65,2698250,VNENE,Năng lượng
2019-10-04,597.65,599.09,580.24,582.04,4548480,VNENE,Năng lượng
2019-10-07,585.24,586.2,577.29,577.29,2391930,VNENE,Năng lượng
2019-10-08,577.29,580.18,567.89,577.36,3486830,VNENE,Năng lượng
2019-10-09,574.07,579.04,574.07,577.92,1665200,VNENE,Năng lượng
2019-10-10,581.29,587.83,579.83,583.0,1888720,VNENE,Năng lượng
2019-10-11,588.13,588.13,577.13,584.77,2379650,VNENE,Năng lượng
2019-10-14,587.83,589.19,578.5,578.94,1845020,VNENE,Năng lượng
2019-10-15,578.94,582.18,577.05,577.9,1326300,VNENE,Năng lượng
2019-10-16,577.9,582.81,576.07,576.27,1196250,VNENE,Năng lượng
2019-10-17,577.16,578.13,572.54,573.4,1130610,VNENE,Năng lượng
2019-10-18,571.66,575.69,569.51,569.51,1192830,VNENE,Năng lượng
2019-10-21,569.51,571.78,564.84,565.55,1446380,VNENE,Năng lượng
2019-10-22,565.93,568.83,556.36,563.67,2784360,VNENE,Năng lượng
2019-10-23,563.67,564.44,558.66,558.74,3117920,VNENE,Năng lượng
2019-10-24,558.74,567.65,558.74,565.24,1713750,VNENE,Năng lượng
2019-10-25,569.14,573.36,566.29,569.05,1527940,VNENE,Năng lượng
2019-10-28,569.82,574.98,567.89,573.17,1682390,VNENE,Năng lượng
2019-10-29,573.69,575.38,571.67,573.46,1856770,VNENE,Năng lượng
2019-10-30,570.69,580.12,568.92,578.03,2422990,VNENE,Năng lượng
2019-10-31,578.03,580.77,571.36,574.4,1695090,VNENE,Năng lượng
2019-11-01,570.51,577.11,569.35,577.11,2434040,VNENE,Năng lượng
2019-11-04,582.13,583.35,572.94,575.5,2647930,VNENE,Năng lượng
2019-11-05,578.07,591.02,576.47,588.56,4971590,VNENE,Năng lượng
2019-11-06,588.56,591.47,586.71,587.94,2249490,VNENE,Năng lượng
2019-11-07,586.01,588.79,582.64,585.54,1815240,VNENE,Năng lượng
2019-11-08,585.54,589.06,580.98,580.98,3456990,VNENE,Năng lượng
2019-11-11,582.36,582.55,575.69,578.24,1435590,VNENE,Năng lượng
2019-11-12,578.24,582.12,575.28,582.12,1214620,VNENE,Năng lượng
2019-11-13,582.39,582.78,573.54,574.64,2836080,VNENE,Năng lượng
2019-11-14,580.05,580.05,574.39,576.75,2514950,VNENE,Năng lượng
2019-11-15,577.71,586.4,576.17,583.04,2227260,VNENE,Năng lượng
2019-11-18,588.83,588.83,581.79,584.92,1870690,VNENE,Năng lượng
2019-11-19,583.76,587.45,582.8,585.68,1290660,VNENE,Năng lượng
2019-11-20,583.62,584.78,577.61,579.02,1881300,VNENE,Năng lượng
2019-11-21,579.02,581.91,575.08,576.29,2621910,VNENE,Năng lượng
2019-11-22,575.74,580.26,557.48,565.06,3874990,VNENE,Năng lượng
2019-11-25,564.87,568.92,559.51,560.29,1763590,VNENE,Năng lượng
2019-11-26,563.18,564.45,557.47,559.82,2233340,VNENE,Năng lượng
2019-11-27,561.97,564.09,558.22,560.65,1643750,VNENE,Năng lượng
2019-11-28,558.72,562.39,553.64,556.62,1803110,VNENE,Năng lượng
2019-11-29,556.48,562.54,555.07,561.68,1445020,VNENE,Năng lượng
2019-12-02,562.47,562.47,547.5,550.88,2333650,VNENE,Năng lượng
2019-12-03,545.67,550.9,541.22,541.27,2804990,VNENE,Năng lượng
2019-12-04,542.06,549.12,536.92,549.12,2142330,VNENE,Năng lượng
2019-12-05,556.79,560.65,546.17,546.17,2014330,VNENE,Năng lượng
2019-12-06,547.91,551.77,545.05,546.53,871510,VNENE,Năng lượng
2019-12-09,546.53,550.14,538.42,539.58,2003400,VNENE,Năng lượng
2019-12-10,538.57,541.86,530.8,534.38,2775370,VNENE,Năng lượng
2019-12-11,536.46,536.57,524.17,528.85,2785120,VNENE,Năng lượng
2019-12-12,530.01,540.82,527.03,537.96,2245810,VNENE,Năng lượng
2019-12-13,540.88,543.0,537.29,542.06,2002190,VNENE,Năng lượng
2019-12-16,542.64,549.77,541.1,545.81,2412820,VNENE,Năng lượng
2019-12-17,545.81,548.41,540.35,542.67,1978100,VNENE,Năng lượng
2019-12-18,543.64,553.02,542.15,546.21,2948930,VNENE,Năng lượng
2019-12-19,546.43,551.87,545.32,547.38,1586700,VNENE,Năng lượng
2019-12-20,547.57,552.11,544.59,546.22,1398700,VNENE,Năng lượng
2019-12-23,547.63,547.68,537.1,540.46,2304820,VNENE,Năng lượng
2019-12-24,538.53,541.79,536.83,540.58,1226970,VNENE,Năng lượng
2019-12-25,539.42,544.08,538.31,538.96,1064730,VNENE,Năng lượng
2019-12-26,541.85,546.81,540.05,543.43,1866520,VNENE,Năng lượng
2019-12-27,544.97,546.52,541.87,546.07,1339310,VNENE,Năng lượng
2019-12-30,548.58,555.16,547.2,552.37,3122070,VNENE,Năng lượng
2019-12-31,549.88,552.66,543.89,550.16,1699280,VNENE,Năng lượng
2020-01-02,550.16,550.38,542.68,548.04,1540260,VNENE,Năng lượng
2020-01-03,552.86,558.06,546.17,546.95,5124590,VNENE,Năng lượng
2020-01-06,559.85,565.94,557.72,562.61,6569090,VNENE,Năng lượng
2020-01-07,558.55,560.35,553.34,556.54,2302180,VNENE,Năng lượng
2020-01-08,556.54,565.96,548.66,551.65,4879690,VNENE,Năng lượng
2020-01-09,541.72,547.41,538.82,541.66,3501320,VNENE,Năng lượng
2020-01-10,542.63,544.13,530.49,537.79,3320430,VNENE,Năng lượng
2020-01-13,535.03,535.03,528.45,531.82,3164220,VNENE,Năng lượng
2020-01-14,531.43,532.55,524.48,526.94,3258460,VNENE,Năng lượng
2020-01-15,532.37,532.37,524.3,525.23,1604910,VNENE,Năng lượng
2020-01-16,523.68,533.31,521.58,527.63,4059220,VNENE,Năng lượng
2020-01-17,529.56,530.8,523.15,523.15,1614490,VNENE,Năng lượng
2020-01-20,523.45,526.08,514.49,517.66,2421970,VNENE,Năng lượng
2020-01-21,519.59,526.37,513.57,522.49,3455530,VNENE,Năng lượng
2020-01-22,523.09,528.42,522.05,524.15,2997610,VNENE,Năng lượng
2020-01-30,516.44,516.44,499.41,504.41,4832140,VNENE,Năng lượng
2020-01-31,503.53,504.3,477.46,480.0,4910140,VNENE,Năng lượng
2020-02-03,460.34,460.45,448.01,459.5,8330790,VNENE,Năng lượng
2020-02-04,463.23,466.75,449.54,453.11,5101630,VNENE,Năng lượng
2020-02-05,454.79,463.01,453.69,461.56,6230990,VNENE,Năng lượng
2020-02-06,462.29,475.7,460.71,474.08,6515880,VNENE,Năng lượng
2020-02-07,475.94,478.66,472.54,472.57,4207270,VNENE,Năng lượng
2020-02-10,465.61,471.23,459.88,467.63,3858570,VNENE,Năng lượng
2020-02-11,468.09,477.4,467.16,476.64,4220550,VNENE,Năng lượng
2020-02-12,476.37,481.03,476.37,479.7,4394630,VNENE,Năng lượng
2020-02-13,479.88,484.62,479.31,481.09,3039940,VNENE,Năng lượng
2020-02-14,480.18,482.47,478.17,479.27,3470280,VNENE,Năng lượng
2020-02-17,479.2,482.35,477.15,480.01,3456590,VNENE,Năng lượng
2020-02-18,480.01,480.85,476.95,477.44,2250570,VNENE,Năng lượng
2020-02-19,477.99,480.29,475.4,476.97,2812420,VNENE,Năng lượng
2020-02-20,476.91,483.95,476.91,479.77,4352880,VNENE,Năng lượng
2020-02-21,481.34,481.44,473.88,473.88,3974050,VNENE,Năng lượng
2020-02-24,473.88,473.88,451.32,452.6,7909630,VNENE,Năng lượng
2020-02-25,452.52,455.57,446.24,454.32,4458950,VNENE,Năng lượng
2020-02-26,451.12,451.12,445.59,446.45,3164210,VNENE,Năng lượng
2020-02-27,446.64,454.1,446.09,454.1,2176770,VNENE,Năng lượng
2020-02-28,445.39,454.07,442.45,449.58,6462300,VNENE,Năng lượng
2020-03-02,449.5,450.72,445.18,445.18,3735640,VNENE,Năng lượng
2020-03-03,450.86,454.03,444.68,444.68,3464000,VNENE,Năng lượng
2020-03-04,443.76,449.22,443.73,448.09,5712960,VNENE,Năng lượng
2020-03-05,449.62,453.31,449.06,449.7,4128800,VNENE,Năng lượng
2020-03-06,449.24,449.24,442.87,444.86,2912500,VNENE,Năng lượng
2020-03-09,444.81,444.81,415.15,415.42,2248330,VNENE,Năng lượng
2020-03-10,415.15,415.15,388.93,395.31,9264090,VNENE,Năng lượng
2020-03-11,395.34,403.54,369.64,371.33,10349710,VNENE,Năng lượng
2020-03-12,371.33,371.33,345.79,346.24,9550890,VNENE,Năng lượng
2020-03-13,325.37,341.54,323.52,333.69,8381760,VNENE,Năng lượng
2020-03-16,332.37,343.65,328.47,335.28,5583400,VNENE,Năng lượng
2020-03-17,335.68,346.37,326.53,346.12,5874870,VNENE,Năng lượng
2020-03-18,353.55,358.95,349.11,353.81,7448560,VNENE,Năng lượng
2020-03-19,349.12,351.35,336.99,337.2,8029860,VNENE,Năng lượng
2020-03-20,344.15,348.41,337.78,344.4,5651490,VNENE,Năng lượng
2020-03-23,337.41,337.41,320.9,321.17,9116040,VNENE,Năng lượng
2020-03-24,319.02,319.14,306.18,318.26,7409760,VNENE,Năng lượng
2020-03-25,322.47,338.63,322.47,336.11,5681450,VNENE,Năng lượng
2020-03-26,336.11,342.41,327.41,329.35,4285280,VNENE,Năng lượng
2020-03-27,327.25,329.97,321.54,326.03,5765990,VNENE,Năng lượng
2020-03-30,298.86,308.16,298.23,301.35,4566740,VNENE,Năng lượng
2020-03-31,301.38,309.02,294.29,300.88,8556200,VNENE,Năng lượng
2020-04-01,300.7,319.56,300.24,316.08,4900480,VNENE,Năng lượng
2020-04-03,322.36,330.5,322.36,328.73,3821580,VNENE,Năng lượng
2020-04-06,330.77,342.8,330.77,338.63,5436930,VNENE,Năng lượng
2020-04-07,333.97,340.5,330.55,337.46,16526000,VNENE,Năng lượng
2020-04-08,337.46,340.91,329.72,339.98,8045120,VNENE,Năng lượng
2020-04-09,339.98,358.77,339.98,353.65,14023030,VNENE,Năng lượng
2020-04-10,352.26,358.71,345.89,354.48,10491130,VNENE,Năng lượng
2020-04-13,355.41,364.71,355.26,358.01,10502580,VNENE,Năng lượng
2020-04-14,358.12,358.39,343.67,352.03,8801160,VNENE,Năng lượng
2020-04-15,349.03,355.01,346.23,351.23,8946580,VNENE,Năng lượng
2020-04-16,349.96,364.02,348.14,360.9,11689100,VNENE,Năng lượng
2020-04-17,365.99,369.72,365.27,368.61,13351370,VNENE,Năng lượng
2020-04-20,368.68,391.25,368.68,390.87,20472480,VNENE,Năng lượng
2020-04-21,384.19,384.19,364.59,364.83,18751780,VNENE,Năng lượng
2020-04-22,364.82,364.82,345.31,360.77,11455530,VNENE,Năng lượng
2020-04-23,363.17,369.75,360.09,361.95,8577650,VNENE,Năng lượng
2020-04-24,361.9,365.52,359.35,364.1,6916720,VNENE,Năng lượng
2020-04-27,356.84,364.94,353.34,353.71,9381380,VNENE,Năng lượng
2020-04-28,351.68,351.69,342.87,347.27,8544140,VNENE,Năng lượng
2020-04-29,348.47,355.99,348.47,354.72,5420230,VNENE,Năng lượng
2020-05-04,364.76,365.15,353.55,353.55,7440030,VNENE,Năng lượng
2020-05-05,350.72,359.64,350.52,357.92,5210700,VNENE,Năng lượng
2020-05-06,363.8,370.49,362.86,368.55,8429290,VNENE,Năng lượng
2020-05-07,368.23,370.71,365.56,368.71,6936910,VNENE,Năng lượng
2020-05-08,369.45,385.99,369.45,378.36,11837490,VNENE,Năng lượng
2020-05-11,380.14,390.06,378.3,388.63,17490060,VNENE,Năng lượng
2020-05-12,388.71,398.47,381.04,396.86,11336830,VNENE,Năng lượng
2020-05-13,397.14,406.4,390.03,401.09,11925700,VNENE,Năng lượng
2020-05-14,399.7,401.69,394.2,397.73,10093310,VNENE,Năng lượng
2020-05-15,397.73,404.75,391.57,392.38,10677600,VNENE,Năng lượng
2020-05-18,392.38,401.91,392.38,401.17,10250010,VNENE,Năng lượng
2020-05-19,401.17,416.39,401.17,410.47,11527290,VNENE,Năng lượng
2020-05-20,406.25,410.47,405.05,408.05,6634720,VNENE,Năng lượng
2020-05-21,408.6,412.89,405.17,407.13,9125910,VNENE,Năng lượng
2020-05-22,407.15,410.45,402.18,402.89,10480200,VNENE,Năng lượng
2020-05-25,403.27,407.12,398.59,405.0,5430930,VNENE,Năng lượng
2020-05-26,405.0,413.16,405.0,413.16,10374540,VNENE,Năng lượng
2020-05-27,414.09,419.8,408.97,408.97,11151510,VNENE,Năng lượng
2020-05-28,409.12,411.49,406.83,407.64,5958090,VNENE,Năng lượng
2020-05-29,407.36,408.28,402.28,403.31,7081300,VNENE,Năng lượng
2020-06-01,403.59,410.39,403.59,408.04,6746860,VNENE,Năng lượng
2020-06-02,410.4,419.69,405.82,412.72,17469050,VNENE,Năng lượng
2020-06-03,418.57,420.33,414.85,419.86,11201910,VNENE,Năng lượng
2020-06-04,421.63,426.01,418.44,419.66,10003030,VNENE,Năng lượng
2020-06-05,418.73,421.21,410.0,420.43,8545680,VNENE,Năng lượng
2020-06-08,420.43,433.2,420.43,432.1,17510410,VNENE,Năng lượng
2020-06-09,431.54,431.63,426.44,427.65,9349980,VNENE,Năng lượng
2020-06-10,427.51,429.15,418.9,427.59,8585610,VNENE,Năng lượng
2020-06-11,427.59,430.68,399.0,399.0,15205360,VNENE,Năng lượng
2020-06-12,398.99,400.16,380.81,400.16,12188730,VNENE,Năng lượng
2020-06-15,401.58,402.98,383.9,385.68,9829350,VNENE,Năng lượng
2020-06-16,388.0,398.1,385.68,393.77,5175780,VNENE,Năng lượng
2020-06-17,393.65,402.13,392.73,400.23,5394100,VNENE,Năng lượng
2020-06-18,398.83,406.21,396.13,403.5,3571540,VNENE,Năng lượng
2020-06-19,405.36,408.28,400.49,403.44,5645910,VNENE,Năng lượng
2020-06-22,404.37,407.21,400.26,405.23,5162830,VNENE,Năng lượng
2020-06-23,407.68,409.38,403.0,407.22,8061610,VNENE,Năng lượng
2020-06-24,407.7,408.08,402.62,402.96,5446430,VNENE,Năng lượng
2020-06-25,401.84,401.84,395.06,400.36,5970010,VNENE,Năng lượng
2020-06-26,401.07,404.01,398.15,399.69,4686900,VNENE,Năng lượng
2020-06-29,398.98,398.98,384.19,389.08,7840420,VNENE,Năng lượng
2020-06-30,390.63,394.87,382.89,387.74,5581310,VNENE,Năng lượng
2020-07-01,388.21,394.28,384.63,393.89,4414360,VNENE,Năng lượng
2020-07-02,395.35,395.82,388.6,394.26,3420690,VNENE,Năng lượng
2020-07-03,396.33,397.15,392.71,395.61,4437170,VNENE,Năng lượng
2020-07-06,397.42,399.84,394.71,398.89,3796050,VNENE,Năng lượng
2020-07-07,398.94,403.94,398.19,400.42,4604470,VNENE,Năng lượng
2020-07-08,399.9,400.36,396.42,399.89,2961190,VNENE,Năng lượng
2020-07-09,400.82,405.14,398.57,403.16,6985220,VNENE,Năng lượng
2020-07-10,401.52,402.83,398.04,399.94,4128600,VNENE,Năng lượng
2020-07-13,401.73,403.92,399.6,401.33,4431200,VNENE,Năng lượng
2020-07-14,399.85,401.19,396.36,401.19,3311760,VNENE,Năng lượng
2020-07-15,401.66,403.81,400.6,401.64,3081170,VNENE,Năng lượng
2020-07-16,401.43,408.97,401.43,405.25,7572720,VNENE,Năng lượng
2020-07-17,404.79,411.37,404.27,407.02,3800900,VNENE,Năng lượng
2020-07-20,406.94,406.94,398.08,398.7,3992730,VNENE,Năng lượng
2020-07-21,399.02,400.5,394.27,396.81,3518200,VNENE,Năng lượng
2020-07-22,396.81,402.02,391.78,393.18,3642580,VNENE,Năng lượng
2020-07-23,392.99,397.94,390.76,397.16,3649570,VNENE,Năng lượng
2020-07-24,397.16,397.16,377.31,383.53,9696690,VNENE,Năng lượng
2020-07-27,383.25,383.25,357.54,357.7,9718670,VNENE,Năng lượng
2020-07-28,359.01,373.82,357.34,371.34,5740000,VNENE,Năng lượng
2020-07-29,361.99,371.38,349.82,355.84,6420460,VNENE,Năng lượng
2020-07-30,355.63,364.03,355.63,360.69,2466320,VNENE,Năng lượng
2020-07-31,359.26,361.34,351.77,359.59,2498780,VNENE,Năng lượng
2020-08-03,360.31,374.5,359.63,372.19,5110850,VNENE,Năng lượng
2020-08-04,374.49,378.2,372.26,378.2,4378220,VNENE,Năng lượng
2020-08-05,377.06,384.86,375.86,383.42,6027850,VNENE,Năng lượng
2020-08-06,384.74,390.01,381.33,388.14,10352340,VNENE,Năng lượng
2020-08-07,388.93,389.2,385.06,386.95,4428650,VNENE,Năng lượng
2020-08-10,386.95,394.38,386.95,392.54,6243130,VNENE,Năng lượng
2020-08-11,393.55,395.42,390.89,395.03,4549320,VNENE,Năng lượng
2020-08-12,395.03,405.51,395.03,405.51,11079180,VNENE,Năng lượng
2020-08-13,405.51,410.3,404.37,406.15,6111710,VNENE,Năng lượng
2020-08-14,403.34,406.49,398.87,401.41,7465230,VNENE,Năng lượng
2020-08-17,401.41,406.32,397.86,405.33,11134810,VNENE,Năng lượng
2020-08-18,405.57,407.5,403.35,404.45,5582040,VNENE,Năng lượng
2020-08-19,404.45,409.15,403.1,409.15,4601320,VNENE,Năng lượng
2020-08-20,409.15,409.15,402.94,403.17,6534340,VNENE,Năng lượng
2020-08-21,403.43,408.22,403.26,405.4,6272490,VNENE,Năng lượng
2020-08-24,406.78,418.98,406.78,418.04,11961660,VNENE,Năng lượng
2020-08-25,417.91,428.8,417.91,426.2,7693030,VNENE,Năng lượng
2020-08-26,427.11,438.95,427.02,438.83,22212440,VNENE,Năng lượng
2020-08-27,438.37,445.59,437.81,445.15,10439700,VNENE,Năng lượng
2020-08-28,444.53,447.59,441.25,442.49,11943950,VNENE,Năng lượng
2020-08-31,442.49,448.65,441.46,445.96,15438440,VNENE,Năng lượng
2020-09-01,447.05,452.89,445.25,451.65,11644990,VNENE,Năng lượng
2020-09-03,451.68,451.68,443.84,445.99,10459830,VNENE,Năng lượng
2020-09-04,444.61,445.45,437.16,442.73,11503060,VNENE,Năng lượng
2020-09-07,442.73,442.73,434.9,434.9,14396100,VNENE,Năng lượng
2020-09-08,437.71,438.74,433.64,438.27,6287090,VNENE,Năng lượng
2020-09-09,432.69,436.26,432.19,435.14,8129640,VNENE,Năng lượng
2020-09-10,436.06,438.49,431.76,431.76,4474390,VNENE,Năng lượng
2020-09-11,431.48,433.6,430.09,430.49,4340550,VNENE,Năng lượng
2020-09-14,430.95,435.14,430.95,433.97,8442020,VNENE,Năng lượng
2020-09-15,437.35,437.39,429.28,435.14,10204420,VNENE,Năng lượng
2020-09-16,435.14,446.85,435.04,446.4,13055530,VNENE,Năng lượng
2020-09-17,446.4,448.62,438.37,440.56,8010840,VNENE,Năng lượng
2020-09-18,440.56,443.8,440.56,443.09,4534010,VNENE,Năng lượng
2020-09-21,443.55,447.37,442.61,443.46,9312130,VNENE,Năng lượng
2020-09-22,443.46,443.9,439.76,443.15,10923390,VNENE,Năng lượng
2020-09-23,444.31,454.13,444.31,452.91,11473240,VNENE,Năng lượng
2020-09-24,451.72,455.12,449.58,454.51,8994170,VNENE,Năng lượng
2020-09-25,454.7,456.28,451.39,456.28,12528300,VNENE,Năng lượng
2020-09-28,458.11,461.81,455.9,459.13,10340410,VNENE,Năng lượng
2020-09-29,459.38,462.68,451.92,451.92,13764420,VNENE,Năng lượng
2020-09-30,451.84,452.97,446.08,451.39,7361510,VNENE,Năng lượng
2020-10-01,455.9,457.56,452.94,455.35,6968560,VNENE,Năng lượng
2020-10-02,454.4,457.2,449.32,455.94,16623050,VNENE,Năng lượng
2020-10-05,455.95,465.39,455.95,464.53,19438210,VNENE,Năng lượng
2020-10-06,469.07,469.07,461.24,463.34,10567200,VNENE,Năng lượng
2020-10-07,462.05,463.55,458.29,458.29,13300540,VNENE,Năng lượng
2020-10-08,458.35,461.52,456.2,458.04,11498430,VNENE,Năng lượng
2020-10-09,458.04,463.07,457.23,457.45,5658550,VNENE,Năng lượng
2020-10-12,457.41,459.7,449.32,449.38,14899710,VNENE,Năng lượng
2020-10-13,449.32,450.87,445.23,446.52,8348230,VNENE,Năng lượng
2020-10-14,446.52,449.27,445.82,447.08,9935170,VNENE,Năng lượng
2020-10-15,448.0,453.96,447.97,448.9,9056620,VNENE,Năng lượng
2020-10-16,449.36,453.13,446.88,449.76,6351790,VNENE,Năng lượng
2020-10-19,451.05,451.73,445.33,445.56,5255700,VNENE,Năng lượng
2020-10-20,446.95,449.32,443.72,446.42,7026140,VNENE,Năng lượng
2020-10-21,446.32,449.01,442.54,444.22,6672240,VNENE,Năng lượng
2020-10-22,443.96,446.4,440.7,446.4,5318290,VNENE,Năng lượng
2020-10-23,447.78,449.67,444.96,446.52,4031960,VNENE,Năng lượng
2020-10-26,446.52,446.52,439.85,443.28,9982400,VNENE,Năng lượng
2020-10-27,443.74,443.74,436.72,437.62,8811720,VNENE,Năng lượng
2020-10-28,433.8,437.77,427.49,427.49,6054690,VNENE,Năng lượng
2020-10-29,429.99,431.58,425.43,430.97,4323210,VNENE,Năng lượng
2020-10-30,430.97,435.69,424.93,435.69,4557400,VNENE,Năng lượng
2020-11-02,435.45,435.45,430.42,432.79,2435800,VNENE,Năng lượng
2020-11-03,435.81,438.49,433.09,433.96,3918180,VNENE,Năng lượng
2020-11-04,435.38,443.59,435.38,441.71,7477850,VNENE,Năng lượng
2020-11-05,442.15,443.68,438.54,438.54,3788480,VNENE,Năng lượng
2020-11-06,438.49,440.32,433.85,436.99,2472180,VNENE,Năng lượng
2020-11-09,438.29,443.69,438.29,443.47,7071310,VNENE,Năng lượng
2020-11-10,443.92,457.61,429.95,448.93,14545000,VNENE,Năng lượng
2020-11-11,448.96,456.9,448.93,453.2,17072460,VNENE,Năng lượng
2020-11-12,453.93,455.61,450.14,451.49,9848260,VNENE,Năng lượng
2020-11-13,450.92,453.66,448.17,453.35,9445610,VNENE,Năng lượng
2020-11-16,453.35,457.72,447.29,447.29,12999040,VNENE,Năng lượng
2020-11-17,449.9,456.02,448.08,454.57,21086590,VNENE,Năng lượng
2020-11-18,455.61,459.62,453.35,457.89,15513800,VNENE,Năng lượng
2020-11-19,459.86,478.29,459.45,473.0,16302610,VNENE,Năng lượng
2020-11-20,472.13,473.74,469.87,472.17,12156290,VNENE,Năng lượng
2020-11-23,473.36,475.05,466.26,471.53,10050580,VNENE,Năng lượng
2020-11-24,472.7,475.68,466.87,471.4,19080010,VNENE,Năng lượng
2020-11-25,479.89,480.12,474.04,474.26,15301690,VNENE,Năng lượng
2020-11-26,473.7,484.63,472.73,478.74,11768360,VNENE,Năng lượng
2020-11-27,479.68,481.78,475.69,477.2,9617800,VNENE,Năng lượng
2020-11-30,478.38,478.49,470.34,470.34,12931790,VNENE,Năng lượng
2020-12-01,468.3,471.77,462.8,471.11,12935490,VNENE,Năng lượng
2020-12-02,471.08,475.69,467.45,471.74,12182880,VNENE,Năng lượng
2020-12-03,471.8,476.06,470.46,473.56,11433370,VNENE,Năng lượng
2020-12-04,474.78,483.71,474.78,477.32,14443640,VNENE,Năng lượng
2020-12-07,478.82,482.4,477.76,480.33,8656620,VNENE,Năng lượng
2020-12-08,480.33,481.84,475.4,476.23,10385330,VNENE,Năng lượng
2020-12-09,475.95,492.53,475.95,488.16,16713010,VNENE,Năng lượng
2020-12-10,488.16,492.7,479.88,479.88,12068790,VNENE,Năng lượng
2020-12-11,479.88,491.55,479.88,491.55,9979410,VNENE,Năng lượng
2020-12-14,491.96,503.1,491.96,503.1,16637700,VNENE,Năng lượng
2020-12-15,503.14,505.14,495.34,497.86,11178350,VNENE,Năng lượng
2020-12-16,497.86,503.18,496.34,501.28,15659070,VNENE,Năng lượng
2020-12-17,501.28,503.59,490.29,493.31,17968790,VNENE,Năng lượng
2020-12-18,494.13,501.87,493.46,501.87,9442220,VNENE,Năng lượng
2020-12-21,502.43,508.25,500.22,505.62,18647350,VNENE,Năng lượng
2020-12-22,505.62,505.64,497.23,500.94,14265910,VNENE,Năng lượng
2020-12-23,499.6,504.91,497.88,499.0,11536620,VNENE,Năng lượng
2020-12-24,501.12,504.45,486.66,493.1,12584950,VNENE,Năng lượng
2020-12-25,493.1,497.27,486.05,496.84,8252550,VNENE,Năng lượng
2020-12-28,498.47,521.94,498.47,518.42,30284540,VNENE,Năng lượng
2020-12-29,518.42,529.23,517.12,521.07,17476720,VNENE,Năng lượng
2020-12-30,522.11,526.44,519.53,522.92,11097260,VNENE,Năng lượng
2020-12-31,523.2,527.97,518.67,524.85,17073300,VNENE,Năng lượng
2021-01-04,529.75,545.05,527.97,539.12,17202600,VNENE,Năng lượng
2021-01-05,537.32,548.11,535.05,540.42,13710300,VNENE,Năng lượng
2021-01-06,540.67,556.04,540.67,542.64,18571100,VNENE,Năng lượng
2021-01-07,542.64,556.45,542.64,555.8,22007100,VNENE,Năng lượng
2021-01-08,555.85,577.85,555.85,568.05,18273200,VNENE,Năng lượng
2021-01-11,574.57,591.55,574.57,585.93,15276800,VNENE,Năng lượng
2021-01-12,586.09,596.37,579.42,589.0,15931700,VNENE,Năng lượng
2021-01-13,589.0,596.76,579.0,582.9,19035800,VNENE,Năng lượng
2021-01-14,582.9,585.93,575.83,581.73,19192200,VNENE,Năng lượng
2021-01-15,582.58,599.47,582.58,598.98,22176200,VNENE,Năng lượng
2021-01-18,601.24,617.12,598.17,608.7,20535500,VNENE,Năng lượng
2021-01-19,610.78,613.83,569.43,574.85,24559100,VNENE,Năng lượng
2021-01-20,574.85,581.06,551.19,578.49,30396000,VNENE,Năng lượng
2021-01-21,583.68,600.97,579.43,600.69,22783200,VNENE,Năng lượng
2021-01-22,600.7,612.75,594.44,596.5,25019700,VNENE,Năng lượng
2021-01-25,596.64,597.42,586.02,586.02,20810200,VNENE,Năng lượng
2021-01-26,586.37,589.1,557.42,561.94,26145200,VNENE,Năng lượng
2021-01-27,556.1,567.88,534.78,535.89,23534500,VNENE,Năng lượng
2021-01-28,524.79,524.79,498.98,498.98,19355100,VNENE,Năng lượng
2021-01-29,493.33,529.44,475.58,517.45,19412000,VNENE,Năng lượng
2021-02-01,514.18,522.71,496.57,499.03,17729500,VNENE,Năng lượng
2021-02-02,500.35,517.72,491.79,516.24,16335900,VNENE,Năng lượng
2021-02-03,516.24,540.04,516.24,536.05,16717100,VNENE,Năng lượng
2021-02-04,540.94,553.06,540.94,547.9,17403800,VNENE,Năng lượng
2021-02-05,552.48,559.39,551.69,556.59,13878600,VNENE,Năng lượng
2021-02-08,561.65,575.66,545.38,553.78,24426400,VNENE,Năng lượng
2021-02-09,561.68,569.73,549.71,569.22,17805500,VNENE,Năng lượng
2021-02-17,591.19,602.63,584.67,602.22,17233700,VNENE,Năng lượng
2021-02-18,615.9,624.26,608.12,614.19,39496000,VNENE,Năng lượng
2021-02-19,604.32,614.63,601.67,605.64,27310400,VNENE,Năng lượng
2021-02-22,605.12,619.54,604.76,616.27,21968400,VNENE,Năng lượng
2021-02-23,629.39,631.63,617.42,618.62,18692800,VNENE,Năng lượng
2021-02-24,618.62,623.24,603.42,611.03,20794400,VNENE,Năng lượng
2021-02-25,619.8,629.21,614.75,621.83,18307200,VNENE,Năng lượng
2021-02-26,615.87,619.51,607.01,619.51,17335700,VNENE,Năng lượng
2021-03-01,624.18,637.27,622.4,635.49,24443800,VNENE,Năng lượng
2021-03-02,638.08,638.09,626.62,628.26,20246700,VNENE,Năng lượng
2021-03-03,624.84,627.4,621.8,624.56,16612200,VNENE,Năng lượng
2021-03-04,624.56,631.93,606.42,628.72,28464100,VNENE,Năng lượng
2021-03-05,628.89,644.18,628.89,643.87,29093200,VNENE,Năng lượng
2021-03-08,651.92,662.59,645.41,652.69,24615700,VNENE,Năng lượng
2021-03-09,647.68,647.89,629.68,629.68,20413200,VNENE,Năng lượng
2021-03-10,627.24,627.24,614.56,620.59,21993100,VNENE,Năng lượng
2021-03-11,623.84,631.42,619.38,621.48,12382400,VNENE,Năng lượng
2021-03-12,621.41,630.32,618.46,619.41,12713100,VNENE,Năng lượng
2021-03-15,619.41,632.65,617.24,628.21,16971900,VNENE,Năng lượng
2021-03-16,627.7,630.58,620.74,626.92,18266800,VNENE,Năng lượng
2021-03-17,626.92,635.01,623.33,632.91,17647200,VNENE,Năng lượng
2021-03-18,632.91,635.81,628.57,629.49,11541100,VNENE,Năng lượng
2021-03-19,623.97,623.97,611.29,615.12,23193700,VNENE,Năng lượng
2021-03-22,616.24,622.77,612.9,614.95,8118300,VNENE,Năng lượng
2021-03-23,614.91,619.49,609.37,617.23,10056000,VNENE,Năng lượng
2021-03-24,617.25,617.25,593.73,600.23,18687100,VNENE,Năng lượng
2021-03-25,598.33,603.92,593.71,595.3,11231600,VNENE,Năng lượng
2021-03-26,591.63,596.03,563.39,592.1,15406500,VNENE,Năng lượng
2021-03-29,594.64,602.61,593.56,595.64,8955000,VNENE,Năng lượng
2021-03-30,595.64,602.01,593.17,600.41,9771600,VNENE,Năng lượng
2021-03-31,598.47,607.16,596.9,597.87,8012100,VNENE,Năng lượng
2021-04-01,597.87,612.45,597.87,611.98,10635500,VNENE,Năng lượng
2021-04-02,612.31,619.87,610.99,612.46,9905100,VNENE,Năng lượng
2021-04-05,612.46,616.68,604.04,607.83,9761900,VNENE,Năng lượng
2021-04-06,607.83,607.83,597.64,606.68,12542000,VNENE,Năng lượng
2021-04-07,606.68,609.28,603.48,608.48,10386900,VNENE,Năng lượng
2021-04-08,608.43,611.48,605.14,607.96,7599400,VNENE,Năng lượng
2021-04-09,605.79,610.82,605.77,607.5,16947200,VNENE,Năng lượng
2021-04-12,607.5,607.53,600.95,604.24,14401200,VNENE,Năng lượng
2021-04-13,604.36,607.26,593.72,593.72,11258100,VNENE,Năng lượng
2021-04-14,592.34,604.83,587.17,601.75,13018900,VNENE,Năng lượng
2021-04-15,609.32,612.05,592.51,594.07,12606600,VNENE,Năng lượng
2021-04-16,595.11,595.11,576.32,580.09,10158500,VNENE,Năng lượng
2021-04-19,580.18,582.57,576.29,579.62,8943400,VNENE,Năng lượng
2021-04-20,579.79,591.53,577.41,579.16,10838900,VNENE,Năng lượng
2021-04-22,579.12,579.12,550.88,550.88,11521700,VNENE,Năng lượng
2021-04-23,550.88,556.63,543.93,555.4,11279900,VNENE,Năng lượng
2021-04-26,560.19,560.19,533.58,533.58,11890800,VNENE,Năng lượng
2021-04-27,533.99,536.74,524.58,524.58,8725900,VNENE,Năng lượng
2021-04-28,525.39,540.13,525.39,535.47,7027700,VNENE,Năng lượng
2021-04-29,538.49,543.88,534.57,537.93,6049400,VNENE,Năng lượng
2021-05-04,530.93,530.93,522.27,529.07,8339500,VNENE,Năng lượng
2021-05-05,540.14,558.97,538.87,551.45,10219900,VNENE,Năng lượng
2021-05-06,546.11,561.91,546.11,550.32,10700600,VNENE,Năng lượng
2021-05-07,549.3,551.44,538.08,542.54,9530100,VNENE,Năng lượng
2021-05-10,542.03,563.2,541.88,562.79,10707700,VNENE,Năng lượng
2021-05-11,562.85,573.19,559.79,564.79,12165100,VNENE,Năng lượng
2021-05-12,564.76,573.4,564.76,572.04,9270900,VNENE,Năng lượng
2021-05-13,572.61,579.6,571.25,572.12,10972300,VNENE,Năng lượng
2021-05-14,573.25,574.95,568.18,571.4,10261900,VNENE,Năng lượng
2021-05-17,571.4,580.24,563.55,563.55,8578800,VNENE,Năng lượng
2021-05-18,563.55,570.91,559.35,570.89,10604400,VNENE,Năng lượng
2021-05-19,568.68,573.9,564.89,564.89,8109700,VNENE,Năng lượng
2021-05-20,562.68,565.65,554.81,561.08,9294000,VNENE,Năng lượng
2021-05-21,556.26,581.79,554.37,581.79,11358800,VNENE,Năng lượng
2021-05-24,583.21,583.21,575.16,581.06,10945600,VNENE,Năng lượng
2021-05-25,581.14,589.85,581.14,585.26,14876400,VNENE,Năng lượng
2021-05-26,582.89,583.4,576.27,580.71,16879300,VNENE,Năng lượng
2021-05-27,580.71,581.23,567.29,567.65,13432300,VNENE,Năng lượng
2021-05-28,576.77,586.02,568.83,582.87,21622300,VNENE,Năng lượng
2021-05-31,582.87,590.62,577.76,590.39,20433800,VNENE,Năng lượng
2021-06-01,593.84,608.39,593.84,598.35,17191100,VNENE,Năng lượng
2021-06-02,598.35,608.72,598.35,603.88,24090100,VNENE,Năng lượng
2021-06-03,607.84,613.43,606.47,607.1,21948000,VNENE,Năng lượng
2021-06-04,607.1,636.84,599.46,635.51,43058100,VNENE,Năng lượng
2021-06-07,648.49,658.82,635.17,645.25,33426500,VNENE,Năng lượng
2021-06-08,637.38,639.2,613.83,613.83,28701900,VNENE,Năng lượng
2021-06-09,613.83,619.38,597.75,612.08,31066200,VNENE,Năng lượng
2021-06-10,610.04,610.04,587.19,589.28,26142100,VNENE,Năng lượng
2021-06-11,595.85,605.6,585.61,604.59,26323200,VNENE,Năng lượng
2021-06-14,614.13,625.3,610.38,618.31,24211300,VNENE,Năng lượng
2021-06-15,618.31,622.9,613.52,613.77,21011600,VNENE,Năng lượng
2021-06-16,613.79,634.46,613.79,623.34,26287100,VNENE,Năng lượng
2021-06-17,621.13,638.22,612.72,633.38,22412100,VNENE,Năng lượng
2021-06-18,632.61,632.63,626.33,627.09,15303800,VNENE,Năng lượng
2021-06-21,629.72,649.22,629.64,641.14,18457800,VNENE,Năng lượng
2021-06-22,647.85,659.22,645.26,646.07,23239200,VNENE,Năng lượng
2021-06-23,646.01,646.01,628.48,633.31,15992100,VNENE,Năng lượng
2021-06-24,632.31,636.38,620.09,623.97,14213700,VNENE,Năng lượng
2021-06-25,623.97,631.77,618.32,628.25,15087800,VNENE,Năng lượng
2021-06-28,635.18,639.96,632.52,633.83,14471600,VNENE,Năng lượng
2021-06-29,630.18,630.36,618.0,619.83,18745300,VNENE,Năng lượng
2021-06-30,620.08,622.53,610.42,610.42,12279100,VNENE,Năng lượng
2021-07-01,610.99,618.81,601.09,615.43,15976400,VNENE,Năng lượng
2021-07-02,619.38,627.29,614.44,615.63,9823200,VNENE,Năng lượng
2021-07-05,602.04,617.1,594.39,602.04,16905200,VNENE,Năng lượng
2021-07-06,602.04,612.27,567.75,567.75,14672800,VNENE,Năng lượng
2021-07-07,565.14,573.57,551.97,573.57,15696000,VNENE,Năng lượng
2021-07-08,567.49,575.53,561.33,564.52,9179100,VNENE,Năng lượng
2021-07-09,559.77,569.31,538.26,544.55,14115000,VNENE,Năng lượng
2021-07-12,544.88,547.23,522.68,540.95,18510400,VNENE,Năng lượng
2021-07-13,547.43,555.31,542.95,554.05,8661800,VNENE,Năng lượng
2021-07-14,558.22,565.25,547.0,554.95,9190800,VNENE,Năng lượng
2021-07-15,548.95,559.53,546.18,556.28,8146900,VNENE,Năng lượng
2021-07-16,555.85,560.07,552.3,553.97,6361700,VNENE,Năng lượng
2021-07-19,533.66,539.49,522.43,525.21,16408400,VNENE,Năng lượng
2021-07-20,518.39,528.91,506.47,528.91,13332600,VNENE,Năng lượng
2021-07-21,532.81,539.54,529.03,530.66,6896000,VNENE,Năng lượng
2021-07-22,536.25,547.64,533.98,542.6,9490600,VNENE,Năng lượng
2021-07-23,540.15,544.56,530.54,530.54,7597200,VNENE,Năng lượng
2021-07-26,527.49,534.53,523.59,532.02,6032300,VNENE,Năng lượng
2021-07-27,540.06,548.4,536.37,541.07,9405800,VNENE,Năng lượng
2021-07-28,540.76,545.14,537.7,540.76,4033400,VNENE,Năng lượng
2021-07-29,542.84,548.51,539.15,548.51,10536400,VNENE,Năng lượng
2021-07-30,550.16,552.19,545.76,548.75,8532400,VNENE,Năng lượng
2021-08-02,549.52,558.17,548.7,552.31,12179200,VNENE,Năng lượng
2021-08-03,552.37,553.23,543.34,548.98,12909300,VNENE,Năng lượng
2021-08-04,552.25,563.27,547.74,560.71,17477200,VNENE,Năng lượng
2021-08-05,558.88,563.81,554.81,560.07,9790200,VNENE,Năng lượng
2021-08-06,563.79,566.41,558.77,560.43,12965100,VNENE,Năng lượng
2021-08-09,554.1,564.85,550.32,563.89,17687900,VNENE,Năng lượng
2021-08-10,566.54,582.03,563.13,582.03,25059800,VNENE,Năng lượng
2021-08-11,585.54,593.32,581.76,581.76,21007200,VNENE,Năng lượng
2021-08-12,577.88,589.02,576.85,581.48,17339800,VNENE,Năng lượng
2021-08-13,576.6,586.3,568.16,586.3,28112400,VNENE,Năng lượng
2021-08-16,589.08,592.17,580.66,584.42,19171900,VNENE,Năng lượng
2021-08-17,584.84,592.36,580.16,586.46,20203700,VNENE,Năng lượng
2021-08-18,584.01,592.73,582.19,588.37,19298400,VNENE,Năng lượng
2021-08-19,585.65,589.32,581.21,582.81,17263000,VNENE,Năng lượng
2021-08-20,581.97,582.81,552.81,554.25,30316100,VNENE,Năng lượng
2021-08-23,550.9,553.37,531.9,531.9,19714700,VNENE,Năng lượng
2021-08-24,539.09,544.71,533.97,539.6,14876800,VNENE,Năng lượng
2021-08-25,543.45,548.51,539.51,548.51,9576200,VNENE,Năng lượng
2021-08-26,548.83,555.68,542.68,545.08,11218000,VNENE,Năng lượng
2021-08-27,540.35,555.61,540.35,555.61,11724100,VNENE,Năng lượng
2021-08-30,563.44,564.54,559.06,561.28,11099400,VNENE,Năng lượng
2021-08-31,566.53,573.87,561.84,569.95,21062300,VNENE,Năng lượng
2021-09-01,569.69,580.86,568.99,578.31,17911500,VNENE,Năng lượng
2021-09-06,582.94,596.13,578.31,589.93,27944700,VNENE,Năng lượng
2021-09-07,590.64,590.64,571.95,573.47,21300600,VNENE,Năng lượng
2021-09-08,571.89,575.35,565.28,568.03,16778400,VNENE,Năng lượng
2021-09-09,569.74,580.86,569.74,578.94,12384700,VNENE,Năng lượng
2021-09-10,581.54,583.19,576.35,576.35,11885600,VNENE,Năng lượng
2021-09-13,580.51,583.71,577.59,578.56,17358600,VNENE,Năng lượng
2021-09-14,585.49,586.06,575.33,575.33,10938200,VNENE,Năng lượng
2021-09-15,574.84,591.88,574.84,591.88,18366100,VNENE,Năng lượng
2021-09-16,600.28,606.96,593.54,596.18,18249300,VNENE,Năng lượng
2021-09-17,601.15,608.9,598.33,602.42,25853400,VNENE,Năng lượng
2021-09-20,604.24,610.35,596.56,598.57,37405900,VNENE,Năng lượng
2021-09-21,587.47,607.3,587.47,606.53,28481300,VNENE,Năng lượng
2021-09-22,609.51,615.01,604.61,609.3,19644300,VNENE,Năng lượng
2021-09-23,614.75,617.27,605.67,606.22,24634000,VNENE,Năng lượng
2021-09-24,606.12,613.49,592.79,595.75,25516300,VNENE,Năng lượng
2021-09-27,602.09,608.9,589.91,589.91,18080600,VNENE,Năng lượng
2021-09-28,592.4,616.19,589.8,613.53,20584000,VNENE,Năng lượng
2021-09-29,618.13,623.81,612.08,618.35,19868600,VNENE,Năng lượng
2021-09-30,622.44,627.86,616.28,620.21,22324500,VNENE,Năng lượng
2021-10-01,618.4,636.6,616.45,631.97,25885800,VNENE,Năng lượng
2021-10-04,644.74,657.35,642.33,645.42,33319000,VNENE,Năng lượng
2021-10-05,655.11,655.11,639.97,651.15,24738800,VNENE,Năng lượng
2021-10-06,657.03,658.21,646.41,651.2,20012400,VNENE,Năng lượng
2021-10-07,644.22,654.04,637.11,650.22,26524200,VNENE,Năng lượng
2021-10-08,652.68,654.82,644.97,649.82,17424400,VNENE,Năng lượng
2021-10-11,660.93,661.46,653.43,655.11,17614500,VNENE,Năng lượng
2021-10-12,656.09,667.93,650.93,661.51,30789000,VNENE,Năng lượng
2021-10-13,660.99,663.16,653.38,653.38,13838300,VNENE,Năng lượng
2021-10-14,654.7,667.14,654.7,660.28,22881900,VNENE,Năng lượng
2021-10-15,664.23,666.11,654.46,657.82,16888000,VNENE,Năng lượng
2021-10-18,660.53,678.74,660.49,669.6,24195200,VNENE,Năng lượng
2021-10-19,667.67,670.2,662.09,665.59,15041900,VNENE,Năng lượng
2021-10-20,670.46,671.67,650.92,660.44,17102800,VNENE,Năng lượng
2021-10-21,666.16,671.16,660.37,666.68,18738500,VNENE,Năng lượng
2021-10-22,668.8,674.29,663.55,670.34,16915500,VNENE,Năng lượng
2021-10-25,676.35,691.82,675.25,679.55,19847200,VNENE,Năng lượng
2021-10-26,686.82,692.8,680.71,689.03,22724500,VNENE,Năng lượng
2021-10-27,699.01,704.09,691.43,704.09,22009700,VNENE,Năng lượng
2021-10-28,700.0,702.15,693.66,696.74,23175700,VNENE,Năng lượng
2021-10-29,696.62,700.81,689.4,691.72,21952100,VNENE,Năng lượng
2021-11-01,693.59,699.07,681.66,684.39,23109000,VNENE,Năng lượng
2021-11-02,685.55,698.52,681.21,695.1,23515100,VNENE,Năng lượng
2021-11-03,696.64,699.31,680.68,680.68,24290500,VNENE,Năng lượng
2021-11-04,677.18,682.94,673.41,678.27,17050100,VNENE,Năng lượng
2021-11-05,681.91,704.95,681.91,696.64,21595300,VNENE,Năng lượng
2021-11-08,705.78,717.18,703.36,710.88,15979200,VNENE,Năng lượng
2021-11-09,713.7,725.49,706.64,725.49,20978300,VNENE,Năng lượng
2021-11-10,732.59,755.66,731.16,753.5,26842400,VNENE,Năng lượng
2021-11-11,760.07,762.52,740.28,750.86,21993500,VNENE,Năng lượng
2021-11-12,748.59,750.22,731.87,746.3,21431800,VNENE,Năng lượng
2021-11-15,742.45,763.01,737.85,749.93,26098300,VNENE,Năng lượng
2021-11-16,745.49,759.87,741.97,752.7,19361900,VNENE,Năng lượng
2021-11-17,751.65,773.21,751.48,766.38,16272300,VNENE,Năng lượng
2021-11-18,764.74,765.49,743.18,743.18,25497200,VNENE,Năng lượng
2021-11-19,747.39,747.99,693.11,711.39,44119000,VNENE,Năng lượng
2021-11-22,695.32,698.27,665.74,666.86,23388200,VNENE,Năng lượng
2021-11-23,669.38,689.1,669.0,689.1,13255700,VNENE,Năng lượng
2021-11-24,700.77,700.77,686.56,688.56,11775900,VNENE,Năng lượng
2021-11-25,690.78,699.63,685.61,693.06,11099800,VNENE,Năng lượng
2021-11-26,690.74,692.3,671.14,675.33,18842200,VNENE,Năng lượng
2021-11-29,650.23,661.06,645.25,658.9,17353900,VNENE,Năng lượng
2021-11-30,668.17,685.29,662.41,666.94,15294200,VNENE,Năng lượng
2021-12-01,663.89,679.48,663.03,674.04,11438600,VNENE,Năng lượng
2021-12-02,671.38,683.97,669.26,679.3,9681700,VNENE,Năng lượng
2021-12-03,682.84,682.84,650.22,650.22,11981200,VNENE,Năng lượng
2021-12-06,655.82,657.96,626.78,636.52,13022200,VNENE,Năng lượng
2021-12-07,650.59,667.72,644.95,667.3,13012500,VNENE,Năng lượng
2021-12-08,678.75,681.12,669.69,669.69,9713800,VNENE,Năng lượng
2021-12-09,670.49,681.98,669.17,679.34,9043800,VNENE,Năng lượng
2021-12-10,673.53,677.52,670.39,673.55,10899400,VNENE,Năng lượng
2021-12-13,677.06,683.65,675.41,680.16,10897800,VNENE,Năng lượng
2021-12-14,678.31,688.71,675.58,683.41,10881100,VNENE,Năng lượng
2021-12-15,681.21,690.21,679.39,679.46,13027300,VNENE,Năng lượng
2021-12-16,685.38,686.23,677.27,681.59,9110500,VNENE,Năng lượng
2021-12-17,686.69,689.8,674.05,674.05,11052500,VNENE,Năng lượng
2021-12-20,667.06,668.91,649.96,653.33,14682400,VNENE,Năng lượng
2021-12-21,654.21,662.96,651.64,659.54,7616600,VNENE,Năng lượng
2021-12-22,666.49,670.76,650.51,650.51,9599800,VNENE,Năng lượng
2021-12-23,654.0,675.78,644.14,670.45,15869500,VNENE,Năng lượng
2021-12-24,680.36,689.07,674.49,674.75,11662300,VNENE,Năng lượng
2021-12-27,681.22,687.2,672.95,686.43,10913200,VNENE,Năng lượng
2021-12-28,693.75,699.61,685.38,685.67,14393700,VNENE,Năng lượng
2021-12-29,690.41,696.75,685.14,692.29,12042600,VNENE,Năng lượng
2021-12-30,692.29,703.38,692.29,694.06,10024800,VNENE,Năng lượng
2021-12-31,696.68,698.33,685.16,689.84,10757400,VNENE,Năng lượng
2022-01-04,697.34,723.07,692.86,717.47,20043400,VNENE,Năng lượng
2022-01-05,719.67,731.57,715.05,716.0,15646400,VNENE,Năng lượng
2022-01-06,715.59,723.91,710.01,714.2,16480100,VNENE,Năng lượng
2022-01-07,722.23,732.74,721.35,723.89,18948500,VNENE,Năng lượng
2022-01-10,723.91,726.98,691.95,691.95,23074900,VNENE,Năng lượng
2022-01-11,691.68,695.45,679.42,682.59,12441100,VNENE,Năng lượng
2022-01-12,694.36,713.04,687.87,707.64,22311900,VNENE,Năng lượng
2022-01-13,710.77,725.78,694.78,694.78,17554900,VNENE,Năng lượng
2022-01-14,691.48,704.25,683.88,701.17,9868400,VNENE,Năng lượng
2022-01-17,717.54,725.91,690.06,690.93,22985900,VNENE,Năng lượng
2022-01-18,689.56,711.23,685.23,700.45,17363400,VNENE,Năng lượng
2022-01-19,703.98,714.74,689.81,694.5,16051800,VNENE,Năng lượng
2022-01-20,693.27,706.46,683.91,705.29,11309000,VNENE,Năng lượng
2022-01-21,701.64,718.61,692.91,710.91,18928400,VNENE,Năng lượng
2022-01-24,713.98,723.89,693.64,696.19,14353800,VNENE,Năng lượng
2022-01-25,691.4,699.5,682.46,697.64,11491200,VNENE,Năng lượng
2022-01-26,701.7,711.93,695.63,705.71,13181100,VNENE,Năng lượng
2022-01-27,716.16,718.27,703.14,705.49,9827500,VNENE,Năng lượng
2022-01-28,705.74,712.43,679.43,683.71,20903900,VNENE,Năng lượng
2022-02-07,703.32,722.18,697.97,708.59,12867800,VNENE,Năng lượng
2022-02-08,705.5,713.66,705.2,707.08,11076100,VNENE,Năng lượng
2022-02-09,705.39,717.44,701.82,708.47,17542500,VNENE,Năng lượng
2022-02-10,716.43,722.92,714.64,721.59,11975500,VNENE,Năng lượng
2022-02-11,725.67,732.82,716.07,716.94,11265200,VNENE,Năng lượng
2022-02-14,727.59,741.67,725.59,729.54,19411600,VNENE,Năng lượng
2022-02-15,731.83,734.65,715.62,717.43,11368500,VNENE,Năng lượng
2022-02-16,710.79,723.14,703.16,719.97,14359700,VNENE,Năng lượng
2022-02-17,719.51,731.59,714.84,725.44,14010300,VNENE,Năng lượng
2022-02-18,722.81,727.46,719.68,721.71,9754100,VNENE,Năng lượng
2022-02-21,727.27,733.85,725.75,726.63,14025300,VNENE,Năng lượng
2022-02-22,726.89,756.07,726.89,748.17,25228000,VNENE,Năng lượng
2022-02-23,759.66,788.15,757.49,773.28,42837100,VNENE,Năng lượng
2022-02-24,776.65,814.45,773.44,798.15,38851300,VNENE,Năng lượng
2022-02-25,790.33,797.71,775.69,776.83,23347800,VNENE,Năng lượng
2022-02-28,785.78,799.31,777.92,787.02,21224100,VNENE,Năng lượng
2022-03-01,789.15,790.77,776.34,781.12,20233500,VNENE,Năng lượng
2022-03-02,815.33,816.84,795.89,799.37,28663400,VNENE,Năng lượng
2022-03-03,810.24,818.54,798.18,815.33,36171800,VNENE,Năng lượng
2022-03-04,810.86,812.13,795.63,795.63,23247600,VNENE,Năng lượng
2022-03-07,824.38,844.18,818.91,839.35,30955800,VNENE,Năng lượng
2022-03-08,828.86,842.23,817.95,819.52,29321400,VNENE,Năng lượng
2022-03-09,832.12,863.93,818.43,852.89,40957000,VNENE,Năng lượng
2022-03-10,835.69,840.95,820.41,830.63,26278700,VNENE,Năng lượng
2022-03-11,822.36,826.6,784.37,792.95,40359400,VNENE,Năng lượng
2022-03-14,781.45,785.17,757.1,757.1,30949400,VNENE,Năng lượng
2022-03-15,739.67,771.06,733.17,763.81,22390500,VNENE,Năng lượng
2022-03-16,762.41,767.63,754.36,759.68,10270200,VNENE,Năng lượng
2022-03-17,758.84,760.3,746.87,751.47,14817500,VNENE,Năng lượng
2022-03-18,755.91,769.53,755.91,761.19,14483200,VNENE,Năng lượng
2022-03-21,761.31,770.0,757.48,769.65,13640300,VNENE,Năng lượng
2022-03-22,782.08,786.92,777.51,778.35,15368100,VNENE,Năng lượng
2022-03-23,776.99,780.15,764.39,765.21,13374600,VNENE,Năng lượng
2022-03-24,777.39,778.79,763.78,763.78,11660600,VNENE,Năng lượng
2022-03-25,761.67,767.56,757.27,760.09,12280500,VNENE,Năng lượng
2022-03-28,755.96,771.21,753.13,767.4,14581500,VNENE,Năng lượng
2022-03-29,766.94,783.66,760.91,778.71,19442300,VNENE,Năng lượng
2022-03-30,776.54,778.45,752.39,753.74,14332200,VNENE,Năng lượng
2022-03-31,754.1,760.91,740.1,744.76,12074900,VNENE,Năng lượng
2022-04-01,736.82,739.39,722.77,734.76,17344700,VNENE,Năng lượng
2022-04-04,741.53,745.37,733.85,743.23,11822700,VNENE,Năng lượng
2022-04-05,748.71,755.23,747.24,747.36,7739200,VNENE,Năng lượng
2022-04-06,741.43,748.61,739.94,742.59,10731800,VNENE,Năng lượng
2022-04-07,740.36,751.44,734.02,741.13,13747500,VNENE,Năng lượng
2022-04-08,742.49,744.04,715.31,715.31,10989600,VNENE,Năng lượng
2022-04-12,716.02,720.21,682.14,682.14,17043900,VNENE,Năng lượng
2022-04-13,693.24,694.57,674.78,693.83,9628900,VNENE,Năng lượng
2022-04-14,699.24,713.96,697.41,702.39,7892200,VNENE,Năng lượng
2022-04-15,706.64,715.63,695.13,699.88,9327900,VNENE,Năng lượng
2022-04-18,700.32,706.88,674.77,674.77,12891000,VNENE,Năng lượng
2022-04-19,682.01,694.82,668.93,668.93,12424100,VNENE,Năng lượng
2022-04-20,668.85,675.77,641.78,641.78,14431300,VNENE,Năng lượng
2022-04-21,640.81,640.81,611.96,615.46,19506300,VNENE,Năng lượng
2022-04-22,614.42,617.08,583.67,592.41,31993300,VNENE,Năng lượng
2022-04-25,597.95,597.95,552.23,552.37,17746600,VNENE,Năng lượng
2022-04-26,527.04,575.69,524.17,575.69,20193500,VNENE,Năng lượng
2022-04-27,576.16,584.02,563.39,579.02,10365300,VNENE,Năng lượng
2022-04-28,584.4,589.89,577.96,577.96,10138900,VNENE,Năng lượng
2022-04-29,580.19,595.71,580.19,592.54,10736100,VNENE,Năng lượng
2022-05-04,593.52,609.15,588.24,597.68,11748800,VNENE,Năng lượng
2022-05-05,607.86,613.23,587.05,594.09,11169900,VNENE,Năng lượng
2022-05-06,592.59,592.59,563.01,563.01,10240900,VNENE,Năng lượng
2022-05-09,558.93,560.15,524.67,524.67,16353000,VNENE,Năng lượng
2022-05-10,523.03,540.1,498.6,539.27,14796000,VNENE,Năng lượng
2022-05-11,546.77,549.17,534.76,535.55,7227700,VNENE,Năng lượng
2022-05-12,536.52,540.23,499.21,499.21,12343400,VNENE,Năng lượng
2022-05-13,504.06,504.63,470.88,472.68,18322000,VNENE,Năng lượng
2022-05-16,493.55,504.67,488.72,493.68,12228800,VNENE,Năng lượng
2022-05-17,494.65,526.74,494.65,526.74,9364000,VNENE,Năng lượng
2022-05-18,534.08,540.35,527.49,528.47,12481300,VNENE,Năng lượng
2022-05-19,513.09,544.86,512.24,540.6,17140300,VNENE,Năng lượng
2022-05-20,545.36,555.58,538.03,539.92,11929400,VNENE,Năng lượng
2022-05-23,544.92,553.68,535.67,544.79,11865400,VNENE,Năng lượng
2022-05-24,541.76,545.69,521.91,540.24,13455700,VNENE,Năng lượng
2022-05-25,548.48,570.53,543.79,570.53,18412100,VNENE,Năng lượng
2022-05-26,570.85,585.96,570.85,577.34,14741600,VNENE,Năng lượng
2022-05-27,580.33,585.48,572.68,577.34,11356800,VNENE,Năng lượng
2022-05-30,577.62,597.3,577.62,583.79,16125300,VNENE,Năng lượng
2022-05-31,583.84,604.87,581.97,598.85,19236900,VNENE,Năng lượng
2022-06-01,596.92,617.26,593.74,613.82,18013500,VNENE,Năng lượng
2022-06-02,604.43,612.55,594.68,597.47,18392100,VNENE,Năng lượng
2022-06-03,593.91,604.62,593.05,598.72,12095900,VNENE,Năng lượng
2022-06-06,612.36,619.7,602.61,602.61,18860300,VNENE,Năng lượng
2022-06-07,602.27,626.84,585.37,626.84,18911600,VNENE,Năng lượng
2022-06-08,634.76,649.59,632.75,634.38,28130200,VNENE,Năng lượng
2022-06-09,637.84,641.86,633.69,635.82,11787600,VNENE,Năng lượng
2022-06-10,628.36,632.62,602.42,602.42,21782100,VNENE,Năng lượng
2022-06-13,574.97,590.43,562.34,562.34,24397700,VNENE,Năng lượng
2022-06-14,561.49,582.6,560.4,578.88,16103300,VNENE,Năng lượng
2022-06-15,579.75,583.48,550.28,552.61,11763500,VNENE,Năng lượng
2022-06-16,561.82,575.21,558.01,564.02,15159200,VNENE,Năng lượng
2022-06-17,544.28,564.87,536.89,555.72,21878600,VNENE,Năng lượng
2022-06-20,544.88,547.93,519.47,519.47,16727400,VNENE,Năng lượng
2022-06-21,510.97,527.03,503.0,503.42,15584300,VNENE,Năng lượng
2022-06-22,505.96,511.77,484.78,485.45,19976100,VNENE,Năng lượng
2022-06-23,484.88,509.49,478.14,509.49,9976800,VNENE,Năng lượng
2022-06-24,519.33,519.33,505.31,505.31,7924900,VNENE,Năng lượng
2022-06-27,510.82,519.17,508.76,518.43,7804400,VNENE,Năng lượng
2022-06-28,525.77,533.53,524.72,529.06,9991300,VNENE,Năng lượng
2022-06-29,526.58,532.41,521.43,525.46,9207100,VNENE,Năng lượng
2022-06-30,525.46,529.1,506.77,506.77,9484900,VNENE,Năng lượng
2022-07-01,502.0,514.96,491.42,511.47,10814100,VNENE,Năng lượng
2022-07-04,520.37,521.06,510.29,513.91,5393000,VNENE,Năng lượng
2022-07-05,516.26,518.75,502.74,504.32,7497800,VNENE,Năng lượng
2022-07-06,499.28,499.28,475.03,475.03,13259900,VNENE,Năng lượng
2022-07-07,477.65,480.44,463.41,471.78,7907800,VNENE,Năng lượng
2022-07-08,482.39,488.4,479.06,482.25,4651800,VNENE,Năng lượng
2022-07-11,481.13,489.93,478.24,480.11,6342100,VNENE,Năng lượng
2022-07-12,480.88,500.62,480.88,500.43,7875700,VNENE,Năng lượng
2022-07-13,494.28,499.42,492.78,496.95,8051400,VNENE,Năng lượng
2022-07-14,498.56,507.25,498.56,502.34,7330000,VNENE,Năng lượng
2022-07-15,501.8,504.18,496.44,498.12,7829100,VNENE,Năng lượng
2022-07-18,504.5,505.91,501.18,504.98,5885200,VNENE,Năng lượng
2022-07-19,511.99,519.11,510.65,518.08,10038900,VNENE,Năng lượng
2022-07-20,527.02,532.9,521.87,523.5,10250100,VNENE,Năng lượng
2022-07-21,521.41,522.14,514.41,517.91,8837700,VNENE,Năng lượng
2022-07-22,515.17,520.93,512.32,512.32,8830600,VNENE,Năng lượng
2022-07-25,510.63,510.63,496.77,498.0,7760400,VNENE,Năng lượng
2022-07-26,504.18,506.76,497.48,500.89,5567000,VNENE,Năng lượng
2022-07-27,499.85,501.98,493.56,501.43,4496100,VNENE,Năng lượng
2022-07-28,509.31,514.46,506.11,510.44,8753700,VNENE,Năng lượng
2022-07-29,512.39,513.15,503.95,503.95,8017600,VNENE,Năng lượng
2022-08-01,503.06,516.9,499.36,516.9,11005400,VNENE,Năng lượng
2022-08-02,511.57,521.36,509.18,517.42,15547600,VNENE,Năng lượng
2022-08-03,516.59,525.44,514.69,522.37,12217600,VNENE,Năng lượng
2022-08-04,523.44,524.96,517.59,523.1,14021700,VNENE,Năng lượng
2022-08-05,521.78,539.26,519.75,535.47,16962200,VNENE,Năng lượng
2022-08-08,537.46,551.36,537.46,551.36,14998200,VNENE,Năng lượng
2022-08-09,553.41,555.99,545.41,548.19,13628800,VNENE,Năng lượng
2022-08-10,545.12,557.98,542.95,557.98,20869900,VNENE,Năng lượng
2022-08-11,562.78,567.26,550.26,554.81,17144700,VNENE,Năng lượng
2022-08-12,555.18,561.05,552.12,557.7,10450500,VNENE,Năng lượng
2022-08-15,559.05,566.78,555.82,560.87,12604800,VNENE,Năng lượng
2022-08-16,555.14,571.4,555.14,566.23,13868600,VNENE,Năng lượng
2022-08-17,568.35,569.35,560.76,563.25,15891400,VNENE,Năng lượng
2022-08-18,565.34,569.31,559.04,559.16,11619400,VNENE,Năng lượng
2022-08-19,563.2,577.79,562.87,569.34,18252400,VNENE,Năng lượng
2022-08-22,568.9,580.55,564.84,574.09,14916900,VNENE,Năng lượng
2022-08-23,572.73,594.61,572.73,591.72,22285600,VNENE,Năng lượng
2022-08-24,596.84,600.2,589.76,596.67,18415100,VNENE,Năng lượng
2022-08-25,599.54,602.82,596.02,597.15,15883300,VNENE,Năng lượng
2022-08-26,595.51,597.1,580.47,581.51,19453900,VNENE,Năng lượng
2022-08-29,577.43,599.73,567.96,597.31,29429300,VNENE,Năng lượng
2022-08-30,597.39,611.24,593.72,593.9,18513000,VNENE,Năng lượng
2022-08-31,588.36,593.31,582.11,582.11,18941900,VNENE,Năng lượng
2022-09-05,579.52,596.05,578.55,593.35,20413700,VNENE,Năng lượng
2022-09-06,599.08,601.31,588.89,588.89,15572600,VNENE,Năng lượng
2022-09-07,581.82,584.82,557.66,557.66,21732400,VNENE,Năng lượng
2022-09-08,561.09,563.51,546.77,551.12,16094500,VNENE,Năng lượng
2022-09-09,555.39,569.8,548.27,569.8,11814500,VNENE,Năng lượng
2022-09-12,573.65,591.02,573.17,577.51,16499918,VNENE,Năng lượng
2022-09-13,580.58,588.36,575.79,586.14,18239000,VNENE,Năng lượng
2022-09-14,577.5,596.7,577.16,596.12,21723700,VNENE,Năng lượng
2022-09-15,599.51,604.65,590.52,590.52,18529900,VNENE,Năng lượng
2022-09-16,587.18,592.92,581.75,589.08,17263400,VNENE,Năng lượng
2022-09-19,586.77,587.91,558.13,558.13,19849200,VNENE,Năng lượng
2022-09-20,564.04,564.93,543.45,564.13,14003400,VNENE,Năng lượng
2022-09-21,558.55,571.57,556.09,571.57,11850200,VNENE,Năng lượng
2022-09-22,565.84,573.0,560.5,569.16,11715300,VNENE,Năng lượng
2022-09-23,570.23,575.15,564.24,565.89,13752600,VNENE,Năng lượng
2022-09-26,554.87,558.61,533.23,535.1,21361800,VNENE,Năng lượng
2022-09-27,536.13,540.13,517.14,519.12,14428000,VNENE,Năng lượng
2022-09-28,516.69,530.3,511.72,516.02,14528490,VNENE,Năng lượng
2022-09-29,522.59,529.84,504.11,504.11,8396232,VNENE,Năng lượng
2022-09-30,497.29,511.38,481.03,510.43,17229994,VNENE,Năng lượng
2022-10-03,508.84,510.8,484.73,484.73,10115791,VNENE,Năng lượng
2022-10-04,495.05,497.55,482.16,482.38,11842985,VNENE,Năng lượng
2022-10-05,493.18,506.41,493.18,504.25,12359097,VNENE,Năng lượng
2022-10-06,507.89,512.88,490.74,490.74,12806891,VNENE,Năng lượng
2022-10-07,483.77,499.18,469.6,490.33,20067683,VNENE,Năng lượng
2022-10-10,495.24,514.36,495.24,509.25,12524247,VNENE,Năng lượng
2022-10-11,509.64,513.34,484.9,484.9,16660670,VNENE,Năng lượng
2022-10-12,486.14,507.78,482.19,499.4,10840444,VNENE,Năng lượng
2022-10-13,499.7,503.34,491.76,499.3,6918040,VNENE,Năng lượng
2022-10-14,508.32,511.77,504.21,507.02,10858689,VNENE,Năng lượng
2022-10-17,500.06,519.01,495.59,519.01,15961454,VNENE,Năng lượng
2022-10-18,527.43,531.1,514.17,517.1,12385594,VNENE,Năng lượng
2022-10-19,520.48,527.96,515.21,518.58,10548409,VNENE,Năng lượng
2022-10-20,522.55,525.12,515.88,518.11,8339237,VNENE,Năng lượng
2022-10-21,520.72,525.25,484.52,484.52,29077292,VNENE,Năng lượng
2022-10-24,486.24,490.23,452.02,452.17,14930446,VNENE,Năng lượng
2022-10-25,453.63,468.33,429.07,449.63,12256367,VNENE,Năng lượng
2022-10-26,451.38,456.29,435.55,435.55,8417470,VNENE,Năng lượng
2022-10-27,438.93,461.34,436.03,461.34,12914067,VNENE,Năng lượng
2022-10-28,465.52,467.89,452.84,454.34,7772407,VNENE,Năng lượng
2022-10-31,447.74,451.06,431.64,437.46,18593954,VNENE,Năng lượng
2022-11-01,439.85,448.17,432.54,434.01,11707184,VNENE,Năng lượng
2022-11-02,440.28,449.97,436.11,447.37,8411434,VNENE,Năng lượng
2022-11-03,444.42,451.48,440.57,445.1,7586420,VNENE,Năng lượng
2022-11-04,444.91,444.91,426.22,437.15,9518427,VNENE,Năng lượng
2022-11-07,443.39,445.62,427.27,428.46,8885644,VNENE,Năng lượng
2022-11-08,425.48,440.96,425.23,440.96,7039200,VNENE,Năng lượng
2022-11-09,439.47,443.07,434.55,439.6,7992895,VNENE,Năng lượng
2022-11-10,436.74,437.27,410.34,411.29,9942107,VNENE,Năng lượng
2022-11-11,416.49,420.55,401.68,401.68,11644479,VNENE,Năng lượng
2022-11-14,393.38,395.52,375.54,381.01,9331096,VNENE,Năng lượng
2022-11-15,359.31,362.56,354.97,355.94,5869341,VNENE,Năng lượng
2022-11-16,339.17,378.02,332.0,377.63,25608437,VNENE,Năng lượng
2022-11-17,377.69,386.11,372.73,378.13,8462029,VNENE,Năng lượng
2022-11-18,378.58,381.34,356.41,369.44,15807096,VNENE,Năng lượng
2022-11-21,368.5,381.09,366.55,376.68,7606137,VNENE,Năng lượng
2022-11-22,377.3,399.07,374.26,394.71,16501485,VNENE,Năng lượng
2022-11-23,397.19,402.93,393.18,394.42,8738324,VNENE,Năng lượng
2022-11-24,395.73,398.69,386.37,391.94,10167056,VNENE,Năng lượng
2022-11-25,395.96,405.5,393.43,405.5,7653421,VNENE,Năng lượng
2022-11-28,406.52,424.96,406.52,424.96,12230710,VNENE,Năng lượng
2022-11-29,426.38,441.83,418.27,440.93,16557158,VNENE,Năng lượng
2022-11-30,446.37,451.03,439.18,447.21,12682102,VNENE,Năng lượng
2022-12-01,453.9,459.86,437.0,442.45,16014370,VNENE,Năng lượng
2022-12-02,443.1,461.62,436.89,461.62,12093484,VNENE,Năng lượng
2022-12-05,461.91,478.28,461.91,468.08,12201943,VNENE,Năng lượng
2022-12-06,468.05,474.71,450.64,450.64,17756090,VNENE,Năng lượng
2022-12-07,450.14,457.15,444.34,447.68,9577172,VNENE,Năng lượng
2022-12-08,452.93,465.23,444.96,455.78,10716110,VNENE,Năng lượng
2022-12-09,458.62,459.11,448.49,456.51,6816280,VNENE,Năng lượng
2022-12-12,459.03,473.07,455.36,455.36,12995440,VNENE,Năng lượng
2022-12-13,457.21,467.25,450.63,467.25,8093196,VNENE,Năng lượng
2022-12-14,467.36,477.45,465.99,476.73,14969733,VNENE,Năng lượng
2022-12-15,479.44,482.0,470.0,477.47,7700906,VNENE,Năng lượng
2022-12-16,472.05,480.38,468.39,476.38,9667058,VNENE,Năng lượng
2022-12-19,476.37,478.29,461.95,463.24,10263593,VNENE,Năng lượng
2022-12-20,463.15,464.72,445.69,464.72,15457699,VNENE,Năng lượng
2022-12-21,466.97,471.87,453.58,462.03,9816583,VNENE,Năng lượng
2022-12-22,462.16,473.1,460.21,472.81,8302739,VNENE,Năng lượng
2022-12-23,472.94,476.44,464.88,476.44,9194664,VNENE,Năng lượng
2022-12-26,480.35,482.83,462.3,462.3,9758534,VNENE,Năng lượng
2022-12-27,460.18,472.26,455.03,472.26,9117975,VNENE,Năng lượng
2022-12-28,474.07,485.8,469.99,484.78,12415902,VNENE,Năng lượng
2022-12-29,484.78,485.68,476.77,481.17,6367599,VNENE,Năng lượng
2022-12-30,484.13,485.07,479.05,484.66,7010448,VNENE,Năng lượng
2023-01-03,487.69,502.12,487.11,499.28,11543587,VNENE,Năng lượng
2023-01-04,499.17,516.39,496.54,516.39,12130620,VNENE,Năng lượng
2023-01-05,515.72,516.61,505.24,513.04,10555925,VNENE,Năng lượng
2023-01-06,510.79,513.9,494.98,494.98,12705707,VNENE,Năng lượng
2023-01-09,497.2,505.54,495.88,500.7,7321830,VNENE,Năng lượng
2023-01-10,499.23,514.57,499.09,510.35,7243369,VNENE,Năng lượng
2023-01-11,514.45,520.46,509.54,510.31,6854919,VNENE,Năng lượng
2023-01-12,514.39,524.29,512.9,524.29,13932301,VNENE,Năng lượng
2023-01-13,526.31,529.99,515.37,520.12,5869809,VNENE,Năng lượng
2023-01-16,521.55,523.99,515.45,516.17,6810916,VNENE,Năng lượng
2023-01-17,516.38,531.61,515.6,531.15,8200464,VNENE,Năng lượng
2023-01-18,533.25,539.05,532.12,534.02,6651439,VNENE,Năng lượng
2023-01-19,532.16,541.51,530.76,541.51,8013388,VNENE,Năng lượng
2023-01-27,550.08,554.02,539.91,539.91,9150707,VNENE,Năng lượng
2023-01-30,540.23,543.5,531.37,531.97,10545669,VNENE,Năng lượng
2023-01-31,533.98,539.43,527.55,538.13,8895599,VNENE,Năng lượng
2023-02-01,540.01,544.6,514.29,514.29,14337013,VNENE,Năng lượng
2023-02-02,516.59,518.28,506.43,507.46,9355474,VNENE,Năng lượng
2023-02-03,512.37,514.09,505.6,511.18,6065206,VNENE,Năng lượng
2023-02-06,508.97,517.46,502.9,517.46,6728772,VNENE,Năng lượng
2023-02-07,521.65,524.62,513.1,514.25,7819440,VNENE,Năng lượng
2023-02-08,517.47,523.24,508.01,511.53,8117965,VNENE,Năng lượng
2023-02-09,515.04,533.72,512.76,530.27,9400336,VNENE,Năng lượng
2023-02-10,530.8,531.6,516.51,522.94,6135008,VNENE,Năng lượng
2023-02-13,519.39,527.5,509.89,520.86,10962994,VNENE,Năng lượng
2023-02-14,525.27,526.52,520.81,525.89,4780610,VNENE,Năng lượng
2023-02-15,526.78,538.3,523.54,537.63,8434913,VNENE,Năng lượng
2023-02-16,542.34,556.6,541.04,553.15,11542959,VNENE,Năng lượng
2023-02-17,554.39,555.52,546.74,549.63,7128590,VNENE,Năng lượng
2023-02-20,548.19,561.05,548.19,561.05,8296545,VNENE,Năng lượng
2023-02-21,563.94,571.82,558.16,561.94,11951732,VNENE,Năng lượng
2023-02-22,561.79,571.22,540.1,540.1,15111258,VNENE,Năng lượng
2023-02-23,540.13,545.45,521.74,545.45,11482832,VNENE,Năng lượng
2023-02-24,545.89,550.59,529.5,529.5,6530703,VNENE,Năng lượng
2023-02-27,529.5,532.91,518.74,525.44,7026906,VNENE,Năng lượng
2023-02-28,530.46,535.13,527.25,530.38,5219953,VNENE,Năng lượng
2023-03-01,530.38,554.83,528.84,553.6,12697864,VNENE,Năng lượng
2023-03-02,557.14,560.07,543.75,551.99,10151012,VNENE,Năng lượng
2023-03-03,553.38,560.29,547.15,548.38,8819705,VNENE,Năng lượng
2023-03-06,555.24,557.02,548.14,550.48,6565640,VNENE,Năng lượng
2023-03-07,555.61,558.24,550.13,555.52,5591273,VNENE,Năng lượng
2023-03-08,551.23,566.22,550.32,564.34,10695542,VNENE,Năng lượng
2023-03-09,563.89,569.38,556.88,560.95,8055230,VNENE,Năng lượng
2023-03-10,558.09,558.84,544.94,549.48,9286840,VNENE,Năng lượng
2023-03-13,544.23,551.1,542.22,549.78,6324073,VNENE,Năng lượng
2023-03-14,549.66,551.61,525.53,525.53,13129370,VNENE,Năng lượng
2023-03-15,525.56,544.78,525.56,544.28,8153001,VNENE,Năng lượng
2023-03-16,535.47,535.87,524.99,525.97,9950644,VNENE,Năng lượng
2023-03-17,531.63,534.34,522.68,524.84,10179689,VNENE,Năng lượng
2023-03-20,519.68,523.96,507.84,508.29,11683647,VNENE,Năng lượng
2023-03-21,511.72,515.02,503.88,510.2,5968853,VNENE,Năng lượng
2023-03-22,515.95,517.28,509.45,509.45,5247214,VNENE,Năng lượng
2023-03-23,505.76,517.44,505.76,517.44,6635642,VNENE,Năng lượng
2023-03-24,519.56,523.29,518.65,521.14,5978239,VNENE,Năng lượng
2023-03-27,521.05,521.44,516.95,518.94,5872526,VNENE,Năng lượng
2023-03-28,526.64,529.25,520.07,520.35,5286541,VNENE,Năng lượng
2023-03-29,523.13,524.86,518.56,522.48,3642527,VNENE,Năng lượng
2023-03-30,526.14,530.99,524.94,526.99,7919004,VNENE,Năng lượng
2023-03-31,531.72,534.1,526.74,530.06,8603995,VNENE,Năng lượng
2023-04-03,533.1,544.34,533.1,541.79,11927793,VNENE,Năng lượng
2023-04-04,544.02,549.98,542.35,548.67,11125525,VNENE,Năng lượng
2023-04-05,549.29,556.21,547.69,551.97,8620243,VNENE,Năng lượng
2023-04-06,553.82,553.82,541.2,541.2,10269159,VNENE,Năng lượng
2023-04-07,540.06,548.57,538.56,544.84,9443529,VNENE,Năng lượng
2023-04-10,550.87,552.06,540.52,540.92,7618509,VNENE,Năng lượng
2023-04-11,540.53,551.99,540.48,544.72,10648774,VNENE,Năng lượng
2023-04-12,548.36,550.97,542.14,544.27,8350403,VNENE,Năng lượng
2023-04-13,544.48,554.27,543.62,543.62,13651522,VNENE,Năng lượng
2023-04-14,546.84,548.22,529.19,529.19,11107022,VNENE,Năng lượng
2023-04-17,528.93,531.32,524.82,524.82,6081811,VNENE,Năng lượng
2023-04-18,525.31,531.87,525.31,531.87,4936704,VNENE,Năng lượng
2023-04-19,532.58,534.56,525.86,526.89,5194292,VNENE,Năng lượng
2023-04-20,526.91,529.24,523.41,526.73,5609540,VNENE,Năng lượng
2023-04-21,528.4,530.09,523.75,525.01,6594981,VNENE,Năng lượng
2023-04-24,525.7,530.41,524.71,528.51,4074983,VNENE,Năng lượng
2023-04-25,532.22,533.93,526.81,528.78,11212178,VNENE,Năng lượng
2023-04-26,531.31,535.52,527.69,535.52,5452027,VNENE,Năng lượng
2023-04-27,537.97,544.11,537.52,537.68,8405014,VNENE,Năng lượng
2023-04-28,539.33,540.45,536.37,539.28,5534084,VNENE,Năng lượng
2023-05-04,537.13,537.21,531.58,532.27,7559520,VNENE,Năng lượng
2023-05-05,534.19,539.84,533.86,537.92,7531777,VNENE,Năng lượng
2023-05-08,543.04,550.34,541.78,546.72,10794363,VNENE,Năng lượng
2023-05-09,546.72,560.98,546.72,554.39,17188325,VNENE,Năng lượng
2023-05-10,553.84,556.22,552.13,553.47,9755134,VNENE,Năng lượng
2023-05-11,554.45,567.7,554.45,561.6,15953748,VNENE,Năng lượng
2023-05-12,561.95,563.82,557.54,561.37,8875462,VNENE,Năng lượng
2023-05-15,561.63,564.44,553.28,553.28,16700453,VNENE,Năng lượng
2023-05-16,555.94,566.14,555.94,560.66,11188520,VNENE,Năng lượng
2023-05-17,561.31,563.65,553.03,553.03,10531863,VNENE,Năng lượng
2023-05-18,554.84,560.25,553.49,557.48,9314755,VNENE,Năng lượng
2023-05-19,562.21,574.85,561.69,569.87,18466505,VNENE,Năng lượng
2023-05-22,575.58,577.27,572.96,574.84,10700256,VNENE,Năng lượng
2023-05-23,574.84,581.11,571.05,575.55,13586603,VNENE,Năng lượng
2023-05-24,579.05,579.32,570.81,570.81,9807710,VNENE,Năng lượng
2023-05-25,571.03,582.15,565.51,577.86,17334794,VNENE,Năng lượng
2023-05-26,579.33,582.46,578.25,579.32,9889143,VNENE,Năng lượng
2023-05-29,580.0,584.55,579.58,580.13,11695146,VNENE,Năng lượng
2023-05-30,582.99,585.92,579.59,584.35,11475525,VNENE,Năng lượng
2023-05-31,584.05,588.74,579.43,583.33,14355451,VNENE,Năng lượng
2023-06-01,581.53,582.46,576.53,580.02,8862761,VNENE,Năng lượng
2023-06-02,583.74,589.07,579.79,587.69,11671234,VNENE,Năng lượng
2023-06-05,597.98,600.2,592.15,593.43,13820393,VNENE,Năng lượng
2023-06-06,593.43,596.62,589.67,592.28,7758661,VNENE,Năng lượng
2023-06-07,595.0,596.24,589.89,595.17,8612137,VNENE,Năng lượng
2023-06-08,601.32,605.34,583.91,583.91,14375449,VNENE,Năng lượng
2023-06-09,583.83,585.02,575.0,581.1,11076634,VNENE,Năng lượng
2023-06-12,581.35,583.02,572.66,580.7,9620168,VNENE,Năng lượng
2023-06-13,580.95,585.05,578.75,584.67,8230810,VNENE,Năng lượng
2023-06-14,587.63,589.37,579.23,579.23,8584317,VNENE,Năng lượng
2023-06-15,578.22,590.72,578.16,590.72,13769876,VNENE,Năng lượng
2023-06-16,596.34,596.77,579.78,579.78,12617979,VNENE,Năng lượng
2023-06-19,582.11,586.3,578.77,579.19,9940783,VNENE,Năng lượng
2023-06-20,581.72,584.47,576.99,583.91,8084234,VNENE,Năng lượng
2023-06-21,584.29,595.44,584.29,593.51,14001852,VNENE,Năng lượng
2023-06-22,596.83,601.95,594.0,595.93,12316056,VNENE,Năng lượng
2023-06-23,595.87,595.87,583.59,585.49,20224652,VNENE,Năng lượng
2023-06-26,585.98,589.34,577.6,589.27,12033266,VNENE,Năng lượng
2023-06-27,595.17,610.59,593.36,605.05,18091608,VNENE,Năng lượng
2023-06-28,607.13,610.78,600.55,603.66,10115238,VNENE,Năng lượng
2023-06-29,605.77,610.43,599.01,599.01,15716701,VNENE,Năng lượng
2023-06-30,599.05,603.61,596.5,599.28,8456379,VNENE,Năng lượng
2023-07-03,605.18,606.75,601.68,604.31,8193537,VNENE,Năng lượng
2023-07-04,606.04,627.34,604.59,627.34,20034370,VNENE,Năng lượng
2023-07-05,630.32,630.91,624.01,624.83,11113427,VNENE,Năng lượng
2023-07-06,624.34,629.04,611.92,617.61,15097933,VNENE,Năng lượng
2023-07-07,616.05,620.18,613.19,616.83,11481596,VNENE,Năng lượng
2023-07-10,625.13,629.01,622.39,628.51,15845657,VNENE,Năng lượng
2023-07-11,631.79,633.37,623.13,625.08,12339767,VNENE,Năng lượng
2023-07-12,627.15,635.78,627.1,631.18,10945852,VNENE,Năng lượng
2023-07-13,633.97,636.88,628.63,632.19,10537945,VNENE,Năng lượng
2023-07-14,632.18,636.22,621.39,627.7,13564473,VNENE,Năng lượng
2023-07-17,629.05,635.54,621.89,630.28,12911534,VNENE,Năng lượng
2023-07-18,632.81,635.38,624.6,625.9,7911669,VNENE,Năng lượng
2023-07-19,630.54,632.59,620.92,621.41,15765597,VNENE,Năng lượng
2023-07-20,621.51,622.39,614.17,618.15,9864635,VNENE,Năng lượng
2023-07-21,620.09,626.73,619.89,626.73,10377241,VNENE,Năng lượng
2023-07-24,629.09,636.86,627.33,630.41,14466745,VNENE,Năng lượng
2023-07-25,634.47,636.3,626.5,632.15,13263712,VNENE,Năng lượng
2023-07-26,632.89,635.45,629.02,634.38,10584337,VNENE,Năng lượng
2023-07-27,635.77,638.18,622.23,627.67,14963457,VNENE,Năng lượng
2023-07-28,631.47,637.07,627.88,635.69,16287415,VNENE,Năng lượng
2023-07-31,642.25,646.05,634.26,639.05,20803103,VNENE,Năng lượng
2023-08-01,643.79,644.53,626.5,628.64,19831402,VNENE,Năng lượng
2023-08-02,630.84,634.07,624.98,631.49,11858573,VNENE,Năng lượng
2023-08-03,631.81,632.27,621.22,621.22,14877764,VNENE,Năng lượng
2023-08-04,621.14,631.86,621.14,629.56,14546717,VNENE,Năng lượng
2023-08-07,629.71,634.97,628.19,631.72,12953560,VNENE,Năng lượng
2023-08-08,635.98,644.85,635.98,640.31,19740470,VNENE,Năng lượng
2023-08-09,642.43,642.88,631.44,632.03,11696607,VNENE,Năng lượng
2023-08-10,636.72,641.72,628.41,628.66,13870087,VNENE,Năng lượng
2023-08-11,632.4,632.72,618.93,626.26,10324885,VNENE,Năng lượng
2023-08-14,629.45,629.63,625.04,627.8,9666432,VNENE,Năng lượng
2023-08-15,631.14,631.52,626.08,626.48,8489931,VNENE,Năng lượng
2023-08-16,626.7,636.68,625.33,627.41,11756360,VNENE,Năng lượng
2023-08-17,626.73,627.9,619.82,619.82,12633666,VNENE,Năng lượng
2023-08-18,618.99,622.47,579.91,579.91,19291280,VNENE,Năng lượng
2023-08-21,577.38,590.1,574.96,584.13,9761499,VNENE,Năng lượng
2023-08-22,587.49,590.31,565.29,585.06,9107860,VNENE,Năng lượng
2023-08-23,588.14,590.57,576.77,585.44,6510676,VNENE,Năng lượng
2023-08-24,583.1,590.92,582.44,590.92,5678898,VNENE,Năng lượng
2023-08-25,591.05,594.56,585.11,589.12,7250026,VNENE,Năng lượng
2023-08-28,591.9,594.21,589.61,592.57,5652588,VNENE,Năng lượng
2023-08-29,596.97,599.74,593.22,599.74,8613112,VNENE,Năng lượng
2023-08-30,600.2,603.52,596.51,600.41,5609787,VNENE,Năng lượng
2023-08-31,600.56,611.4,599.41,611.4,13318636,VNENE,Năng lượng
2023-09-05,624.03,625.36,619.64,623.95,13449533,VNENE,Năng lượng
2023-09-06,629.53,630.97,620.99,627.26,12495965,VNENE,Năng lượng
2023-09-07,628.06,632.78,623.45,631.39,17108637,VNENE,Năng lượng
2023-09-08,631.11,635.82,629.32,633.56,14873281,VNENE,Năng lượng
2023-09-11,635.51,654.26,635.39,637.61,30130460,VNENE,Năng lượng
2023-09-12,639.43,646.48,637.68,646.48,12502503,VNENE,Năng lượng
2023-09-13,652.33,663.72,647.94,651.3,21220310,VNENE,Năng lượng
2023-09-14,649.48,658.56,647.0,652.11,14680988,VNENE,Năng lượng
2023-09-15,655.99,677.03,655.99,657.7,16389289,VNENE,Năng lượng
2023-09-18,660.69,663.55,642.67,649.04,12530393,VNENE,Năng lượng
2023-09-19,649.44,655.3,638.91,652.68,12470662,VNENE,Năng lượng
2023-09-20,654.53,669.99,653.47,669.99,14155088,VNENE,Năng lượng
2023-09-21,670.19,671.45,658.12,661.11,12149315,VNENE,Năng lượng
2023-09-22,656.07,656.07,626.68,648.24,19034971,VNENE,Năng lượng
2023-09-25,647.03,653.38,613.05,613.05,13320170,VNENE,Năng lượng
2023-09-26,615.65,626.05,605.3,605.3,13454760,VNENE,Năng lượng
2023-09-27,609.5,622.94,596.39,622.94,11473980,VNENE,Năng lượng
2023-09-28,623.32,645.96,623.32,645.96,20729105,VNENE,Năng lượng
2023-09-29,647.56,649.22,636.54,642.3,7183344,VNENE,Năng lượng
2023-10-02,642.08,655.41,637.64,645.74,9517970,VNENE,Năng lượng
2023-10-03,639.21,639.21,611.44,611.89,17226868,VNENE,Năng lượng
2023-10-04,611.01,629.81,603.58,628.69,9546356,VNENE,Năng lượng
2023-10-05,625.18,634.5,615.85,617.13,13542817,VNENE,Năng lượng
2023-10-06,619.54,626.9,612.11,624.84,8417944,VNENE,Năng lượng
2023-10-09,638.92,647.6,635.91,638.68,14544558,VNENE,Năng lượng
2023-10-10,640.77,647.27,634.35,634.35,12419188,VNENE,Năng lượng
2023-10-11,635.56,663.18,635.34,661.68,24342648,VNENE,Năng lượng
2023-10-12,659.77,671.74,658.67,663.89,18761445,VNENE,Năng lượng
2023-10-13,660.15,673.33,659.08,672.45,14608246,VNENE,Năng lượng
2023-10-16,677.5,694.54,673.99,676.54,19542301,VNENE,Năng lượng
2023-10-17,678.36,678.87,642.73,642.73,18110350,VNENE,Năng lượng
2023-10-18,647.34,655.43,618.98,638.79,25096596,VNENE,Năng lượng
2023-10-19,638.11,649.6,634.43,637.15,12636759,VNENE,Năng lượng
2023-10-20,639.35,649.94,619.67,649.94,14792582,VNENE,Năng lượng
2023-10-23,649.92,650.51,629.58,642.2,12214186,VNENE,Năng lượng
2023-10-24,641.51,643.35,629.66,639.97,8139996,VNENE,Năng lượng
2023-10-25,639.9,644.81,631.76,633.75,9095470,VNENE,Năng lượng
2023-10-26,618.78,622.71,590.18,590.48,25548456,VNENE,Năng lượng
2023-10-27,592.08,600.87,581.39,594.57,14660064,VNENE,Năng lượng
2023-10-30,596.53,605.36,571.03,571.03,7644082,VNENE,Năng lượng
2023-10-31,572.77,575.3,538.28,546.37,22867385,VNENE,Năng lượng
2023-11-01,546.36,564.75,539.14,564.75,11054950,VNENE,Năng lượng
2023-11-02,565.07,591.85,565.07,588.65,13859052,VNENE,Năng lượng
2023-11-03,589.13,592.26,577.8,584.75,12990186,VNENE,Năng lượng
2023-11-06,586.89,587.78,580.98,587.42,7034160,VNENE,Năng lượng
2023-11-07,586.93,605.44,580.86,594.01,12509959,VNENE,Năng lượng
2023-11-08,591.51,617.92,588.84,617.92,12088802,VNENE,Năng lượng
2023-11-09,615.73,621.35,609.55,612.25,15874160,VNENE,Năng lượng
2023-11-10,609.24,615.73,602.03,602.03,14232574,VNENE,Năng lượng
2023-11-13,602.14,611.4,601.32,609.65,10177298,VNENE,Năng lượng
2023-11-14,617.75,620.11,609.07,612.14,8785497,VNENE,Năng lượng
2023-11-15,617.61,621.5,609.87,610.81,11267836,VNENE,Năng lượng
2023-11-16,610.38,618.89,608.47,618.89,7621278,VNENE,Năng lượng
2023-11-17,618.2,619.2,597.04,601.02,17565404,VNENE,Năng lượng
2023-11-20,596.25,607.32,592.71,603.22,11796899,VNENE,Năng lượng
2023-11-21,603.22,620.0,603.22,620.0,12844532,VNENE,Năng lượng
2023-11-22,620.19,621.3,612.6,620.2,9674717,VNENE,Năng lượng
2023-11-23,620.5,631.61,604.26,604.26,16799338,VNENE,Năng lượng
2023-11-24,606.08,607.93,590.7,607.93,10472094,VNENE,Năng lượng
2023-11-27,610.06,617.29,608.97,611.76,9496408,VNENE,Năng lượng
2023-11-28,612.06,614.29,600.59,613.56,8087004,VNENE,Năng lượng
2023-11-29,619.38,639.73,617.49,637.84,21398156,VNENE,Năng lượng
2023-11-30,638.23,642.67,630.61,630.61,11266137,VNENE,Năng lượng
2023-12-01,632.72,642.07,627.92,635.66,10845504,VNENE,Năng lượng
2023-12-04,642.65,647.84,638.98,644.26,13864057,VNENE,Năng lượng
2023-12-05,643.48,658.78,642.82,643.73,18576300,VNENE,Năng lượng
2023-12-06,645.56,651.86,640.64,651.86,11900081,VNENE,Năng lượng
2023-12-07,652.03,652.03,627.01,635.17,16936754,VNENE,Năng lượng
2023-12-08,635.17,638.54,630.75,637.97,8648054,VNENE,Năng lượng
2023-12-11,643.98,644.17,635.23,637.47,6463097,VNENE,Năng lượng
2023-12-12,639.33,640.54,633.16,640.54,6556986,VNENE,Năng lượng
2023-12-13,640.13,640.46,617.86,621.72,16204086,VNENE,Năng lượng
2023-12-14,627.17,628.82,614.19,615.93,7796051,VNENE,Năng lượng
2023-12-15,619.33,621.37,613.42,613.42,6413527,VNENE,Năng lượng
2023-12-18,614.28,617.84,608.99,609.91,4343056,VNENE,Năng lượng
2023-12-19,611.76,617.95,608.71,617.95,6975652,VNENE,Năng lượng
2023-12-20,617.95,629.05,617.95,629.05,7168253,VNENE,Năng lượng
2023-12-21,623.45,629.35,622.48,627.9,6548100,VNENE,Năng lượng
2023-12-22,628.35,631.28,622.84,625.63,6853275,VNENE,Năng lượng
2023-12-25,627.48,638.86,626.89,638.86,11213975,VNENE,Năng lượng
2023-12-26,639.12,643.42,633.28,633.83,7182187,VNENE,Năng lượng
2023-12-27,639.28,639.28,631.72,633.75,6319730,VNENE,Năng lượng
2023-12-28,632.9,634.04,628.68,629.73,10510773,VNENE,Năng lượng
2023-12-29,628.84,633.58,628.73,632.9,7246191,VNENE,Năng lượng
2024-01-02,636.21,636.31,629.52,632.09,7434940,VNENE,Năng lượng
2024-01-03,632.26,635.84,630.19,635.84,7962830,VNENE,Năng lượng
2024-01-04,636.27,641.25,635.31,635.31,11980049,VNENE,Năng lượng
2024-01-05,635.31,637.14,630.66,631.23,11954314,VNENE,Năng lượng
2024-01-08,631.94,633.9,625.75,626.14,11753027,VNENE,Năng lượng
2024-01-09,625.54,625.54,611.08,612.53,19711672,VNENE,Năng lượng
2024-01-10,614.48,620.16,613.21,616.52,14332568,VNENE,Năng lượng
2024-01-11,618.97,620.53,614.61,620.53,8040029,VNENE,Năng lượng
2024-01-12,622.93,624.85,614.52,617.33,18483666,VNENE,Năng lượng
2024-01-15,618.51,623.06,618.51,619.11,9807448,VNENE,Năng lượng
2024-01-16,618.64,621.84,616.81,621.84,5729568,VNENE,Năng lượng
2024-01-17,623.89,630.71,622.18,624.09,11643131,VNENE,Năng lượng
2024-01-18,624.74,626.76,619.41,621.78,6707648,VNENE,Năng lượng
2024-01-19,624.61,627.4,621.25,622.62,7901422,VNENE,Năng lượng
2024-01-22,623.48,624.07,617.63,619.95,6924832,VNENE,Năng lượng
2024-01-23,622.21,630.56,621.38,627.91,11543331,VNENE,Năng lượng
2024-01-24,628.86,631.52,624.64,626.34,9236027,VNENE,Năng lượng
2024-01-25,626.51,628.48,622.52,623.15,4788144,VNENE,Năng lượng
2024-01-26,627.19,628.95,623.8,623.8,4833209,VNENE,Năng lượng
2024-01-29,625.87,626.96,622.2,622.92,5219750,VNENE,Năng lượng
2024-01-30,627.28,631.14,627.12,628.36,8382706,VNENE,Năng lượng
2024-01-31,630.93,630.93,618.13,620.07,8976398,VNENE,Năng lượng
2024-02-01,620.35,624.94,618.74,621.4,4893598,VNENE,Năng lượng
2024-02-02,621.88,624.92,620.49,622.53,6744902,VNENE,Năng lượng
2024-02-05,622.71,630.94,621.98,627.42,11078128,VNENE,Năng lượng
2024-02-06,628.58,635.64,628.42,634.08,8358782,VNENE,Năng lượng
2024-02-07,635.21,638.83,634.47,636.07,7680094,VNENE,Năng lượng
2024-02-15,636.16,640.61,634.28,637.31,9158540,VNENE,Năng lượng
2024-02-16,638.82,643.67,636.98,640.97,11835625,VNENE,Năng lượng
2024-02-19,641.25,652.26,641.25,648.02,13981079,VNENE,Năng lượng
2024-02-20,652.48,653.03,644.17,644.77,9579266,VNENE,Năng lượng
2024-02-21,644.4,647.08,637.08,638.31,11739824,VNENE,Năng lượng
2024-02-22,638.96,654.73,638.92,646.69,15797050,VNENE,Năng lượng
2024-02-23,646.65,649.33,628.62,630.13,12769749,VNENE,Năng lượng
2024-02-26,629.7,631.7,622.15,629.69,9890067,VNENE,Năng lượng
2024-02-27,632.86,641.63,631.1,641.63,13407522,VNENE,Năng lượng
2024-02-28,646.9,672.86,646.9,665.37,35336899,VNENE,Năng lượng
2024-02-29,666.31,670.51,655.96,663.04,12638014,VNENE,Năng lượng
2024-03-01,663.64,673.68,659.05,673.6,12244218,VNENE,Năng lượng
2024-03-04,678.39,680.21,667.53,670.66,14840341,VNENE,Năng lượng
2024-03-05,669.22,674.54,665.57,672.28,11300082,VNENE,Năng lượng
2024-03-06,673.4,678.87,663.19,671.41,17584735,VNENE,Năng lượng
2024-03-07,676.1,685.46,673.56,680.36,16012824,VNENE,Năng lượng
2024-03-08,681.55,685.52,666.52,667.37,14571817,VNENE,Năng lượng
2024-03-11,667.04,667.04,650.3,653.88,15740353,VNENE,Năng lượng
2024-03-12,655.02,662.23,653.37,657.37,10466159,VNENE,Năng lượng
2024-03-13,657.33,673.97,657.33,673.97,13219548,VNENE,Năng lượng
2024-03-14,674.17,710.57,674.17,702.32,41213619,VNENE,Năng lượng
2024-03-15,708.47,712.9,693.93,703.78,13831581,VNENE,Năng lượng
2024-03-18,703.78,709.72,668.03,681.86,28217394,VNENE,Năng lượng
2024-03-19,684.46,695.9,676.9,685.27,14659319,VNENE,Năng lượng
2024-03-20,689.36,695.55,684.63,695.55,11570713,VNENE,Năng lượng
2024-03-21,699.42,706.77,692.99,703.06,20833350,VNENE,Năng lượng
2024-03-22,703.72,705.94,693.89,695.12,16198137,VNENE,Năng lượng
2024-03-25,699.22,708.26,687.12,689.99,16477758,VNENE,Năng lượng
2024-03-26,690.9,703.82,688.55,703.82,9419853,VNENE,Năng lượng
2024-03-27,711.24,714.24,698.69,702.18,11002931,VNENE,Năng lượng
2024-03-28,702.93,704.95,694.86,696.19,11091602,VNENE,Năng lượng
2024-03-29,701.18,709.01,695.49,696.1,11247037,VNENE,Năng lượng
2024-04-01,696.38,705.21,692.1,700.48,11710766,VNENE,Năng lượng
2024-04-02,702.32,731.03,694.13,731.03,26518949,VNENE,Năng lượng
2024-04-03,733.04,734.05,716.37,716.65,15503290,VNENE,Năng lượng
2024-04-04,718.03,721.41,709.08,709.08,13498716,VNENE,Năng lượng
2024-04-05,706.99,722.88,699.15,699.15,22036658,VNENE,Năng lượng
2024-04-08,701.95,706.62,695.13,696.78,12431526,VNENE,Năng lượng
2024-04-09,697.22,702.09,693.36,700.75,10502828,VNENE,Năng lượng
2024-04-10,702.47,703.25,681.03,681.03,16926771,VNENE,Năng lượng
2024-04-11,680.59,686.07,675.68,682.14,10124103,VNENE,Năng lượng
2024-04-12,683.4,695.25,681.39,695.25,8880030,VNENE,Năng lượng
2024-04-15,695.25,705.11,651.68,655.53,22823642,VNENE,Năng lượng
2024-04-16,655.53,663.58,638.57,663.58,18654054,VNENE,Năng lượng
2024-04-17,665.5,665.93,643.88,643.88,30667348,VNENE,Năng lượng
2024-04-19,640.87,654.39,632.83,636.65,14168532,VNENE,Năng lượng
2024-04-22,641.19,644.92,633.04,640.76,13757055,VNENE,Năng lượng
2024-04-23,641.79,644.65,630.39,637.03,15813888,VNENE,Năng lượng
2024-04-24,639.31,653.81,639.3,653.38,11146102,VNENE,Năng lượng
2024-04-25,651.43,652.4,643.41,647.13,7558609,VNENE,Năng lượng
2024-04-26,639.24,651.38,639.24,649.49,8532621,VNENE,Năng lượng
2024-05-02,648.93,652.44,641.51,652.44,8711539,VNENE,Năng lượng
2024-05-03,653.98,661.31,653.51,654.61,9400214,VNENE,Năng lượng
2024-05-06,663.2,672.11,659.69,671.36,13097891,VNENE,Năng lượng
2024-05-07,673.96,682.27,671.9,682.27,13957654,VNENE,Năng lượng
2024-05-08,683.54,718.08,675.61,709.68,26465640,VNENE,Năng lượng
2024-05-09,711.06,718.61,704.15,717.54,19076461,VNENE,Năng lượng
2024-05-10,716.81,730.94,707.88,727.27,19880135,VNENE,Năng lượng
2024-05-13,731.22,731.22,719.57,725.08,19383912,VNENE,Năng lượng
2024-05-14,720.19,721.27,705.69,712.43,11300003,VNENE,Năng lượng
2024-05-15,714.12,723.84,711.8,714.17,16102811,VNENE,Năng lượng
2024-05-16,719.6,730.92,715.47,721.64,21350821,VNENE,Năng lượng
2024-05-17,724.38,727.92,719.04,722.75,21539019,VNENE,Năng lượng
2024-05-20,727.24,734.24,717.83,718.05,19535826,VNENE,Năng lượng
2024-05-21,716.46,725.86,711.85,725.86,19278086,VNENE,Năng lượng
2024-05-22,730.17,734.29,714.78,718.26,20363137,VNENE,Năng lượng
2024-05-23,719.74,740.55,715.47,737.53,21041289,VNENE,Năng lượng
2024-05-24,734.77,762.65,718.25,727.65,36440773,VNENE,Năng lượng
2024-05-27,733.02,740.77,726.3,740.03,16957643,VNENE,Năng lượng
2024-05-28,748.7,748.7,737.63,744.0,18909568,VNENE,Năng lượng
2024-05-29,747.4,753.48,734.38,737.37,23683931,VNENE,Năng lượng
2024-05-30,733.63,744.41,719.1,744.41,24494829,VNENE,Năng lượng
2024-05-31,743.71,743.71,732.62,735.04,14369119,VNENE,Năng lượng
2024-06-03,740.31,747.35,737.16,745.93,16390487,VNENE,Năng lượng
2024-06-04,748.07,756.92,745.3,748.22,21611103,VNENE,Năng lượng
2024-06-05,748.25,755.88,740.0,740.0,16946959,VNENE,Năng lượng
2024-06-06,743.14,746.79,733.01,740.98,13391724,VNENE,Năng lượng
2024-06-07,741.92,748.65,739.4,740.49,13477719,VNENE,Năng lượng
2024-06-10,744.96,763.5,744.48,754.96,22513734,VNENE,Năng lượng
2024-06-11,762.16,764.6,755.13,759.08,17993389,VNENE,Năng lượng
2024-06-12,761.46,765.55,756.12,759.93,18077101,VNENE,Năng lượng
2024-06-13,763.24,764.37,752.64,752.64,13740977,VNENE,Năng lượng
2024-06-14,754.36,758.55,726.07,726.07,20005917,VNENE,Năng lượng
2024-06-17,727.85,730.57,720.88,720.88,13536293,VNENE,Năng lượng
2024-06-18,733.1,736.28,727.6,731.76,9267320,VNENE,Năng lượng
2024-06-19,734.77,736.74,726.62,732.7,9310157,VNENE,Năng lượng
2024-06-20,735.8,739.33,721.32,726.15,13202415,VNENE,Năng lượng
2024-06-21,730.94,734.43,723.77,734.1,10883802,VNENE,Năng lượng
2024-06-24,735.17,736.17,699.16,699.16,19305608,VNENE,Năng lượng
2024-06-25,701.27,713.09,699.59,708.04,8840686,VNENE,Năng lượng
2024-06-26,707.19,716.03,699.29,715.26,10952001,VNENE,Năng lượng
2024-06-27,715.75,715.75,708.63,709.13,7237682,VNENE,Năng lượng
2024-06-28,710.47,714.69,693.78,693.78,14127965,VNENE,Năng lượng
2024-07-01,694.99,706.17,691.07,705.18,5818717,VNENE,Năng lượng
2024-07-02,711.06,712.4,706.03,712.17,6512618,VNENE,Năng lượng
2024-07-03,714.48,719.72,710.91,718.38,8174819,VNENE,Năng lượng
2024-07-04,716.77,731.33,716.47,729.15,13004377,VNENE,Năng lượng
2024-07-05,729.53,734.44,725.07,728.44,9443838,VNENE,Năng lượng
2024-07-08,730.83,748.74,730.83,748.74,17633661,VNENE,Năng lượng
2024-07-09,750.88,752.11,744.14,748.09,10224902,VNENE,Năng lượng
2024-07-10,751.47,754.66,744.72,745.84,11457995,VNENE,Năng lượng
2024-07-11,749.3,750.89,741.49,741.87,9018154,VNENE,Năng lượng
2024-07-12,744.76,745.52,733.99,736.95,9730662,VNENE,Năng lượng
2024-07-15,737.11,749.95,737.11,749.95,11035480,VNENE,Năng lượng
2024-07-16,754.44,754.56,742.09,743.37,9508236,VNENE,Năng lượng
2024-07-17,744.65,744.65,699.8,711.96,18443820,VNENE,Năng lượng
2024-07-18,718.21,729.52,704.93,729.52,11791775,VNENE,Năng lượng
2024-07-19,729.91,730.84,711.87,715.99,11848929,VNENE,Năng lượng
2024-07-22,714.84,715.43,693.96,699.57,15242990,VNENE,Năng lượng
2024-07-23,703.01,709.65,693.42,693.49,12893193,VNENE,Năng lượng
2024-07-24,690.89,706.88,681.15,702.78,12535798,VNENE,Năng lượng
2024-07-25,698.06,704.97,694.07,702.81,6929272,VNENE,Năng lượng
2024-07-26,705.63,718.21,703.82,718.21,11345390,VNENE,Năng lượng
2024-07-29,724.05,727.39,711.38,716.25,7132825,VNENE,Năng lượng
2024-07-30,714.18,723.75,709.57,714.59,14879883,VNENE,Năng lượng
2024-07-31,715.3,724.31,707.42,708.24,9850442,VNENE,Năng lượng
2024-08-01,711.79,720.8,694.06,699.58,19631688,VNENE,Năng lượng
2024-08-02,697.81,713.14,686.04,712.9,11731501,VNENE,Năng lượng
2024-08-05,699.19,705.07,669.45,671.73,17992427,VNENE,Năng lượng
2024-08-06,684.1,690.8,665.07,689.09,11724786,VNENE,Năng lượng
2024-08-07,692.04,694.51,677.78,694.43,8515068,VNENE,Năng lượng
2024-08-08,694.1,699.21,686.84,693.17,10466476,VNENE,Năng lượng
2024-08-09,698.48,700.51,687.57,700.51,6954926,VNENE,Năng lượng
2024-08-12,705.35,714.14,702.52,709.38,9568510,VNENE,Năng lượng
2024-08-13,711.4,716.93,703.1,706.9,8092627,VNENE,Năng lượng
2024-08-14,710.76,715.35,706.25,709.94,11130821,VNENE,Năng lượng
2024-08-15,708.99,710.25,699.84,702.54,6520837,VNENE,Năng lượng
2024-08-16,705.2,731.23,704.06,725.75,17474591,VNENE,Năng lượng
2024-08-19,729.17,733.69,726.08,728.94,10022186,VNENE,Năng lượng
2024-08-20,728.96,736.87,722.75,728.4,11030898,VNENE,Năng lượng
2024-08-21,731.83,739.27,726.9,731.68,13363468,VNENE,Năng lượng
2024-08-22,734.44,734.44,724.43,729.21,8827067,VNENE,Năng lượng
2024-08-23,723.56,728.39,721.87,726.16,7113767,VNENE,Năng lượng
2024-08-26,731.57,732.83,719.06,719.22,11248594,VNENE,Năng lượng
2024-08-27,721.89,723.62,718.92,720.81,6770098,VNENE,Năng lượng
2024-08-28,723.91,725.82,719.09,723.0,6599274,VNENE,Năng lượng
2024-08-29,723.83,724.16,715.88,716.09,5649139,VNENE,Năng lượng
2024-08-30,718.09,720.64,715.62,719.88,5980250,VNENE,Năng lượng
2024-09-04,713.33,713.33,701.78,701.92,9390096,VNENE,Năng lượng
2024-09-05,702.52,706.93,688.22,692.09,8884014,VNENE,Năng lượng
2024-09-06,691.18,701.92,688.41,700.33,6863619,VNENE,Năng lượng
2024-09-09,698.73,703.34,694.38,698.39,5030026,VNENE,Năng lượng
2024-09-10,702.85,703.78,688.93,693.75,6748749,VNENE,Năng lượng
2024-09-11,690.17,692.0,685.11,689.44,6171190,VNENE,Năng lượng
2024-09-12,695.41,696.29,687.84,689.16,4914786,VNENE,Năng lượng
2024-09-13,690.97,691.73,683.43,687.2,5525956,VNENE,Năng lượng
2024-09-16,690.06,691.21,671.33,673.01,7278144,VNENE,Năng lượng
2024-09-17,674.74,676.57,665.17,674.11,7701562,VNENE,Năng lượng
2024-09-18,678.6,683.1,677.17,677.93,6283888,VNENE,Năng lượng
2024-09-19,677.99,680.46,674.55,679.61,5365919,VNENE,Năng lượng
2024-09-20,683.55,699.67,683.55,696.32,15946920,VNENE,Năng lượng
2024-09-23,697.6,699.07,688.9,689.27,5666106,VNENE,Năng lượng
2024-09-24,689.75,696.99,688.63,696.99,10283805,VNENE,Năng lượng
2024-09-25,700.66,702.48,697.18,699.68,9146529,VNENE,Năng lượng
2024-09-26,702.27,708.94,697.18,704.07,10653243,VNENE,Năng lượng
2024-09-27,702.43,703.61,693.91,694.57,8649244,VNENE,Năng lượng
2024-09-30,694.6,697.25,691.4,694.83,8063530,VNENE,Năng lượng
2024-10-01,695.42,699.73,692.59,693.3,8235322,VNENE,Năng lượng
2024-10-02,700.03,703.45,696.39,698.49,8205176,VNENE,Năng lượng
2024-10-03,699.79,702.2,685.97,690.25,10536220,VNENE,Năng lượng
2024-10-04,692.31,703.7,690.76,696.19,14224390,VNENE,Năng lượng
2024-10-07,700.33,704.76,696.04,700.45,8909114,VNENE,Năng lượng
2024-10-08,704.68,712.4,703.83,705.58,18078503,VNENE,Năng lượng
2024-10-09,705.3,705.3,698.08,701.82,10060186,VNENE,Năng lượng
2024-10-10,702.0,705.57,696.75,697.81,8350317,VNENE,Năng lượng
2024-10-11,702.69,706.29,696.84,698.73,6724961,VNENE,Năng lượng
2024-10-14,698.29,700.33,692.36,693.56,7968666,VNENE,Năng lượng
2024-10-15,693.08,695.09,671.81,676.75,15230105,VNENE,Năng lượng
2024-10-16,676.08,677.67,666.99,668.92,6781551,VNENE,Năng lượng
2024-10-17,671.21,673.72,661.95,673.72,7606666,VNENE,Năng lượng
2024-10-18,674.93,677.29,669.35,669.35,4783459,VNENE,Năng lượng
2024-10-21,667.0,667.79,658.8,658.8,7029940,VNENE,Năng lượng
2024-10-22,658.64,661.53,653.27,656.16,6410864,VNENE,Năng lượng
2024-10-23,660.06,664.02,657.63,663.68,3792661,VNENE,Năng lượng
2024-10-24,664.44,667.92,658.82,658.82,5020704,VNENE,Năng lượng
2024-10-25,660.08,662.11,654.07,655.16,4539652,VNENE,Năng lượng
2024-10-28,654.86,659.39,652.22,658.49,4015212,VNENE,Năng lượng
2024-10-29,657.98,662.01,656.71,659.1,4032854,VNENE,Năng lượng
2024-10-30,661.26,662.8,654.18,655.26,6267705,VNENE,Năng lượng
2024-10-31,661.67,662.45,657.03,658.52,5128545,VNENE,Năng lượng
2024-11-01,658.55,662.42,652.24,653.69,5176490,VNENE,Năng lượng
2024-11-04,653.69,655.19,644.37,644.37,5753973,VNENE,Năng lượng
2024-11-05,644.97,648.09,643.97,644.64,3622063,VNENE,Năng lượng
2024-11-06,644.67,652.06,644.67,651.57,4996514,VNENE,Năng lượng
2024-11-07,654.63,657.79,652.38,652.9,4807875,VNENE,Năng lượng
2024-11-08,655.88,661.53,653.31,654.82,8200902,VNENE,Năng lượng
2024-11-11,656.29,659.67,649.93,651.5,8870558,VNENE,Năng lượng
2024-11-12,653.47,653.95,637.6,638.87,12152584,VNENE,Năng lượng
2024-11-13,638.68,638.68,621.78,631.55,12289490,VNENE,Năng lượng
2024-11-14,630.8,635.36,624.69,624.69,7328278,VNENE,Năng lượng
2024-11-15,625.39,627.71,617.57,618.99,7893699,VNENE,Năng lượng
2024-11-18,618.95,622.23,611.0,616.76,4919559,VNENE,Năng lượng
2024-11-19,621.31,624.13,611.38,611.38,5809230,VNENE,Năng lượng
2024-11-20,611.34,620.8,604.93,615.44,5993152,VNENE,Năng lượng
2024-11-21,616.63,624.14,615.01,622.31,4751077,VNENE,Năng lượng
2024-11-22,622.67,628.33,621.29,624.25,4810874,VNENE,Năng lượng
2024-11-25,626.44,629.31,623.14,628.04,4913099,VNENE,Năng lượng
2024-11-26,624.93,629.22,623.49,628.09,4447289,VNENE,Năng lượng
2024-11-27,627.35,628.5,620.69,621.09,5354488,VNENE,Năng lượng
2024-11-28,624.93,633.52,623.88,626.25,5665333,VNENE,Năng lượng
2024-11-29,629.0,631.55,625.65,628.45,4200592,VNENE,Năng lượng
2024-12-02,629.79,630.63,622.89,625.25,4957821,VNENE,Năng lượng
2024-12-03,625.63,630.03,623.96,624.68,6659510,VNENE,Năng lượng
2024-12-04,626.42,631.88,623.5,624.11,4632303,VNENE,Năng lượng
2024-12-05,624.51,634.9,620.07,634.62,6521142,VNENE,Năng lượng
2024-12-06,636.1,640.33,632.47,634.53,6709806,VNENE,Năng lượng
2024-12-09,635.16,636.33,633.54,634.29,3743135,VNENE,Năng lượng
2024-12-10,635.96,638.11,632.31,634.14,5391473,VNENE,Năng lượng
2024-12-11,634.14,636.75,629.37,630.74,4265528,VNENE,Năng lượng
2024-12-12,631.67,634.78,628.57,629.16,5017249,VNENE,Năng lượng
2024-12-13,622.96,629.44,622.2,622.2,4924645,VNENE,Năng lượng
2024-12-16,622.46,626.32,622.09,625.1,5511634,VNENE,Năng lượng
2024-12-17,625.31,627.39,621.83,623.72,7838390,VNENE,Năng lượng
2024-12-18,623.62,639.29,623.62,636.12,8524802,VNENE,Năng lượng
2024-12-19,636.09,641.52,626.47,635.74,9786553,VNENE,Năng lượng
2024-12-20,637.44,640.31,632.14,633.23,8265535,VNENE,Năng lượng
2024-12-23,636.41,638.86,629.25,629.25,5642530,VNENE,Năng lượng
2024-12-24,630.0,632.52,624.93,632.52,10629423,VNENE,Năng lượng
2024-12-25,634.42,639.36,634.05,635.49,7838173,VNENE,Năng lượng
2024-12-26,637.85,642.24,634.51,634.51,7545444,VNENE,Năng lượng
2024-12-27,636.13,636.97,627.39,632.44,8040616,VNENE,Năng lượng
2024-12-30,632.78,632.78,628.58,629.76,5396489,VNENE,Năng lượng
2024-12-31,630.33,632.34,621.63,621.63,4603129,VNENE,Năng lượng
2025-01-02,624.76,627.22,623.75,626.8,3315739,VNENE,Năng lượng
2025-01-03,630.51,633.77,626.41,627.07,7670990,VNENE,Năng lượng
2025-01-06,628.72,631.79,614.07,615.28,7637260,VNENE,Năng lượng
2025-01-07,616.92,619.28,598.12,601.88,10318018,VNENE,Năng lượng
2025-01-08,602.62,607.25,593.67,605.74,6945003,VNENE,Năng lượng
2025-01-09,607.22,610.23,605.3,606.92,5377663,VNENE,Năng lượng
2025-01-10,607.11,615.68,599.31,599.31,6860549,VNENE,Năng lượng
2025-01-13,603.83,610.32,603.26,609.37,5355968,VNENE,Năng lượng
2025-01-14,612.32,615.53,608.8,609.75,5805640,VNENE,Năng lượng
2025-01-15,610.47,616.98,607.24,615.14,6155218,VNENE,Năng lượng
2025-01-16,621.39,623.18,613.65,615.81,5186303,VNENE,Năng lượng
2025-01-17,616.41,626.64,613.03,625.2,9852211,VNENE,Năng lượng
2025-01-20,625.65,628.85,623.57,624.42,4740176,VNENE,Năng lượng
2025-01-21,624.97,626.71,617.0,621.72,9205435,VNENE,Năng lượng
2025-01-22,622.06,622.28,614.13,614.21,6189600,VNENE,Năng lượng
2025-01-23,614.75,622.72,613.51,621.83,4075991,VNENE,Năng lượng
2025-01-24,619.83,621.95,616.46,620.89,4679663,VNENE,Năng lượng
2025-02-03,616.85,616.85,608.86,613.35,9310040,VNENE,Năng lượng
2025-02-04,616.31,621.92,613.7,621.92,5826175,VNENE,Năng lượng
2025-02-05,624.88,629.14,623.21,624.75,7379336,VNENE,Năng lượng
2025-02-06,625.71,630.12,623.01,628.18,6482929,VNENE,Năng lượng
2025-02-07,627.7,629.31,623.89,625.86,6068540,VNENE,Năng lượng
2025-02-10,625.09,627.69,620.29,620.91,7789030,VNENE,Năng lượng
2025-02-11,623.86,624.66,619.96,621.76,7113024,VNENE,Năng lượng
2025-02-12,624.88,626.15,622.69,625.0,4411658,VNENE,Năng lượng
2025-02-13,625.07,628.23,621.63,627.22,6150681,VNENE,Năng lượng
2025-02-14,627.17,643.94,627.17,638.87,16411961,VNENE,Năng lượng
2025-02-17,639.24,644.77,635.67,638.85,10839814,VNENE,Năng lượng
2025-02-18,640.94,645.44,640.44,641.93,7468384,VNENE,Năng lượng
2025-02-19,645.26,646.78,643.2,646.01,10050425,VNENE,Năng lượng
2025-02-20,647.41,651.27,645.27,646.78,9667487,VNENE,Năng lượng
2025-02-21,645.75,647.09,640.66,643.63,7700869,VNENE,Năng lượng
2025-02-24,643.42,647.4,640.0,647.4,8516750,VNENE,Năng lượng
2025-02-25,649.6,652.52,646.55,648.96,9222156,VNENE,Năng lượng
2025-02-26,649.47,651.66,644.74,645.54,7335743,VNENE,Năng lượng
2025-02-27,646.01,647.64,640.7,647.48,8099029,VNENE,Năng lượng
2025-02-28,651.15,658.99,650.66,653.17,14164703,VNENE,Năng lượng
2025-03-03,653.28,657.18,652.22,653.97,9676087,VNENE,Năng lượng
2025-03-04,653.57,655.13,647.09,650.16,9134870,VNENE,Năng lượng
2025-03-05,651.25,651.79,639.65,639.65,8667323,VNENE,Năng lượng
2025-03-06,639.47,642.13,634.29,638.97,9376437,VNENE,Năng lượng
2025-03-07,642.27,642.27,634.3,635.38,8870601,VNENE,Năng lượng
2025-03-10,636.7,639.15,633.57,637.05,7679054,VNENE,Năng lượng
2025-03-11,633.01,637.77,628.31,636.86,6452510,VNENE,Năng lượng
2025-03-12,637.09,640.46,632.41,634.71,9097943,VNENE,Năng lượng
2025-03-13,636.03,636.03,625.63,625.63,8706404,VNENE,Năng lượng
2025-03-14,624.61,627.67,616.58,618.27,11443210,VNENE,Năng lượng
2025-03-17,619.88,624.67,616.33,618.52,6921264,VNENE,Năng lượng
2025-03-18,620.92,630.57,620.43,624.84,9090616,VNENE,Năng lượng
2025-03-19,625.24,625.78,618.53,620.77,4537803,VNENE,Năng lượng
2025-03-20,620.94,623.8,615.81,619.51,4898249,VNENE,Năng lượng
2025-03-21,622.65,625.31,615.93,619.1,5073806,VNENE,Năng lượng
2025-03-24,618.23,619.24,609.08,612.32,7926999,VNENE,Năng lượng
2025-03-25,612.32,616.6,611.28,612.1,6360260,VNENE,Năng lượng
2025-03-26,615.09,623.7,614.83,617.5,7407445,VNENE,Năng lượng
2025-03-27,617.85,620.74,612.94,613.45,3622041,VNENE,Năng lượng
2025-03-28,614.12,616.9,604.83,604.83,6442895,VNENE,Năng lượng
2025-03-31,598.68,601.5,592.68,596.15,8125757,VNENE,Năng lượng
2025-04-01,600.76,604.63,598.3,601.65,4208985,VNENE,Năng lượng
2025-04-02,602.95,605.48,599.2,599.72,3477314,VNENE,Năng lượng
2025-04-03,581.25,581.25,558.56,558.86,13101904,VNENE,Năng lượng
2025-04-04,543.17,543.17,520.62,526.41,21620549,VNENE,Năng lượng
2025-04-08,498.1,502.82,490.3,490.3,9390973,VNENE,Năng lượng
2025-04-09,476.67,476.67,456.68,458.82,16223159,VNENE,Năng lượng
2025-04-10,490.58,490.58,458.82,490.58,2138678,VNENE,Năng lượng
2025-04-11,492.26,508.26,483.88,506.4,19712965,VNENE,Năng lượng
2025-04-14,508.18,524.12,505.25,522.75,10925618,VNENE,Năng lượng
2025-04-15,521.23,521.75,502.46,502.46,12002942,VNENE,Năng lượng
2025-04-16,503.09,508.31,487.25,494.87,9768905,VNENE,Năng lượng
2025-04-17,489.35,499.24,485.9,499.24,6937746,VNENE,Năng lượng
2025-04-18,505.25,512.66,503.73,505.8,7666069,VNENE,Năng lượng
2025-04-21,505.52,510.8,499.94,503.17,6324552,VNENE,Năng lượng
2025-04-22,501.15,501.15,469.74,486.84,15552095,VNENE,Năng lượng
2025-04-23,493.28,496.82,486.86,493.57,6473182,VNENE,Năng lượng
2025-04-24,495.6,505.79,495.6,498.74,8481730,VNENE,Năng lượng
2025-04-25,500.93,506.89,498.91,501.31,8211402,VNENE,Năng lượng
2025-04-28,503.66,505.19,498.04,499.91,5419103,VNENE,Năng lượng
2025-04-29,499.77,500.91,495.44,497.28,5666405,VNENE,Năng lượng
2025-05-05,497.28,503.27,489.98,502.71,9525653,VNENE,Năng lượng
2025-05-06,502.71,514.92,502.71,507.79,11878844,VNENE,Năng lượng
2025-05-07,507.79,513.69,497.06,509.33,10866602,VNENE,Năng lượng
2025-05-08,509.33,527.98,499.03,521.96,15348698,VNENE,Năng lượng
2025-05-09,521.96,529.09,517.48,518.45,7183063,VNENE,Năng lượng
2025-05-12,518.45,526.29,518.45,526.29,8959569,VNENE,Năng lượng
2025-05-13,526.29,538.71,525.41,526.8,9598921,VNENE,Năng lượng
2025-05-14,526.8,532.69,525.72,527.78,9775729,VNENE,Năng lượng
2025-05-15,527.78,531.66,523.63,527.66,9936393,VNENE,Năng lượng
2025-05-16,527.66,531.44,525.29,525.52,7160860,VNENE,Năng lượng
2025-05-19,525.52,525.52,519.24,519.85,7482478,VNENE,Năng lượng
2025-05-20,519.85,520.99,515.85,517.87,5882181,VNENE,Năng lượng
2025-05-21,517.87,521.11,514.87,518.65,7449670,VNENE,Năng lượng
2025-05-22,518.65,518.65,507.17,513.59,12822951,VNENE,Năng lượng
2025-05-23,513.59,515.67,508.9,510.54,4727057,VNENE,Năng lượng
2025-05-26,510.54,521.49,500.91,521.36,11033843,VNENE,Năng lượng
2025-05-27,521.36,528.8,521.36,527.49,13177078,VNENE,Năng lượng
2025-05-28,527.49,544.87,527.49,533.11,16940612,VNENE,Năng lượng
2025-05-29,533.11,537.91,525.41,527.17,8075621,VNENE,Năng lượng
2025-05-30,527.17,528.3,516.39,517.77,10122960,VNENE,Năng lượng
2025-06-02,517.77,534.24,508.59,532.93,12904669,VNENE,Năng lượng
2025-06-03,532.93,544.78,532.93,536.95,16092208,VNENE,Năng lượng
2025-06-04,536.95,549.31,536.95,542.1,18829766,VNENE,Năng lượng
2025-06-05,542.1,547.16,538.53,544.06,10937405,VNENE,Năng lượng
2025-06-06,544.06,556.94,543.88,548.51,23219114,VNENE,Năng lượng
2025-06-09,548.51,550.68,538.46,540.23,10365541,VNENE,Năng lượng
2025-06-10,540.23,540.23,531.4,532.57,7567647,VNENE,Năng lượng
2025-06-11,532.57,539.12,530.6,533.91,7817110,VNENE,Năng lượng
2025-06-12,533.91,545.11,533.91,539.72,14549599,VNENE,Năng lượng
2025-06-13,539.72,566.6,539.72,564.45,36414947,VNENE,Năng lượng
2025-06-16,564.45,597.57,564.45,597.55,32457814,VNENE,Năng lượng
2025-06-17,597.55,598.61,576.06,581.23,24654063,VNENE,Năng lượng
2025-06-18,581.23,595.84,579.08,579.51,19950768,VNENE,Năng lượng
2025-06-19,579.51,587.62,572.33,582.82,13946632,VNENE,Năng lượng
2025-06-20,582.82,589.88,570.79,581.05,13277662,VNENE,Năng lượng
2025-06-23,581.05,617.88,581.05,597.42,23095177,VNENE,Năng lượng
2025-06-24,597.42,597.42,559.66,568.06,24911462,VNENE,Năng lượng
2025-06-25,568.06,568.98,556.39,557.77,12378382,VNENE,Năng lượng
2025-06-26,557.77,561.43,552.02,556.74,9505966,VNENE,Năng lượng
2025-06-30,553.85,559.01,551.29,556.73,10823084,VNENE,Năng lượng
2025-07-01,556.73,557.78,550.66,550.66,8573800,VNENE,Năng lượng
2025-07-02,550.66,552.91,550.26,551.08,6198249,VNENE,Năng lượng
2025-07-03,551.08,559.08,551.08,554.3,8400951,VNENE,Năng lượng
2025-07-04,554.3,559.02,554.3,558.1,8073964,VNENE,Năng lượng
2025-07-07,558.1,560.53,555.28,555.61,8564456,VNENE,Năng lượng
2025-07-08,555.61,561.18,555.61,560.21,10968329,VNENE,Năng lượng
2025-07-09,560.21,566.16,560.01,562.28,12245345,VNENE,Năng lượng
2025-07-10,562.28,573.56,562.21,569.14,14848729,VNENE,Năng lượng
2025-07-11,569.14,570.64,562.37,564.82,10948869,VNENE,Năng lượng
2025-07-14,564.82,567.66,559.98,564.33,8857537,VNENE,Năng lượng
2025-07-15,564.33,569.02,561.17,561.17,12872516,VNENE,Năng lượng
2025-07-16,561.17,563.14,560.01,561.52,8677951,VNENE,Năng lượng
2025-07-17,561.52,567.02,560.86,561.43,14356551,VNENE,Năng lượng
2025-07-18,561.43,572.04,561.43,568.6,21364263,VNENE,Năng lượng
2025-07-21,568.6,574.64,563.17,563.17,11478685,VNENE,Năng lượng
2025-07-22,563.17,563.17,558.96,561.58,12029300,VNENE,Năng lượng
2025-07-23,561.58,569.5,561.58,567.93,18111914,VNENE,Năng lượng
2025-07-24,567.93,577.27,567.93,576.23,19507067,VNENE,Năng lượng
2025-07-25,576.23,584.51,576.23,577.96,17872737,VNENE,Năng lượng
2025-07-28,577.96,582.08,576.12,580.1,20033922,VNENE,Năng lượng
2025-07-29,580.1,592.95,566.69,566.69,36925945,VNENE,Năng lượng
2025-07-30,566.69,576.4,563.59,565.26,13928640,VNENE,Năng lượng
2025-07-31,565.26,575.08,563.33,565.01,14839274,VNENE,Năng lượng
2025-08-01,565.01,573.38,565.01,566.6,19616711,VNENE,Năng lượng
2025-08-04,566.6,570.3,563.36,566.7,14871200,VNENE,Năng lượng
2025-08-05,566.7,573.69,559.1,564.25,26378431,VNENE,Năng lượng
2025-08-06,564.25,579.59,564.25,576.22,20143686,VNENE,Năng lượng
2025-08-07,576.22,581.06,571.48,573.44,15545585,VNENE,Năng lượng
2025-08-08,573.44,600.99,573.44,599.17,54189967,VNENE,Năng lượng
2025-08-11,599.17,610.43,593.94,596.52,21616490,VNENE,Năng lượng
2025-08-12,596.52,606.42,593.19,600.37,32391382,VNENE,Năng lượng
2025-08-13,603.21,603.87,585.62,593.33,26690453,VNENE,Năng lượng
2025-08-14,597.16,597.44,588.12,594.13,19823062,VNENE,Năng lượng
2025-08-15,598.06,612.54,592.2,595.04,31527565,VNENE,Năng lượng
2025-08-18,602.23,605.56,596.23,600.99,19118186,VNENE,Năng lượng
2025-08-19,606.05,613.06,598.46,598.97,19700379,VNENE,Năng lượng
2025-08-20,599.29,599.52,572.09,579.78,26544338,VNENE,Năng lượng
2025-08-21,584.04,584.63,573.73,573.83,14849241,VNENE,Năng lượng
2025-08-22,570.89,579.72,560.15,561.75,18341120,VNENE,Năng lượng
2025-08-25,564.93,568.62,553.78,554.42,11813060,VNENE,Năng lượng
2025-08-26,556.59,566.62,556.28,564.7,9098656,VNENE,Năng lượng
2025-08-27,566.91,571.38,564.3,565.3,12550120,VNENE,Năng lượng
2025-08-28,568.97,570.07,564.04,565.51,6223197,VNENE,Năng lượng
2025-08-29,567.62,569.27,562.9,563.65,9397128,VNENE,Năng lượng
2025-09-03,568.92,579.78,567.94,574.4,14220316,VNENE,Năng lượng
2025-09-04,577.34,585.43,577.34,581.02,14259987,VNENE,Năng lượng
2025-09-05,584.18,597.67,581.82,582.59,25306182,VNENE,Năng lượng
2025-09-08,582.39,588.82,569.45,569.45,17746878,VNENE,Năng lượng
2025-09-09,573.67,574.73,562.19,567.86,10560625,VNENE,Năng lượng
2025-09-10,571.91,577.02,569.36,574.18,8835186,VNENE,Năng lượng
2025-09-11,576.22,582.9,570.26,574.85,16132903,VNENE,Năng lượng
2025-09-12,576.83,594.16,573.9,588.41,26599086,VNENE,Năng lượng
2025-09-15,593.92,593.96,587.48,590.26,13178567,VNENE,Năng lượng
2025-09-16,593.76,599.14,588.06,589.91,19073506,VNENE,Năng lượng
2025-09-17,593.18,599.0,587.79,587.79,16480186,VNENE,Năng lượng
2025-09-18,588.05,588.51,577.91,579.69,11682387,VNENE,Năng lượng
2025-09-19,581.37,583.91,575.92,575.92,7837739,VNENE,Năng lượng
2025-09-22,576.47,576.95,565.57,565.99,15194127,VNENE,Năng lượng
2025-09-23,569.24,575.73,568.7,573.45,9179032,VNENE,Năng lượng
2025-09-24,575.34,577.06,571.29,577.06,8019964,VNENE,Năng lượng
2025-09-25,580.02,588.73,579.8,584.35,17391757,VNENE,Năng lượng
2025-09-26,586.74,586.74,574.39,574.39,9915729,VNENE,Năng lượng
2025-09-29,578.4,580.51,571.92,573.88,8339752,VNENE,Năng lượng
2025-09-30,570.53,570.53,555.6,562.58,11453257,VNENE,Năng lượng
2025-10-01,563.06,563.74,557.99,558.3,7755650,VNENE,Năng lượng
2025-10-02,559.16,559.91,553.36,554.54,6902400,VNENE,Năng lượng
2025-10-03,552.82,554.27,543.15,543.66,10058308,VNENE,Năng lượng
2025-10-06,548.55,556.25,546.98,556.25,6977624,VNENE,Năng lượng
2025-10-07,559.07,559.53,548.62,549.5,6250699,VNENE,Năng lượng
2025-10-08,557.19,557.19,549.39,553.67,6249548,VNENE,Năng lượng
2025-10-09,555.07,562.9,551.51,559.26,9987944,VNENE,Năng lượng
2025-10-10,561.08,561.31,555.54,555.77,9543218,VNENE,Năng lượng
2025-10-13,548.25,550.6,546.77,550.36,12504877,VNENE,Năng lượng
2025-10-14,553.95,557.52,542.0,542.0,14370352,VNENE,Năng lượng
2025-10-15,543.42,545.36,537.86,540.03,9039024,VNENE,Năng lượng
2025-10-16,540.47,543.59,538.05,539.36,10835046,VNENE,Năng lượng
2025-10-17,538.79,540.67,532.39,532.39,9600215,VNENE,Năng lượng
2025-10-20,533.7,535.45,508.28,511.22,11260429,VNENE,Năng lượng
2025-10-21,512.37,526.02,512.37,524.81,12147728,VNENE,Năng lượng
2025-10-22,526.52,534.29,524.83,531.65,7108687,VNENE,Năng lượng
2025-10-23,540.72,542.08,535.18,536.05,4966818,VNENE,Năng lượng
2025-10-24,545.97,546.73,534.49,535.24,6861386,VNENE,Năng lượng
2025-10-27,540.67,540.96,531.61,532.72,4410339,VNENE,Năng lượng
2025-10-28,533.59,535.86,527.67,534.8,4879337,VNENE,Năng lượng
2025-10-29,535.88,545.13,535.07,543.21,7785765,VNENE,Năng lượng
2025-10-30,545.47,546.4,538.74,539.98,4966759,VNENE,Năng lượng
2025-10-31,545.32,562.85,543.23,555.46,21768845,VNENE,Năng lượng
2025-11-03,565.95,569.69,557.73,557.76,19236343,VNENE,Năng lượng
2025-11-04,556.79,569.16,542.54,563.64,21944405,VNENE,Năng lượng
2025-11-05,562.49,591.36,561.22,585.97,43750053,VNENE,Năng lượng
2025-11-06,587.53,589.71,577.51,587.48,16660628,VNENE,Năng lượng
2025-11-07,586.78,600.22,577.58,581.17,27131704,VNENE,Năng lượng
2025-11-10,586.73,589.45,577.27,579.14,20457655,VNENE,Năng lượng
2025-11-11,580.39,582.0,567.55,575.33,11700297,VNENE,Năng lượng
2025-11-12,577.1,583.31,573.55,579.21,9865967,VNENE,Năng lượng
2025-11-13,579.21,607.34,575.79,605.1,42415345,VNENE,Năng lượng
2025-11-14,606.61,618.06,606.49,610.67,19963103,VNENE,Năng lượng
2025-11-17,610.42,616.99,605.47,613.21,24154797,VNENE,Năng lượng
2025-11-18,612.67,617.18,605.03,605.97,24378210,VNENE,Năng lượng
2025-11-19,606.35,614.33,602.55,603.9,24316399,VNENE,Năng lượng
2025-11-20,605.29,606.76,599.46,602.01,27704503,VNENE,Năng lượng
2025-11-21,598.4,601.84,584.22,594.74,16526888,VNENE,Năng lượng
2025-11-24,595.27,597.48,586.41,593.39,18719752,VNENE,Năng lượng
2025-11-25,594.34,607.63,589.31,596.06,33697090,VNENE,Năng lượng
2025-11-26,598.97,606.5,598.0,606.31,29377574,VNENE,Năng lượng
2025-11-27,609.2,615.12,600.24,600.93,28323713,VNENE,Năng lượng
2025-11-28,602.64,619.7,602.45,610.61,39647177,VNENE,Năng lượng
2025-12-01,615.01,615.48,605.26,605.26,14410017,VNENE,Năng lượng
2025-12-02,604.13,614.38,603.63,614.38,12804707,VNENE,Năng lượng
2025-12-03,620.46,620.81,605.42,606.25,12717282,VNENE,Năng lượng
2025-12-04,608.08,620.29,607.28,615.07,17428401,VNENE,Năng lượng
2025-12-05,615.7,615.97,606.9,606.95,10396579,VNENE,Năng lượng
2025-12-08,607.25,609.57,595.42,608.23,17082907,VNENE,Năng lượng
2025-12-09,605.71,606.21,585.24,586.94,16386248,VNENE,Năng lượng
2025-12-10,587.26,592.7,583.1,586.63,10505211,VNENE,Năng lượng
2025-12-11,588.95,592.86,585.46,585.81,6168322,VNENE,Năng lượng
2025-12-12,586.32,589.05,565.95,566.89,14356480,VNENE,Năng lượng
2025-12-15,568.71,577.47,566.14,577.24,10424116,VNENE,Năng lượng
2025-12-16,578.03,600.11,568.54,600.11,13664191,VNENE,Năng lượng
2025-12-17,599.85,624.26,597.61,612.51,25893524,VNENE,Năng lượng
2025-12-18,612.89,617.13,606.92,613.7,8073336,VNENE,Năng lượng
2025-12-19,613.7,622.96,606.14,618.48,13952750,VNENE,Năng lượng
2025-12-22,619.73,625.99,615.22,625.49,12289976,VNENE,Năng lượng
2025-12-23,626.84,635.1,618.93,621.74,15922997,VNENE,Năng lượng
2025-12-24,623.41,626.05,618.02,625.14,12561856,VNENE,Năng lượng
2025-12-25,626.01,628.1,609.34,609.34,9556506,VNENE,Năng lượng
2025-12-26,608.74,621.58,606.29,620.57,14867719,VNENE,Năng lượng
2025-12-29,625.88,645.7,623.46,640.26,20880323,VNENE,Năng lượng
2025-12-30,641.63,641.63,625.87,634.98,12289866,VNENE,Năng lượng
2025-12-31,635.77,637.53,627.89,628.98,12412035,VNENE,Năng lượng
2026-01-05,639.68,655.31,629.48,644.14,24918034,VNENE,Năng lượng
2026-01-06,643.93,670.72,643.56,663.62,30833802,VNENE,Năng lượng
2026-01-07,664.01,690.77,662.09,690.77,39915701,VNENE,Năng lượng
2026-01-08,703.82,710.75,680.22,697.19,43499209,VNENE,Năng lượng
2026-01-09,697.02,720.69,690.77,692.47,26667807,VNENE,Năng lượng
2026-01-12,701.21,708.45,664.26,673.69,33859387,VNENE,Năng lượng
2026-01-13,675.62,717.85,675.24,717.85,33299197,VNENE,Năng lượng
2026-01-14,736.63,751.87,715.69,724.69,41827415,VNENE,Năng lượng
2026-01-15,721.78,742.39,703.23,730.49,33117515,VNENE,Năng lượng
2026-01-16,737.16,757.46,724.31,729.91,28090677,VNENE,Năng lượng
2026-01-19,736.28,757.48,729.33,750.03,20302642,VNENE,Năng lượng
2026-01-20,764.32,769.71,755.41,755.77,24665059,VNENE,Năng lượng
2026-01-21,749.46,769.99,730.82,769.99,28318022,VNENE,Năng lượng
2026-01-22,780.52,786.44,750.97,754.81,24768811,VNENE,Năng lượng
2026-01-23,757.98,758.44,715.63,723.25,25002449,VNENE,Năng lượng
2026-01-26,727.69,753.28,726.7,735.51,34193188,VNENE,Năng lượng
2026-01-27,744.41,775.83,730.35,773.44,31847653,VNENE,Năng lượng
2026-01-28,797.1,811.95,761.67,780.58,44086054,VNENE,Năng lượng
2026-01-29,784.9,785.77,756.92,765.91,19559614,VNENE,Năng lượng
2026-01-30,776.67,796.74,770.74,783.33,27971534,VNENE,Năng lượng
2026-02-02,780.04,825.51,772.82,825.51,71460038,VNENE,Năng lượng
2026-02-03,832.7,849.35,822.93,822.94,59071081,VNENE,Năng lượng
2026-02-04,819.37,841.48,812.53,831.7,45430782,VNENE,Năng lượng
2026-02-05,839.74,848.19,817.72,822.4,50287882,VNENE,Năng lượng
2026-02-06,806.88,841.69,781.09,812.63,62726606,VNENE,Năng lượng
2026-02-09,823.75,827.0,809.64,822.8,24219079,VNENE,Năng lượng
2026-02-10,824.87,836.6,769.14,777.37,67021565,VNENE,Năng lượng
2026-02-11,774.1,783.72,758.77,778.3,33977024,VNENE,Năng lượng
2026-02-12,790.2,803.28,785.63,786.84,20988768,VNENE,Năng lượng
2026-02-13,786.41,803.11,779.14,800.44,24738822,VNENE,Năng lượng
2026-02-23,808.45,852.17,808.45,852.17,32297462,VNENE,Năng lượng
2026-02-24,866.87,885.9,864.34,885.9,58005823,VNENE,Năng lượng
2026-02-25,895.18,916.35,873.43,895.98,50738677,VNENE,Năng lượng
2026-02-26,897.11,911.45,879.15,911.44,49424383,VNENE,Năng lượng
2026-02-27,923.86,967.36,923.37,942.79,60809950,VNENE,Năng lượng
2026-03-02,965.17,1008.02,965.17,1007.89,36179402,VNENE,Năng lượng
2026-03-03,1040.03,1076.22,988.43,1076.14,116183798,VNENE,Năng lượng
2026-03-04,1097.74,1125.47,1047.32,1125.47,93131527,VNENE,Năng lượng
2026-03-05,1121.71,1132.06,1060.29,1062.46,84218663,VNENE,Năng lượng
2026-03-06,1067.61,1106.94,1053.12,1079.72,72166356,VNENE,Năng lượng
2026-03-09,1106.07,1151.73,1021.01,1022.58,97923457,VNENE,Năng lượng
2026-03-10,1015.67,1049.08,956.35,974.68,68073206,VNENE,Năng lượng
2026-03-11,959.58,1021.99,941.84,1021.97,58826138,VNENE,Năng lượng
2026-03-12,1040.28,1040.28,1013.17,1021.41,40366703,VNENE,Năng lượng
2026-03-13,1027.21,1059.75,952.76,964.28,87335590,VNENE,Năng lượng
2026-03-16,963.28,963.31,899.22,911.07,62226052,VNENE,Năng lượng
2026-03-17,905.76,917.06,861.19,862.06,44085414,VNENE,Năng lượng
2026-03-18,843.26,919.81,841.95,898.86,64805776,VNENE,Năng lượng
2026-03-19,911.56,911.83,852.9,866.32,38527910,VNENE,Năng lượng
2026-03-20,865.23,874.03,807.69,816.25,67935839,VNENE,Năng lượng
2026-03-23,789.37,826.99,786.47,787.79,52062982,VNENE,Năng lượng
2026-03-24,801.33,808.23,747.74,781.13,47682963,VNENE,Năng lượng
2026-03-25,791.07,825.35,790.56,809.26,36156125,VNENE,Năng lượng
2026-03-26,811.65,811.92,783.43,805.47,31934487,VNENE,Năng lượng
2026-03-27,809.93,824.41,806.15,823.7,34254604,VNENE,Năng lượng
2026-03-30,840.4,855.27,828.65,837.52,41755314,VNENE,Năng lượng
2026-03-31,847.46,847.46,807.36,808.79,40239622,VNENE,Năng lượng
2026-04-01,813.68,820.71,792.68,795.78,40960764,VNENE,Năng lượng
2026-04-02,800.43,812.68,775.17,787.15,29868409,VNENE,Năng lượng
2026-04-03,799.56,807.29,782.47,782.47,24388706,VNENE,Năng lượng
2026-04-06,780.47,782.83,752.49,754.44,25912511,VNENE,Năng lượng
2026-04-07,757.74,772.04,743.54,754.27,20716940,VNENE,Năng lượng
2026-04-08,768.5,779.02,754.88,777.91,34975760,VNENE,Năng lượng
2026-04-09,777.51,779.08,755.22,761.54,20494850,VNENE,Năng lượng
2026-04-10,767.03,809.48,761.35,800.26,44789246,VNENE,Năng lượng
2026-04-13,807.94,820.28,796.17,805.79,24698884,VNENE,Năng lượng
2026-04-14,813.92,814.24,782.11,783.75,30117181,VNENE,Năng lượng
2026-04-15,783.82,794.0,774.3,775.42,25730411,VNENE,Năng lượng
2026-04-16,776.66,783.23,768.89,769.14,24716227,VNENE,Năng lượng
2026-04-17,776.51,791.37,768.74,787.62,21945606,VNENE,Năng lượng
2026-04-20,789.93,792.92,775.98,776.27,15919397,VNENE,Năng lượng
2026-04-21,778.04,790.87,771.05,776.63,25546601,VNENE,Năng lượng
2026-04-22,782.32,784.66,771.09,771.09,19455501,VNENE,Năng lượng
2026-04-23,774.77,781.5,744.27,769.33,47953856,VNENE,Năng lượng
2026-04-24,777.41,792.02,764.94,765.35,26517082,VNENE,Năng lượng
2026-04-28,758.7,761.28,718.77,724.92,51291556,VNENE,Năng lượng
2026-04-29,719.54,736.29,715.48,733.68,23315405,VNENE,Năng lượng
2026-05-04,762.74,775.3,753.99,761.85,21504428,VNENE,Năng lượng
2026-05-05,765.99,799.06,757.34,797.11,49613676,VNENE,Năng lượng
2026-05-06,795.57,804.35,783.28,790.82,34418742,VNENE,Năng lượng
2026-05-07,786.94,788.93,760.46,761.09,37837987,VNENE,Năng lượng
2026-05-08,772.62,775.28,754.1,758.58,20411495,VNENE,Năng lượng
2026-05-11,766.81,786.35,754.92,780.96,41411655,VNENE,Năng lượng
2026-05-12,787.2,804.35,775.97,800.82,38152839,VNENE,Năng lượng
2026-05-13,804.33,854.8,794.61,840.98,73556965,VNENE,Năng lượng
2026-05-14,845.75,854.79,830.96,834.34,32066223,VNENE,Năng lượng
2026-05-15,828.03,870.86,826.66,864.04,46904021,VNENE,Năng lượng
2026-05-18,874.12,921.47,873.27,912.66,58964009,VNENE,Năng lượng
2026-05-19,916.31,921.91,850.67,851.19,77121108,VNENE,Năng lượng
2026-05-20,834.83,870.14,798.18,865.17,53454003,VNENE,Năng lượng
2026-05-21,861.13,861.13,832.49,842.51,20631969,VNENE,Năng lượng
2026-05-22,846.37,846.37,820.44,821.01,24380005,VNENE,Năng lượng
2026-05-25,799.4,805.29,780.53,780.67,38538315,VNENE,Năng lượng
2026-05-26,792.02,800.8,784.67,787.61,14658314,VNENE,Năng lượng
2026-05-27,792.11,800.99,782.2,782.2,16558942,VNENE,Năng lượng
2026-05-28,782.18,799.02,770.37,782.43,25979186,VNENE,Năng lượng
2026-05-29,780.96,808.68,773.28,805.28,27886183,VNENE,Năng lượng
2026-06-01,808.01,808.01,785.55,785.55,15318878,VNENE,Năng lượng
2026-06-02,792.36,792.91,764.43,764.94,20932275,VNENE,Năng lượng
2026-06-03,769.7,781.94,765.23,774.33,10547731,VNENE,Năng lượng
2026-06-04,785.09,813.0,785.09,801.67,22464328,VNENE,Năng lượng
2026-06-05,802.69,815.12,789.97,795.96,14929191,VNENE,Năng lượng
2026-06-08,791.0,803.94,790.71,793.81,16699938,VNENE,Năng lượng
2026-06-09,796.75,796.75,783.34,783.97,11911963,VNENE,Năng lượng
2026-06-10,785.0,790.07,779.29,779.3,12211798,VNENE,Năng lượng
2026-06-11,790.07,797.04,779.75,779.75,10419457,VNENE,Năng lượng
2026-06-12,778.86,790.71,775.34,778.36,14361469,VNENE,Năng lượng
2026-06-15,765.6,768.55,747.82,750.25,26293147,VNENE,Năng lượng
2026-06-16,752.15,761.07,745.23,759.08,16297838,VNENE,Năng lượng
2026-06-17,754.89,766.09,750.78,758.56,14917978,VNENE,Năng lượng
2026-06-18,758.3,773.81,758.16,766.88,18527720,VNENE,Năng lượng
2026-06-19,767.92,768.54,759.42,764.97,16792494,VNENE,Năng lượng
2026-06-22,768.52,788.95,768.32,778.05,19786434,VNENE,Năng lượng
2026-06-23,776.2,779.44,747.3,749.13,30162439,VNENE,Năng lượng
2026-06-24,755.86,764.81,742.12,761.89,22011676,VNENE,Năng lượng
2026-06-25,761.99,761.99,746.05,746.56,15229906,VNENE,Năng lượng
2026-06-26,751.26,753.93,739.97,740.07,14302726,VNENE,Năng lượng
2026-06-29,745.67,762.29,744.83,753.48,18951891,VNENE,Năng lượng
2026-06-30,756.33,758.01,749.48,750.15,34296846,VNENE,Năng lượng
2026-07-01,754.71,779.81,754.71,771.72,21181887,VNENE,Năng lượng
2026-07-02,769.46,770.31,760.65,760.81,34511838,VNENE,Năng lượng
2026-07-03,761.77,765.04,751.87,751.87,13402676,VNENE,Năng lượng
2026-07-06,752.83,755.06,717.1,722.96,23882100,VNENE,Năng lượng
2026-07-07,727.74,737.03,718.47,736.92,28007433,VNENE,Năng lượng
2026-07-08,753.18,760.78,747.71,748.97,25816979,VNENE,Năng lượng
2026-07-09,753.9,781.31,753.9,769.05,43689261,VNENE,Năng lượng
2026-07-10,771.6,771.6,750.71,751.32,32689204,VNENE,Năng lượng
2026-07-13,761.26,766.02,735.19,742.51,17712924,VNENE,Năng lượng
2026-07-14,765.59,784.41,759.96,778.23,33138155,VNENE,Năng lượng
2026-07-15,780.95,786.1,755.44,760.36,20230113,VNENE,Năng lượng
2026-07-16,759.88,763.1,718.56,758.76,19764366,VNENE,Năng lượng
2026-07-17,756.83,756.83,733.21,738.72,13419467,VNENE,Năng lượng
2026-07-20,747.46,750.29,716.6,722.86,19890855,VNENE,Năng lượng
2026-07-21,712.21,723.87,681.66,688.19,34065739,VNENE,Năng lượng
2026-07-22,693.17,698.85,673.39,679.89,19515646,VNENE,Năng lượng
2026-07-23,699.99,701.59,678.1,697.57,15178078,VNENE,Năng lượng
2026-07-24,703.49,726.04,700.28,711.1,20503119,VNENE,Năng lượng
2026-07-27,700.91,714.99,692.03,692.75,15034121,VNENE,Năng lượng
2026-07-28,687.35,703.68,685.76,701.02,12720539,VNENE,Năng lượng
2026-07-29,706.6,713.8,701.74,709.97,33095178,VNENE,Năng lượng
2026-07-30,718.36,736.86,715.17,735.66,15958956,VNENE,Năng lượng
2026-07-31,747.03,747.03,714.27,722.88,39620253,VNENE,Năng lượng
2026-08-03,720.45,735.57,719.08,730.87,28247847,VNENE,Năng lượng
2026-08-04,730.79,730.79,718.11,721.97,14939171,VNENE,Năng lượng
2026-08-05,719.29,723.73,706.85,721.39,25754839,VNENE,Năng lượng
2026-08-06,725.98,733.08,713.71,714.08,15161315,VNENE,Năng lượng
2026-08-07,719.54,750.88,718.85,739.9,38686578,VNENE,Năng lượng
2026-08-10,753.13,767.68,739.09,761.39,32445215,VNENE,Năng lượng
2026-08-11,761.57,766.69,751.63,751.63,26419588,VNENE,Năng lượng
2026-08-12,754.18,771.57,747.02,764.7,22892259,VNENE,Năng lượng
2026-08-13,765.76,771.71,755.84,755.84,20442770,VNENE,Năng lượng
2026-08-14,758.2,762.03,738.02,738.02,40100870,VNENE,Năng lượng
2026-08-17,739.27,753.03,728.94,750.82,18506315,VNENE,Năng lượng
2026-08-18,759.17,787.8,756.83,775.59,54344008,VNENE,Năng lượng
