time,open,high,low,close,volume,symbol,name
2018-08-06,794.28,802.81,788.92,791.55,17965210,VNFIN,Tài chính
2018-08-07,789.64,804.9,787.13,795.33,23084220,VNFIN,Tài chính
2018-08-08,796.57,808.98,796.57,808.98,27731550,VNFIN,Tài chính
2018-08-09,808.98,822.78,808.8,809.44,39352530,VNFIN,Tài chính
2018-08-10,802.05,816.14,802.05,816.14,25818990,VNFIN,Tài chính
2018-08-13,814.34,837.62,810.7,837.62,54172670,VNFIN,Tài chính
2018-08-14,839.63,843.23,831.08,831.08,33017640,VNFIN,Tài chính
2018-08-15,839.63,837.05,811.58,811.58,41912490,VNFIN,Tài chính
2018-08-16,839.63,816.08,795.85,816.08,39391720,VNFIN,Tài chính
2018-08-17,839.63,825.26,810.56,810.56,29645950,VNFIN,Tài chính
2018-08-20,839.63,813.5,795.46,796.14,32287750,VNFIN,Tài chính
2018-08-21,839.63,813.48,794.13,813.48,30762890,VNFIN,Tài chính
2018-08-22,839.63,822.52,811.76,812.01,30046800,VNFIN,Tài chính
2018-08-23,839.63,815.9,807.39,813.28,22471810,VNFIN,Tài chính
2018-08-24,839.63,815.57,804.12,807.98,30360750,VNFIN,Tài chính
2018-08-27,839.63,824.39,809.36,819.84,39233790,VNFIN,Tài chính
2018-08-28,839.63,828.72,822.31,826.47,34098960,VNFIN,Tài chính
2018-08-29,839.63,826.0,819.5,820.34,23065610,VNFIN,Tài chính
2018-08-30,819.51,830.65,816.19,830.65,32176640,VNFIN,Tài chính
2018-08-31,819.51,838.14,823.99,824.78,36362080,VNFIN,Tài chính
2018-09-04,819.51,838.14,809.52,809.52,33291650,VNFIN,Tài chính
2018-09-05,819.51,811.89,797.62,801.96,29562860,VNFIN,Tài chính
2018-09-06,819.51,804.86,791.35,793.49,23239310,VNFIN,Tài chính
2018-09-07,819.51,807.9,793.79,807.9,25684070,VNFIN,Tài chính
2018-09-10,819.51,811.04,804.41,805.47,34280560,VNFIN,Tài chính
2018-09-11,819.51,817.47,802.55,817.47,31215930,VNFIN,Tài chính
2018-09-12,819.51,825.32,813.89,813.89,34974110,VNFIN,Tài chính
2018-09-13,819.51,820.06,811.44,812.98,27709720,VNFIN,Tài chính
2018-09-14,819.51,820.59,813.36,814.9,37508060,VNFIN,Tài chính
2018-09-17,819.51,815.4,805.58,805.97,28169940,VNFIN,Tài chính
2018-09-18,819.51,814.55,798.34,814.55,30378140,VNFIN,Tài chính
2018-09-19,819.51,829.91,815.59,822.71,40016600,VNFIN,Tài chính
2018-09-20,819.51,838.34,822.82,838.28,31901660,VNFIN,Tài chính
2018-09-21,819.51,852.93,838.76,847.27,62956190,VNFIN,Tài chính
2018-09-24,819.51,855.26,844.58,845.9,31948760,VNFIN,Tài chính
2018-09-25,819.51,850.06,839.47,842.38,30229020,VNFIN,Tài chính
2018-09-26,819.51,853.08,839.59,843.32,32548760,VNFIN,Tài chính
2018-09-27,819.51,851.14,843.69,845.57,29279660,VNFIN,Tài chính
2018-09-28,819.51,863.95,845.7,858.24,60514080,VNFIN,Tài chính
2018-10-01,819.51,868.85,855.79,857.1,48838420,VNFIN,Tài chính
2018-10-02,819.51,863.03,851.15,855.66,34903610,VNFIN,Tài chính
2018-10-03,819.51,862.26,854.06,859.2,34468120,VNFIN,Tài chính
2018-10-04,819.51,870.04,859.65,867.96,48253700,VNFIN,Tài chính
2018-10-05,819.51,870.96,853.59,853.59,46708210,VNFIN,Tài chính
2018-10-08,819.51,855.5,846.03,848.06,38983310,VNFIN,Tài chính
2018-10-09,819.51,851.8,838.44,839.14,43696110,VNFIN,Tài chính
2018-10-10,819.51,840.34,828.39,833.11,33650870,VNFIN,Tài chính
2018-10-11,819.51,808.56,779.27,779.27,80969290,VNFIN,Tài chính
2018-10-12,819.51,805.63,771.23,804.69,49800630,VNFIN,Tài chính
2018-10-15,819.51,806.1,790.5,791.24,23636320,VNFIN,Tài chính
2018-10-16,790.21,802.8,790.21,802.8,24184980,VNFIN,Tài chính
2018-10-17,805.49,813.55,803.54,805.67,30599420,VNFIN,Tài chính
2018-10-18,801.64,805.53,793.18,795.07,29220400,VNFIN,Tài chính
2018-10-19,794.94,796.96,778.67,792.45,25333510,VNFIN,Tài chính
2018-10-22,797.39,801.78,776.12,776.12,25642190,VNFIN,Tài chính
2018-10-23,770.82,770.82,743.63,762.05,42374940,VNFIN,Tài chính
2018-10-24,762.05,767.69,752.78,752.78,24176550,VNFIN,Tài chính
2018-10-25,720.41,743.14,716.29,743.14,31572460,VNFIN,Tài chính
2018-10-26,751.83,751.83,729.86,729.86,22131110,VNFIN,Tài chính
2018-10-29,728.11,730.23,716.6,720.86,24289510,VNFIN,Tài chính
2018-10-30,716.78,729.99,714.47,723.43,21936050,VNFIN,Tài chính
2018-10-31,728.28,750.56,728.28,749.55,26120370,VNFIN,Tài chính
2018-11-01,728.28,750.77,728.28,733.08,18022910,VNFIN,Tài chính
2018-11-02,728.28,753.13,728.28,747.88,27265080,VNFIN,Tài chính
2018-11-05,745.87,750.24,741.24,750.24,18248710,VNFIN,Tài chính
2018-11-06,753.95,754.52,743.0,743.0,17398640,VNFIN,Tài chính
2018-11-07,745.4,749.1,737.07,742.14,25788710,VNFIN,Tài chính
2018-11-08,747.01,754.29,742.43,742.43,16309750,VNFIN,Tài chính
2018-11-09,741.88,744.26,727.76,727.76,17675530,VNFIN,Tài chính
2018-11-12,722.29,728.02,716.22,727.93,18917880,VNFIN,Tài chính
2018-11-13,717.61,721.02,713.97,717.46,9798330,VNFIN,Tài chính
2018-11-14,717.57,722.31,705.95,711.61,21363220,VNFIN,Tài chính
2018-11-15,711.08,714.97,699.3,704.29,19040840,VNFIN,Tài chính
2018-11-16,709.3,726.57,708.01,722.57,22242430,VNFIN,Tài chính
2018-11-19,723.98,741.91,723.98,741.91,23710340,VNFIN,Tài chính
2018-11-20,736.0,742.74,735.87,740.69,21314990,VNFIN,Tài chính
2018-11-21,732.23,746.55,730.24,746.55,21076380,VNFIN,Tài chính
2018-11-22,749.15,754.72,744.03,751.06,22921050,VNFIN,Tài chính
2018-11-23,750.26,750.53,739.17,740.34,15642380,VNFIN,Tài chính
2018-11-26,739.94,739.94,733.38,736.1,11297960,VNFIN,Tài chính
2018-11-27,736.84,740.99,725.06,728.1,17921410,VNFIN,Tài chính
2018-11-28,726.35,734.17,723.34,734.17,14413160,VNFIN,Tài chính
2018-11-29,739.89,744.53,731.19,731.71,20401400,VNFIN,Tài chính
2018-11-30,729.6,741.56,728.6,735.94,31879930,VNFIN,Tài chính
2018-12-03,742.71,767.72,742.71,767.72,41058380,VNFIN,Tài chính
2018-12-04,766.88,774.2,760.42,769.81,66793810,VNFIN,Tài chính
2018-12-05,768.75,773.48,757.02,770.17,37080220,VNFIN,Tài chính
2018-12-06,765.76,771.34,763.75,770.36,45290540,VNFIN,Tài chính
2018-12-07,772.63,780.11,772.41,773.92,31300790,VNFIN,Tài chính
2018-12-10,772.75,772.75,764.33,765.24,26616490,VNFIN,Tài chính
2018-12-11,765.53,768.82,756.88,764.43,22621330,VNFIN,Tài chính
2018-12-12,764.7,770.07,763.29,770.01,20552990,VNFIN,Tài chính
2018-12-13,771.65,776.1,768.48,768.48,28511050,VNFIN,Tài chính
2018-12-14,767.27,768.11,755.6,757.28,38291130,VNFIN,Tài chính
2018-12-17,750.68,752.3,733.29,733.29,29629950,VNFIN,Tài chính
2018-12-18,720.17,733.26,718.58,728.81,29512310,VNFIN,Tài chính
2018-12-19,728.78,731.64,717.47,725.42,26847840,VNFIN,Tài chính
2018-12-20,721.16,726.88,718.16,719.57,18711480,VNFIN,Tài chính
2018-12-21,714.98,722.26,712.76,722.26,19927570,VNFIN,Tài chính
2018-12-24,714.98,728.49,710.48,710.48,15069340,VNFIN,Tài chính
2018-12-25,714.98,728.49,681.58,694.09,31120230,VNFIN,Tài chính
2018-12-26,714.98,728.49,681.58,692.13,12767870,VNFIN,Tài chính
2018-12-27,714.98,728.49,681.58,701.07,16218250,VNFIN,Tài chính
2018-12-28,714.98,711.16,697.42,698.05,14907570,VNFIN,Tài chính
2019-01-02,714.98,711.16,687.35,687.35,14674340,VNFIN,Tài chính
2019-01-03,687.18,690.84,668.97,670.59,28159280,VNFIN,Tài chính
2019-01-04,667.33,676.89,657.35,672.66,20052610,VNFIN,Tài chính
2019-01-07,684.14,689.46,678.92,679.88,16650130,VNFIN,Tài chính
2019-01-08,680.02,682.39,672.95,675.58,15253050,VNFIN,Tài chính
2019-01-09,678.81,687.98,678.37,683.5,21527760,VNFIN,Tài chính
2019-01-10,684.82,688.25,682.2,682.2,17358270,VNFIN,Tài chính
2019-01-11,684.43,687.39,681.25,682.06,14640960,VNFIN,Tài chính
2019-01-14,682.15,683.39,676.19,677.35,15671640,VNFIN,Tài chính
2019-01-15,678.31,686.74,677.43,686.16,16195610,VNFIN,Tài chính
2019-01-16,688.86,693.95,687.45,688.83,16541650,VNFIN,Tài chính
2019-01-17,688.38,694.89,681.93,681.93,16440700,VNFIN,Tài chính
2019-01-18,686.03,687.41,679.94,682.19,13667340,VNFIN,Tài chính
2019-01-21,682.19,709.24,682.19,706.4,36215820,VNFIN,Tài chính
2019-01-22,708.92,717.15,705.49,705.5,25284580,VNFIN,Tài chính
2019-01-23,702.97,715.64,702.95,712.54,20991830,VNFIN,Tài chính
2019-01-24,714.4,720.41,711.47,720.41,22787800,VNFIN,Tài chính
2019-01-25,718.94,723.2,716.94,719.73,22909720,VNFIN,Tài chính
2019-01-28,720.01,721.5,711.32,713.89,15097930,VNFIN,Tài chính
2019-01-29,712.67,722.77,707.06,722.77,19134920,VNFIN,Tài chính
2019-01-30,723.1,726.05,721.14,722.72,16809490,VNFIN,Tài chính
2019-01-31,727.24,732.02,725.3,727.96,28697510,VNFIN,Tài chính
2019-02-01,727.95,731.88,724.87,731.88,17858190,VNFIN,Tài chính
2019-02-11,734.34,745.84,731.83,745.57,27917190,VNFIN,Tài chính
2019-02-12,746.69,755.6,744.92,752.75,42560170,VNFIN,Tài chính
2019-02-13,754.13,759.31,753.74,758.06,36819720,VNFIN,Tài chính
2019-02-14,756.7,759.01,752.07,752.65,26038900,VNFIN,Tài chính
2019-02-15,750.09,754.83,746.61,749.42,26756980,VNFIN,Tài chính
2019-02-18,752.64,757.21,750.6,753.29,28043030,VNFIN,Tài chính
2019-02-19,755.88,758.08,747.94,747.94,48945880,VNFIN,Tài chính
2019-02-20,748.95,754.52,746.16,749.92,32405100,VNFIN,Tài chính
2019-02-21,750.83,753.58,744.85,751.26,34173870,VNFIN,Tài chính
2019-02-22,746.66,763.04,745.41,757.61,46400790,VNFIN,Tài chính
2019-02-25,758.23,769.82,758.23,766.56,37095930,VNFIN,Tài chính
2019-02-26,764.46,768.25,754.71,759.3,33583190,VNFIN,Tài chính
2019-02-27,758.9,760.91,753.79,756.01,32164600,VNFIN,Tài chính
2019-02-28,755.89,756.29,739.03,739.03,40469530,VNFIN,Tài chính
2019-03-01,739.04,747.02,739.04,747.02,19914350,VNFIN,Tài chính
2019-03-04,747.64,759.65,747.64,757.91,28070700,VNFIN,Tài chính
2019-03-05,755.94,763.9,752.43,754.98,36292410,VNFIN,Tài chính
2019-03-06,754.98,758.11,751.23,754.26,16695810,VNFIN,Tài chính
2019-03-07,754.62,759.42,752.23,755.32,30177950,VNFIN,Tài chính
2019-03-08,755.09,755.09,745.07,746.48,27162200,VNFIN,Tài chính
2019-03-11,746.42,749.06,743.38,745.95,14995740,VNFIN,Tài chính
2019-03-12,749.35,761.56,746.11,761.56,34031020,VNFIN,Tài chính
2019-03-13,765.84,773.58,765.84,770.63,49075160,VNFIN,Tài chính
2019-03-14,772.04,774.11,766.39,770.88,27797110,VNFIN,Tài chính
2019-03-15,769.42,772.53,765.21,769.47,30812820,VNFIN,Tài chính
2019-03-18,771.91,779.45,771.12,776.72,35774800,VNFIN,Tài chính
2019-03-19,776.73,780.21,768.74,769.25,32327220,VNFIN,Tài chính
2019-03-20,768.34,769.58,759.62,767.31,35018420,VNFIN,Tài chính
2019-03-21,767.55,770.95,752.65,752.65,33848400,VNFIN,Tài chính
2019-03-22,754.41,759.31,750.67,754.57,26063000,VNFIN,Tài chính
2019-03-25,746.58,746.58,733.17,736.73,32868950,VNFIN,Tài chính
2019-03-26,736.73,746.13,736.73,737.69,18339980,VNFIN,Tài chính
2019-03-27,737.69,744.79,737.69,744.31,15141770,VNFIN,Tài chính
2019-03-28,740.23,746.4,739.51,740.42,16439580,VNFIN,Tài chính
2019-03-29,740.44,745.85,738.42,740.94,20634590,VNFIN,Tài chính
2019-04-01,741.41,744.47,739.37,742.34,14659520,VNFIN,Tài chính
2019-04-02,742.53,749.42,736.66,736.71,16581800,VNFIN,Tài chính
2019-04-03,736.14,737.94,733.48,735.96,19860370,VNFIN,Tài chính
2019-04-04,737.64,741.02,736.43,740.29,16000890,VNFIN,Tài chính
2019-04-05,740.42,741.27,737.56,738.75,15237240,VNFIN,Tài chính
2019-04-08,738.62,740.37,734.72,740.37,19255190,VNFIN,Tài chính
2019-04-09,742.74,744.96,738.87,740.67,24676950,VNFIN,Tài chính
2019-04-10,736.42,739.02,727.8,731.77,18957590,VNFIN,Tài chính
2019-04-11,732.01,733.55,728.6,730.15,12354830,VNFIN,Tài chính
2019-04-12,730.43,730.43,723.56,724.92,13764920,VNFIN,Tài chính
2019-04-16,722.65,722.65,712.48,719.43,19961670,VNFIN,Tài chính
2019-04-17,719.43,725.75,719.43,720.46,15236040,VNFIN,Tài chính
2019-04-18,720.17,721.87,712.4,713.22,20906150,VNFIN,Tài chính
2019-04-19,716.31,718.31,711.87,713.82,12361460,VNFIN,Tài chính
2019-04-22,714.11,714.32,704.2,706.91,17810970,VNFIN,Tài chính
2019-04-23,707.22,709.73,704.45,707.04,19879020,VNFIN,Tài chính
2019-04-24,708.99,717.0,708.5,715.96,14879290,VNFIN,Tài chính
2019-04-25,715.84,715.84,708.79,709.77,12051480,VNFIN,Tài chính
2019-04-26,709.11,713.06,707.88,711.72,13275880,VNFIN,Tài chính
2019-05-02,713.04,713.34,705.9,707.79,14656970,VNFIN,Tài chính
2019-05-03,707.16,712.09,704.33,712.09,24733650,VNFIN,Tài chính
2019-05-06,704.25,705.0,692.8,696.21,20739050,VNFIN,Tài chính
2019-05-07,699.92,702.32,690.59,690.59,18097130,VNFIN,Tài chính
2019-05-08,684.9,690.01,681.99,688.54,19960160,VNFIN,Tài chính
2019-05-09,688.07,693.05,686.53,689.44,23732470,VNFIN,Tài chính
2019-05-10,692.81,698.23,690.65,696.71,18072520,VNFIN,Tài chính
2019-05-13,698.11,702.42,696.45,698.86,18039060,VNFIN,Tài chính
2019-05-14,695.92,696.55,692.78,696.55,18142430,VNFIN,Tài chính
2019-05-15,697.28,710.51,697.28,710.12,25457380,VNFIN,Tài chính
2019-05-16,710.64,710.91,706.4,707.81,16731460,VNFIN,Tài chính
2019-05-17,706.8,708.26,703.71,705.66,16622640,VNFIN,Tài chính
2019-05-20,709.61,712.13,709.01,712.13,20038690,VNFIN,Tài chính
2019-05-21,712.89,718.53,712.33,713.79,21747680,VNFIN,Tài chính
2019-05-22,714.66,719.87,712.01,712.01,24985490,VNFIN,Tài chính
2019-05-23,710.37,713.51,706.01,708.82,13871380,VNFIN,Tài chính
2019-05-24,704.4,712.5,698.99,698.99,21877850,VNFIN,Tài chính
2019-05-27,699.18,703.09,698.79,702.36,11276330,VNFIN,Tài chính
2019-05-28,701.37,705.29,697.42,698.88,14747230,VNFIN,Tài chính
2019-05-29,699.08,699.12,694.04,694.04,13804130,VNFIN,Tài chính
2019-05-30,693.06,700.22,690.09,698.0,14385930,VNFIN,Tài chính
2019-05-31,696.83,698.24,690.11,690.11,14900840,VNFIN,Tài chính
2019-06-03,686.82,688.24,672.6,678.4,20989790,VNFIN,Tài chính
2019-06-04,680.58,681.01,671.48,676.03,14535200,VNFIN,Tài chính
2019-06-05,682.18,683.19,674.4,674.4,13311900,VNFIN,Tài chính
2019-06-06,675.15,678.1,667.29,675.23,13585310,VNFIN,Tài chính
2019-06-07,676.26,680.66,676.0,680.66,11102210,VNFIN,Tài chính
2019-06-10,685.74,687.08,677.63,682.65,19457090,VNFIN,Tài chính
2019-06-11,682.91,685.5,681.99,685.5,9886560,VNFIN,Tài chính
2019-06-12,684.58,686.52,681.23,681.23,9630480,VNFIN,Tài chính
2019-06-13,679.25,682.41,677.73,680.48,13905370,VNFIN,Tài chính
2019-06-14,681.59,689.81,681.15,684.62,18736290,VNFIN,Tài chính
2019-06-17,684.62,687.37,679.9,680.68,17507100,VNFIN,Tài chính
2019-06-18,679.18,682.43,670.76,673.15,17711520,VNFIN,Tài chính
2019-06-19,677.32,678.44,670.2,673.05,13315690,VNFIN,Tài chính
2019-06-20,677.32,678.44,670.2,673.05,13315690,VNFIN,Tài chính
2019-06-21,677.32,678.44,670.2,673.05,13315690,VNFIN,Tài chính
2019-06-24,672.56,694.3,689.88,692.61,19361060,VNFIN,Tài chính
2019-06-25,672.56,692.47,688.1,689.68,16951800,VNFIN,Tài chính
2019-06-26,672.56,688.24,680.87,680.87,17550990,VNFIN,Tài chính
2019-06-27,672.56,681.7,673.87,674.65,20089500,VNFIN,Tài chính
2019-06-28,672.56,679.87,667.52,679.87,19171960,VNFIN,Tài chính
2019-07-01,672.56,691.55,683.1,690.42,20487790,VNFIN,Tài chính
2019-07-02,691.57,693.68,684.28,686.62,16027980,VNFIN,Tài chính
2019-07-03,685.25,686.87,680.74,682.13,16287080,VNFIN,Tài chính
2019-07-04,684.12,694.72,683.29,693.57,21669180,VNFIN,Tài chính
2019-07-05,695.32,697.91,692.53,692.74,17586900,VNFIN,Tài chính
2019-07-08,690.4,692.68,681.02,686.28,18172380,VNFIN,Tài chính
2019-07-09,686.74,686.98,681.14,685.76,14296870,VNFIN,Tài chính
2019-07-10,687.36,690.17,685.92,686.17,17143150,VNFIN,Tài chính
2019-07-11,690.3,695.37,687.97,693.92,21931080,VNFIN,Tài chính
2019-07-12,695.38,698.0,689.11,689.11,22425090,VNFIN,Tài chính
2019-07-15,695.38,694.35,689.14,694.35,18698780,VNFIN,Tài chính
2019-07-16,694.31,700.58,694.31,699.04,25156840,VNFIN,Tài chính
2019-07-17,698.89,703.75,696.88,700.54,36183420,VNFIN,Tài chính
2019-07-18,700.3,700.3,694.71,694.71,22016000,VNFIN,Tài chính
2019-07-19,697.42,704.16,697.42,703.77,29314770,VNFIN,Tài chính
2019-07-22,703.6,705.68,697.24,697.81,22821840,VNFIN,Tài chính
2019-07-23,699.19,700.11,696.31,700.1,20108900,VNFIN,Tài chính
2019-07-24,701.3,702.9,693.41,694.88,23394780,VNFIN,Tài chính
2019-07-25,694.21,694.92,691.43,691.43,23301350,VNFIN,Tài chính
2019-07-26,690.59,693.22,688.31,689.45,17085230,VNFIN,Tài chính
2019-07-29,689.5,692.62,685.96,691.54,21772850,VNFIN,Tài chính
2019-07-30,693.34,694.95,685.02,685.46,16657120,VNFIN,Tài chính
2019-07-31,683.81,684.85,680.52,683.93,17864650,VNFIN,Tài chính
2019-08-01,682.45,684.53,679.17,681.6,15157610,VNFIN,Tài chính
2019-08-02,676.93,685.46,675.71,681.96,23919800,VNFIN,Tài chính
2019-08-05,680.39,683.03,674.13,675.57,22205800,VNFIN,Tài chính
2019-08-06,673.5,673.5,663.27,668.74,24817110,VNFIN,Tài chính
2019-08-07,669.57,672.77,663.24,666.53,15731130,VNFIN,Tài chính
2019-08-08,666.28,672.26,663.52,670.37,19153920,VNFIN,Tài chính
2019-08-09,670.38,674.84,670.38,674.18,19649450,VNFIN,Tài chính
2019-08-12,675.03,676.07,671.38,674.37,15492360,VNFIN,Tài chính
2019-08-13,674.32,677.76,670.28,675.36,22368640,VNFIN,Tài chính
2019-08-14,681.32,683.09,676.43,677.91,18965630,VNFIN,Tài chính
2019-08-15,667.7,685.46,666.88,685.46,20037170,VNFIN,Tài chính
2019-08-16,684.31,694.99,681.12,691.61,33897400,VNFIN,Tài chính
2019-08-19,691.82,695.96,686.48,687.03,15296710,VNFIN,Tài chính
2019-08-20,687.03,690.18,685.14,687.57,17081500,VNFIN,Tài chính
2019-08-21,687.57,696.15,684.82,695.0,29734300,VNFIN,Tài chính
2019-08-22,694.78,699.96,694.69,695.88,20748270,VNFIN,Tài chính
2019-08-23,696.38,696.61,692.17,696.61,19453800,VNFIN,Tài chính
2019-08-26,692.23,692.61,686.18,692.61,39359880,VNFIN,Tài chính
2019-08-27,693.62,701.9,692.89,694.24,33057060,VNFIN,Tài chính
2019-08-28,693.66,696.19,692.0,693.36,17495370,VNFIN,Tài chính
2019-08-29,693.28,693.83,686.98,692.87,17981280,VNFIN,Tài chính
2019-08-30,694.64,695.66,692.06,693.74,17355290,VNFIN,Tài chính
2019-09-03,694.44,695.58,685.32,688.57,21928510,VNFIN,Tài chính
2019-09-04,685.18,690.02,681.8,688.07,17119020,VNFIN,Tài chính
2019-09-05,688.25,695.26,688.25,691.27,19067760,VNFIN,Tài chính
2019-09-06,693.43,695.75,690.4,691.59,15818700,VNFIN,Tài chính
2019-09-09,692.14,692.15,684.47,686.38,13854560,VNFIN,Tài chính
2019-09-10,686.02,690.21,680.77,682.77,23435150,VNFIN,Tài chính
2019-09-11,682.86,685.84,680.24,685.84,11650950,VNFIN,Tài chính
2019-09-12,686.48,694.43,686.48,694.43,18271010,VNFIN,Tài chính
2019-09-13,694.43,707.54,693.56,707.14,39091070,VNFIN,Tài chính
2019-09-16,707.17,711.18,704.54,707.35,26043060,VNFIN,Tài chính
2019-09-17,707.38,707.38,702.07,706.23,21978660,VNFIN,Tài chính
2019-09-18,708.05,710.87,706.21,708.31,30919090,VNFIN,Tài chính
2019-09-19,708.43,718.39,707.7,718.39,29498340,VNFIN,Tài chính
2019-09-20,718.65,720.21,715.63,716.62,29994990,VNFIN,Tài chính
2019-09-23,717.71,720.94,711.94,711.94,32436190,VNFIN,Tài chính
2019-09-24,711.94,714.02,708.89,712.48,22600620,VNFIN,Tài chính
2019-09-25,712.08,715.01,708.88,714.64,18703880,VNFIN,Tài chính
2019-09-26,714.64,722.95,714.64,722.95,30089430,VNFIN,Tài chính
2019-09-27,722.95,728.92,721.78,728.9,29289680,VNFIN,Tài chính
2019-09-30,731.17,737.13,729.12,730.11,31119020,VNFIN,Tài chính
2019-10-01,730.52,738.89,729.18,738.89,27645790,VNFIN,Tài chính
2019-10-02,738.72,743.33,734.84,737.71,33054300,VNFIN,Tài chính
2019-10-03,735.79,738.49,728.66,738.49,29225870,VNFIN,Tài chính
2019-10-04,738.16,740.17,731.08,731.08,27223690,VNFIN,Tài chính
2019-10-07,734.14,734.14,722.63,722.63,28174650,VNFIN,Tài chính
2019-10-08,721.72,733.99,721.72,733.99,34220250,VNFIN,Tài chính
2019-10-09,733.79,737.02,731.79,734.77,29519990,VNFIN,Tài chính
2019-10-10,734.75,737.68,732.96,734.4,22972810,VNFIN,Tài chính
2019-10-11,734.4,738.4,733.51,735.84,26484150,VNFIN,Tài chính
2019-10-14,737.77,746.88,737.77,744.58,52261350,VNFIN,Tài chính
2019-10-15,744.58,747.85,742.36,747.09,23039030,VNFIN,Tài chính
2019-10-16,748.45,751.8,746.94,748.69,22032660,VNFIN,Tài chính
2019-10-17,748.69,748.69,744.39,744.39,26856270,VNFIN,Tài chính
2019-10-18,744.86,747.15,739.67,741.99,24577030,VNFIN,Tài chính
2019-10-21,739.96,739.96,729.64,734.22,26844920,VNFIN,Tài chính
2019-10-22,734.22,736.62,731.92,736.62,21746550,VNFIN,Tài chính
2019-10-23,736.72,738.08,733.09,738.08,18840530,VNFIN,Tài chính
2019-10-24,738.08,739.9,734.76,739.8,20378470,VNFIN,Tài chính
2019-10-25,740.18,742.37,736.95,742.35,21079300,VNFIN,Tài chính
2019-10-28,743.71,744.66,740.18,740.95,21328600,VNFIN,Tài chính
2019-10-29,741.03,741.57,736.07,736.66,19544150,VNFIN,Tài chính
2019-10-30,735.96,742.43,734.03,739.63,19384300,VNFIN,Tài chính
2019-10-31,739.63,743.21,737.62,738.79,19725090,VNFIN,Tài chính
2019-11-01,738.79,742.19,733.7,741.49,26628450,VNFIN,Tài chính
2019-11-04,741.49,754.97,741.49,753.61,40539650,VNFIN,Tài chính
2019-11-05,755.84,760.05,753.54,760.05,25859820,VNFIN,Tài chính
2019-11-06,760.72,762.75,757.1,759.78,30277310,VNFIN,Tài chính
2019-11-07,759.01,761.99,755.03,761.99,25887610,VNFIN,Tài chính
2019-11-08,762.06,769.34,761.72,765.44,30571280,VNFIN,Tài chính
2019-11-11,765.45,768.12,761.48,763.24,35296420,VNFIN,Tài chính
2019-11-12,763.25,763.83,760.91,762.23,21596040,VNFIN,Tài chính
2019-11-13,763.05,764.5,756.23,758.19,32141130,VNFIN,Tài chính
2019-11-14,757.85,758.34,751.23,752.62,24265840,VNFIN,Tài chính
2019-11-15,752.04,755.44,748.45,751.99,21815960,VNFIN,Tài chính
2019-11-18,751.67,753.48,744.45,744.45,24419100,VNFIN,Tài chính
2019-11-19,744.55,750.19,743.63,750.19,16833040,VNFIN,Tài chính
2019-11-20,750.02,750.18,741.55,741.55,18424940,VNFIN,Tài chính
2019-11-21,738.24,739.9,721.86,721.86,31905450,VNFIN,Tài chính
2019-11-22,729.61,730.7,709.89,715.63,26619640,VNFIN,Tài chính
2019-11-25,716.4,718.72,710.11,717.1,16848710,VNFIN,Tài chính
2019-11-26,719.72,721.21,716.45,720.4,17906520,VNFIN,Tài chính
2019-11-27,722.34,724.32,717.51,718.02,15286900,VNFIN,Tài chính
2019-11-28,717.11,718.86,707.78,708.1,18939280,VNFIN,Tài chính
2019-11-29,709.48,711.23,705.9,709.85,17459560,VNFIN,Tài chính
2019-12-02,709.11,711.81,694.89,694.89,20380010,VNFIN,Tài chính
2019-12-03,693.1,697.88,687.22,688.03,21922310,VNFIN,Tài chính
2019-12-04,689.83,711.35,688.46,711.35,20766170,VNFIN,Tài chính
2019-12-05,710.7,714.2,704.86,707.48,12222910,VNFIN,Tài chính
2019-12-06,707.45,709.4,703.3,706.47,11286940,VNFIN,Tài chính
2019-12-09,706.38,706.91,698.63,701.67,16875240,VNFIN,Tài chính
2019-12-10,701.68,702.28,694.17,694.85,19989810,VNFIN,Tài chính
2019-12-11,696.28,701.16,694.84,701.16,16356130,VNFIN,Tài chính
2019-12-12,701.63,711.41,700.45,709.59,16139770,VNFIN,Tài chính
2019-12-13,709.69,713.61,708.44,710.94,17905800,VNFIN,Tài chính
2019-12-16,709.56,710.32,704.26,707.22,20583740,VNFIN,Tài chính
2019-12-17,706.89,708.44,698.34,699.33,21121940,VNFIN,Tài chính
2019-12-18,696.98,700.81,696.7,697.29,18045940,VNFIN,Tài chính
2019-12-19,697.62,699.24,692.14,692.57,21416780,VNFIN,Tài chính
2019-12-20,692.57,701.48,692.38,701.48,17877240,VNFIN,Tài chính
2019-12-23,704.87,710.43,703.52,707.93,25508940,VNFIN,Tài chính
2019-12-24,708.38,708.91,703.28,705.54,15357960,VNFIN,Tài chính
2019-12-25,705.08,709.25,704.23,707.4,17206430,VNFIN,Tài chính
2019-12-26,707.4,708.75,704.27,705.98,15505710,VNFIN,Tài chính
2019-12-27,705.72,710.04,703.47,710.04,16340100,VNFIN,Tài chính
2019-12-30,710.04,718.16,710.04,715.35,27211500,VNFIN,Tài chính
2019-12-31,715.43,718.57,713.16,716.52,17706540,VNFIN,Tài chính
2020-01-02,716.41,725.53,714.26,725.53,19935440,VNFIN,Tài chính
2020-01-03,725.53,729.87,721.1,721.29,21725300,VNFIN,Tài chính
2020-01-06,721.28,721.28,709.08,709.08,19860080,VNFIN,Tài chính
2020-01-07,709.28,713.78,706.85,713.18,17756590,VNFIN,Tài chính
2020-01-08,707.9,710.34,700.73,704.17,33075060,VNFIN,Tài chính
2020-01-09,716.34,718.39,705.18,717.52,30050950,VNFIN,Tài chính
2020-01-10,717.92,734.92,717.92,729.91,53677370,VNFIN,Tài chính
2020-01-13,729.93,730.27,723.3,724.27,21306700,VNFIN,Tài chính
2020-01-14,724.27,729.73,722.12,727.33,24296020,VNFIN,Tài chính
2020-01-15,727.33,731.27,723.85,729.51,22906410,VNFIN,Tài chính
2020-01-16,729.51,741.8,727.93,740.64,44199670,VNFIN,Tài chính
2020-01-17,740.99,749.97,740.26,746.68,32583570,VNFIN,Tài chính
2020-01-20,746.68,748.52,742.65,748.52,23817020,VNFIN,Tài chính
2020-01-21,748.77,763.06,748.77,763.06,39833740,VNFIN,Tài chính
2020-01-22,763.08,766.37,759.58,765.12,31187700,VNFIN,Tài chính
2020-01-30,764.52,765.12,726.75,734.58,52129050,VNFIN,Tài chính
2020-01-31,733.77,738.54,715.92,716.0,50070300,VNFIN,Tài chính
2020-02-03,715.96,722.02,676.68,713.21,56992000,VNFIN,Tài chính
2020-02-04,714.71,728.0,708.95,726.06,46134160,VNFIN,Tài chính
2020-02-05,726.22,737.21,724.37,729.47,40673900,VNFIN,Tài chính
2020-02-06,729.48,754.61,726.19,754.13,69103950,VNFIN,Tài chính
2020-02-07,754.4,756.47,745.03,749.21,51431800,VNFIN,Tài chính
2020-02-10,748.76,748.76,735.67,736.47,30705320,VNFIN,Tài chính
2020-02-11,736.3,747.36,736.3,747.36,41460440,VNFIN,Tài chính
2020-02-12,747.82,767.3,747.82,756.63,55966090,VNFIN,Tài chính
2020-02-13,756.22,758.44,749.31,758.44,37909520,VNFIN,Tài chính
2020-02-14,758.44,770.6,758.44,767.32,53385600,VNFIN,Tài chính
2020-02-17,767.58,774.27,765.07,772.2,43564930,VNFIN,Tài chính
2020-02-18,772.2,777.53,767.2,771.89,37397790,VNFIN,Tài chính
2020-02-19,770.74,772.7,767.85,770.91,30061820,VNFIN,Tài chính
2020-02-20,771.39,780.28,767.91,773.04,39337600,VNFIN,Tài chính
2020-02-21,772.94,778.42,765.18,767.47,46535620,VNFIN,Tài chính
2020-02-24,765.9,767.47,727.67,728.5,64093520,VNFIN,Tài chính
2020-02-25,728.4,749.71,714.67,749.71,48325620,VNFIN,Tài chính
2020-02-26,748.55,753.5,736.16,745.61,34110030,VNFIN,Tài chính
2020-02-27,744.7,755.56,740.7,754.79,35886630,VNFIN,Tài chính
2020-02-28,754.6,754.79,728.78,738.39,44217970,VNFIN,Tài chính
2020-03-02,737.72,747.55,735.31,743.99,51638750,VNFIN,Tài chính
2020-03-03,742.61,757.18,742.61,747.72,45607470,VNFIN,Tài chính
2020-03-04,747.76,751.3,740.14,750.06,35345850,VNFIN,Tài chính
2020-03-05,750.06,762.32,748.68,750.83,46190130,VNFIN,Tài chính
2020-03-06,750.22,750.22,739.76,748.25,32678040,VNFIN,Tài chính
2020-03-09,747.55,747.55,697.22,700.4,61117340,VNFIN,Tài chính
2020-03-10,700.15,710.71,680.33,703.42,55849580,VNFIN,Tài chính
2020-03-11,703.43,709.35,660.44,666.89,60895140,VNFIN,Tài chính
2020-03-12,652.91,666.89,621.44,626.05,70171340,VNFIN,Tài chính
2020-03-13,604.43,635.81,583.37,626.83,66412340,VNFIN,Tài chính
2020-03-16,626.83,627.04,596.89,599.48,44318270,VNFIN,Tài chính
2020-03-17,593.46,611.42,571.99,610.48,52297910,VNFIN,Tài chính
2020-03-18,610.77,617.42,606.1,611.57,39212650,VNFIN,Tài chính
2020-03-19,610.35,611.57,584.53,592.3,34206750,VNFIN,Tài chính
2020-03-20,592.82,595.62,584.61,590.76,36202860,VNFIN,Tài chính
2020-03-23,586.53,586.53,550.34,554.88,47951450,VNFIN,Tài chính
2020-03-24,554.8,558.97,545.08,552.37,44125300,VNFIN,Tài chính
2020-03-25,553.21,574.05,552.3,573.55,44056330,VNFIN,Tài chính
2020-03-26,572.74,573.55,557.62,557.62,35069990,VNFIN,Tài chính
2020-03-27,557.42,558.48,542.38,549.23,42601810,VNFIN,Tài chính
2020-03-30,543.96,543.96,512.98,517.11,47993000,VNFIN,Tài chính
2020-03-31,517.77,527.62,493.46,505.84,40268590,VNFIN,Tài chính
2020-04-01,504.07,526.58,497.17,524.76,37463050,VNFIN,Tài chính
2020-04-03,525.41,539.97,525.41,539.34,40981400,VNFIN,Tài chính
2020-04-06,547.23,570.45,547.23,570.43,58607860,VNFIN,Tài chính
2020-04-07,572.02,577.91,565.2,577.31,67134250,VNFIN,Tài chính
2020-04-08,573.87,577.31,558.25,570.66,39589140,VNFIN,Tài chính
2020-04-09,570.66,582.17,570.66,578.53,45346790,VNFIN,Tài chính
2020-04-10,576.37,576.78,565.68,570.09,45478380,VNFIN,Tài chính
2020-04-13,570.09,587.66,569.84,581.92,39537660,VNFIN,Tài chính
2020-04-14,581.92,589.99,574.28,587.47,46491220,VNFIN,Tài chính
2020-04-15,587.47,606.19,587.47,602.84,53248400,VNFIN,Tài chính
2020-04-16,602.88,604.42,591.66,604.42,35139750,VNFIN,Tài chính
2020-04-17,605.89,613.68,605.29,609.87,50801470,VNFIN,Tài chính
2020-04-20,609.87,615.76,600.85,603.72,50521040,VNFIN,Tài chính
2020-04-21,600.49,600.49,569.94,574.4,64433260,VNFIN,Tài chính
2020-04-22,574.36,590.73,557.81,584.38,43356070,VNFIN,Tài chính
2020-04-23,585.1,596.59,582.41,582.76,31076800,VNFIN,Tài chính
2020-04-24,582.7,585.96,575.48,585.63,27643110,VNFIN,Tài chính
2020-04-27,585.93,595.08,581.55,581.63,41472420,VNFIN,Tài chính
2020-04-28,582.09,586.2,573.97,582.61,30283620,VNFIN,Tài chính
2020-04-29,582.54,586.36,580.85,583.53,36022940,VNFIN,Tài chính
2020-05-04,583.17,588.23,575.9,581.45,31529590,VNFIN,Tài chính
2020-05-05,581.64,584.67,578.53,582.21,22809820,VNFIN,Tài chính
2020-05-06,582.27,589.61,579.31,589.61,32561330,VNFIN,Tài chính
2020-05-07,590.36,599.86,589.61,599.86,46556490,VNFIN,Tài chính
2020-05-08,600.32,632.44,599.86,624.38,91086230,VNFIN,Tài chính
2020-05-11,624.38,646.22,624.38,645.25,65009870,VNFIN,Tài chính
2020-05-12,645.71,653.99,636.61,653.66,59725920,VNFIN,Tài chính
2020-05-13,653.48,661.86,635.1,659.27,70894760,VNFIN,Tài chính
2020-05-14,660.65,662.49,649.74,657.19,57965190,VNFIN,Tài chính
2020-05-15,656.2,660.64,647.63,652.1,49061200,VNFIN,Tài chính
2020-05-18,652.0,665.67,645.92,665.67,47247580,VNFIN,Tài chính
2020-05-19,665.67,684.62,665.67,677.03,67253040,VNFIN,Tài chính
2020-05-20,672.68,677.71,669.83,676.14,51717280,VNFIN,Tài chính
2020-05-21,676.07,693.09,673.55,693.09,55977710,VNFIN,Tài chính
2020-05-22,693.28,693.28,676.4,676.4,58160690,VNFIN,Tài chính
2020-05-25,676.58,681.5,672.85,677.94,43569100,VNFIN,Tài chính
2020-05-26,677.94,687.38,677.94,686.39,55877850,VNFIN,Tài chính
2020-05-27,686.7,694.22,672.88,672.88,68745710,VNFIN,Tài chính
2020-05-28,672.87,684.0,671.64,675.75,52445160,VNFIN,Tài chính
2020-05-29,675.62,680.46,673.67,677.47,38844770,VNFIN,Tài chính
2020-06-01,677.49,699.17,677.49,699.17,70998760,VNFIN,Tài chính
2020-06-02,699.18,708.75,697.07,697.39,66775740,VNFIN,Tài chính
2020-06-03,697.88,708.64,697.88,708.64,39382940,VNFIN,Tài chính
2020-06-04,711.35,716.91,709.13,709.13,68288150,VNFIN,Tài chính
2020-06-05,709.99,711.87,704.13,711.87,55053770,VNFIN,Tài chính
2020-06-08,712.14,725.48,711.87,717.79,68183320,VNFIN,Tài chính
2020-06-09,717.8,721.2,713.93,715.6,56030280,VNFIN,Tài chính
2020-06-10,715.6,727.54,707.58,725.35,79138430,VNFIN,Tài chính
2020-06-11,725.4,729.87,694.34,694.78,99807050,VNFIN,Tài chính
2020-06-12,689.96,699.44,671.68,699.44,83417360,VNFIN,Tài chính
2020-06-15,699.62,706.0,675.91,675.91,82773190,VNFIN,Tài chính
2020-06-16,676.89,691.4,676.89,688.95,49368770,VNFIN,Tài chính
2020-06-17,688.95,691.81,682.82,684.47,40163600,VNFIN,Tài chính
2020-06-18,684.66,687.08,678.26,682.8,31689110,VNFIN,Tài chính
2020-06-19,682.82,694.73,682.45,694.73,39690490,VNFIN,Tài chính
2020-06-22,698.82,699.0,689.72,694.12,25653190,VNFIN,Tài chính
2020-06-23,695.44,698.52,690.41,694.81,54619490,VNFIN,Tài chính
2020-06-24,694.81,697.8,684.57,686.34,40565210,VNFIN,Tài chính
2020-06-25,686.25,686.25,675.35,680.25,33301400,VNFIN,Tài chính
2020-06-26,681.07,687.59,673.97,678.51,27115430,VNFIN,Tài chính
2020-06-29,678.51,678.51,653.06,659.31,50418390,VNFIN,Tài chính
2020-06-30,660.04,667.37,643.55,651.02,34864280,VNFIN,Tài chính
2020-07-01,650.46,667.13,648.8,667.13,27546810,VNFIN,Tài chính
2020-07-02,668.38,669.42,659.86,665.23,18981900,VNFIN,Tài chính
2020-07-03,665.26,667.75,663.17,667.55,18632790,VNFIN,Tài chính
2020-07-06,667.6,680.25,667.55,679.72,39305180,VNFIN,Tài chính
2020-07-07,680.16,686.32,679.4,679.73,37170390,VNFIN,Tài chính
2020-07-08,679.4,682.57,675.03,680.93,28201850,VNFIN,Tài chính
2020-07-09,681.03,698.82,680.61,698.54,48169120,VNFIN,Tài chính
2020-07-10,697.62,698.59,687.08,689.81,38606840,VNFIN,Tài chính
2020-07-13,689.83,697.59,682.49,686.66,32064080,VNFIN,Tài chính
2020-07-14,686.67,687.44,678.14,685.14,37363070,VNFIN,Tài chính
2020-07-15,685.72,694.84,685.72,691.88,27163690,VNFIN,Tài chính
2020-07-16,691.88,697.71,688.46,697.71,27575920,VNFIN,Tài chính
2020-07-17,696.82,698.87,691.4,695.91,38379980,VNFIN,Tài chính
2020-07-20,695.91,695.91,687.47,687.47,33755590,VNFIN,Tài chính
2020-07-21,687.86,690.62,682.82,687.46,30991400,VNFIN,Tài chính
2020-07-22,687.7,690.83,679.29,680.64,28470730,VNFIN,Tài chính
2020-07-23,680.64,681.73,674.28,680.17,31400720,VNFIN,Tài chính
2020-07-24,679.9,679.9,643.7,653.76,72980910,VNFIN,Tài chính
2020-07-27,647.66,647.66,610.61,612.88,76327470,VNFIN,Tài chính
2020-07-28,613.03,636.98,611.51,636.34,52127450,VNFIN,Tài chính
2020-07-29,619.63,634.69,603.21,621.83,47415920,VNFIN,Tài chính
2020-07-30,623.89,629.2,617.59,627.83,24488190,VNFIN,Tài chính
2020-07-31,626.41,626.41,613.49,619.83,25050210,VNFIN,Tài chính
2020-08-03,618.69,635.57,618.21,635.57,33178940,VNFIN,Tài chính
2020-08-04,636.89,646.57,636.89,645.85,30462500,VNFIN,Tài chính
2020-08-05,645.81,657.94,640.88,657.94,34679070,VNFIN,Tài chính
2020-08-06,657.95,659.4,650.45,654.12,30400790,VNFIN,Tài chính
2020-08-07,654.74,657.48,650.11,653.26,25917450,VNFIN,Tài chính
2020-08-10,654.43,663.26,653.26,656.59,38977720,VNFIN,Tài chính
2020-08-11,657.52,662.04,655.26,660.57,32078880,VNFIN,Tài chính
2020-08-12,660.57,667.18,660.06,665.53,32506600,VNFIN,Tài chính
2020-08-13,665.53,671.63,665.65,670.39,27476330,VNFIN,Tài chính
2020-08-14,670.39,675.32,664.55,667.38,42533280,VNFIN,Tài chính
2020-08-17,667.04,670.38,660.98,668.59,28402520,VNFIN,Tài chính
2020-08-18,668.72,670.9,664.41,666.58,22938320,VNFIN,Tài chính
2020-08-19,666.55,671.06,665.4,669.59,22339950,VNFIN,Tài chính
2020-08-20,669.59,673.2,664.31,667.01,33825360,VNFIN,Tài chính
2020-08-21,667.24,679.67,667.24,679.29,51378350,VNFIN,Tài chính
2020-08-24,679.0,697.43,679.0,696.99,56842670,VNFIN,Tài chính
2020-08-25,696.99,703.83,696.99,699.71,54694410,VNFIN,Tài chính
2020-08-26,699.09,701.12,695.43,696.96,46636010,VNFIN,Tài chính
2020-08-27,697.19,700.08,694.71,699.07,33740910,VNFIN,Tài chính
2020-08-28,709.29,713.33,699.1,707.38,63042320,VNFIN,Tài chính
2020-08-31,707.52,716.03,702.86,704.29,42158120,VNFIN,Tài chính
2020-09-01,703.2,711.91,701.73,711.19,36196080,VNFIN,Tài chính
2020-09-03,711.58,721.89,711.19,721.89,54055860,VNFIN,Tài chính
2020-09-04,721.64,721.89,711.74,716.87,58286000,VNFIN,Tài chính
2020-09-07,716.87,720.83,699.66,699.66,58229080,VNFIN,Tài chính
2020-09-08,699.67,706.26,695.12,706.26,42464570,VNFIN,Tài chính
2020-09-09,705.23,706.74,695.48,702.29,44603280,VNFIN,Tài chính
2020-09-10,702.29,709.4,702.29,703.85,38396290,VNFIN,Tài chính
2020-09-11,703.81,708.52,700.98,705.37,32488320,VNFIN,Tài chính
2020-09-14,705.7,713.47,705.7,711.89,35645360,VNFIN,Tài chính
2020-09-15,711.6,714.34,709.03,709.52,60449800,VNFIN,Tài chính
2020-09-16,709.63,711.13,706.69,709.64,36250530,VNFIN,Tài chính
2020-09-17,709.65,713.78,705.85,707.45,50238560,VNFIN,Tài chính
2020-09-18,707.45,720.1,707.45,719.83,58219670,VNFIN,Tài chính
2020-09-21,720.68,730.74,720.68,727.05,68312890,VNFIN,Tài chính
2020-09-22,726.9,732.92,722.22,732.45,90955020,VNFIN,Tài chính
2020-09-23,733.7,744.05,733.7,738.9,71992250,VNFIN,Tài chính
2020-09-24,738.57,741.27,733.49,738.87,62805970,VNFIN,Tài chính
2020-09-25,739.15,742.08,734.31,741.46,79854270,VNFIN,Tài chính
2020-09-28,743.33,755.97,743.02,754.73,82422860,VNFIN,Tài chính
2020-09-29,756.79,760.06,744.09,744.14,75824540,VNFIN,Tài chính
2020-09-30,744.07,748.17,738.02,747.17,65267080,VNFIN,Tài chính
2020-10-01,747.24,758.29,747.24,756.83,72357660,VNFIN,Tài chính
2020-10-02,756.83,761.04,740.99,751.36,91574440,VNFIN,Tài chính
2020-10-05,751.65,761.76,751.65,760.58,75514640,VNFIN,Tài chính
2020-10-06,760.51,765.11,757.9,762.37,78164840,VNFIN,Tài chính
2020-10-07,761.67,761.99,752.89,752.89,77760180,VNFIN,Tài chính
2020-10-08,753.09,756.82,742.52,747.02,76152270,VNFIN,Tài chính
2020-10-09,746.98,753.7,746.78,748.67,63659970,VNFIN,Tài chính
2020-10-12,748.94,763.23,748.03,750.53,82121310,VNFIN,Tài chính
2020-10-13,750.54,759.06,747.63,755.15,61439240,VNFIN,Tài chính
2020-10-14,756.4,774.44,755.15,771.74,111101220,VNFIN,Tài chính
2020-10-15,772.64,781.24,772.11,775.47,91840010,VNFIN,Tài chính
2020-10-16,775.47,786.12,771.5,779.48,95137920,VNFIN,Tài chính
2020-10-19,779.62,792.13,779.48,785.47,87465930,VNFIN,Tài chính
2020-10-20,785.88,798.98,782.92,798.24,104983300,VNFIN,Tài chính
2020-10-21,800.11,809.72,791.92,791.92,113502880,VNFIN,Tài chính
2020-10-22,791.84,801.91,786.27,801.91,91789620,VNFIN,Tài chính
2020-10-23,803.19,806.97,797.53,802.83,81294160,VNFIN,Tài chính
2020-10-26,802.61,807.12,778.97,778.97,102322810,VNFIN,Tài chính
2020-10-27,778.87,785.06,770.65,770.65,122995890,VNFIN,Tài chính
2020-10-28,771.55,772.85,745.56,745.56,105029410,VNFIN,Tài chính
2020-10-29,747.28,757.25,739.79,745.73,93558510,VNFIN,Tài chính
2020-10-30,745.73,753.4,735.82,744.07,71463480,VNFIN,Tài chính
2020-11-02,744.75,755.25,744.75,754.95,49563710,VNFIN,Tài chính
2020-11-03,754.95,763.59,754.95,761.03,67673420,VNFIN,Tài chính
2020-11-04,761.09,773.67,761.09,768.31,67388600,VNFIN,Tài chính
2020-11-05,768.31,771.36,759.37,759.74,58996430,VNFIN,Tài chính
2020-11-06,759.84,763.49,752.59,756.0,43662800,VNFIN,Tài chính
2020-11-09,756.01,768.32,756.01,768.32,58770840,VNFIN,Tài chính
2020-11-10,768.58,778.52,766.85,766.85,85521270,VNFIN,Tài chính
2020-11-11,767.45,772.6,762.81,767.31,63859360,VNFIN,Tài chính
2020-11-12,767.44,775.88,767.44,775.88,54036690,VNFIN,Tài chính
2020-11-13,775.87,789.86,775.45,789.86,93651320,VNFIN,Tài chính
2020-11-16,789.99,799.62,781.41,781.83,113217110,VNFIN,Tài chính
2020-11-17,782.41,798.21,782.41,798.21,85826070,VNFIN,Tài chính
2020-11-18,798.22,804.97,794.81,800.85,102268880,VNFIN,Tài chính
2020-11-19,801.45,807.6,798.48,805.99,97981200,VNFIN,Tài chính
2020-11-20,807.38,808.31,802.21,808.31,69824370,VNFIN,Tài chính
2020-11-23,808.47,811.44,799.18,810.03,99494710,VNFIN,Tài chính
2020-11-24,810.12,816.83,803.58,812.76,103486580,VNFIN,Tài chính
2020-11-25,812.89,820.46,812.89,818.84,84791420,VNFIN,Tài chính
2020-11-26,818.84,825.15,814.36,825.15,91574130,VNFIN,Tài chính
2020-11-27,825.15,833.24,824.9,833.24,87418540,VNFIN,Tài chính
2020-11-30,833.29,846.94,833.29,838.01,116029470,VNFIN,Tài chính
2020-12-01,836.03,854.42,824.65,852.93,137199400,VNFIN,Tài chính
2020-12-02,852.93,861.53,851.1,859.0,117867920,VNFIN,Tài chính
2020-12-03,859.0,864.57,857.62,860.37,105836320,VNFIN,Tài chính
2020-12-04,859.91,863.81,854.57,854.57,114030790,VNFIN,Tài chính
2020-12-07,854.59,863.15,854.59,862.02,78767200,VNFIN,Tài chính
2020-12-08,862.02,872.37,861.67,869.21,119341120,VNFIN,Tài chính
2020-12-09,869.21,886.38,869.21,882.73,112403650,VNFIN,Tài chính
2020-12-10,882.81,885.7,872.19,872.19,111550250,VNFIN,Tài chính
2020-12-11,872.19,882.84,867.44,882.72,87517440,VNFIN,Tài chính
2020-12-14,883.17,899.43,883.17,899.43,107420180,VNFIN,Tài chính
2020-12-15,899.2,901.19,887.11,891.14,111143150,VNFIN,Tài chính
2020-12-16,892.49,919.44,891.14,919.44,131956330,VNFIN,Tài chính
2020-12-17,919.35,932.23,910.95,916.81,144257490,VNFIN,Tài chính
2020-12-18,916.8,952.25,916.79,952.25,125952500,VNFIN,Tài chính
2020-12-21,953.31,982.2,953.31,975.61,146475080,VNFIN,Tài chính
2020-12-22,978.61,987.73,972.3,979.85,138697090,VNFIN,Tài chính
2020-12-23,983.3,983.46,958.48,961.28,119260170,VNFIN,Tài chính
2020-12-24,961.74,965.79,914.76,945.77,142094810,VNFIN,Tài chính
2020-12-25,945.31,975.62,935.96,975.6,125740550,VNFIN,Tài chính
2020-12-28,978.51,990.92,967.53,975.9,118003840,VNFIN,Tài chính
2020-12-29,975.23,978.46,968.77,972.77,94051040,VNFIN,Tài chính
2020-12-30,972.66,986.1,970.78,976.54,121728070,VNFIN,Tài chính
2020-12-31,976.54,997.3,976.04,993.31,101898300,VNFIN,Tài chính
2021-01-04,994.56,1032.8,994.56,1027.48,182209300,VNFIN,Tài chính
2021-01-05,1025.27,1040.14,1022.4,1037.08,144502600,VNFIN,Tài chính
2021-01-06,1040.07,1075.08,1037.08,1057.7,158756700,VNFIN,Tài chính
2021-01-07,1057.83,1082.61,1057.7,1082.61,156789300,VNFIN,Tài chính
2021-01-08,1082.71,1114.17,1082.71,1099.31,152498100,VNFIN,Tài chính
2021-01-11,1098.94,1111.75,1090.13,1092.73,151676800,VNFIN,Tài chính
2021-01-12,1092.4,1093.93,1076.66,1090.27,132662800,VNFIN,Tài chính
2021-01-13,1090.28,1105.35,1090.27,1093.39,129139400,VNFIN,Tài chính
2021-01-14,1094.77,1111.39,1087.57,1111.36,146777600,VNFIN,Tài chính
2021-01-15,1111.96,1144.02,1111.36,1136.1,172895100,VNFIN,Tài chính
2021-01-18,1136.1,1144.11,1115.02,1117.83,161866700,VNFIN,Tài chính
2021-01-19,1116.68,1117.0,1041.55,1048.51,185153000,VNFIN,Tài chính
2021-01-20,1048.39,1058.37,996.39,1051.77,165343600,VNFIN,Tài chính
2021-01-21,1051.88,1096.39,1047.41,1094.46,130674400,VNFIN,Tài chính
2021-01-22,1094.46,1106.68,1082.78,1094.76,116834300,VNFIN,Tài chính
2021-01-25,1094.58,1094.76,1075.78,1077.62,105883200,VNFIN,Tài chính
2021-01-26,1077.54,1077.62,1020.82,1038.98,123902500,VNFIN,Tài chính
2021-01-27,1035.36,1038.0,975.52,985.56,146471900,VNFIN,Tài chính
2021-01-28,979.63,979.63,917.57,922.07,168618000,VNFIN,Tài chính
2021-01-29,921.23,975.88,873.87,943.84,151705700,VNFIN,Tài chính
2021-02-01,950.19,974.13,928.62,934.99,116084900,VNFIN,Tài chính
2021-02-02,934.99,985.83,929.03,983.31,107227900,VNFIN,Tài chính
2021-02-03,984.24,1028.48,984.24,1025.42,130647500,VNFIN,Tài chính
2021-02-04,1025.94,1039.18,1013.57,1027.19,101094500,VNFIN,Tài chính
2021-02-05,1027.54,1052.23,1026.42,1052.23,97293500,VNFIN,Tài chính
2021-02-08,1052.23,1054.36,999.32,1016.11,147617400,VNFIN,Tài chính
2021-02-09,1014.17,1053.65,1009.44,1052.65,115102500,VNFIN,Tài chính
2021-02-17,1052.93,1104.25,1052.93,1104.25,116921600,VNFIN,Tài chính
2021-02-18,1104.31,1113.41,1090.74,1113.41,120789800,VNFIN,Tài chính
2021-02-19,1113.26,1121.64,1092.34,1111.72,121861200,VNFIN,Tài chính
2021-02-22,1112.19,1124.27,1101.49,1110.7,121941500,VNFIN,Tài chính
2021-02-23,1110.67,1128.05,1108.02,1120.69,148180900,VNFIN,Tài chính
2021-02-24,1120.69,1130.78,1098.25,1103.15,123718600,VNFIN,Tài chính
2021-02-25,1103.2,1111.65,1088.08,1104.24,103188600,VNFIN,Tài chính
2021-02-26,1103.25,1109.5,1085.18,1106.89,105985600,VNFIN,Tài chính
2021-03-01,1107.01,1134.21,1106.89,1134.21,142361500,VNFIN,Tài chính
2021-03-02,1134.66,1147.93,1132.6,1139.96,119607800,VNFIN,Tài chính
2021-03-03,1140.11,1150.81,1136.21,1143.53,101417300,VNFIN,Tài chính
2021-03-04,1143.77,1149.46,1106.48,1118.53,132551700,VNFIN,Tài chính
2021-03-05,1118.49,1122.71,1098.68,1119.81,115080700,VNFIN,Tài chính
2021-03-08,1120.31,1135.98,1110.57,1116.51,97335100,VNFIN,Tài chính
2021-03-09,1116.26,1122.55,1098.39,1115.21,90833200,VNFIN,Tài chính
2021-03-10,1115.29,1128.22,1105.56,1125.69,101874300,VNFIN,Tài chính
2021-03-11,1130.54,1152.07,1130.54,1149.97,142027000,VNFIN,Tài chính
2021-03-12,1149.97,1159.41,1145.02,1151.58,100069900,VNFIN,Tài chính
2021-03-15,1151.57,1160.28,1146.05,1155.98,109896400,VNFIN,Tài chính
2021-03-16,1156.89,1158.24,1136.5,1148.65,110616700,VNFIN,Tài chính
2021-03-17,1149.57,1163.65,1147.3,1163.18,131305400,VNFIN,Tài chính
2021-03-18,1165.01,1190.52,1165.01,1190.52,121888300,VNFIN,Tài chính
2021-03-19,1190.32,1193.58,1180.68,1185.22,108596500,VNFIN,Tài chính
2021-03-22,1185.63,1189.42,1170.15,1176.75,121400900,VNFIN,Tài chính
2021-03-23,1176.62,1176.62,1153.23,1158.5,119186400,VNFIN,Tài chính
2021-03-24,1156.44,1156.44,1122.74,1132.57,128651300,VNFIN,Tài chính
2021-03-25,1129.38,1140.45,1124.3,1128.03,115141400,VNFIN,Tài chính
2021-03-26,1128.03,1133.65,1099.32,1129.63,111618700,VNFIN,Tài chính
2021-03-29,1130.01,1146.29,1127.25,1146.03,105762200,VNFIN,Tài chính
2021-03-30,1146.38,1166.08,1141.25,1162.39,180520200,VNFIN,Tài chính
2021-03-31,1162.39,1178.04,1159.19,1168.33,124338400,VNFIN,Tài chính
2021-04-01,1168.96,1195.45,1168.96,1194.74,144861600,VNFIN,Tài chính
2021-04-02,1196.15,1215.12,1196.15,1208.65,147884000,VNFIN,Tài chính
2021-04-05,1210.37,1231.67,1210.37,1229.98,158288800,VNFIN,Tài chính
2021-04-06,1229.84,1248.2,1223.44,1241.88,170750500,VNFIN,Tài chính
2021-04-07,1241.88,1247.24,1236.06,1244.41,147057600,VNFIN,Tài chính
2021-04-08,1246.0,1251.21,1234.08,1237.37,114911200,VNFIN,Tài chính
2021-04-09,1237.26,1243.64,1229.61,1236.82,115823200,VNFIN,Tài chính
2021-04-12,1239.31,1263.1,1236.82,1261.95,181276900,VNFIN,Tài chính
2021-04-13,1262.42,1276.04,1249.69,1250.16,179719100,VNFIN,Tài chính
2021-04-14,1246.79,1264.85,1234.96,1264.29,133731500,VNFIN,Tài chính
2021-04-15,1265.51,1268.16,1244.31,1245.97,150194500,VNFIN,Tài chính
2021-04-16,1245.78,1248.72,1216.88,1227.5,170241100,VNFIN,Tài chính
2021-04-19,1229.86,1254.16,1220.92,1253.88,116387700,VNFIN,Tài chính
2021-04-20,1254.18,1266.17,1240.82,1250.47,132825700,VNFIN,Tài chính
2021-04-22,1249.91,1253.47,1206.48,1206.48,147229200,VNFIN,Tài chính
2021-04-23,1205.48,1249.31,1198.05,1249.31,151871400,VNFIN,Tài chính
2021-04-26,1249.31,1258.96,1224.97,1232.88,136151100,VNFIN,Tài chính
2021-04-27,1232.88,1241.26,1220.54,1238.07,114322600,VNFIN,Tài chính
2021-04-28,1238.07,1263.99,1234.51,1263.99,148046800,VNFIN,Tài chính
2021-04-29,1261.13,1292.64,1260.25,1291.6,166696900,VNFIN,Tài chính
2021-05-04,1291.11,1317.92,1262.98,1317.92,194289800,VNFIN,Tài chính
2021-05-05,1318.13,1371.78,1317.92,1355.76,208961300,VNFIN,Tài chính
2021-05-06,1355.76,1366.26,1344.01,1359.17,167938900,VNFIN,Tài chính
2021-05-07,1359.01,1365.69,1341.63,1358.95,216321100,VNFIN,Tài chính
2021-05-10,1356.74,1391.55,1350.29,1390.31,233552000,VNFIN,Tài chính
2021-05-11,1390.42,1408.47,1383.42,1383.42,187779100,VNFIN,Tài chính
2021-05-12,1382.73,1417.27,1375.97,1417.27,201994600,VNFIN,Tài chính
2021-05-13,1416.93,1442.01,1408.06,1419.95,223436800,VNFIN,Tài chính
2021-05-14,1426.09,1438.63,1421.73,1438.63,178633100,VNFIN,Tài chính
2021-05-17,1438.63,1449.45,1421.4,1425.05,182360100,VNFIN,Tài chính
2021-05-18,1424.98,1436.28,1409.24,1434.42,182455600,VNFIN,Tài chính
2021-05-19,1434.43,1467.12,1433.62,1467.12,203257500,VNFIN,Tài chính
2021-05-20,1468.47,1481.96,1462.74,1481.96,217921800,VNFIN,Tài chính
2021-05-21,1478.9,1499.68,1473.19,1485.92,206854600,VNFIN,Tài chính
2021-05-24,1485.89,1494.64,1478.52,1491.0,196404800,VNFIN,Tài chính
2021-05-25,1485.68,1519.58,1484.91,1515.7,164882500,VNFIN,Tài chính
2021-05-26,1516.09,1547.23,1515.7,1545.48,194084100,VNFIN,Tài chính
2021-05-27,1545.71,1556.89,1520.31,1526.71,211807600,VNFIN,Tài chính
2021-05-28,1526.87,1573.88,1524.18,1573.33,244188000,VNFIN,Tài chính
2021-05-31,1573.35,1608.2,1558.75,1608.2,210862900,VNFIN,Tài chính
2021-06-01,1605.15,1626.31,1602.9,1603.13,188724400,VNFIN,Tài chính
2021-06-02,1603.08,1606.05,1578.96,1604.79,210493600,VNFIN,Tài chính
2021-06-03,1606.62,1660.63,1606.62,1654.78,239875000,VNFIN,Tài chính
2021-06-04,1654.35,1664.61,1641.81,1661.22,252779700,VNFIN,Tài chính
2021-06-07,1660.6,1660.6,1589.03,1614.73,231538100,VNFIN,Tài chính
2021-06-08,1612.05,1615.11,1536.31,1539.14,241583400,VNFIN,Tài chính
2021-06-09,1539.16,1586.62,1516.77,1576.43,211020400,VNFIN,Tài chính
2021-06-10,1576.39,1583.61,1554.89,1558.86,192802000,VNFIN,Tài chính
2021-06-11,1558.28,1621.48,1550.26,1610.88,205521300,VNFIN,Tài chính
2021-06-14,1611.55,1624.99,1598.48,1613.2,193443700,VNFIN,Tài chính
2021-06-15,1613.57,1613.57,1584.93,1590.31,191131700,VNFIN,Tài chính
2021-06-16,1589.45,1590.69,1559.16,1562.75,186110600,VNFIN,Tài chính
2021-06-17,1561.71,1568.65,1533.18,1563.54,154610100,VNFIN,Tài chính
2021-06-18,1570.97,1591.25,1570.97,1588.14,149590200,VNFIN,Tài chính
2021-06-21,1589.24,1589.57,1570.01,1575.93,138535800,VNFIN,Tài chính
2021-06-22,1577.63,1602.14,1574.29,1591.92,162545700,VNFIN,Tài chính
2021-06-23,1591.99,1626.01,1591.39,1608.16,159986900,VNFIN,Tài chính
2021-06-24,1608.1,1623.52,1597.88,1603.32,140127700,VNFIN,Tài chính
2021-06-25,1603.53,1623.77,1590.76,1622.95,140492900,VNFIN,Tài chính
2021-06-28,1622.95,1654.98,1622.95,1652.23,151815700,VNFIN,Tài chính
2021-06-29,1652.23,1668.11,1645.35,1654.88,157469000,VNFIN,Tài chính
2021-06-30,1654.88,1666.37,1643.56,1648.31,145043300,VNFIN,Tài chính
2021-07-01,1648.48,1677.17,1638.75,1677.17,208133400,VNFIN,Tài chính
2021-07-02,1682.85,1703.51,1682.85,1701.3,202671700,VNFIN,Tài chính
2021-07-05,1730.91,1730.91,1684.91,1730.91,245153800,VNFIN,Tài chính
2021-07-06,1730.91,1740.2,1637.24,1637.24,222104800,VNFIN,Tài chính
2021-07-07,1653.93,1680.39,1613.26,1680.39,223023800,VNFIN,Tài chính
2021-07-08,1673.47,1691.24,1650.32,1660.35,163610600,VNFIN,Tài chính
2021-07-09,1642.91,1675.69,1615.31,1638.15,214143800,VNFIN,Tài chính
2021-07-12,1623.67,1638.15,1526.81,1559.02,281760800,VNFIN,Tài chính
2021-07-13,1572.02,1577.8,1529.6,1560.35,121693500,VNFIN,Tài chính
2021-07-14,1556.5,1560.35,1481.93,1499.74,157640800,VNFIN,Tài chính
2021-07-15,1493.49,1557.91,1492.37,1542.11,134635500,VNFIN,Tài chính
2021-07-16,1557.41,1557.68,1535.86,1536.18,103818600,VNFIN,Tài chính
2021-07-19,1494.3,1536.18,1435.75,1441.79,197445200,VNFIN,Tài chính
2021-07-20,1449.98,1482.22,1414.38,1482.22,152931100,VNFIN,Tài chính
2021-07-21,1491.72,1502.05,1471.29,1476.65,103028200,VNFIN,Tài chính
2021-07-22,1474.29,1503.8,1467.76,1497.82,104185100,VNFIN,Tài chính
2021-07-23,1486.63,1501.91,1461.7,1461.7,171739400,VNFIN,Tài chính
2021-07-26,1451.83,1460.06,1432.31,1444.41,103186600,VNFIN,Tài chính
2021-07-27,1463.88,1473.81,1444.41,1455.26,136890900,VNFIN,Tài chính
2021-07-28,1453.28,1467.0,1450.08,1456.44,75036500,VNFIN,Tài chính
2021-07-29,1473.41,1488.45,1471.52,1488.45,115993800,VNFIN,Tài chính
2021-07-30,1492.03,1524.73,1488.45,1518.99,156379700,VNFIN,Tài chính
2021-08-02,1514.02,1521.49,1504.79,1506.75,170336900,VNFIN,Tài chính
2021-08-03,1506.92,1528.59,1503.53,1528.59,188278400,VNFIN,Tài chính
2021-08-04,1537.14,1545.82,1527.68,1536.1,204828900,VNFIN,Tài chính
2021-08-05,1532.28,1557.15,1526.11,1557.15,165534500,VNFIN,Tài chính
2021-08-06,1557.69,1560.25,1535.19,1535.19,177881000,VNFIN,Tài chính
2021-08-09,1527.22,1558.04,1521.35,1556.52,179673400,VNFIN,Tài chính
2021-08-10,1566.82,1570.48,1544.28,1552.78,151715100,VNFIN,Tài chính
2021-08-11,1554.38,1571.17,1550.46,1552.05,214400600,VNFIN,Tài chính
2021-08-12,1551.12,1561.72,1541.98,1541.98,155741200,VNFIN,Tài chính
2021-08-13,1544.03,1552.45,1523.02,1550.63,186579300,VNFIN,Tài chính
2021-08-16,1558.26,1599.82,1553.11,1593.54,243335200,VNFIN,Tài chính
2021-08-17,1605.78,1611.92,1581.75,1590.08,187027800,VNFIN,Tài chính
2021-08-18,1584.3,1593.28,1572.89,1578.91,172593800,VNFIN,Tài chính
2021-08-19,1574.43,1582.27,1558.28,1581.68,186936600,VNFIN,Tài chính
2021-08-20,1575.14,1581.68,1495.53,1517.97,325150100,VNFIN,Tài chính
2021-08-23,1508.68,1514.24,1467.4,1467.4,230645700,VNFIN,Tài chính
2021-08-24,1470.69,1480.28,1456.02,1468.33,192794900,VNFIN,Tài chính
2021-08-25,1470.01,1478.11,1458.05,1478.11,126595400,VNFIN,Tài chính
2021-08-26,1482.92,1484.95,1454.16,1457.15,124817800,VNFIN,Tài chính
2021-08-27,1441.91,1457.08,1423.85,1456.08,150340300,VNFIN,Tài chính
2021-08-30,1467.24,1484.43,1457.25,1484.43,127543500,VNFIN,Tài chính
2021-08-31,1493.59,1494.33,1469.41,1470.0,115609000,VNFIN,Tài chính
2021-09-01,1464.47,1479.3,1460.23,1466.62,126431800,VNFIN,Tài chính
2021-09-06,1473.79,1479.09,1461.3,1475.83,143805600,VNFIN,Tài chính
2021-09-07,1482.91,1512.69,1480.42,1503.45,179147700,VNFIN,Tài chính
2021-09-08,1511.01,1513.26,1482.47,1488.12,120016200,VNFIN,Tài chính
2021-09-09,1484.58,1500.67,1482.3,1499.64,141832200,VNFIN,Tài chính
2021-09-10,1504.82,1507.96,1498.14,1499.68,104757600,VNFIN,Tài chính
2021-09-13,1498.39,1504.53,1484.05,1487.04,125551400,VNFIN,Tài chính
2021-09-14,1484.02,1487.05,1468.17,1469.24,122162300,VNFIN,Tài chính
2021-09-15,1462.6,1472.74,1460.5,1467.19,102365800,VNFIN,Tài chính
2021-09-16,1476.43,1482.61,1470.67,1479.23,85500000,VNFIN,Tài chính
2021-09-17,1484.62,1504.3,1484.59,1501.53,141772300,VNFIN,Tài chính
2021-09-20,1520.63,1535.74,1515.59,1520.7,147302800,VNFIN,Tài chính
2021-09-21,1506.99,1518.72,1493.14,1506.87,120902500,VNFIN,Tài chính
2021-09-22,1510.75,1511.07,1494.25,1505.46,90667200,VNFIN,Tài chính
2021-09-23,1507.49,1518.69,1495.56,1502.77,124206200,VNFIN,Tài chính
2021-09-24,1507.8,1518.02,1506.01,1512.2,127846400,VNFIN,Tài chính
2021-09-27,1517.59,1521.96,1482.91,1482.91,110993900,VNFIN,Tài chính
2021-09-28,1478.74,1490.04,1468.65,1490.04,87063900,VNFIN,Tài chính
2021-09-29,1483.67,1490.04,1466.11,1475.48,106869500,VNFIN,Tài chính
2021-09-30,1478.89,1484.44,1473.07,1475.27,80159200,VNFIN,Tài chính
2021-10-01,1473.11,1473.52,1443.81,1447.27,147015600,VNFIN,Tài chính
2021-10-04,1441.86,1442.95,1415.07,1422.41,153088500,VNFIN,Tài chính
2021-10-05,1427.51,1447.77,1422.41,1447.77,135900800,VNFIN,Tài chính
2021-10-06,1453.16,1454.25,1438.67,1445.47,108446900,VNFIN,Tài chính
2021-10-07,1458.05,1459.93,1449.95,1456.23,95000500,VNFIN,Tài chính
2021-10-08,1461.75,1466.79,1455.2,1466.09,88227900,VNFIN,Tài chính
2021-10-11,1471.94,1513.7,1466.09,1513.7,154453900,VNFIN,Tài chính
2021-10-12,1522.85,1523.7,1503.63,1511.11,111080100,VNFIN,Tài chính
2021-10-13,1513.33,1518.12,1500.48,1504.87,93534800,VNFIN,Tài chính
2021-10-14,1503.43,1513.05,1500.64,1506.16,107580500,VNFIN,Tài chính
2021-10-15,1512.29,1516.53,1505.82,1512.06,112778800,VNFIN,Tài chính
2021-10-18,1519.96,1526.49,1512.06,1517.82,147629000,VNFIN,Tài chính
2021-10-19,1522.05,1522.13,1509.2,1516.65,110786400,VNFIN,Tài chính
2021-10-20,1520.52,1527.18,1495.84,1513.77,133981300,VNFIN,Tài chính
2021-10-21,1520.8,1523.05,1499.12,1499.12,116855100,VNFIN,Tài chính
2021-10-22,1505.72,1507.07,1488.87,1491.19,95612500,VNFIN,Tài chính
2021-10-25,1493.91,1493.91,1471.02,1471.69,138394800,VNFIN,Tài chính
2021-10-26,1466.42,1478.07,1459.47,1477.37,101594200,VNFIN,Tài chính
2021-10-27,1485.13,1506.56,1477.37,1504.38,135959600,VNFIN,Tài chính
2021-10-28,1515.88,1520.16,1504.38,1520.16,133157800,VNFIN,Tài chính
2021-10-29,1520.91,1523.17,1506.31,1518.26,142060600,VNFIN,Tài chính
2021-11-01,1523.24,1531.26,1515.05,1519.98,184833200,VNFIN,Tài chính
2021-11-02,1521.1,1534.0,1520.38,1534.0,150508800,VNFIN,Tài chính
2021-11-03,1541.04,1590.79,1534.0,1577.11,296912100,VNFIN,Tài chính
2021-11-04,1581.94,1584.4,1567.27,1570.58,160351600,VNFIN,Tài chính
2021-11-05,1573.92,1577.1,1560.39,1564.58,119606500,VNFIN,Tài chính
2021-11-08,1565.81,1580.51,1558.28,1567.32,200602900,VNFIN,Tài chính
2021-11-09,1573.31,1582.58,1562.67,1565.49,178885000,VNFIN,Tài chính
2021-11-10,1570.28,1572.1,1559.68,1563.17,138454400,VNFIN,Tài chính
2021-11-11,1563.36,1563.4,1528.52,1546.03,191113500,VNFIN,Tài chính
2021-11-12,1544.62,1572.36,1536.48,1569.28,145854400,VNFIN,Tài chính
2021-11-15,1583.69,1585.21,1566.0,1570.43,162768800,VNFIN,Tài chính
2021-11-16,1568.19,1585.29,1559.62,1563.07,167996000,VNFIN,Tài chính
2021-11-17,1564.97,1569.69,1558.03,1565.6,135537900,VNFIN,Tài chính
2021-11-18,1570.58,1573.41,1556.36,1556.36,178184700,VNFIN,Tài chính
2021-11-19,1563.32,1599.87,1551.02,1580.11,277757700,VNFIN,Tài chính
2021-11-22,1589.6,1646.27,1588.58,1620.39,284290500,VNFIN,Tài chính
2021-11-23,1626.99,1626.99,1599.81,1620.31,158185300,VNFIN,Tài chính
2021-11-24,1625.2,1700.3,1621.04,1697.07,393119700,VNFIN,Tài chính
2021-11-25,1710.7,1710.89,1689.35,1699.87,235682100,VNFIN,Tài chính
2021-11-26,1704.21,1715.48,1680.43,1684.06,249393600,VNFIN,Tài chính
2021-11-29,1652.51,1667.32,1643.26,1655.48,239665000,VNFIN,Tài chính
2021-11-30,1678.75,1678.75,1614.35,1620.46,232835500,VNFIN,Tài chính
2021-12-01,1615.9,1643.57,1610.24,1643.57,163087000,VNFIN,Tài chính
2021-12-02,1648.46,1651.16,1623.31,1623.31,120881900,VNFIN,Tài chính
2021-12-03,1632.35,1636.42,1571.54,1571.54,215169400,VNFIN,Tài chính
2021-12-06,1570.07,1581.91,1506.63,1531.57,223150300,VNFIN,Tài chính
2021-12-07,1547.12,1567.06,1531.57,1563.11,112987100,VNFIN,Tài chính
2021-12-08,1567.64,1598.58,1563.11,1579.42,124225600,VNFIN,Tài chính
2021-12-09,1571.0,1592.87,1571.0,1592.87,91312500,VNFIN,Tài chính
2021-12-10,1596.12,1608.12,1589.03,1592.61,111748600,VNFIN,Tài chính
2021-12-13,1600.02,1602.96,1583.8,1586.99,117257600,VNFIN,Tài chính
2021-12-14,1585.37,1597.88,1576.99,1579.73,111828200,VNFIN,Tài chính
2021-12-15,1579.73,1598.15,1571.29,1583.25,128055200,VNFIN,Tài chính
2021-12-16,1594.16,1594.2,1567.26,1569.15,140908200,VNFIN,Tài chính
2021-12-17,1575.75,1579.59,1568.89,1572.23,143811900,VNFIN,Tài chính
2021-12-20,1578.98,1590.91,1572.23,1584.19,140317400,VNFIN,Tài chính
2021-12-21,1581.64,1586.56,1572.57,1572.57,116435600,VNFIN,Tài chính
2021-12-22,1575.89,1579.12,1548.64,1552.66,160490700,VNFIN,Tài chính
2021-12-23,1553.67,1555.5,1507.98,1523.63,173243800,VNFIN,Tài chính
2021-12-24,1531.94,1580.84,1530.84,1578.57,111269200,VNFIN,Tài chính
2021-12-27,1590.61,1597.01,1574.83,1589.42,82097500,VNFIN,Tài chính
2021-12-28,1598.14,1616.58,1585.66,1615.13,164752300,VNFIN,Tài chính
2021-12-29,1625.29,1632.87,1616.31,1616.31,131431900,VNFIN,Tài chính
2021-12-30,1616.03,1640.93,1616.03,1631.43,126516900,VNFIN,Tài chính
2021-12-31,1639.84,1671.87,1631.43,1652.68,177668900,VNFIN,Tài chính
2022-01-04,1654.14,1675.56,1654.14,1669.89,166296100,VNFIN,Tài chính
2022-01-05,1670.34,1671.5,1652.2,1653.42,168038100,VNFIN,Tài chính
2022-01-06,1643.49,1658.45,1638.14,1643.41,180386800,VNFIN,Tài chính
2022-01-07,1641.87,1648.27,1627.31,1627.31,142742900,VNFIN,Tài chính
2022-01-10,1626.25,1629.76,1600.5,1600.5,156813500,VNFIN,Tài chính
2022-01-11,1600.3,1618.7,1590.08,1592.36,147247600,VNFIN,Tài chính
2022-01-12,1591.79,1652.83,1582.91,1652.83,225744500,VNFIN,Tài chính
2022-01-13,1658.18,1704.14,1652.15,1652.15,256190800,VNFIN,Tài chính
2022-01-14,1647.69,1655.68,1634.01,1642.0,105786000,VNFIN,Tài chính
2022-01-17,1644.66,1658.57,1589.71,1589.71,246064700,VNFIN,Tài chính
2022-01-18,1580.1,1608.52,1572.81,1586.06,155527800,VNFIN,Tài chính
2022-01-19,1592.86,1605.63,1581.58,1590.34,102872100,VNFIN,Tài chính
2022-01-20,1588.17,1614.96,1573.12,1608.43,130529400,VNFIN,Tài chính
2022-01-21,1610.21,1656.29,1607.3,1635.07,185749600,VNFIN,Tài chính
2022-01-24,1631.38,1654.74,1608.14,1619.21,194740500,VNFIN,Tài chính
2022-01-25,1619.64,1672.62,1619.32,1672.62,166549200,VNFIN,Tài chính
2022-01-26,1678.26,1711.37,1672.62,1696.88,234031100,VNFIN,Tài chính
2022-01-27,1690.09,1705.36,1674.29,1685.89,143671100,VNFIN,Tài chính
2022-01-28,1686.32,1717.52,1685.89,1711.72,168424600,VNFIN,Tài chính
2022-02-07,1734.37,1735.13,1715.63,1715.76,144802300,VNFIN,Tài chính
2022-02-08,1711.53,1740.99,1707.84,1733.02,203806700,VNFIN,Tài chính
2022-02-09,1737.33,1749.28,1724.4,1724.4,190608100,VNFIN,Tài chính
2022-02-10,1726.86,1734.47,1709.7,1722.18,165951000,VNFIN,Tài chính
2022-02-11,1720.53,1738.51,1717.33,1730.62,157969900,VNFIN,Tài chính
2022-02-14,1707.99,1716.91,1649.36,1649.36,247110500,VNFIN,Tài chính
2022-02-15,1655.84,1679.37,1647.66,1675.58,160273800,VNFIN,Tài chính
2022-02-16,1687.35,1687.35,1662.38,1668.52,114270700,VNFIN,Tài chính
2022-02-17,1667.99,1684.78,1667.89,1683.06,104481400,VNFIN,Tài chính
2022-02-18,1668.47,1675.9,1665.42,1670.6,159216600,VNFIN,Tài chính
2022-02-21,1667.73,1683.67,1655.69,1676.75,165888300,VNFIN,Tài chính
2022-02-22,1674.3,1680.43,1649.29,1679.14,178005000,VNFIN,Tài chính
2022-02-23,1687.23,1697.67,1683.97,1683.97,150829400,VNFIN,Tài chính
2022-02-24,1684.42,1698.47,1635.33,1669.31,266549700,VNFIN,Tài chính
2022-02-25,1682.15,1702.26,1669.31,1689.34,201060700,VNFIN,Tài chính
2022-02-28,1689.79,1695.92,1673.1,1676.77,152841700,VNFIN,Tài chính
2022-03-01,1679.86,1681.85,1668.7,1677.1,168160900,VNFIN,Tài chính
2022-03-02,1670.54,1670.86,1630.35,1630.51,294255200,VNFIN,Tài chính
2022-03-03,1639.37,1654.79,1628.23,1654.3,174135000,VNFIN,Tài chính
2022-03-04,1655.54,1675.24,1654.3,1662.57,179055300,VNFIN,Tài chính
2022-03-07,1646.14,1650.62,1634.49,1641.3,169895800,VNFIN,Tài chính
2022-03-08,1627.69,1640.37,1618.26,1618.57,194533500,VNFIN,Tài chính
2022-03-09,1621.65,1628.48,1601.41,1618.62,154131200,VNFIN,Tài chính
2022-03-10,1623.35,1646.7,1623.35,1627.65,94750800,VNFIN,Tài chính
2022-03-11,1627.81,1635.46,1616.27,1625.47,149510900,VNFIN,Tài chính
2022-03-14,1618.07,1623.26,1604.97,1616.2,138020400,VNFIN,Tài chính
2022-03-15,1618.37,1629.36,1616.4,1625.7,107165200,VNFIN,Tài chính
2022-03-16,1635.04,1639.3,1628.51,1634.73,94084500,VNFIN,Tài chính
2022-03-17,1646.87,1647.0,1634.46,1635.59,96648900,VNFIN,Tài chính
2022-03-18,1639.41,1642.54,1636.45,1636.45,117343800,VNFIN,Tài chính
2022-03-21,1639.2,1648.86,1634.26,1648.86,102575200,VNFIN,Tài chính
2022-03-22,1653.25,1669.36,1652.8,1661.99,139236600,VNFIN,Tài chính
2022-03-23,1665.36,1668.39,1656.5,1656.5,114390400,VNFIN,Tài chính
2022-03-24,1655.2,1656.86,1644.72,1644.72,101142000,VNFIN,Tài chính
2022-03-25,1645.38,1651.44,1640.3,1640.69,105378100,VNFIN,Tài chính
2022-03-28,1640.53,1640.53,1604.59,1614.1,164442200,VNFIN,Tài chính
2022-03-29,1615.34,1626.64,1615.34,1625.54,97001800,VNFIN,Tài chính
2022-03-30,1622.07,1650.77,1617.97,1637.83,150889500,VNFIN,Tài chính
2022-03-31,1642.6,1647.15,1636.37,1640.43,92707500,VNFIN,Tài chính
2022-04-01,1638.2,1672.67,1634.08,1672.67,165712600,VNFIN,Tài chính
2022-04-04,1692.14,1694.19,1680.52,1680.52,189149000,VNFIN,Tài chính
2022-04-05,1676.07,1685.36,1664.64,1664.64,142492500,VNFIN,Tài chính
2022-04-06,1658.87,1689.08,1652.57,1689.08,205228600,VNFIN,Tài chính
2022-04-07,1693.54,1707.6,1678.19,1678.19,206482300,VNFIN,Tài chính
2022-04-08,1677.88,1684.17,1652.42,1652.42,176676500,VNFIN,Tài chính
2022-04-12,1656.18,1661.31,1621.57,1621.57,157060500,VNFIN,Tài chính
2022-04-13,1628.43,1641.29,1612.06,1639.88,141077800,VNFIN,Tài chính
2022-04-14,1641.97,1651.24,1627.61,1627.61,114472100,VNFIN,Tài chính
2022-04-15,1625.57,1629.68,1588.75,1589.78,170322200,VNFIN,Tài chính
2022-04-18,1587.68,1588.04,1536.43,1538.47,203594700,VNFIN,Tài chính
2022-04-19,1541.81,1551.06,1492.9,1492.9,158099300,VNFIN,Tài chính
2022-04-20,1492.85,1508.73,1480.73,1480.73,155715100,VNFIN,Tài chính
2022-04-21,1478.95,1510.97,1460.11,1489.42,179610500,VNFIN,Tài chính
2022-04-22,1504.97,1528.58,1482.36,1512.95,150734000,VNFIN,Tài chính
2022-04-25,1513.25,1516.63,1420.07,1423.16,183114900,VNFIN,Tài chính
2022-04-26,1407.61,1462.88,1368.75,1462.88,169456500,VNFIN,Tài chính
2022-04-27,1461.42,1475.05,1435.94,1470.55,93933700,VNFIN,Tài chính
2022-04-28,1468.88,1480.31,1461.36,1467.37,85429800,VNFIN,Tài chính
2022-04-29,1467.37,1492.26,1461.09,1490.86,130651000,VNFIN,Tài chính
2022-05-04,1489.63,1489.79,1448.77,1448.77,103298800,VNFIN,Tài chính
2022-05-05,1468.83,1469.81,1427.07,1456.86,109253800,VNFIN,Tài chính
2022-05-06,1452.79,1452.79,1406.46,1406.46,128592300,VNFIN,Tài chính
2022-05-09,1385.62,1390.37,1324.12,1332.08,190244600,VNFIN,Tài chính
2022-05-10,1326.82,1358.61,1293.53,1358.61,155056900,VNFIN,Tài chính
2022-05-11,1362.46,1375.05,1340.94,1371.57,83499000,VNFIN,Tài chính
2022-05-12,1354.9,1356.95,1289.55,1289.55,150494900,VNFIN,Tài chính
2022-05-13,1290.06,1295.89,1215.53,1217.93,218649800,VNFIN,Tài chính
2022-05-16,1252.45,1266.37,1219.63,1219.63,166303400,VNFIN,Tài chính
2022-05-17,1217.64,1288.66,1209.51,1288.66,153237900,VNFIN,Tài chính
2022-05-18,1309.94,1326.41,1296.48,1302.35,161799600,VNFIN,Tài chính
2022-05-19,1271.97,1308.1,1269.72,1294.87,146917000,VNFIN,Tài chính
2022-05-20,1298.18,1311.67,1288.07,1297.66,119006300,VNFIN,Tài chính
2022-05-23,1304.03,1304.52,1253.71,1260.06,155789700,VNFIN,Tài chính
2022-05-24,1262.03,1286.1,1246.94,1286.1,134606700,VNFIN,Tài chính
2022-05-25,1294.8,1332.94,1293.33,1332.94,159169400,VNFIN,Tài chính
2022-05-26,1335.55,1340.44,1326.53,1329.65,141992100,VNFIN,Tài chính
2022-05-27,1333.22,1353.79,1328.11,1350.77,136777800,VNFIN,Tài chính
2022-05-30,1355.52,1364.02,1348.81,1361.72,127838800,VNFIN,Tài chính
2022-05-31,1360.31,1360.31,1341.34,1346.55,127692700,VNFIN,Tài chính
2022-06-01,1344.06,1355.21,1330.53,1339.51,108041500,VNFIN,Tài chính
2022-06-02,1343.79,1348.61,1321.14,1325.28,131470000,VNFIN,Tài chính
2022-06-03,1324.74,1329.22,1308.09,1320.74,93859800,VNFIN,Tài chính
2022-06-06,1319.33,1333.33,1312.44,1313.83,112765400,VNFIN,Tài chính
2022-06-07,1310.5,1311.01,1274.86,1303.37,123796600,VNFIN,Tài chính
2022-06-08,1311.24,1346.91,1302.78,1342.71,140154200,VNFIN,Tài chính
2022-06-09,1348.36,1348.36,1330.86,1339.12,91490400,VNFIN,Tài chính
2022-06-10,1328.48,1346.71,1321.06,1321.06,117707900,VNFIN,Tài chính
2022-06-13,1288.03,1292.06,1247.85,1247.85,173971100,VNFIN,Tài chính
2022-06-14,1233.93,1255.43,1226.54,1239.36,131242900,VNFIN,Tài chính
2022-06-15,1240.76,1245.25,1189.57,1219.66,176007700,VNFIN,Tài chính
2022-06-16,1231.97,1239.9,1226.02,1230.8,126600100,VNFIN,Tài chính
2022-06-17,1197.11,1203.33,1167.23,1182.72,167075900,VNFIN,Tài chính
2022-06-20,1187.65,1195.55,1139.58,1145.52,145182100,VNFIN,Tài chính
2022-06-21,1136.68,1164.75,1132.96,1148.38,137815100,VNFIN,Tài chính
2022-06-22,1165.17,1197.69,1161.67,1189.98,120793400,VNFIN,Tài chính
2022-06-23,1189.97,1212.12,1182.56,1212.12,103650900,VNFIN,Tài chính
2022-06-24,1213.58,1218.91,1204.67,1204.67,101782500,VNFIN,Tài chính
2022-06-27,1208.57,1227.69,1207.79,1222.92,114226800,VNFIN,Tài chính
2022-06-28,1221.0,1267.16,1217.21,1259.49,161555100,VNFIN,Tài chính
2022-06-29,1244.95,1271.44,1244.92,1258.07,126192400,VNFIN,Tài chính
2022-06-30,1261.26,1263.29,1226.47,1226.47,131461100,VNFIN,Tài chính
2022-07-01,1221.54,1245.07,1199.63,1243.48,144786500,VNFIN,Tài chính
2022-07-04,1249.99,1262.97,1249.74,1257.38,138763200,VNFIN,Tài chính
2022-07-05,1262.0,1286.1,1260.57,1271.01,170851600,VNFIN,Tài chính
2022-07-06,1269.59,1270.13,1240.76,1245.91,134883700,VNFIN,Tài chính
2022-07-07,1242.96,1258.91,1233.6,1254.7,105667200,VNFIN,Tài chính
2022-07-08,1261.59,1263.0,1250.0,1252.89,131620600,VNFIN,Tài chính
2022-07-11,1245.01,1248.24,1217.75,1219.01,142155100,VNFIN,Tài chính
2022-07-12,1222.13,1240.46,1219.57,1240.46,102028000,VNFIN,Tài chính
2022-07-13,1242.21,1260.43,1241.23,1246.09,139070900,VNFIN,Tài chính
2022-07-14,1239.44,1258.86,1238.95,1256.37,147178500,VNFIN,Tài chính
2022-07-15,1258.39,1269.96,1253.86,1254.06,133547700,VNFIN,Tài chính
2022-07-18,1260.96,1264.85,1252.37,1253.68,120965900,VNFIN,Tài chính
2022-07-19,1251.27,1252.84,1237.85,1248.49,115729200,VNFIN,Tài chính
2022-07-20,1260.47,1271.37,1258.16,1266.99,145304600,VNFIN,Tài chính
2022-07-21,1269.82,1278.24,1267.38,1273.2,131021300,VNFIN,Tài chính
2022-07-22,1277.8,1284.7,1269.68,1269.68,120639100,VNFIN,Tài chính
2022-07-25,1267.08,1267.19,1255.44,1257.61,104264800,VNFIN,Tài chính
2022-07-26,1258.44,1263.26,1252.93,1254.27,87619500,VNFIN,Tài chính
2022-07-27,1253.98,1259.75,1245.4,1259.75,105707200,VNFIN,Tài chính
2022-07-28,1259.77,1292.69,1259.77,1285.3,189309800,VNFIN,Tài chính
2022-07-29,1291.78,1293.67,1284.74,1291.27,161731400,VNFIN,Tài chính
2022-08-01,1291.26,1321.31,1291.26,1320.82,224369600,VNFIN,Tài chính
2022-08-02,1320.68,1327.63,1313.24,1323.09,206680700,VNFIN,Tài chính
2022-08-03,1317.93,1331.56,1313.54,1329.97,185616700,VNFIN,Tài chính
2022-08-04,1336.65,1345.46,1329.53,1335.67,195158800,VNFIN,Tài chính
2022-08-05,1333.04,1338.38,1324.87,1338.38,182140600,VNFIN,Tài chính
2022-08-08,1340.92,1350.35,1336.75,1345.68,170436900,VNFIN,Tài chính
2022-08-09,1349.35,1355.11,1340.52,1348.11,169055500,VNFIN,Tài chính
2022-08-10,1344.84,1348.28,1337.82,1339.11,133469700,VNFIN,Tài chính
2022-08-11,1344.15,1354.84,1325.92,1331.67,218961500,VNFIN,Tài chính
2022-08-12,1331.32,1343.64,1326.11,1343.64,128746500,VNFIN,Tài chính
2022-08-15,1352.34,1365.98,1351.67,1360.33,191234000,VNFIN,Tài chính
2022-08-16,1360.09,1362.09,1352.52,1356.46,130802700,VNFIN,Tài chính
2022-08-17,1358.91,1365.93,1355.61,1358.19,169350000,VNFIN,Tài chính
2022-08-18,1355.69,1366.23,1350.5,1357.11,184669800,VNFIN,Tài chính
2022-08-19,1356.16,1362.52,1352.7,1356.57,157124800,VNFIN,Tài chính
2022-08-22,1356.33,1358.97,1341.82,1348.84,149665000,VNFIN,Tài chính
2022-08-23,1339.49,1358.91,1333.11,1358.91,164827700,VNFIN,Tài chính
2022-08-24,1363.36,1370.55,1359.08,1365.57,136453300,VNFIN,Tài chính
2022-08-25,1367.46,1380.21,1367.46,1380.21,154903700,VNFIN,Tài chính
2022-08-26,1384.8,1388.96,1369.73,1371.0,166059500,VNFIN,Tài chính
2022-08-29,1355.7,1355.7,1328.81,1354.47,220686400,VNFIN,Tài chính
2022-08-30,1354.86,1370.52,1353.34,1357.24,115342300,VNFIN,Tài chính
2022-08-31,1352.95,1365.13,1348.71,1362.46,105773800,VNFIN,Tài chính
2022-09-05,1360.69,1361.84,1349.95,1350.56,100804100,VNFIN,Tài chính
2022-09-06,1351.88,1363.1,1348.29,1354.44,113284500,VNFIN,Tài chính
2022-09-07,1352.89,1354.37,1319.07,1319.07,213304200,VNFIN,Tài chính
2022-09-08,1329.0,1329.22,1298.61,1298.61,134222800,VNFIN,Tài chính
2022-09-09,1308.7,1308.71,1279.01,1306.67,162696800,VNFIN,Tài chính
2022-09-12,1315.03,1316.56,1297.53,1297.53,75937741,VNFIN,Tài chính
2022-09-13,1300.03,1302.38,1293.76,1298.2,94748500,VNFIN,Tài chính
2022-09-14,1274.24,1294.61,1274.03,1293.47,146978400,VNFIN,Tài chính
2022-09-15,1301.49,1302.31,1292.93,1292.93,77812800,VNFIN,Tài chính
2022-09-16,1291.67,1297.61,1273.1,1276.56,139700500,VNFIN,Tài chính
2022-09-19,1275.6,1278.07,1238.72,1242.08,150618500,VNFIN,Tài chính
2022-09-20,1252.52,1258.91,1235.81,1257.95,111148200,VNFIN,Tài chính
2022-09-21,1252.1,1254.05,1238.25,1243.92,71641100,VNFIN,Tài chính
2022-09-22,1233.28,1250.68,1231.09,1249.43,114211500,VNFIN,Tài chính
2022-09-23,1246.9,1252.61,1232.14,1232.94,100586400,VNFIN,Tài chính
2022-09-26,1211.8,1216.67,1178.2,1195.32,191610100,VNFIN,Tài chính
2022-09-27,1200.7,1210.66,1193.82,1201.63,98624700,VNFIN,Tài chính
2022-09-28,1197.53,1204.93,1188.13,1194.72,113049018,VNFIN,Tài chính
2022-09-29,1199.3,1209.7,1181.27,1181.27,98937907,VNFIN,Tài chính
2022-09-30,1177.47,1187.58,1151.63,1181.83,164836910,VNFIN,Tài chính
2022-10-03,1174.0,1175.04,1120.94,1122.0,147611373,VNFIN,Tài chính
2022-10-04,1138.34,1145.88,1104.44,1106.5,147493293,VNFIN,Tài chính
2022-10-05,1127.91,1139.16,1123.19,1127.39,114760369,VNFIN,Tài chính
2022-10-06,1130.23,1135.33,1079.97,1090.25,140734352,VNFIN,Tài chính
2022-10-07,1063.45,1065.89,1022.22,1031.15,285640853,VNFIN,Tài chính
2022-10-10,1014.24,1036.16,989.9,1024.36,201883486,VNFIN,Tài chính
2022-10-11,1015.37,1015.91,962.55,975.1,205780905,VNFIN,Tài chính
2022-10-12,974.67,1024.94,971.3,1021.69,182350961,VNFIN,Tài chính
2022-10-13,1022.13,1042.6,1016.11,1042.6,135617360,VNFIN,Tài chính
2022-10-14,1069.77,1076.84,1056.18,1062.26,180422538,VNFIN,Tài chính
2022-10-17,1050.63,1058.04,1029.52,1058.04,143190043,VNFIN,Tài chính
2022-10-18,1076.02,1081.06,1057.1,1061.83,141961780,VNFIN,Tài chính
2022-10-19,1063.76,1067.43,1046.67,1058.04,112610267,VNFIN,Tài chính
2022-10-20,1055.26,1062.13,1041.46,1051.96,110353878,VNFIN,Tài chính
2022-10-21,1052.9,1053.15,999.33,1007.12,201757646,VNFIN,Tài chính
2022-10-24,1007.11,1012.55,955.69,974.55,185490805,VNFIN,Tài chính
2022-10-25,971.81,1016.44,946.28,996.19,248680560,VNFIN,Tài chính
2022-10-26,1003.42,1011.81,984.26,996.89,108581945,VNFIN,Tài chính
2022-10-27,998.97,1056.86,993.11,1056.86,208384737,VNFIN,Tài chính
2022-10-28,1070.62,1082.85,1060.73,1060.73,184805535,VNFIN,Tài chính
2022-10-31,1064.38,1073.13,1033.37,1064.88,184600390,VNFIN,Tài chính
2022-11-01,1064.76,1100.44,1064.76,1087.88,216664305,VNFIN,Tài chính
2022-11-02,1085.71,1093.39,1076.17,1077.5,168987829,VNFIN,Tài chính
2022-11-03,1058.57,1081.21,1058.51,1073.08,155560026,VNFIN,Tài chính
2022-11-04,1058.69,1061.1,1016.06,1048.09,290709942,VNFIN,Tài chính
2022-11-07,1049.84,1056.54,1010.53,1011.01,201149140,VNFIN,Tài chính
2022-11-08,994.88,1035.26,988.92,1029.95,175514638,VNFIN,Tài chính
2022-11-09,1035.25,1048.37,1019.48,1026.68,154616595,VNFIN,Tài chính
2022-11-10,1015.87,1015.87,966.59,972.68,219800216,VNFIN,Tài chính
2022-11-11,989.57,1004.45,979.89,981.74,220916817,VNFIN,Tài chính
2022-11-14,976.67,976.67,938.4,960.32,213759935,VNFIN,Tài chính
2022-11-15,944.68,950.03,903.96,916.71,232523218,VNFIN,Tài chính
2022-11-16,890.39,963.41,870.18,962.62,301363230,VNFIN,Tài chính
2022-11-17,963.28,992.65,963.28,987.46,243318327,VNFIN,Tài chính
2022-11-18,987.3,999.34,954.12,989.8,245802931,VNFIN,Tài chính
2022-11-21,996.08,997.7,975.44,978.78,159639990,VNFIN,Tài chính
2022-11-22,977.87,1013.83,966.38,979.44,263607187,VNFIN,Tài chính
2022-11-23,978.61,990.44,973.91,974.94,145670107,VNFIN,Tài chính
2022-11-24,971.51,981.59,956.14,980.31,144549700,VNFIN,Tài chính
2022-11-25,990.34,1008.63,986.26,1008.63,195570764,VNFIN,Tài chính
2022-11-28,1021.27,1052.82,1021.24,1052.82,282600896,VNFIN,Tài chính
2022-11-29,1053.62,1069.89,1035.72,1066.67,303493897,VNFIN,Tài chính
2022-11-30,1070.82,1088.0,1054.45,1086.2,273652205,VNFIN,Tài chính
2022-12-01,1099.4,1120.57,1083.3,1090.1,406415413,VNFIN,Tài chính
2022-12-02,1086.53,1140.73,1080.39,1140.73,297852932,VNFIN,Tài chính
2022-12-05,1142.97,1178.23,1142.97,1168.68,387024930,VNFIN,Tài chính
2022-12-06,1167.05,1174.61,1105.49,1105.49,452735875,VNFIN,Tài chính
2022-12-07,1102.82,1112.43,1075.36,1086.68,264633292,VNFIN,Tài chính
2022-12-08,1098.38,1148.18,1098.38,1128.5,299391758,VNFIN,Tài chính
2022-12-09,1139.16,1143.11,1122.06,1135.03,243170303,VNFIN,Tài chính
2022-12-12,1141.34,1152.4,1110.18,1110.18,295722728,VNFIN,Tài chính
2022-12-13,1115.97,1143.32,1106.72,1143.32,239864678,VNFIN,Tài chính
2022-12-14,1143.98,1162.22,1143.98,1147.69,225332483,VNFIN,Tài chính
2022-12-15,1143.27,1174.51,1142.93,1169.28,273946578,VNFIN,Tài chính
2022-12-16,1160.62,1180.18,1157.43,1168.93,249321752,VNFIN,Tài chính
2022-12-19,1168.16,1195.08,1157.42,1157.42,304175657,VNFIN,Tài chính
2022-12-20,1156.66,1159.37,1111.82,1130.14,302535686,VNFIN,Tài chính
2022-12-21,1142.79,1145.81,1108.26,1133.75,236027863,VNFIN,Tài chính
2022-12-22,1135.76,1161.07,1134.45,1146.2,201374559,VNFIN,Tài chính
2022-12-23,1146.09,1146.24,1127.31,1139.15,136919903,VNFIN,Tài chính
2022-12-26,1136.79,1137.89,1083.31,1083.31,205363248,VNFIN,Tài chính
2022-12-27,1084.81,1112.69,1081.31,1111.45,154692679,VNFIN,Tài chính
2022-12-28,1114.58,1131.0,1100.2,1122.9,134854722,VNFIN,Tài chính
2022-12-29,1122.71,1128.07,1110.4,1110.4,112432900,VNFIN,Tài chính
2022-12-30,1115.89,1119.86,1110.22,1112.17,103125119,VNFIN,Tài chính
2023-01-03,1114.07,1154.04,1113.38,1154.04,158325206,VNFIN,Tài chính
2023-01-04,1157.24,1168.94,1154.0,1155.27,174697775,VNFIN,Tài chính
2023-01-05,1158.24,1169.53,1151.84,1167.21,138423122,VNFIN,Tài chính
2023-01-06,1165.76,1196.18,1161.88,1174.01,253855905,VNFIN,Tài chính
2023-01-09,1185.99,1191.01,1175.92,1180.12,128127078,VNFIN,Tài chính
2023-01-10,1181.88,1187.18,1168.92,1179.7,127280421,VNFIN,Tài chính
2023-01-11,1187.12,1196.78,1180.36,1180.36,160316533,VNFIN,Tài chính
2023-01-12,1184.28,1187.96,1175.97,1183.4,114559459,VNFIN,Tài chính
2023-01-13,1191.17,1199.44,1182.04,1192.81,185642499,VNFIN,Tài chính
2023-01-16,1197.24,1207.0,1191.52,1207.0,124015918,VNFIN,Tài chính
2023-01-17,1211.08,1235.72,1211.08,1235.72,231638977,VNFIN,Tài chính
2023-01-18,1238.05,1245.97,1232.71,1242.44,177914932,VNFIN,Tài chính
2023-01-19,1237.09,1254.47,1236.26,1252.54,208540324,VNFIN,Tài chính
2023-01-27,1262.76,1271.54,1253.49,1257.2,202924383,VNFIN,Tài chính
2023-01-30,1256.29,1257.23,1234.26,1234.26,229213113,VNFIN,Tài chính
2023-01-31,1232.6,1258.24,1217.23,1258.24,235091036,VNFIN,Tài chính
2023-02-01,1261.78,1265.92,1211.29,1211.29,288937449,VNFIN,Tài chính
2023-02-02,1214.6,1220.54,1198.83,1209.94,191176147,VNFIN,Tài chính
2023-02-03,1213.84,1216.62,1197.87,1198.55,177610990,VNFIN,Tài chính
2023-02-06,1195.92,1212.87,1189.91,1212.37,128780917,VNFIN,Tài chính
2023-02-07,1215.36,1219.91,1186.88,1186.88,178551552,VNFIN,Tài chính
2023-02-08,1193.38,1207.12,1183.89,1193.21,144037154,VNFIN,Tài chính
2023-02-09,1191.31,1200.27,1184.04,1184.04,138469267,VNFIN,Tài chính
2023-02-10,1185.29,1190.2,1165.29,1165.29,130293147,VNFIN,Tài chính
2023-02-13,1161.45,1163.34,1133.09,1144.72,182561744,VNFIN,Tài chính
2023-02-14,1148.64,1154.92,1142.37,1144.27,94471851,VNFIN,Tài chính
2023-02-15,1143.29,1165.53,1141.56,1154.2,141210972,VNFIN,Tài chính
2023-02-16,1162.49,1172.9,1156.37,1172.9,116036543,VNFIN,Tài chính
2023-02-17,1175.08,1180.59,1168.73,1176.43,126414034,VNFIN,Tài chính
2023-02-20,1174.1,1218.5,1174.1,1218.5,205103703,VNFIN,Tài chính
2023-02-21,1222.02,1227.81,1208.07,1208.07,166939795,VNFIN,Tài chính
2023-02-22,1205.93,1205.93,1174.52,1174.52,195260724,VNFIN,Tài chính
2023-02-23,1172.72,1183.35,1149.8,1183.35,180971312,VNFIN,Tài chính
2023-02-24,1180.6,1180.85,1156.44,1157.25,104032788,VNFIN,Tài chính
2023-02-27,1156.31,1156.31,1131.69,1135.27,135981256,VNFIN,Tài chính
2023-02-28,1143.03,1150.87,1135.62,1137.19,95107527,VNFIN,Tài chính
2023-03-01,1137.09,1167.62,1125.87,1167.62,132488022,VNFIN,Tài chính
2023-03-02,1169.26,1172.8,1160.17,1164.14,80254106,VNFIN,Tài chính
2023-03-03,1164.89,1169.94,1145.27,1145.27,91696884,VNFIN,Tài chính
2023-03-06,1157.14,1169.32,1148.08,1151.58,116838936,VNFIN,Tài chính
2023-03-07,1160.71,1174.79,1159.98,1165.48,128283361,VNFIN,Tài chính
2023-03-08,1154.63,1185.59,1154.63,1185.59,151049471,VNFIN,Tài chính
2023-03-09,1188.15,1205.03,1184.51,1198.98,200069519,VNFIN,Tài chính
2023-03-10,1190.79,1193.66,1180.28,1187.87,134420895,VNFIN,Tài chính
2023-03-13,1179.47,1189.65,1177.97,1185.34,203260413,VNFIN,Tài chính
2023-03-14,1185.5,1185.9,1164.57,1168.5,176081549,VNFIN,Tài chính
2023-03-15,1173.49,1204.42,1173.49,1202.99,216751437,VNFIN,Tài chính
2023-03-16,1192.37,1195.5,1178.58,1184.11,164484057,VNFIN,Tài chính
2023-03-17,1193.16,1196.45,1183.16,1189.61,185193301,VNFIN,Tài chính
2023-03-20,1180.42,1181.2,1159.46,1159.46,167971719,VNFIN,Tài chính
2023-03-21,1167.46,1172.43,1153.56,1172.43,142503337,VNFIN,Tài chính
2023-03-22,1173.2,1187.88,1173.2,1182.84,154322361,VNFIN,Tài chính
2023-03-23,1179.06,1192.77,1173.52,1192.77,175671422,VNFIN,Tài chính
2023-03-24,1198.44,1204.74,1194.52,1197.49,187465931,VNFIN,Tài chính
2023-03-27,1198.77,1209.89,1194.75,1206.62,204161417,VNFIN,Tài chính
2023-03-28,1213.52,1218.08,1205.08,1208.06,220667141,VNFIN,Tài chính
2023-03-29,1209.51,1212.75,1204.15,1212.52,169841365,VNFIN,Tài chính
2023-03-30,1220.84,1223.99,1214.99,1216.54,205747694,VNFIN,Tài chính
2023-03-31,1216.79,1231.76,1215.18,1227.54,229256155,VNFIN,Tài chính
2023-04-03,1235.0,1248.81,1235.0,1248.81,297845053,VNFIN,Tài chính
2023-04-04,1248.63,1255.11,1241.51,1254.73,272254996,VNFIN,Tài chính
2023-04-05,1252.95,1254.8,1245.65,1253.93,230425481,VNFIN,Tài chính
2023-04-06,1254.15,1258.95,1236.17,1236.17,266073730,VNFIN,Tài chính
2023-04-07,1236.48,1239.65,1227.81,1239.65,202731855,VNFIN,Tài chính
2023-04-10,1244.45,1255.75,1236.94,1241.66,255470339,VNFIN,Tài chính
2023-04-11,1239.87,1246.05,1228.2,1245.23,185832629,VNFIN,Tài chính
2023-04-12,1247.73,1250.65,1241.9,1243.48,188558295,VNFIN,Tài chính
2023-04-13,1244.15,1245.38,1233.86,1238.97,183709128,VNFIN,Tài chính
2023-04-14,1243.26,1246.89,1224.97,1224.97,246388951,VNFIN,Tài chính
2023-04-17,1224.37,1227.73,1219.85,1225.96,126091002,VNFIN,Tài chính
2023-04-18,1226.34,1228.4,1215.67,1220.47,161522752,VNFIN,Tài chính
2023-04-19,1224.63,1225.57,1206.18,1206.18,171861079,VNFIN,Tài chính
2023-04-20,1206.19,1208.81,1199.03,1203.07,105005047,VNFIN,Tài chính
2023-04-21,1204.38,1209.81,1198.45,1199.23,166936011,VNFIN,Tài chính
2023-04-24,1200.66,1213.82,1194.81,1202.03,127752184,VNFIN,Tài chính
2023-04-25,1202.87,1208.49,1187.68,1187.68,156718232,VNFIN,Tài chính
2023-04-26,1187.28,1200.74,1178.92,1200.74,134426086,VNFIN,Tài chính
2023-04-27,1203.21,1207.52,1198.59,1200.61,97130960,VNFIN,Tài chính
2023-04-28,1205.45,1211.26,1203.02,1211.26,143261385,VNFIN,Tài chính
2023-05-04,1207.33,1210.18,1202.75,1204.46,169430555,VNFIN,Tài chính
2023-05-05,1203.27,1208.18,1197.1,1200.1,113177114,VNFIN,Tài chính
2023-05-08,1204.27,1217.48,1204.22,1216.69,166620094,VNFIN,Tài chính
2023-05-09,1216.9,1221.71,1214.88,1217.51,132242872,VNFIN,Tài chính
2023-05-10,1220.16,1227.26,1216.88,1227.26,175630951,VNFIN,Tài chính
2023-05-11,1231.71,1234.43,1225.54,1225.57,182471398,VNFIN,Tài chính
2023-05-12,1228.11,1234.43,1221.85,1234.43,178542124,VNFIN,Tài chính
2023-05-15,1235.61,1251.7,1235.61,1236.01,233084418,VNFIN,Tài chính
2023-05-16,1238.94,1239.88,1233.58,1235.92,159922199,VNFIN,Tài chính
2023-05-17,1235.3,1237.65,1221.53,1221.7,197753296,VNFIN,Tài chính
2023-05-18,1224.18,1237.73,1221.78,1230.87,194737495,VNFIN,Tài chính
2023-05-19,1233.8,1235.58,1224.52,1235.46,238986767,VNFIN,Tài chính
2023-05-22,1237.28,1248.65,1236.68,1248.65,198441435,VNFIN,Tài chính
2023-05-23,1249.64,1254.02,1239.83,1245.41,237833483,VNFIN,Tài chính
2023-05-24,1250.84,1250.84,1234.46,1235.12,227520426,VNFIN,Tài chính
2023-05-25,1233.85,1235.05,1225.22,1229.4,197822884,VNFIN,Tài chính
2023-05-26,1232.68,1233.75,1227.57,1230.52,145170568,VNFIN,Tài chính
2023-05-29,1233.92,1249.31,1233.2,1247.06,208795500,VNFIN,Tài chính
2023-05-30,1254.02,1254.13,1241.96,1251.12,201482746,VNFIN,Tài chính
2023-05-31,1251.95,1253.79,1243.49,1248.82,236213976,VNFIN,Tài chính
2023-06-01,1247.16,1258.97,1242.26,1258.97,217965073,VNFIN,Tài chính
2023-06-02,1269.99,1298.35,1269.13,1291.42,347634016,VNFIN,Tài chính
2023-06-05,1305.87,1307.55,1289.83,1291.05,287619370,VNFIN,Tài chính
2023-06-06,1291.7,1308.81,1287.45,1308.81,301516758,VNFIN,Tài chính
2023-06-07,1310.78,1312.49,1301.06,1307.9,239911644,VNFIN,Tài chính
2023-06-08,1309.13,1312.59,1284.8,1284.8,345246845,VNFIN,Tài chính
2023-06-09,1288.55,1297.27,1277.33,1297.27,242283063,VNFIN,Tài chính
2023-06-12,1301.42,1302.24,1283.27,1301.27,176308126,VNFIN,Tài chính
2023-06-13,1303.43,1306.53,1297.98,1302.29,194719841,VNFIN,Tài chính
2023-06-14,1304.91,1316.56,1299.77,1299.77,274349636,VNFIN,Tài chính
2023-06-15,1299.55,1301.81,1293.53,1299.92,190147477,VNFIN,Tài chính
2023-06-16,1299.95,1328.88,1299.95,1306.33,419192505,VNFIN,Tài chính
2023-06-19,1306.95,1308.77,1296.45,1298.66,188491976,VNFIN,Tài chính
2023-06-20,1299.07,1302.95,1288.99,1302.95,168737105,VNFIN,Tài chính
2023-06-21,1302.82,1311.96,1301.11,1311.96,221098990,VNFIN,Tài chính
2023-06-22,1322.43,1326.0,1317.73,1317.94,217875187,VNFIN,Tài chính
2023-06-23,1322.93,1336.33,1321.21,1330.83,266957157,VNFIN,Tài chính
2023-06-26,1334.06,1338.34,1316.08,1330.04,292392275,VNFIN,Tài chính
2023-06-27,1334.01,1334.71,1323.32,1326.69,172964644,VNFIN,Tài chính
2023-06-28,1326.8,1340.54,1325.66,1337.36,210785557,VNFIN,Tài chính
2023-06-29,1339.95,1341.9,1316.5,1316.5,213959114,VNFIN,Tài chính
2023-06-30,1316.83,1319.66,1310.99,1314.34,148168597,VNFIN,Tài chính
2023-07-03,1318.25,1321.05,1310.04,1313.95,148286339,VNFIN,Tài chính
2023-07-04,1315.08,1323.32,1311.95,1322.51,217025523,VNFIN,Tài chính
2023-07-05,1328.22,1334.17,1324.05,1324.05,201185456,VNFIN,Tài chính
2023-07-06,1324.41,1327.1,1306.64,1312.27,331864342,VNFIN,Tài chính
2023-07-07,1310.55,1327.05,1306.28,1327.05,213758807,VNFIN,Tài chính
2023-07-10,1333.65,1340.23,1329.06,1339.24,261452813,VNFIN,Tài chính
2023-07-11,1341.24,1353.35,1341.24,1344.97,268330095,VNFIN,Tài chính
2023-07-12,1347.04,1348.79,1333.92,1336.87,225821947,VNFIN,Tài chính
2023-07-13,1343.92,1348.03,1338.79,1348.03,185416344,VNFIN,Tài chính
2023-07-14,1354.85,1355.22,1330.48,1347.19,332786351,VNFIN,Tài chính
2023-07-17,1352.71,1355.27,1347.35,1351.86,246551210,VNFIN,Tài chính
2023-07-18,1351.87,1362.87,1349.54,1362.87,235243867,VNFIN,Tài chính
2023-07-19,1368.6,1369.84,1360.31,1360.31,222188325,VNFIN,Tài chính
2023-07-20,1360.33,1362.35,1351.69,1359.16,250719251,VNFIN,Tài chính
2023-07-21,1360.57,1374.47,1357.56,1374.47,285444633,VNFIN,Tài chính
2023-07-24,1381.71,1384.03,1372.7,1384.03,242707088,VNFIN,Tài chính
2023-07-25,1388.29,1406.37,1388.19,1394.79,268316533,VNFIN,Tài chính
2023-07-26,1395.29,1397.92,1388.5,1395.54,210657157,VNFIN,Tài chính
2023-07-27,1396.72,1397.75,1380.86,1389.38,248402192,VNFIN,Tài chính
2023-07-28,1389.38,1404.74,1387.07,1404.74,286713837,VNFIN,Tài chính
2023-07-31,1413.13,1418.47,1407.69,1414.91,269862265,VNFIN,Tài chính
2023-08-01,1421.2,1427.32,1411.26,1411.26,338982869,VNFIN,Tài chính
2023-08-02,1409.79,1423.63,1406.35,1423.16,244538374,VNFIN,Tài chính
2023-08-03,1423.36,1428.68,1411.18,1413.58,269455997,VNFIN,Tài chính
2023-08-04,1414.56,1436.37,1412.43,1434.65,289053755,VNFIN,Tài chính
2023-08-07,1432.81,1463.48,1432.81,1459.3,339773388,VNFIN,Tài chính
2023-08-08,1461.11,1464.28,1444.78,1446.66,252584406,VNFIN,Tài chính
2023-08-09,1445.15,1448.67,1435.04,1443.36,258252287,VNFIN,Tài chính
2023-08-10,1444.8,1446.5,1422.98,1426.35,233140926,VNFIN,Tài chính
2023-08-11,1429.39,1435.51,1411.51,1435.51,248930666,VNFIN,Tài chính
2023-08-14,1438.46,1444.63,1429.1,1444.57,295622226,VNFIN,Tài chính
2023-08-15,1446.66,1447.22,1432.99,1439.55,198045199,VNFIN,Tài chính
2023-08-16,1437.2,1457.72,1430.09,1456.94,289813698,VNFIN,Tài chính
2023-08-17,1457.96,1461.58,1449.74,1449.74,300240250,VNFIN,Tài chính
2023-08-18,1443.28,1444.94,1372.83,1374.71,469677741,VNFIN,Tài chính
2023-08-21,1375.41,1399.11,1369.61,1387.55,321510158,VNFIN,Tài chính
2023-08-22,1390.28,1401.47,1353.67,1401.47,316173346,VNFIN,Tài chính
2023-08-23,1413.03,1414.66,1381.47,1386.01,219509999,VNFIN,Tài chính
2023-08-24,1389.03,1408.47,1384.05,1407.29,226507704,VNFIN,Tài chính
2023-08-25,1407.02,1407.02,1395.69,1400.79,252161652,VNFIN,Tài chính
2023-08-28,1405.0,1416.98,1400.58,1416.08,220450553,VNFIN,Tài chính
2023-08-29,1419.69,1428.1,1414.63,1424.4,269512356,VNFIN,Tài chính
2023-08-30,1426.75,1443.4,1425.17,1442.95,270705887,VNFIN,Tài chính
2023-08-31,1443.59,1455.7,1441.93,1455.7,224745540,VNFIN,Tài chính
2023-09-05,1463.41,1476.67,1459.55,1467.41,315002829,VNFIN,Tài chính
2023-09-06,1470.13,1485.06,1459.66,1485.06,277899693,VNFIN,Tài chính
2023-09-07,1487.56,1500.65,1479.98,1485.44,301869337,VNFIN,Tài chính
2023-09-08,1483.29,1489.6,1477.39,1478.84,218060009,VNFIN,Tài chính
2023-09-11,1481.35,1490.47,1457.49,1458.35,384337911,VNFIN,Tài chính
2023-09-12,1458.38,1492.92,1454.33,1492.92,279683816,VNFIN,Tài chính
2023-09-13,1497.1,1500.63,1477.63,1486.86,306588214,VNFIN,Tài chính
2023-09-14,1486.94,1502.51,1475.9,1480.91,332377073,VNFIN,Tài chính
2023-09-15,1483.02,1498.49,1482.68,1488.68,289029584,VNFIN,Tài chính
2023-09-18,1483.58,1485.38,1457.92,1467.02,263073096,VNFIN,Tài chính
2023-09-19,1467.44,1473.15,1450.79,1463.18,278982000,VNFIN,Tài chính
2023-09-20,1464.79,1480.98,1460.38,1477.35,242752602,VNFIN,Tài chính
2023-09-21,1475.84,1478.54,1454.6,1454.6,298939772,VNFIN,Tài chính
2023-09-22,1444.42,1444.42,1406.07,1430.39,454496806,VNFIN,Tài chính
2023-09-25,1427.28,1430.2,1375.7,1375.7,321771572,VNFIN,Tài chính
2023-09-26,1377.5,1396.69,1366.98,1366.98,315988661,VNFIN,Tài chính
2023-09-27,1370.59,1392.21,1355.74,1392.21,252752125,VNFIN,Tài chính
2023-09-28,1391.0,1391.0,1361.99,1384.67,238727617,VNFIN,Tài chính
2023-09-29,1390.97,1396.12,1382.46,1388.71,157734359,VNFIN,Tài chính
2023-10-02,1388.13,1394.88,1381.12,1386.56,152056881,VNFIN,Tài chính
2023-10-03,1374.82,1376.69,1337.51,1340.69,308521018,VNFIN,Tài chính
2023-10-04,1337.49,1364.47,1325.89,1352.8,223022017,VNFIN,Tài chính
2023-10-05,1355.73,1359.72,1336.21,1336.21,154031642,VNFIN,Tài chính
2023-10-06,1337.8,1359.84,1332.33,1358.14,201880620,VNFIN,Tài chính
2023-10-09,1358.07,1373.68,1353.44,1373.68,175975730,VNFIN,Tài chính
2023-10-10,1376.04,1389.09,1376.04,1383.32,197915970,VNFIN,Tài chính
2023-10-11,1385.38,1396.01,1376.37,1396.01,156118586,VNFIN,Tài chính
2023-10-12,1396.61,1401.19,1389.44,1393.57,165232836,VNFIN,Tài chính
2023-10-13,1383.54,1394.39,1377.2,1392.04,174906835,VNFIN,Tài chính
2023-10-16,1389.02,1390.5,1371.01,1374.98,201695878,VNFIN,Tài chính
2023-10-17,1380.09,1385.64,1364.51,1364.51,168661023,VNFIN,Tài chính
2023-10-18,1366.0,1370.97,1331.16,1349.99,286826862,VNFIN,Tài chính
2023-10-19,1350.13,1350.81,1322.85,1322.85,196731179,VNFIN,Tài chính
2023-10-20,1322.37,1351.39,1315.72,1348.15,206740465,VNFIN,Tài chính
2023-10-23,1347.1,1349.38,1325.82,1334.06,149159128,VNFIN,Tài chính
2023-10-24,1338.02,1359.04,1333.91,1352.55,138155979,VNFIN,Tài chính
2023-10-25,1354.36,1360.91,1345.07,1345.68,132934595,VNFIN,Tài chính
2023-10-26,1327.5,1329.09,1278.2,1290.95,384230876,VNFIN,Tài chính
2023-10-27,1301.76,1314.43,1287.19,1310.14,186889677,VNFIN,Tài chính
2023-10-30,1305.41,1307.29,1277.04,1277.04,146589816,VNFIN,Tài chính
2023-10-31,1277.52,1284.72,1262.77,1270.1,230464341,VNFIN,Tài chính
2023-11-01,1270.58,1289.73,1269.62,1288.22,200175145,VNFIN,Tài chính
2023-11-02,1289.14,1331.94,1289.14,1331.94,233311735,VNFIN,Tài chính
2023-11-03,1332.43,1341.41,1325.52,1328.4,242732362,VNFIN,Tài chính
2023-11-06,1339.18,1354.03,1337.73,1352.93,193102660,VNFIN,Tài chính
2023-11-07,1348.18,1352.2,1337.27,1337.27,162660989,VNFIN,Tài chính
2023-11-08,1337.85,1384.9,1333.07,1384.9,272749152,VNFIN,Tài chính
2023-11-09,1383.9,1387.61,1369.02,1369.02,294013302,VNFIN,Tài chính
2023-11-10,1357.67,1371.69,1352.23,1352.23,265036453,VNFIN,Tài chính
2023-11-13,1352.45,1357.15,1337.63,1349.38,206231320,VNFIN,Tài chính
2023-11-14,1356.05,1386.27,1356.05,1373.89,290825770,VNFIN,Tài chính
2023-11-15,1386.82,1402.45,1384.95,1389.0,307515796,VNFIN,Tài chính
2023-11-16,1384.53,1392.62,1378.8,1392.62,193280313,VNFIN,Tài chính
2023-11-17,1395.44,1397.29,1350.45,1358.68,325931081,VNFIN,Tài chính
2023-11-20,1344.46,1373.32,1334.46,1363.79,268414267,VNFIN,Tài chính
2023-11-21,1365.11,1377.38,1362.58,1369.49,186288486,VNFIN,Tài chính
2023-11-22,1369.08,1374.93,1359.58,1374.93,228654556,VNFIN,Tài chính
2023-11-23,1377.22,1380.96,1339.25,1339.25,264372250,VNFIN,Tài chính
2023-11-24,1343.96,1346.22,1320.33,1346.22,264390962,VNFIN,Tài chính
2023-11-27,1344.86,1346.01,1325.41,1325.41,157686516,VNFIN,Tài chính
2023-11-28,1326.0,1337.6,1309.59,1337.36,189845429,VNFIN,Tài chính
2023-11-29,1338.79,1347.29,1334.63,1339.62,151778930,VNFIN,Tài chính
2023-11-30,1338.87,1349.04,1332.55,1332.55,197288030,VNFIN,Tài chính
2023-12-01,1339.67,1342.13,1324.82,1341.26,165887122,VNFIN,Tài chính
2023-12-04,1349.23,1372.22,1347.97,1366.42,367720221,VNFIN,Tài chính
2023-12-05,1367.83,1368.93,1352.05,1356.08,199224456,VNFIN,Tài chính
2023-12-06,1357.81,1370.63,1356.16,1370.04,222501691,VNFIN,Tài chính
2023-12-07,1370.76,1382.56,1356.16,1374.3,442588647,VNFIN,Tài chính
2023-12-08,1374.14,1379.66,1365.92,1372.31,196878998,VNFIN,Tài chính
2023-12-11,1373.5,1374.38,1358.57,1366.94,205126959,VNFIN,Tài chính
2023-12-12,1369.5,1371.45,1361.08,1369.25,141448513,VNFIN,Tài chính
2023-12-13,1372.19,1373.8,1351.78,1352.29,219849231,VNFIN,Tài chính
2023-12-14,1356.44,1361.39,1345.9,1347.35,183641529,VNFIN,Tài chính
2023-12-15,1347.42,1355.49,1342.89,1343.88,202569855,VNFIN,Tài chính
2023-12-18,1345.12,1345.9,1325.35,1328.25,169577062,VNFIN,Tài chính
2023-12-19,1325.14,1338.35,1317.05,1338.35,174750207,VNFIN,Tài chính
2023-12-20,1338.77,1341.48,1330.5,1340.2,140163921,VNFIN,Tài chính
2023-12-21,1335.72,1340.18,1330.62,1339.0,122094755,VNFIN,Tài chính
2023-12-22,1338.71,1347.16,1335.81,1341.6,172235680,VNFIN,Tài chính
2023-12-25,1345.33,1356.57,1343.41,1354.29,151810130,VNFIN,Tài chính
2023-12-26,1355.08,1358.35,1349.41,1356.03,154675039,VNFIN,Tài chính
2023-12-27,1358.4,1362.94,1356.97,1358.39,164025264,VNFIN,Tài chính
2023-12-28,1359.3,1373.63,1356.09,1373.45,163586909,VNFIN,Tài chính
2023-12-29,1376.51,1386.38,1375.4,1382.79,195814431,VNFIN,Tài chính
2024-01-02,1389.37,1399.62,1384.16,1387.54,270592886,VNFIN,Tài chính
2024-01-03,1387.82,1407.11,1381.99,1407.11,207539243,VNFIN,Tài chính
2024-01-04,1408.91,1450.39,1408.91,1429.54,515167159,VNFIN,Tài chính
2024-01-05,1430.41,1441.93,1426.69,1438.56,267012992,VNFIN,Tài chính
2024-01-08,1443.04,1452.44,1438.44,1447.31,275263723,VNFIN,Tài chính
2024-01-09,1447.56,1450.51,1441.15,1447.16,257931393,VNFIN,Tài chính
2024-01-10,1447.86,1465.64,1444.32,1459.29,398326747,VNFIN,Tài chính
2024-01-11,1463.46,1478.59,1455.21,1463.49,347297931,VNFIN,Tài chính
2024-01-12,1460.13,1478.37,1443.1,1472.73,437317185,VNFIN,Tài chính
2024-01-15,1478.41,1484.7,1461.35,1461.35,236178420,VNFIN,Tài chính
2024-01-16,1456.54,1468.27,1451.22,1468.27,219489491,VNFIN,Tài chính
2024-01-17,1467.52,1481.18,1463.5,1465.52,308402054,VNFIN,Tài chính
2024-01-18,1468.94,1477.23,1464.9,1474.86,209647895,VNFIN,Tài chính
2024-01-19,1479.73,1490.2,1479.4,1490.2,262782865,VNFIN,Tài chính
2024-01-22,1497.02,1502.43,1484.62,1494.83,252550765,VNFIN,Tài chính
2024-01-23,1498.61,1501.73,1486.75,1489.79,223927898,VNFIN,Tài chính
2024-01-24,1487.42,1500.26,1485.23,1486.78,278146406,VNFIN,Tài chính
2024-01-25,1489.61,1489.79,1480.25,1484.0,161749250,VNFIN,Tài chính
2024-01-26,1487.22,1495.24,1486.85,1493.63,164134590,VNFIN,Tài chính
2024-01-29,1495.72,1498.72,1489.81,1489.88,166293483,VNFIN,Tài chính
2024-01-30,1489.16,1495.38,1487.32,1494.53,168714443,VNFIN,Tài chính
2024-01-31,1497.31,1498.78,1468.48,1472.31,451562847,VNFIN,Tài chính
2024-02-01,1470.5,1480.1,1465.63,1472.87,168410333,VNFIN,Tài chính
2024-02-02,1473.56,1479.54,1467.36,1469.83,269209320,VNFIN,Tài chính
2024-02-05,1472.4,1516.14,1472.4,1511.15,326508087,VNFIN,Tài chính
2024-02-06,1514.39,1522.89,1512.03,1515.4,193832773,VNFIN,Tài chính
2024-02-07,1518.07,1540.36,1518.07,1538.13,268063273,VNFIN,Tài chính
2024-02-15,1538.95,1566.13,1538.95,1550.34,350583216,VNFIN,Tài chính
2024-02-16,1556.9,1556.9,1540.56,1548.83,251460124,VNFIN,Tài chính
2024-02-19,1551.39,1552.97,1535.51,1552.11,329146525,VNFIN,Tài chính
2024-02-20,1551.23,1555.86,1542.5,1551.54,292134661,VNFIN,Tài chính
2024-02-21,1552.33,1565.56,1545.29,1559.23,344486254,VNFIN,Tài chính
2024-02-22,1559.25,1560.87,1551.03,1557.26,265616132,VNFIN,Tài chính
2024-02-23,1557.78,1589.64,1538.07,1538.28,565271025,VNFIN,Tài chính
2024-02-26,1539.58,1554.59,1534.32,1551.23,320141515,VNFIN,Tài chính
2024-02-27,1557.33,1563.42,1549.37,1562.98,311168810,VNFIN,Tài chính
2024-02-28,1567.87,1586.46,1560.37,1586.46,324993007,VNFIN,Tài chính
2024-02-29,1589.21,1600.52,1574.91,1585.02,381411496,VNFIN,Tài chính
2024-03-01,1586.78,1587.6,1572.66,1585.5,322491330,VNFIN,Tài chính
2024-03-04,1592.19,1593.59,1574.21,1583.89,315075696,VNFIN,Tài chính
2024-03-05,1584.85,1595.74,1575.47,1595.74,273872592,VNFIN,Tài chính
2024-03-06,1595.74,1609.22,1578.46,1586.31,316731737,VNFIN,Tài chính
2024-03-07,1586.63,1593.31,1582.08,1587.0,343906793,VNFIN,Tài chính
2024-03-08,1588.06,1592.19,1550.97,1550.97,518958079,VNFIN,Tài chính
2024-03-11,1551.34,1554.23,1524.42,1529.94,329854037,VNFIN,Tài chính
2024-03-12,1527.95,1538.5,1524.39,1535.29,266143415,VNFIN,Tài chính
2024-03-13,1535.29,1572.77,1534.75,1572.77,304400330,VNFIN,Tài chính
2024-03-14,1572.95,1576.81,1548.37,1555.19,324805212,VNFIN,Tài chính
2024-03-15,1553.42,1566.07,1538.2,1558.35,312500061,VNFIN,Tài chính
2024-03-18,1557.55,1561.27,1501.82,1523.91,491251732,VNFIN,Tài chính
2024-03-19,1523.5,1529.62,1512.71,1522.0,218906236,VNFIN,Tài chính
2024-03-20,1524.03,1565.19,1514.7,1564.12,329435635,VNFIN,Tài chính
2024-03-21,1574.37,1595.66,1569.69,1595.66,364240240,VNFIN,Tài chính
2024-03-22,1603.93,1621.94,1591.17,1601.5,405765042,VNFIN,Tài chính
2024-03-25,1600.75,1608.42,1579.05,1584.47,372326674,VNFIN,Tài chính
2024-03-26,1583.09,1611.19,1579.25,1611.19,324640657,VNFIN,Tài chính
2024-03-27,1611.55,1616.51,1598.36,1609.42,229995010,VNFIN,Tài chính
2024-03-28,1616.06,1634.95,1616.06,1630.69,338134446,VNFIN,Tài chính
2024-03-29,1632.12,1632.59,1619.17,1624.64,266331630,VNFIN,Tài chính
2024-04-01,1618.45,1622.92,1602.66,1616.1,271528287,VNFIN,Tài chính
2024-04-02,1605.54,1611.84,1587.41,1611.84,384556938,VNFIN,Tài chính
2024-04-03,1608.68,1613.7,1588.18,1588.7,309142847,VNFIN,Tài chính
2024-04-04,1589.45,1594.66,1575.17,1575.17,272434629,VNFIN,Tài chính
2024-04-05,1562.02,1569.05,1554.18,1556.89,306654563,VNFIN,Tài chính
2024-04-08,1555.45,1564.96,1547.12,1556.86,261236966,VNFIN,Tài chính
2024-04-09,1559.02,1577.45,1552.1,1577.45,202634893,VNFIN,Tài chính
2024-04-10,1584.5,1588.92,1570.68,1570.68,200656076,VNFIN,Tài chính
2024-04-11,1568.62,1572.93,1556.98,1566.74,185367922,VNFIN,Tài chính
2024-04-12,1567.4,1608.65,1566.8,1607.56,279876216,VNFIN,Tài chính
2024-04-15,1606.21,1618.21,1527.16,1527.16,486004913,VNFIN,Tài chính
2024-04-16,1527.58,1542.0,1505.49,1536.44,426230169,VNFIN,Tài chính
2024-04-17,1536.75,1544.08,1504.3,1504.81,275144130,VNFIN,Tài chính
2024-04-19,1499.7,1508.43,1471.24,1486.82,369442373,VNFIN,Tài chính
2024-04-22,1499.89,1521.55,1499.74,1514.21,235643405,VNFIN,Tài chính
2024-04-23,1514.07,1524.77,1492.31,1506.06,270429707,VNFIN,Tài chính
2024-04-24,1518.33,1541.71,1515.67,1538.61,240272827,VNFIN,Tài chính
2024-04-25,1539.68,1539.68,1519.91,1528.24,163714072,VNFIN,Tài chính
2024-04-26,1519.44,1538.5,1518.29,1533.21,191474235,VNFIN,Tài chính
2024-05-02,1536.31,1537.59,1521.45,1529.02,150784754,VNFIN,Tài chính
2024-05-03,1532.74,1548.75,1531.32,1538.75,179448837,VNFIN,Tài chính
2024-05-06,1547.84,1562.74,1543.31,1562.74,230203197,VNFIN,Tài chính
2024-05-07,1567.92,1568.2,1554.05,1560.68,156571662,VNFIN,Tài chính
2024-05-08,1553.85,1565.51,1545.06,1557.71,251064941,VNFIN,Tài chính
2024-05-09,1562.98,1568.04,1546.02,1554.91,193425792,VNFIN,Tài chính
2024-05-10,1558.82,1559.05,1543.12,1551.65,162966357,VNFIN,Tài chính
2024-05-13,1555.51,1556.69,1541.54,1547.61,176433997,VNFIN,Tài chính
2024-05-14,1553.49,1562.99,1546.75,1549.47,158511420,VNFIN,Tài chính
2024-05-15,1555.96,1567.38,1552.05,1559.66,238299517,VNFIN,Tài chính
2024-05-16,1575.01,1597.73,1570.32,1596.03,314360500,VNFIN,Tài chính
2024-05-17,1599.2,1607.2,1593.19,1602.72,276097469,VNFIN,Tài chính
2024-05-20,1614.85,1622.16,1609.77,1611.86,326279809,VNFIN,Tài chính
2024-05-21,1606.87,1608.22,1586.48,1601.13,262313735,VNFIN,Tài chính
2024-05-22,1596.49,1600.13,1575.45,1576.82,310325613,VNFIN,Tài chính
2024-05-23,1574.02,1586.44,1561.09,1586.44,252798654,VNFIN,Tài chính
2024-05-24,1586.03,1605.83,1555.88,1569.47,424012244,VNFIN,Tài chính
2024-05-27,1572.95,1576.62,1560.9,1572.71,181744542,VNFIN,Tài chính
2024-05-28,1580.34,1590.5,1572.74,1590.5,245810222,VNFIN,Tài chính
2024-05-29,1595.22,1596.01,1578.96,1581.0,278531817,VNFIN,Tài chính
2024-05-30,1576.53,1576.53,1555.19,1573.54,288760704,VNFIN,Tài chính
2024-05-31,1572.67,1575.86,1564.58,1565.71,175176860,VNFIN,Tài chính
2024-06-03,1579.41,1601.18,1577.71,1594.04,281243823,VNFIN,Tài chính
2024-06-04,1602.82,1602.82,1589.98,1592.67,216666788,VNFIN,Tài chính
2024-06-05,1594.67,1602.09,1587.22,1587.22,224871093,VNFIN,Tài chính
2024-06-06,1592.78,1605.56,1588.74,1596.63,268926322,VNFIN,Tài chính
2024-06-07,1598.88,1614.45,1596.23,1602.7,163930556,VNFIN,Tài chính
2024-06-10,1609.92,1618.18,1598.63,1605.07,230356816,VNFIN,Tài chính
2024-06-11,1612.42,1615.48,1596.23,1601.94,266446848,VNFIN,Tài chính
2024-06-12,1602.55,1629.33,1596.6,1628.88,327690676,VNFIN,Tài chính
2024-06-13,1629.11,1644.67,1628.74,1639.12,354131054,VNFIN,Tài chính
2024-06-14,1645.04,1648.65,1613.09,1613.09,328575348,VNFIN,Tài chính
2024-06-17,1614.65,1615.33,1598.42,1607.11,255256787,VNFIN,Tài chính
2024-06-18,1613.68,1619.7,1605.61,1605.61,212196220,VNFIN,Tài chính
2024-06-19,1610.04,1613.04,1594.33,1608.67,255384691,VNFIN,Tài chính
2024-06-20,1610.91,1621.28,1601.08,1614.68,291295037,VNFIN,Tài chính
2024-06-21,1618.41,1618.95,1606.14,1611.54,233939896,VNFIN,Tài chính
2024-06-24,1611.51,1614.94,1565.06,1568.74,378074646,VNFIN,Tài chính
2024-06-25,1570.69,1576.08,1561.2,1571.01,164100843,VNFIN,Tài chính
2024-06-26,1571.16,1574.84,1552.62,1570.87,178505898,VNFIN,Tài chính
2024-06-27,1568.32,1568.53,1556.24,1563.79,147984804,VNFIN,Tài chính
2024-06-28,1565.15,1566.63,1539.74,1551.26,215183869,VNFIN,Tài chính
2024-07-01,1549.98,1557.56,1542.71,1556.65,129288909,VNFIN,Tài chính
2024-07-02,1563.64,1581.96,1560.34,1581.61,166204589,VNFIN,Tài chính
2024-07-03,1581.61,1598.41,1581.57,1596.31,156029288,VNFIN,Tài chính
2024-07-04,1599.03,1605.14,1588.37,1599.79,153357668,VNFIN,Tài chính
2024-07-05,1599.82,1605.41,1592.81,1605.41,167991841,VNFIN,Tài chính
2024-07-08,1608.38,1609.26,1594.67,1601.64,158379176,VNFIN,Tài chính
2024-07-09,1601.2,1617.44,1595.53,1615.07,227891922,VNFIN,Tài chính
2024-07-10,1618.87,1620.12,1604.06,1604.06,184674219,VNFIN,Tài chính
2024-07-11,1608.91,1613.94,1600.61,1601.31,193514060,VNFIN,Tài chính
2024-07-12,1597.46,1602.86,1587.03,1591.13,144168441,VNFIN,Tài chính
2024-07-15,1591.11,1597.1,1583.89,1588.7,123054098,VNFIN,Tài chính
2024-07-16,1589.14,1609.12,1589.14,1597.31,191851092,VNFIN,Tài chính
2024-07-17,1605.66,1645.53,1595.52,1614.25,420787171,VNFIN,Tài chính
2024-07-18,1615.82,1621.58,1595.34,1620.6,203083905,VNFIN,Tài chính
2024-07-19,1620.6,1635.27,1610.41,1619.09,341204685,VNFIN,Tài chính
2024-07-22,1614.43,1629.35,1597.7,1613.07,311419884,VNFIN,Tài chính
2024-07-23,1616.69,1620.88,1571.3,1574.67,277217826,VNFIN,Tài chính
2024-07-24,1568.25,1584.29,1555.21,1578.19,239065692,VNFIN,Tài chính
2024-07-25,1568.99,1570.83,1554.17,1564.01,145844509,VNFIN,Tài chính
2024-07-26,1565.31,1567.9,1558.31,1567.23,129816346,VNFIN,Tài chính
2024-07-29,1571.21,1578.32,1568.09,1569.43,121574249,VNFIN,Tài chính
2024-07-30,1567.59,1572.24,1557.67,1568.59,169032697,VNFIN,Tài chính
2024-07-31,1570.99,1586.79,1570.99,1583.78,217691342,VNFIN,Tài chính
2024-08-01,1587.3,1591.1,1543.57,1551.67,279733825,VNFIN,Tài chính
2024-08-02,1547.74,1566.03,1528.37,1566.03,238154860,VNFIN,Tài chính
2024-08-05,1545.04,1548.25,1496.84,1500.33,333558877,VNFIN,Tài chính
2024-08-06,1516.45,1534.32,1499.46,1528.75,201181514,VNFIN,Tài chính
2024-08-07,1532.78,1532.78,1512.25,1520.72,141827656,VNFIN,Tài chính
2024-08-08,1511.09,1523.99,1500.36,1506.57,197495658,VNFIN,Tài chính
2024-08-09,1517.85,1533.35,1514.3,1530.33,185506359,VNFIN,Tài chính
2024-08-12,1534.12,1543.3,1525.76,1543.3,142190414,VNFIN,Tài chính
2024-08-13,1540.8,1543.96,1532.13,1538.9,144641657,VNFIN,Tài chính
2024-08-14,1544.81,1545.26,1532.88,1533.75,121584481,VNFIN,Tài chính
2024-08-15,1533.72,1537.1,1525.61,1531.26,120621314,VNFIN,Tài chính
2024-08-16,1533.29,1571.63,1533.29,1571.63,306061717,VNFIN,Tài chính
2024-08-19,1578.81,1585.26,1572.61,1582.24,187594446,VNFIN,Tài chính
2024-08-20,1583.45,1594.53,1580.05,1588.42,243765497,VNFIN,Tài chính
2024-08-21,1586.39,1605.94,1582.03,1605.9,269325779,VNFIN,Tài chính
2024-08-22,1608.47,1612.79,1602.86,1610.18,198086141,VNFIN,Tài chính
2024-08-23,1612.59,1617.73,1600.74,1613.14,214403366,VNFIN,Tài chính
2024-08-26,1616.68,1622.1,1609.04,1614.08,265026245,VNFIN,Tài chính
2024-08-27,1612.64,1615.95,1604.59,1608.3,185324408,VNFIN,Tài chính
2024-08-28,1612.23,1617.2,1605.17,1613.84,216990889,VNFIN,Tài chính
2024-08-29,1615.58,1631.93,1615.58,1617.66,277786675,VNFIN,Tài chính
2024-08-30,1620.23,1624.25,1617.74,1623.58,177745179,VNFIN,Tài chính
2024-09-04,1611.83,1611.83,1596.99,1600.53,200603619,VNFIN,Tài chính
2024-09-05,1601.47,1605.84,1584.18,1589.02,189613859,VNFIN,Tài chính
2024-09-06,1588.09,1592.43,1581.78,1591.79,172282344,VNFIN,Tài chính
2024-09-09,1586.59,1587.38,1577.61,1582.17,131807712,VNFIN,Tài chính
2024-09-10,1585.27,1587.92,1561.02,1563.91,198677654,VNFIN,Tài chính
2024-09-11,1561.33,1567.35,1553.11,1560.2,143229873,VNFIN,Tài chính
2024-09-12,1567.43,1571.8,1562.56,1564.99,141914278,VNFIN,Tài chính
2024-09-13,1566.93,1569.02,1560.97,1564.22,125550972,VNFIN,Tài chính
2024-09-16,1564.87,1573.93,1553.58,1553.76,148539789,VNFIN,Tài chính
2024-09-17,1555.37,1579.65,1552.93,1579.65,130222761,VNFIN,Tài chính
2024-09-18,1581.61,1598.63,1576.8,1589.7,256078032,VNFIN,Tài chính
2024-09-19,1595.43,1600.33,1590.09,1599.33,170454593,VNFIN,Tài chính
2024-09-20,1608.62,1625.45,1608.59,1615.0,394163735,VNFIN,Tài chính
2024-09-23,1618.21,1627.8,1610.23,1610.73,184116757,VNFIN,Tài chính
2024-09-24,1611.58,1627.82,1607.83,1627.82,212981777,VNFIN,Tài chính
2024-09-25,1638.9,1652.66,1633.49,1652.66,408432457,VNFIN,Tài chính
2024-09-26,1656.0,1682.65,1650.71,1669.06,473631708,VNFIN,Tài chính
2024-09-27,1675.42,1694.14,1670.54,1678.0,430407679,VNFIN,Tài chính
2024-09-30,1677.98,1688.02,1671.64,1682.08,302733513,VNFIN,Tài chính
2024-10-01,1683.47,1703.26,1682.81,1686.0,431036122,VNFIN,Tài chính
2024-10-02,1681.32,1693.78,1675.39,1682.96,309054262,VNFIN,Tài chính
2024-10-03,1686.14,1714.45,1676.92,1679.23,474167112,VNFIN,Tài chính
2024-10-04,1679.7,1681.49,1663.24,1663.24,260699027,VNFIN,Tài chính
2024-10-07,1673.65,1676.86,1658.05,1670.34,234663592,VNFIN,Tài chính
2024-10-08,1673.07,1688.22,1671.11,1676.96,314152404,VNFIN,Tài chính
2024-10-09,1678.46,1694.1,1676.18,1692.92,309793334,VNFIN,Tài chính
2024-10-10,1698.32,1713.71,1688.24,1689.72,331133811,VNFIN,Tài chính
2024-10-11,1689.61,1692.29,1679.37,1690.13,191815103,VNFIN,Tài chính
2024-10-14,1690.91,1699.95,1679.5,1682.03,291180754,VNFIN,Tài chính
2024-10-15,1682.65,1695.34,1674.77,1677.48,281387819,VNFIN,Tài chính
2024-10-16,1675.53,1677.69,1666.72,1670.64,203767164,VNFIN,Tài chính
2024-10-17,1675.0,1688.62,1661.94,1688.62,277433266,VNFIN,Tài chính
2024-10-18,1696.33,1706.84,1686.84,1690.98,324863744,VNFIN,Tài chính
2024-10-21,1688.54,1695.99,1681.38,1681.38,256158871,VNFIN,Tài chính
2024-10-22,1681.17,1687.48,1663.55,1670.73,346764497,VNFIN,Tài chính
2024-10-23,1670.14,1676.44,1657.59,1673.76,216041279,VNFIN,Tài chính
2024-10-24,1674.6,1678.47,1643.86,1643.86,275237265,VNFIN,Tài chính
2024-10-25,1648.8,1650.29,1635.63,1639.48,217026460,VNFIN,Tài chính
2024-10-28,1639.16,1646.27,1636.14,1643.55,169599436,VNFIN,Tài chính
2024-10-29,1644.56,1655.92,1644.56,1652.95,173672295,VNFIN,Tài chính
2024-10-30,1655.02,1658.72,1645.71,1654.56,174357388,VNFIN,Tài chính
2024-10-31,1655.18,1669.95,1650.27,1664.77,185656074,VNFIN,Tài chính
2024-11-01,1660.65,1663.11,1647.24,1647.24,183355582,VNFIN,Tài chính
2024-11-04,1647.84,1650.34,1627.55,1628.8,264561509,VNFIN,Tài chính
2024-11-05,1628.93,1638.26,1628.93,1629.1,118241238,VNFIN,Tài chính
2024-11-06,1630.43,1652.77,1630.43,1651.04,178500942,VNFIN,Tài chính
2024-11-07,1657.85,1660.27,1644.01,1645.69,134719371,VNFIN,Tài chính
2024-11-08,1651.1,1651.1,1625.44,1633.31,177753262,VNFIN,Tài chính
2024-11-11,1633.31,1633.31,1599.09,1610.27,291668927,VNFIN,Tài chính
2024-11-12,1613.47,1620.83,1599.47,1605.68,174133838,VNFIN,Tài chính
2024-11-13,1602.03,1606.91,1584.67,1606.58,226612534,VNFIN,Tài chính
2024-11-14,1601.11,1603.89,1578.99,1580.66,187192357,VNFIN,Tài chính
2024-11-15,1576.1,1576.78,1558.02,1561.22,264463285,VNFIN,Tài chính
2024-11-18,1559.21,1579.12,1546.28,1566.29,233603606,VNFIN,Tài chính
2024-11-19,1566.17,1570.2,1550.62,1552.33,139672211,VNFIN,Tài chính
2024-11-20,1551.19,1576.82,1544.53,1569.34,196258462,VNFIN,Tài chính
2024-11-21,1569.12,1589.4,1562.93,1589.4,156512796,VNFIN,Tài chính
2024-11-22,1589.53,1593.88,1584.24,1587.18,153825346,VNFIN,Tài chính
2024-11-25,1587.93,1595.43,1584.8,1591.49,123463001,VNFIN,Tài chính
2024-11-26,1593.26,1609.69,1591.49,1600.76,161955316,VNFIN,Tài chính
2024-11-27,1598.6,1605.3,1595.53,1601.56,98048889,VNFIN,Tài chính
2024-11-28,1608.46,1614.86,1598.97,1603.25,148749757,VNFIN,Tài chính
2024-11-29,1602.39,1611.92,1597.99,1610.01,135945526,VNFIN,Tài chính
2024-12-02,1617.36,1622.14,1607.49,1614.13,113772250,VNFIN,Tài chính
2024-12-03,1614.8,1617.42,1606.63,1612.58,166838558,VNFIN,Tài chính
2024-12-04,1607.61,1612.58,1596.64,1599.96,165242045,VNFIN,Tài chính
2024-12-05,1599.54,1647.73,1593.19,1647.73,336258290,VNFIN,Tài chính
2024-12-06,1646.72,1652.28,1641.57,1646.42,222656696,VNFIN,Tài chính
2024-12-09,1645.82,1655.57,1639.4,1650.74,193177869,VNFIN,Tài chính
2024-12-10,1650.1,1654.08,1644.49,1647.9,154850070,VNFIN,Tài chính
2024-12-11,1647.96,1655.88,1638.84,1648.37,205843383,VNFIN,Tài chính
2024-12-12,1648.85,1661.31,1647.2,1649.15,195140303,VNFIN,Tài chính
2024-12-13,1648.48,1649.49,1641.76,1644.41,142623944,VNFIN,Tài chính
2024-12-16,1645.02,1650.34,1635.05,1644.18,141226032,VNFIN,Tài chính
2024-12-17,1645.87,1646.64,1637.16,1641.8,109083927,VNFIN,Tài chính
2024-12-18,1642.59,1646.81,1638.52,1645.62,107885607,VNFIN,Tài chính
2024-12-19,1644.84,1644.84,1615.96,1624.26,258761475,VNFIN,Tài chính
2024-12-20,1625.65,1628.8,1619.27,1624.58,150369442,VNFIN,Tài chính
2024-12-23,1629.74,1638.2,1624.58,1632.3,112436275,VNFIN,Tài chính
2024-12-24,1633.56,1633.56,1620.46,1632.75,133120337,VNFIN,Tài chính
2024-12-25,1632.86,1679.14,1632.86,1662.73,279160007,VNFIN,Tài chính
2024-12-26,1665.85,1669.3,1660.7,1665.9,167268691,VNFIN,Tài chính
2024-12-27,1666.83,1686.17,1665.9,1685.82,246460403,VNFIN,Tài chính
2024-12-30,1687.76,1689.44,1674.23,1689.44,158621763,VNFIN,Tài chính
2024-12-31,1687.15,1687.83,1674.01,1681.24,159166608,VNFIN,Tài chính
2025-01-02,1680.13,1682.56,1664.6,1675.21,135336986,VNFIN,Tài chính
2025-01-03,1673.63,1673.63,1640.53,1640.53,199010561,VNFIN,Tài chính
2025-01-06,1640.42,1648.44,1628.56,1633.42,175604518,VNFIN,Tài chính
2025-01-07,1638.76,1648.43,1630.69,1638.43,166754232,VNFIN,Tài chính
2025-01-08,1636.3,1643.5,1629.85,1643.17,133554742,VNFIN,Tài chính
2025-01-09,1643.03,1644.84,1628.16,1630.37,105282085,VNFIN,Tài chính
2025-01-10,1630.31,1631.5,1604.28,1604.28,200164938,VNFIN,Tài chính
2025-01-13,1596.03,1616.15,1591.64,1616.15,173979824,VNFIN,Tài chính
2025-01-14,1612.66,1617.25,1600.95,1605.93,113427193,VNFIN,Tài chính
2025-01-15,1612.84,1619.92,1605.93,1617.02,121731276,VNFIN,Tài chính
2025-01-16,1625.48,1635.69,1615.68,1626.71,171763686,VNFIN,Tài chính
2025-01-17,1626.42,1641.3,1621.4,1641.3,109843040,VNFIN,Tài chính
2025-01-20,1642.69,1649.1,1641.3,1646.06,148571075,VNFIN,Tài chính
2025-01-21,1651.75,1656.13,1638.5,1644.37,141778694,VNFIN,Tài chính
2025-01-22,1649.71,1655.85,1644.37,1645.38,150918125,VNFIN,Tài chính
2025-01-23,1645.72,1689.65,1645.72,1682.64,228741261,VNFIN,Tài chính
2025-01-24,1682.99,1692.49,1680.71,1692.21,183955092,VNFIN,Tài chính
2025-02-03,1681.77,1692.21,1664.24,1669.23,183454392,VNFIN,Tài chính
2025-02-04,1677.34,1691.98,1673.42,1691.84,231379995,VNFIN,Tài chính
2025-02-05,1696.14,1702.03,1691.64,1699.34,177959856,VNFIN,Tài chính
2025-02-06,1707.09,1718.83,1699.34,1710.47,236063500,VNFIN,Tài chính
2025-02-07,1711.65,1729.25,1704.84,1718.9,208127877,VNFIN,Tài chính
2025-02-10,1714.05,1731.88,1702.21,1719.97,279119714,VNFIN,Tài chính
2025-02-11,1724.07,1730.46,1719.97,1728.15,232772685,VNFIN,Tài chính
2025-02-12,1732.43,1738.42,1724.53,1724.89,169468257,VNFIN,Tài chính
2025-02-13,1723.88,1732.46,1718.82,1731.72,149119753,VNFIN,Tài chính
2025-02-14,1733.97,1747.66,1731.72,1735.3,239172640,VNFIN,Tài chính
2025-02-17,1736.65,1744.6,1730.99,1735.12,337693249,VNFIN,Tài chính
2025-02-18,1736.74,1752.57,1732.84,1737.54,252972300,VNFIN,Tài chính
2025-02-19,1739.06,1752.57,1735.59,1748.89,247516542,VNFIN,Tài chính
2025-02-20,1754.39,1758.23,1748.11,1754.32,278431880,VNFIN,Tài chính
2025-02-21,1754.69,1763.07,1751.92,1760.5,271543702,VNFIN,Tài chính
2025-02-24,1757.72,1774.57,1753.4,1774.57,304287014,VNFIN,Tài chính
2025-02-25,1778.61,1783.63,1766.95,1771.92,371862843,VNFIN,Tài chính
2025-02-26,1774.01,1776.58,1766.25,1766.25,296003854,VNFIN,Tài chính
2025-02-27,1770.49,1771.87,1751.79,1768.61,282882864,VNFIN,Tài chính
2025-02-28,1765.7,1768.61,1753.2,1760.65,273587928,VNFIN,Tài chính
2025-03-03,1760.64,1765.87,1753.65,1762.36,381071067,VNFIN,Tài chính
2025-03-04,1756.41,1775.98,1742.3,1774.07,421608722,VNFIN,Tài chính
2025-03-05,1775.88,1794.51,1767.09,1767.09,342286886,VNFIN,Tài chính
2025-03-06,1773.89,1787.6,1767.09,1787.6,442709284,VNFIN,Tài chính
2025-03-07,1791.41,1804.54,1784.39,1797.48,365887984,VNFIN,Tài chính
2025-03-10,1805.43,1816.21,1791.66,1797.67,371816959,VNFIN,Tài chính
2025-03-11,1781.68,1804.18,1776.8,1804.18,346855856,VNFIN,Tài chính
2025-03-12,1811.57,1814.66,1796.24,1804.42,403529916,VNFIN,Tài chính
2025-03-13,1805.68,1806.06,1779.58,1782.83,379060609,VNFIN,Tài chính
2025-03-14,1781.44,1793.06,1778.79,1787.95,389870626,VNFIN,Tài chính
2025-03-17,1795.08,1810.05,1793.77,1807.28,400754931,VNFIN,Tài chính
2025-03-18,1813.54,1815.88,1798.04,1800.87,335424793,VNFIN,Tài chính
2025-03-19,1798.35,1800.87,1789.23,1794.88,362894679,VNFIN,Tài chính
2025-03-20,1803.01,1808.3,1784.73,1796.75,423180040,VNFIN,Tài chính
2025-03-21,1796.25,1798.01,1785.13,1786.24,350643275,VNFIN,Tài chính
2025-03-24,1787.85,1794.2,1767.49,1794.2,375758378,VNFIN,Tài chính
2025-03-25,1795.0,1802.59,1786.06,1791.4,380200162,VNFIN,Tài chính
2025-03-26,1791.01,1803.19,1775.18,1777.85,332801970,VNFIN,Tài chính
2025-03-27,1776.08,1779.79,1771.1,1771.31,269461196,VNFIN,Tài chính
2025-03-28,1772.15,1775.35,1761.34,1768.25,270667723,VNFIN,Tài chính
2025-03-31,1760.25,1768.25,1753.6,1762.62,302436935,VNFIN,Tài chính
2025-04-01,1768.88,1781.04,1760.45,1781.04,219062473,VNFIN,Tài chính
2025-04-02,1784.97,1790.48,1779.13,1779.13,318319467,VNFIN,Tài chính
2025-04-03,1738.66,1738.66,1658.63,1659.11,851810914,VNFIN,Tài chính
2025-04-04,1637.21,1656.64,1562.67,1656.64,923274721,VNFIN,Tài chính
2025-04-08,1611.92,1656.64,1544.29,1549.08,523632813,VNFIN,Tài chính
2025-04-09,1531.11,1579.35,1463.6,1505.07,760068951,VNFIN,Tài chính
2025-04-10,1608.17,1608.81,1505.07,1608.81,52152428,VNFIN,Tài chính
2025-04-11,1634.15,1684.09,1618.88,1684.09,778488043,VNFIN,Tài chính
2025-04-14,1686.91,1690.67,1671.38,1685.47,411517352,VNFIN,Tài chính
2025-04-15,1668.65,1685.47,1645.24,1657.16,398028817,VNFIN,Tài chính
2025-04-16,1657.97,1670.83,1644.11,1649.4,295501025,VNFIN,Tài chính
2025-04-17,1644.76,1660.3,1640.41,1656.9,302721737,VNFIN,Tài chính
2025-04-18,1670.57,1696.98,1669.68,1676.22,544080716,VNFIN,Tài chính
2025-04-21,1675.45,1683.35,1652.82,1664.34,414295851,VNFIN,Tài chính
2025-04-22,1651.83,1661.3,1559.23,1652.83,812599970,VNFIN,Tài chính
2025-04-23,1666.04,1681.93,1652.83,1666.91,319067840,VNFIN,Tài chính
2025-04-24,1668.63,1674.84,1652.96,1664.39,314635126,VNFIN,Tài chính
2025-04-25,1666.0,1671.52,1647.16,1652.82,358921413,VNFIN,Tài chính
2025-04-28,1654.24,1664.46,1649.47,1661.67,229601684,VNFIN,Tài chính
2025-04-29,1663.5,1670.14,1658.99,1658.99,217472813,VNFIN,Tài chính
2025-05-05,1658.99,1676.36,1652.68,1665.46,229889024,VNFIN,Tài chính
2025-05-06,1665.46,1682.47,1664.09,1664.52,311632118,VNFIN,Tài chính
2025-05-07,1664.52,1676.74,1658.93,1663.87,267818547,VNFIN,Tài chính
2025-05-08,1663.87,1687.98,1663.87,1685.25,337487415,VNFIN,Tài chính
2025-05-09,1685.25,1703.62,1682.33,1691.04,301670834,VNFIN,Tài chính
2025-05-12,1691.04,1723.97,1691.04,1721.96,420466412,VNFIN,Tài chính
2025-05-13,1721.96,1736.08,1721.96,1733.65,430431802,VNFIN,Tài chính
2025-05-14,1733.65,1761.06,1733.65,1760.77,475127200,VNFIN,Tài chính
2025-05-15,1760.77,1787.03,1759.36,1785.61,585368104,VNFIN,Tài chính
2025-05-16,1785.61,1791.61,1756.19,1757.53,398572010,VNFIN,Tài chính
2025-05-19,1757.53,1757.53,1728.79,1730.46,391817620,VNFIN,Tài chính
2025-05-20,1730.46,1757.58,1725.56,1754.74,418207751,VNFIN,Tài chính
2025-05-21,1754.74,1786.18,1742.88,1764.12,471990817,VNFIN,Tài chính
2025-05-22,1764.12,1771.91,1748.18,1750.54,565144567,VNFIN,Tài chính
2025-05-23,1750.54,1757.1,1738.44,1744.99,286166592,VNFIN,Tài chính
2025-05-26,1744.99,1757.94,1711.35,1757.94,404828312,VNFIN,Tài chính
2025-05-27,1757.94,1769.97,1755.32,1761.89,446733224,VNFIN,Tài chính
2025-05-28,1761.89,1772.22,1748.1,1753.86,363974632,VNFIN,Tài chính
2025-05-29,1753.86,1767.55,1751.45,1753.94,381646549,VNFIN,Tài chính
2025-05-30,1753.94,1765.95,1732.86,1736.53,358502942,VNFIN,Tài chính
2025-06-02,1736.53,1753.54,1728.34,1752.42,336789879,VNFIN,Tài chính
2025-06-03,1752.42,1777.84,1752.42,1770.65,523527327,VNFIN,Tài chính
2025-06-04,1770.65,1776.97,1762.89,1764.7,362398457,VNFIN,Tài chính
2025-06-05,1764.7,1771.75,1752.25,1755.29,282114328,VNFIN,Tài chính
2025-06-06,1755.29,1761.09,1735.9,1738.06,363539690,VNFIN,Tài chính
2025-06-09,1738.06,1738.96,1720.16,1722.91,278072242,VNFIN,Tài chính
2025-06-10,1722.91,1749.36,1722.63,1730.9,303445266,VNFIN,Tài chính
2025-06-11,1730.9,1738.74,1726.32,1731.62,207648787,VNFIN,Tài chính
2025-06-12,1731.62,1764.21,1731.62,1759.57,384114171,VNFIN,Tài chính
2025-06-13,1759.57,1770.26,1738.44,1753.13,508886012,VNFIN,Tài chính
2025-06-16,1753.13,1784.4,1747.15,1784.4,336349664,VNFIN,Tài chính
2025-06-17,1784.4,1798.7,1780.67,1791.61,311860344,VNFIN,Tài chính
2025-06-18,1791.61,1804.7,1784.74,1790.8,308888481,VNFIN,Tài chính
2025-06-19,1790.8,1803.77,1786.33,1802.26,255848739,VNFIN,Tài chính
2025-06-20,1802.26,1825.49,1801.74,1807.43,355720076,VNFIN,Tài chính
2025-06-23,1807.43,1807.43,1786.27,1796.95,294438187,VNFIN,Tài chính
2025-06-24,1796.95,1819.66,1796.95,1807.98,429476779,VNFIN,Tài chính
2025-06-25,1807.98,1818.77,1801.61,1804.64,315449013,VNFIN,Tài chính
2025-06-26,1804.64,1815.63,1795.15,1805.88,233824544,VNFIN,Tài chính
2025-06-30,1809.1,1818.59,1805.12,1812.98,279452498,VNFIN,Tài chính
2025-07-01,1812.98,1821.56,1808.75,1816.9,353120460,VNFIN,Tài chính
2025-07-02,1816.9,1837.89,1816.9,1837.89,512321751,VNFIN,Tài chính
2025-07-03,1837.89,1856.34,1833.33,1840.5,685108358,VNFIN,Tài chính
2025-07-04,1840.5,1852.94,1840.5,1852.29,357436352,VNFIN,Tài chính
2025-07-07,1852.29,1889.21,1852.29,1889.21,738736771,VNFIN,Tài chính
2025-07-08,1889.21,1902.44,1884.3,1900.35,551185727,VNFIN,Tài chính
2025-07-09,1900.35,1932.04,1900.35,1920.14,794096751,VNFIN,Tài chính
2025-07-10,1920.14,1930.6,1913.93,1924.15,459644169,VNFIN,Tài chính
2025-07-11,1924.15,1944.72,1917.05,1935.8,607870851,VNFIN,Tài chính
2025-07-14,1935.8,1947.4,1915.32,1946.73,540644049,VNFIN,Tài chính
2025-07-15,1946.73,1968.67,1940.84,1940.84,687154997,VNFIN,Tài chính
2025-07-16,1940.84,1961.3,1933.45,1958.02,613264230,VNFIN,Tài chính
2025-07-17,1958.02,1970.77,1950.23,1958.26,558367096,VNFIN,Tài chính
2025-07-18,1958.26,1995.26,1952.77,1988.78,609670493,VNFIN,Tài chính
2025-07-21,1988.78,2008.12,1977.48,1993.32,687560458,VNFIN,Tài chính
2025-07-22,1993.32,2019.3,1971.59,2019.3,601004563,VNFIN,Tài chính
2025-07-23,2019.3,2046.34,2019.18,2029.77,686359486,VNFIN,Tài chính
2025-07-24,2029.77,2074.11,2029.77,2054.92,663118788,VNFIN,Tài chính
2025-07-25,2054.92,2086.74,2054.92,2083.28,616970490,VNFIN,Tài chính
2025-07-28,2083.28,2141.46,2083.28,2141.46,766528409,VNFIN,Tài chính
2025-07-29,2141.46,2157.47,2026.03,2026.03,1290072369,VNFIN,Tài chính
2025-07-30,2026.03,2078.51,2021.19,2069.67,845062524,VNFIN,Tài chính
2025-07-31,2069.67,2098.64,2050.09,2081.94,757506856,VNFIN,Tài chính
2025-08-01,2081.94,2097.5,2054.98,2072.15,680554966,VNFIN,Tài chính
2025-08-04,2072.15,2127.57,2055.69,2127.57,610677132,VNFIN,Tài chính
2025-08-05,2127.57,2230.15,2103.5,2159.14,1316374610,VNFIN,Tài chính
2025-08-06,2159.14,2215.83,2159.14,2215.83,619470127,VNFIN,Tài chính
2025-08-07,2215.83,2244.79,2204.2,2240.67,759386959,VNFIN,Tài chính
2025-08-08,2240.67,2262.43,2203.22,2235.62,776802711,VNFIN,Tài chính
2025-08-11,2235.62,2265.88,2228.25,2260.36,719202252,VNFIN,Tài chính
2025-08-12,2260.36,2275.53,2242.23,2274.98,614652498,VNFIN,Tài chính
2025-08-13,2291.77,2301.19,2246.09,2292.06,898990887,VNFIN,Tài chính
2025-08-14,2322.7,2394.5,2322.7,2387.44,923990759,VNFIN,Tài chính
2025-08-15,2435.57,2455.71,2367.76,2384.22,955147510,VNFIN,Tài chính
2025-08-18,2402.47,2416.82,2381.71,2400.03,699205732,VNFIN,Tài chính
2025-08-19,2415.92,2486.44,2411.79,2469.45,910612073,VNFIN,Tài chính
2025-08-20,2481.2,2504.62,2393.05,2504.62,1180535425,VNFIN,Tài chính
2025-08-21,2549.08,2603.49,2538.59,2594.88,921838246,VNFIN,Tài chính
2025-08-22,2585.41,2592.48,2461.44,2492.82,1127033570,VNFIN,Tài chính
2025-08-25,2521.38,2523.31,2368.86,2383.13,841826329,VNFIN,Tài chính
2025-08-26,2376.43,2481.42,2359.19,2481.42,755790604,VNFIN,Tài chính
2025-08-27,2509.55,2536.44,2469.15,2476.64,803980791,VNFIN,Tài chính
2025-08-28,2485.91,2509.94,2450.35,2507.36,670506225,VNFIN,Tài chính
2025-08-29,2529.37,2571.75,2516.25,2538.7,855511818,VNFIN,Tài chính
2025-09-03,2542.85,2549.1,2514.48,2534.09,578976468,VNFIN,Tài chính
2025-09-04,2545.41,2556.8,2525.72,2554.58,596939519,VNFIN,Tài chính
2025-09-05,2577.89,2578.54,2484.18,2484.18,781330035,VNFIN,Tài chính
2025-09-08,2469.41,2475.92,2381.23,2381.23,953016510,VNFIN,Tài chính
2025-09-09,2391.59,2409.05,2357.69,2409.05,536305530,VNFIN,Tài chính
2025-09-10,2432.03,2437.81,2391.2,2414.48,526933741,VNFIN,Tài chính
2025-09-11,2404.67,2427.8,2325.92,2419.57,627640491,VNFIN,Tài chính
2025-09-12,2432.53,2433.74,2403.51,2413.53,399820515,VNFIN,Tài chính
2025-09-15,2422.85,2437.38,2408.41,2437.38,548774397,VNFIN,Tài chính
2025-09-16,2462.6,2474.17,2434.42,2447.16,647168030,VNFIN,Tài chính
2025-09-17,2446.1,2446.3,2415.3,2415.3,404741591,VNFIN,Tài chính
2025-09-18,2421.82,2425.83,2386.41,2405.14,376864354,VNFIN,Tài chính
2025-09-19,2413.47,2414.11,2376.78,2378.99,422107974,VNFIN,Tài chính
2025-09-22,2380.9,2383.09,2319.76,2338.22,549416945,VNFIN,Tài chính
2025-09-23,2343.27,2368.52,2341.92,2347.63,443168481,VNFIN,Tài chính
2025-09-24,2351.88,2413.89,2325.34,2413.89,546778793,VNFIN,Tài chính
2025-09-25,2421.0,2421.3,2398.83,2404.51,369796191,VNFIN,Tài chính
2025-09-26,2404.94,2406.85,2374.69,2378.2,364127294,VNFIN,Tài chính
2025-09-29,2376.92,2386.38,2354.9,2381.47,390932725,VNFIN,Tài chính
2025-09-30,2381.44,2389.88,2351.14,2387.92,425777480,VNFIN,Tài chính
2025-10-01,2395.03,2425.14,2389.57,2418.87,342330611,VNFIN,Tài chính
2025-10-02,2429.21,2449.8,2397.15,2405.24,358525824,VNFIN,Tài chính
2025-10-03,2401.87,2402.99,2373.75,2380.23,325704118,VNFIN,Tài chính
2025-10-06,2415.0,2473.55,2406.21,2473.55,600551739,VNFIN,Tài chính
2025-10-07,2489.75,2489.75,2443.67,2449.1,429127359,VNFIN,Tài chính
2025-10-08,2479.06,2486.72,2445.51,2459.8,518518348,VNFIN,Tài chính
2025-10-09,2466.73,2484.02,2459.72,2479.34,607408741,VNFIN,Tài chính
2025-10-10,2488.72,2495.82,2473.14,2488.22,505687244,VNFIN,Tài chính
2025-10-13,2473.27,2502.32,2450.79,2502.32,592228432,VNFIN,Tài chính
2025-10-14,2520.11,2531.72,2481.94,2488.18,734605309,VNFIN,Tài chính
2025-10-15,2495.92,2532.26,2495.92,2503.4,603403794,VNFIN,Tài chính
2025-10-16,2515.17,2519.37,2483.31,2499.86,464296086,VNFIN,Tài chính
2025-10-17,2505.4,2507.96,2439.89,2449.36,556211482,VNFIN,Tài chính
2025-10-20,2439.93,2453.8,2298.68,2298.68,781891651,VNFIN,Tài chính
2025-10-21,2315.77,2353.6,2261.79,2327.79,750567828,VNFIN,Tài chính
2025-10-22,2353.4,2353.4,2268.61,2335.71,437257079,VNFIN,Tài chính
2025-10-23,2340.65,2355.95,2322.56,2322.56,351076041,VNFIN,Tài chính
2025-10-24,2313.95,2314.37,2266.94,2289.53,502058045,VNFIN,Tài chính
2025-10-27,2305.69,2309.5,2254.32,2254.32,513710785,VNFIN,Tài chính
2025-10-28,2252.33,2306.79,2240.89,2306.79,416279153,VNFIN,Tài chính
2025-10-29,2313.72,2349.04,2307.81,2332.79,444776688,VNFIN,Tài chính
2025-10-30,2340.86,2342.09,2285.15,2294.14,374094897,VNFIN,Tài chính
2025-10-31,2293.41,2307.38,2250.6,2254.64,353886921,VNFIN,Tài chính
2025-11-03,2260.57,2269.39,2194.1,2194.1,477595224,VNFIN,Tài chính
2025-11-04,2194.28,2280.48,2181.43,2272.83,562744089,VNFIN,Tài chính
2025-11-05,2262.78,2273.53,2246.63,2253.41,268892576,VNFIN,Tài chính
2025-11-06,2254.68,2258.42,2217.12,2220.08,258781724,VNFIN,Tài chính
2025-11-07,2216.1,2219.88,2152.2,2156.86,395435225,VNFIN,Tài chính
2025-11-10,2161.68,2185.99,2142.33,2144.27,356134557,VNFIN,Tài chính
2025-11-11,2155.76,2168.37,2131.1,2159.93,313182268,VNFIN,Tài chính
2025-11-12,2170.59,2208.16,2155.98,2207.08,391172931,VNFIN,Tài chính
2025-11-13,2208.39,2210.18,2183.75,2192.64,283560194,VNFIN,Tài chính
2025-11-14,2185.56,2205.36,2176.08,2194.87,296813956,VNFIN,Tài chính
2025-11-17,2202.61,2217.72,2195.21,2217.61,315984689,VNFIN,Tài chính
2025-11-18,2222.97,2230.17,2207.33,2226.94,324737805,VNFIN,Tài chính
2025-11-19,2227.1,2227.1,2197.06,2207.53,366075186,VNFIN,Tài chính
2025-11-20,2212.1,2216.09,2196.2,2208.01,337897661,VNFIN,Tài chính
2025-11-21,2194.65,2202.14,2179.1,2195.13,351511434,VNFIN,Tài chính
2025-11-24,2199.67,2207.7,2188.28,2189.9,240340440,VNFIN,Tài chính
2025-11-25,2191.88,2197.77,2159.18,2163.69,458364350,VNFIN,Tài chính
2025-11-26,2168.56,2203.97,2168.29,2199.15,403645580,VNFIN,Tài chính
2025-11-27,2207.27,2224.18,2199.61,2200.46,335254357,VNFIN,Tài chính
2025-11-28,2201.85,2210.22,2173.05,2187.9,308732032,VNFIN,Tài chính
2025-12-01,2189.42,2192.61,2170.59,2172.22,290756527,VNFIN,Tài chính
2025-12-02,2173.35,2191.58,2157.61,2184.19,324340485,VNFIN,Tài chính
2025-12-03,2192.6,2242.0,2192.15,2234.71,441009841,VNFIN,Tài chính
2025-12-04,2246.16,2267.51,2241.85,2262.51,492784795,VNFIN,Tài chính
2025-12-05,2269.09,2269.09,2225.9,2226.8,311752091,VNFIN,Tài chính
2025-12-08,2225.16,2228.81,2197.48,2201.91,341612807,VNFIN,Tài chính
2025-12-09,2198.2,2198.2,2149.98,2163.19,468108334,VNFIN,Tài chính
2025-12-10,2171.18,2182.68,2164.77,2173.48,280605859,VNFIN,Tài chính
2025-12-11,2177.69,2183.59,2153.14,2155.11,275138875,VNFIN,Tài chính
2025-12-12,2158.06,2160.17,2081.8,2081.8,389276611,VNFIN,Tài chính
2025-12-15,2083.42,2101.41,2069.03,2081.51,310238836,VNFIN,Tài chính
2025-12-16,2084.59,2149.16,2058.07,2145.21,360391807,VNFIN,Tài chính
2025-12-17,2148.01,2152.44,2117.36,2130.59,282922323,VNFIN,Tài chính
2025-12-18,2134.73,2145.66,2120.53,2145.66,308662067,VNFIN,Tài chính
2025-12-19,2149.26,2183.45,2147.74,2164.89,351671013,VNFIN,Tài chính
2025-12-22,2173.41,2221.27,2163.59,2221.27,423700910,VNFIN,Tài chính
2025-12-23,2234.33,2245.65,2200.86,2212.37,421630526,VNFIN,Tài chính
2025-12-24,2216.9,2246.16,2205.93,2242.59,423399076,VNFIN,Tài chính
2025-12-25,2241.14,2261.84,2200.39,2200.39,403399844,VNFIN,Tài chính
2025-12-26,2183.57,2202.56,2143.6,2194.11,529623867,VNFIN,Tài chính
2025-12-29,2201.73,2207.81,2189.03,2200.84,312578230,VNFIN,Tài chính
2025-12-30,2203.97,2219.34,2197.34,2217.78,319618394,VNFIN,Tài chính
2025-12-31,2219.37,2225.87,2191.04,2222.96,351932491,VNFIN,Tài chính
2026-01-05,2219.82,2224.98,2159.78,2188.41,420346079,VNFIN,Tài chính
2026-01-06,2188.72,2224.14,2163.26,2221.8,468804100,VNFIN,Tài chính
2026-01-07,2231.25,2248.94,2223.71,2245.63,507995777,VNFIN,Tài chính
2026-01-08,2252.16,2279.77,2240.51,2252.66,670254402,VNFIN,Tài chính
2026-01-09,2267.18,2286.76,2237.75,2245.58,608004059,VNFIN,Tài chính
2026-01-12,2257.1,2337.32,2253.58,2337.32,720163216,VNFIN,Tài chính
2026-01-13,2354.8,2364.36,2324.71,2336.4,724489336,VNFIN,Tài chính
2026-01-14,2338.55,2358.08,2289.94,2316.11,696514834,VNFIN,Tài chính
2026-01-15,2305.07,2319.52,2278.09,2318.52,609430500,VNFIN,Tài chính
2026-01-16,2335.6,2340.0,2309.69,2311.34,443173321,VNFIN,Tài chính
2026-01-19,2316.17,2333.14,2308.84,2330.27,683697806,VNFIN,Tài chính
2026-01-20,2345.9,2357.99,2307.15,2328.4,499037697,VNFIN,Tài chính
2026-01-21,2314.24,2345.19,2292.99,2318.21,616347393,VNFIN,Tài chính
2026-01-22,2330.24,2361.82,2318.46,2328.66,460042562,VNFIN,Tài chính
2026-01-23,2336.67,2337.31,2311.43,2315.48,406730642,VNFIN,Tài chính
2026-01-26,2316.26,2321.76,2256.09,2265.78,539255998,VNFIN,Tài chính
2026-01-27,2266.47,2274.69,2253.84,2270.71,326376487,VNFIN,Tài chính
2026-01-28,2271.38,2287.8,2247.76,2257.63,508803140,VNFIN,Tài chính
2026-01-29,2269.48,2278.12,2244.83,2253.31,270475483,VNFIN,Tài chính
2026-01-30,2259.24,2283.87,2249.82,2279.11,347558940,VNFIN,Tài chính
2026-02-02,2270.23,2273.9,2234.94,2263.12,393289887,VNFIN,Tài chính
2026-02-03,2279.06,2283.75,2264.22,2265.41,424255300,VNFIN,Tài chính
2026-02-04,2271.31,2279.65,2261.19,2273.01,393373550,VNFIN,Tài chính
2026-02-05,2280.47,2283.37,2239.03,2239.03,282941269,VNFIN,Tài chính
2026-02-06,2228.7,2229.02,2193.29,2201.86,539337151,VNFIN,Tài chính
2026-02-09,2217.66,2222.73,2197.13,2198.02,374281242,VNFIN,Tài chính
2026-02-10,2203.09,2217.37,2174.0,2190.52,468139384,VNFIN,Tài chính
2026-02-11,2200.61,2267.71,2199.38,2257.92,703410872,VNFIN,Tài chính
2026-02-12,2268.73,2271.59,2247.29,2254.56,245215444,VNFIN,Tài chính
2026-02-13,2252.91,2271.85,2247.44,2271.43,270653743,VNFIN,Tài chính
2026-02-23,2282.1,2297.32,2277.91,2296.89,347946412,VNFIN,Tài chính
2026-02-24,2296.31,2307.9,2288.94,2302.01,429879377,VNFIN,Tài chính
2026-02-25,2307.98,2345.63,2300.58,2320.34,518206399,VNFIN,Tài chính
2026-02-26,2326.86,2336.54,2307.4,2329.95,344624313,VNFIN,Tài chính
2026-02-27,2331.03,2331.98,2311.42,2315.68,352118707,VNFIN,Tài chính
2026-03-02,2308.71,2308.71,2257.81,2257.81,685912296,VNFIN,Tài chính
2026-03-03,2262.53,2291.35,2230.85,2237.21,517698632,VNFIN,Tài chính
2026-03-04,2233.74,2246.43,2177.97,2231.69,653861212,VNFIN,Tài chính
2026-03-05,2258.94,2263.3,2217.23,2217.23,529504076,VNFIN,Tài chính
2026-03-06,2215.6,2219.3,2182.64,2185.13,460184790,VNFIN,Tài chính
2026-03-09,2169.16,2169.16,2035.16,2044.45,688997360,VNFIN,Tài chính
2026-03-10,2071.93,2133.66,2071.93,2113.21,748361048,VNFIN,Tài chính
2026-03-11,2113.54,2177.49,2104.52,2164.7,449702384,VNFIN,Tài chính
2026-03-12,2138.87,2156.13,2118.51,2130.71,442713079,VNFIN,Tài chính
2026-03-13,2113.8,2142.58,2103.29,2126.73,427829187,VNFIN,Tài chính
2026-03-16,2129.05,2139.01,2118.84,2130.36,366735348,VNFIN,Tài chính
2026-03-17,2148.25,2182.77,2148.25,2156.25,383111602,VNFIN,Tài chính
2026-03-18,2167.64,2186.41,2125.14,2139.57,403848443,VNFIN,Tài chính
2026-03-19,2119.88,2129.45,2098.79,2125.24,428178923,VNFIN,Tài chính
2026-03-20,2118.43,2120.05,2074.87,2087.07,356581016,VNFIN,Tài chính
2026-03-23,2067.17,2067.17,2016.11,2019.28,539181532,VNFIN,Tài chính
2026-03-24,2057.31,2085.92,2050.38,2067.25,321529503,VNFIN,Tài chính
2026-03-25,2088.99,2116.49,2087.64,2116.49,398706707,VNFIN,Tài chính
2026-03-26,2118.23,2118.23,2090.71,2097.21,375084431,VNFIN,Tài chính
2026-03-27,2093.0,2129.24,2090.4,2125.61,392375802,VNFIN,Tài chính
2026-03-30,2093.19,2129.58,2078.48,2114.71,339361159,VNFIN,Tài chính
2026-03-31,2120.68,2146.55,2120.4,2137.84,474688474,VNFIN,Tài chính
2026-04-01,2171.43,2176.3,2150.17,2153.21,435216459,VNFIN,Tài chính
2026-04-02,2141.86,2141.86,2111.73,2124.28,421047533,VNFIN,Tài chính
2026-04-03,2127.41,2137.52,2102.58,2111.18,356739869,VNFIN,Tài chính
2026-04-06,2111.88,2125.19,2099.12,2110.64,307016689,VNFIN,Tài chính
2026-04-07,2120.3,2130.4,2108.32,2128.87,290607933,VNFIN,Tài chính
2026-04-08,2178.01,2230.05,2178.01,2225.81,630098045,VNFIN,Tài chính
2026-04-09,2215.84,2235.57,2204.71,2212.29,405336961,VNFIN,Tài chính
2026-04-10,2231.92,2256.39,2229.66,2236.4,525946155,VNFIN,Tài chính
2026-04-13,2216.07,2237.4,2210.94,2218.69,443872352,VNFIN,Tài chính
2026-04-14,2242.7,2252.93,2224.86,2226.7,412978759,VNFIN,Tài chính
2026-04-15,2244.18,2246.28,2214.21,2219.06,454781322,VNFIN,Tài chính
2026-04-16,2218.5,2219.97,2204.32,2208.28,538547126,VNFIN,Tài chính
2026-04-17,2216.36,2230.35,2208.08,2210.59,360698918,VNFIN,Tài chính
2026-04-20,2218.81,2239.94,2215.72,2221.47,373493036,VNFIN,Tài chính
2026-04-21,2238.62,2245.38,2221.54,2221.54,375080167,VNFIN,Tài chính
2026-04-22,2229.0,2234.85,2213.45,2217.46,276864928,VNFIN,Tài chính
2026-04-23,2220.05,2251.97,2203.57,2213.51,508944916,VNFIN,Tài chính
2026-04-24,2217.91,2218.54,2201.62,2209.18,308938629,VNFIN,Tài chính
2026-04-28,2214.95,2224.31,2203.22,2204.88,252473329,VNFIN,Tài chính
2026-04-29,2199.04,2203.48,2191.53,2201.15,275974904,VNFIN,Tài chính
2026-05-04,2208.94,2217.92,2187.97,2196.46,257059331,VNFIN,Tài chính
2026-05-05,2194.71,2195.1,2170.72,2194.02,313469012,VNFIN,Tài chính
2026-05-06,2203.11,2238.63,2201.06,2234.87,392854616,VNFIN,Tài chính
2026-05-07,2242.54,2273.39,2237.7,2261.29,406195610,VNFIN,Tài chính
2026-05-08,2263.45,2280.76,2256.75,2270.59,478314606,VNFIN,Tài chính
2026-05-11,2272.83,2285.85,2259.69,2265.15,418173648,VNFIN,Tài chính
2026-05-12,2266.49,2283.94,2256.89,2283.94,309140397,VNFIN,Tài chính
2026-05-13,2303.43,2303.43,2267.22,2272.87,471043629,VNFIN,Tài chính
2026-05-14,2263.55,2285.1,2263.38,2280.41,325116427,VNFIN,Tài chính
2026-05-15,2283.84,2289.73,2259.95,2264.1,299538833,VNFIN,Tài chính
2026-05-18,2257.35,2273.38,2246.98,2270.08,343372262,VNFIN,Tài chính
2026-05-19,2272.84,2273.92,2242.29,2243.8,506525874,VNFIN,Tài chính
2026-05-20,2235.91,2242.62,2174.33,2224.23,559328254,VNFIN,Tài chính
2026-05-21,2234.86,2246.05,2223.33,2230.98,341598571,VNFIN,Tài chính
2026-05-22,2231.98,2236.54,2206.62,2227.11,505273219,VNFIN,Tài chính
2026-05-25,2230.66,2256.05,2230.66,2243.51,397817700,VNFIN,Tài chính
2026-05-26,2248.09,2278.07,2243.74,2273.55,400324841,VNFIN,Tài chính
2026-05-27,2278.7,2295.11,2270.28,2286.33,484928858,VNFIN,Tài chính
2026-05-28,2285.07,2292.16,2241.65,2241.65,376429487,VNFIN,Tài chính
2026-05-29,2238.57,2252.26,2231.51,2231.51,376627655,VNFIN,Tài chính
2026-06-01,2233.01,2239.99,2219.35,2222.5,270115178,VNFIN,Tài chính
2026-06-02,2223.57,2224.38,2189.78,2192.93,362416995,VNFIN,Tài chính
2026-06-03,2189.62,2225.21,2189.42,2197.34,392507841,VNFIN,Tài chính
2026-06-04,2198.82,2210.65,2187.07,2208.04,307575927,VNFIN,Tài chính
2026-06-05,2212.1,2214.59,2194.57,2201.18,286733762,VNFIN,Tài chính
2026-06-08,2188.47,2189.85,2158.93,2161.32,382282284,VNFIN,Tài chính
2026-06-09,2166.49,2196.4,2162.77,2186.63,302289402,VNFIN,Tài chính
2026-06-10,2188.42,2204.46,2185.98,2189.59,276190011,VNFIN,Tài chính
2026-06-11,2181.61,2190.55,2175.49,2183.56,211299224,VNFIN,Tài chính
2026-06-12,2204.55,2208.73,2185.31,2188.66,395096359,VNFIN,Tài chính
2026-06-15,2205.82,2216.11,2198.78,2210.59,427606077,VNFIN,Tài chính
2026-06-16,2219.3,2220.61,2210.23,2213.35,349901798,VNFIN,Tài chính
2026-06-17,2213.2,2231.95,2204.77,2221.47,474108457,VNFIN,Tài chính
2026-06-18,2224.03,2225.99,2211.91,2213.2,325687399,VNFIN,Tài chính
2026-06-19,2212.57,2215.8,2199.95,2208.1,300274615,VNFIN,Tài chính
2026-06-22,2215.61,2219.73,2202.8,2209.24,237704633,VNFIN,Tài chính
2026-06-23,2221.16,2282.2,2217.71,2239.09,590223719,VNFIN,Tài chính
2026-06-24,2259.62,2267.81,2244.03,2252.31,332588480,VNFIN,Tài chính
2026-06-25,2257.9,2275.45,2257.26,2259.84,264826578,VNFIN,Tài chính
2026-06-26,2260.22,2261.55,2240.24,2256.08,288597876,VNFIN,Tài chính
2026-06-29,2260.02,2289.08,2258.46,2285.07,339029678,VNFIN,Tài chính
2026-06-30,2286.85,2293.9,2275.13,2276.94,364907175,VNFIN,Tài chính
2026-07-01,2278.8,2308.65,2278.8,2301.83,376363725,VNFIN,Tài chính
2026-07-02,2310.12,2314.21,2286.14,2289.14,314170705,VNFIN,Tài chính
2026-07-03,2295.47,2295.47,2270.37,2284.19,339179155,VNFIN,Tài chính
2026-07-06,2288.42,2293.9,2243.87,2259.48,393946653,VNFIN,Tài chính
2026-07-07,2261.86,2290.85,2260.69,2290.85,286707535,VNFIN,Tài chính
2026-07-08,2292.98,2305.54,2286.12,2291.76,320395421,VNFIN,Tài chính
2026-07-09,2276.39,2280.87,2261.29,2261.81,300559066,VNFIN,Tài chính
2026-07-10,2261.0,2269.6,2240.06,2240.06,293734554,VNFIN,Tài chính
2026-07-13,2234.87,2234.89,2172.77,2196.52,480475624,VNFIN,Tài chính
2026-07-14,2187.89,2210.81,2172.77,2210.76,291047628,VNFIN,Tài chính
2026-07-15,2211.99,2213.11,2178.84,2181.53,309342367,VNFIN,Tài chính
2026-07-16,2173.72,2213.8,2157.3,2210.12,435791708,VNFIN,Tài chính
2026-07-17,2210.14,2214.21,2195.77,2204.14,227490498,VNFIN,Tài chính
2026-07-20,2193.25,2198.46,2129.72,2141.35,438215679,VNFIN,Tài chính
2026-07-21,2135.32,2163.34,2134.78,2145.17,462283331,VNFIN,Tài chính
2026-07-22,2151.87,2165.37,2094.3,2099.71,492813764,VNFIN,Tài chính
2026-07-23,2096.42,2128.29,2060.55,2112.37,495191075,VNFIN,Tài chính
2026-07-24,2102.16,2105.0,2082.31,2095.55,246774203,VNFIN,Tài chính
2026-07-27,2106.01,2126.87,2061.24,2069.13,291293580,VNFIN,Tài chính
2026-07-28,2054.53,2094.63,2049.47,2084.47,397642665,VNFIN,Tài chính
2026-07-29,2081.77,2084.73,2062.68,2076.91,257652783,VNFIN,Tài chính
2026-07-30,2078.06,2128.07,2072.13,2116.98,468410377,VNFIN,Tài chính
2026-07-31,2126.24,2143.09,2065.99,2099.43,377212268,VNFIN,Tài chính
2026-08-03,2113.99,2161.49,2113.21,2153.95,376742171,VNFIN,Tài chính
