time,open,high,low,close,volume,symbol,name
2018-08-06,1117.45,1133.14,1114.0,1125.7,579340,VNHEAL,Y tế
2018-08-07,1118.18,1125.83,1118.18,1123.83,433840,VNHEAL,Y tế
2018-08-08,1129.1,1129.1,1115.59,1118.65,487670,VNHEAL,Y tế
2018-08-09,1121.98,1124.88,1106.63,1109.39,465380,VNHEAL,Y tế
2018-08-10,1108.34,1122.46,1105.7,1122.46,573200,VNHEAL,Y tế
2018-08-13,1122.15,1144.67,1116.76,1144.2,474600,VNHEAL,Y tế
2018-08-14,1144.07,1149.79,1131.98,1139.52,322030,VNHEAL,Y tế
2018-08-15,1144.07,1139.78,1114.76,1130.09,209740,VNHEAL,Y tế
2018-08-16,1144.07,1128.01,1113.09,1121.12,252510,VNHEAL,Y tế
2018-08-17,1144.07,1126.64,1095.86,1105.56,733980,VNHEAL,Y tế
2018-08-20,1144.07,1102.02,1084.12,1085.12,559110,VNHEAL,Y tế
2018-08-21,1144.07,1085.0,1059.47,1077.73,801190,VNHEAL,Y tế
2018-08-22,1144.07,1095.57,1069.66,1095.57,505240,VNHEAL,Y tế
2018-08-23,1144.07,1096.21,1076.81,1077.86,476700,VNHEAL,Y tế
2018-08-24,1144.07,1079.98,1071.17,1079.02,322420,VNHEAL,Y tế
2018-08-27,1144.07,1078.77,1060.39,1065.99,629380,VNHEAL,Y tế
2018-08-28,1144.07,1064.18,1056.02,1062.31,496110,VNHEAL,Y tế
2018-08-29,1144.07,1066.37,1052.85,1057.18,578270,VNHEAL,Y tế
2018-08-30,1054.11,1064.51,1054.11,1060.07,668420,VNHEAL,Y tế
2018-08-31,1054.11,1068.52,1060.95,1067.88,486190,VNHEAL,Y tế
2018-09-04,1054.11,1072.4,1059.7,1063.9,648690,VNHEAL,Y tế
2018-09-05,1054.11,1068.79,1052.31,1052.31,452200,VNHEAL,Y tế
2018-09-06,1054.11,1063.65,1049.74,1060.75,444950,VNHEAL,Y tế
2018-09-07,1054.11,1061.12,1056.09,1059.91,1592250,VNHEAL,Y tế
2018-09-10,1054.11,1059.4,1052.96,1055.92,1532540,VNHEAL,Y tế
2018-09-11,1054.11,1061.0,1055.12,1060.44,572020,VNHEAL,Y tế
2018-09-12,1054.11,1072.76,1059.9,1061.03,460790,VNHEAL,Y tế
2018-09-13,1054.11,1070.0,1053.21,1065.84,657520,VNHEAL,Y tế
2018-09-14,1054.11,1074.0,1061.77,1061.77,730310,VNHEAL,Y tế
2018-09-17,1054.11,1070.17,1059.45,1069.96,414430,VNHEAL,Y tế
2018-09-18,1054.11,1070.97,1061.67,1069.83,562010,VNHEAL,Y tế
2018-09-19,1054.11,1085.75,1077.92,1079.66,786060,VNHEAL,Y tế
2018-09-20,1054.11,1087.33,1076.03,1087.33,750520,VNHEAL,Y tế
2018-09-21,1054.11,1094.86,1070.17,1087.1,816400,VNHEAL,Y tế
2018-09-24,1054.11,1087.82,1081.62,1084.14,498340,VNHEAL,Y tế
2018-09-25,1054.11,1096.58,1085.38,1096.47,550750,VNHEAL,Y tế
2018-09-26,1054.11,1111.47,1094.44,1111.47,809410,VNHEAL,Y tế
2018-09-27,1054.11,1127.9,1107.98,1127.9,1065790,VNHEAL,Y tế
2018-09-28,1054.11,1128.66,1109.53,1115.79,1157040,VNHEAL,Y tế
2018-10-01,1054.11,1118.67,1098.59,1118.67,1014260,VNHEAL,Y tế
2018-10-02,1054.11,1119.88,1104.06,1104.06,666370,VNHEAL,Y tế
2018-10-03,1054.11,1106.04,1098.62,1103.34,537660,VNHEAL,Y tế
2018-10-04,1054.11,1103.72,1085.86,1085.86,417220,VNHEAL,Y tế
2018-10-05,1054.11,1092.02,1078.88,1083.34,404990,VNHEAL,Y tế
2018-10-08,1054.11,1087.1,1077.77,1079.61,344820,VNHEAL,Y tế
2018-10-09,1054.11,1078.57,1065.81,1069.59,717420,VNHEAL,Y tế
2018-10-10,1054.11,1077.44,1068.78,1069.8,355630,VNHEAL,Y tế
2018-10-11,1054.11,1064.33,1037.39,1043.96,711240,VNHEAL,Y tế
2018-10-12,1054.11,1063.61,1025.31,1062.85,383800,VNHEAL,Y tế
2018-10-15,1054.11,1068.28,1054.17,1061.41,285610,VNHEAL,Y tế
2018-10-16,1058.43,1062.78,1055.29,1059.81,159220,VNHEAL,Y tế
2018-10-17,1059.81,1064.34,1051.95,1058.99,222990,VNHEAL,Y tế
2018-10-18,1060.08,1060.08,1053.37,1053.37,142540,VNHEAL,Y tế
2018-10-19,1047.66,1052.76,1038.65,1038.65,219470,VNHEAL,Y tế
2018-10-22,1035.95,1045.96,1033.21,1035.15,198700,VNHEAL,Y tế
2018-10-23,1039.77,1040.46,1020.81,1030.42,156280,VNHEAL,Y tế
2018-10-24,1030.71,1038.05,1022.07,1024.12,192610,VNHEAL,Y tế
2018-10-25,1015.14,1024.27,995.23,1017.86,258000,VNHEAL,Y tế
2018-10-26,1024.43,1026.04,1009.99,1016.21,262580,VNHEAL,Y tế
2018-10-29,1018.41,1018.86,988.36,1010.2,214820,VNHEAL,Y tế
2018-10-30,1013.0,1015.45,996.81,1010.59,330740,VNHEAL,Y tế
2018-10-31,1013.54,1020.94,1008.2,1020.42,1371640,VNHEAL,Y tế
2018-11-01,1013.54,1029.61,1008.2,1024.91,851430,VNHEAL,Y tế
2018-11-02,1013.54,1029.61,1008.2,1012.05,2043950,VNHEAL,Y tế
2018-11-05,1005.17,1010.61,1001.69,1007.46,1228020,VNHEAL,Y tế
2018-11-06,1006.14,1024.47,1006.14,1023.15,691950,VNHEAL,Y tế
2018-11-07,1023.89,1023.89,1004.42,1009.64,1058930,VNHEAL,Y tế
2018-11-08,1005.73,1017.27,1005.73,1017.27,795170,VNHEAL,Y tế
2018-11-09,1015.18,1015.18,1003.89,1014.48,653740,VNHEAL,Y tế
2018-11-12,1012.2,1012.65,1001.39,1004.52,167380,VNHEAL,Y tế
2018-11-13,997.39,997.55,984.18,992.71,553550,VNHEAL,Y tế
2018-11-14,997.07,1000.87,987.76,987.76,417990,VNHEAL,Y tế
2018-11-15,987.76,996.32,984.76,989.36,311460,VNHEAL,Y tế
2018-11-16,995.7,1001.04,988.5,1000.15,404270,VNHEAL,Y tế
2018-11-19,998.9,1003.86,996.57,1001.11,296560,VNHEAL,Y tế
2018-11-20,999.99,1009.66,995.35,1009.66,806640,VNHEAL,Y tế
2018-11-21,1006.6,1011.11,996.53,1008.5,1568320,VNHEAL,Y tế
2018-11-22,1008.56,1014.55,1007.23,1011.5,773260,VNHEAL,Y tế
2018-11-23,1011.8,1011.8,999.42,1003.25,422300,VNHEAL,Y tế
2018-11-26,1006.72,1007.75,993.0,1000.26,293390,VNHEAL,Y tế
2018-11-27,1000.11,1006.13,994.41,997.23,644460,VNHEAL,Y tế
2018-11-28,1005.73,1006.12,996.14,996.14,657410,VNHEAL,Y tế
2018-11-29,1000.02,1004.67,991.64,1004.67,389050,VNHEAL,Y tế
2018-11-30,999.41,1011.27,999.41,1009.22,483030,VNHEAL,Y tế
2018-12-03,1006.95,1027.88,1006.95,1026.24,464910,VNHEAL,Y tế
2018-12-04,1030.49,1032.94,1013.43,1027.78,608310,VNHEAL,Y tế
2018-12-05,1025.08,1027.92,1008.4,1012.06,368510,VNHEAL,Y tế
2018-12-06,1012.64,1021.34,1007.21,1021.34,813120,VNHEAL,Y tế
2018-12-07,1021.34,1029.99,1013.25,1029.99,492060,VNHEAL,Y tế
2018-12-10,1026.41,1029.98,1015.22,1017.18,278870,VNHEAL,Y tế
2018-12-11,1013.13,1016.85,1006.99,1013.37,312920,VNHEAL,Y tế
2018-12-12,1013.22,1019.65,1012.65,1019.65,263540,VNHEAL,Y tế
2018-12-13,1019.65,1020.31,1014.11,1018.87,584620,VNHEAL,Y tế
2018-12-14,1018.87,1023.58,1008.9,1018.58,237220,VNHEAL,Y tế
2018-12-17,1016.85,1019.88,1004.58,1015.45,378430,VNHEAL,Y tế
2018-12-18,1014.26,1014.26,999.12,1007.48,497680,VNHEAL,Y tế
2018-12-19,1007.48,1011.32,988.88,1005.32,336900,VNHEAL,Y tế
2018-12-20,1002.62,1007.37,994.23,1004.66,271420,VNHEAL,Y tế
2018-12-21,1000.72,1004.0,988.93,1004.0,212440,VNHEAL,Y tế
2018-12-24,1000.72,1004.0,986.43,993.23,179110,VNHEAL,Y tế
2018-12-25,1000.72,1004.0,949.65,984.1,436550,VNHEAL,Y tế
2018-12-26,1000.72,1004.0,949.65,980.97,227440,VNHEAL,Y tế
2018-12-27,1000.72,1004.0,949.65,994.91,376610,VNHEAL,Y tế
2018-12-28,1000.72,1010.95,971.33,1010.95,479990,VNHEAL,Y tế
2019-01-02,1000.72,1011.28,971.33,981.55,243100,VNHEAL,Y tế
2019-01-03,983.48,983.48,948.98,968.39,432120,VNHEAL,Y tế
2019-01-04,964.83,967.13,949.36,958.4,361410,VNHEAL,Y tế
2019-01-07,958.84,965.6,933.54,952.86,431250,VNHEAL,Y tế
2019-01-08,957.36,964.9,933.26,952.19,205410,VNHEAL,Y tế
2019-01-09,952.19,963.5,936.21,963.5,281460,VNHEAL,Y tế
2019-01-10,961.57,968.69,942.87,945.99,271570,VNHEAL,Y tế
2019-01-11,950.72,958.22,939.47,952.08,389390,VNHEAL,Y tế
2019-01-14,952.8,961.28,946.03,955.3,472080,VNHEAL,Y tế
2019-01-15,956.75,956.75,941.92,946.48,280860,VNHEAL,Y tế
2019-01-16,947.38,956.13,940.57,954.46,222210,VNHEAL,Y tế
2019-01-17,947.26,963.15,947.26,950.55,392470,VNHEAL,Y tế
2019-01-18,960.56,964.31,952.47,957.18,153230,VNHEAL,Y tế
2019-01-21,957.91,961.67,945.11,949.57,143360,VNHEAL,Y tế
2019-01-22,943.72,958.51,940.62,953.95,269330,VNHEAL,Y tế
2019-01-23,953.95,975.26,947.24,951.97,289730,VNHEAL,Y tế
2019-01-24,949.43,951.33,945.17,945.17,111540,VNHEAL,Y tế
2019-01-25,945.05,950.59,943.9,946.46,130340,VNHEAL,Y tế
2019-01-28,948.44,952.08,940.94,945.03,352190,VNHEAL,Y tế
2019-01-29,948.51,951.8,942.0,950.2,120330,VNHEAL,Y tế
2019-01-30,952.65,956.79,943.16,943.16,167980,VNHEAL,Y tế
2019-01-31,944.82,957.98,941.41,955.58,357750,VNHEAL,Y tế
2019-02-01,955.87,962.28,950.47,962.28,468070,VNHEAL,Y tế
2019-02-11,962.93,981.47,961.63,968.39,112180,VNHEAL,Y tế
2019-02-12,971.55,977.97,961.23,973.46,335170,VNHEAL,Y tế
2019-02-13,973.98,979.14,970.81,978.83,320180,VNHEAL,Y tế
2019-02-14,984.4,996.31,979.3,996.31,432180,VNHEAL,Y tế
2019-02-15,992.12,1013.76,983.65,1013.76,643230,VNHEAL,Y tế
2019-02-18,1006.19,1040.83,1002.42,1040.83,1292430,VNHEAL,Y tế
2019-02-19,1030.69,1041.38,1025.45,1041.38,1002200,VNHEAL,Y tế
2019-02-20,1028.45,1031.07,1020.78,1025.06,635020,VNHEAL,Y tế
2019-02-21,1018.77,1037.43,1013.53,1034.51,774290,VNHEAL,Y tế
2019-02-22,1027.86,1056.81,1027.56,1056.33,825320,VNHEAL,Y tế
2019-02-25,1061.98,1096.07,1058.83,1092.16,1566030,VNHEAL,Y tế
2019-02-26,1093.91,1121.15,1093.91,1113.69,795150,VNHEAL,Y tế
2019-02-27,1116.1,1139.02,1116.1,1139.02,1122210,VNHEAL,Y tế
2019-02-28,1139.19,1159.72,1130.43,1159.72,1397670,VNHEAL,Y tế
2019-03-01,1146.62,1173.17,1146.27,1171.65,1324050,VNHEAL,Y tế
2019-03-04,1171.99,1179.05,1169.49,1172.63,851560,VNHEAL,Y tế
2019-03-05,1179.2,1187.99,1174.48,1179.1,968360,VNHEAL,Y tế
2019-03-06,1181.72,1203.48,1180.21,1198.86,1839210,VNHEAL,Y tế
2019-03-07,1204.16,1216.68,1203.49,1205.09,836810,VNHEAL,Y tế
2019-03-08,1206.14,1208.66,1189.66,1198.95,1488100,VNHEAL,Y tế
2019-03-11,1195.23,1203.24,1188.87,1202.02,1273130,VNHEAL,Y tế
2019-03-12,1202.1,1206.76,1188.64,1205.55,1074590,VNHEAL,Y tế
2019-03-13,1199.95,1206.37,1182.75,1201.29,1053660,VNHEAL,Y tế
2019-03-14,1201.46,1207.1,1192.51,1204.1,2649650,VNHEAL,Y tế
2019-03-15,1200.75,1208.55,1188.13,1206.45,3155360,VNHEAL,Y tế
2019-03-18,1207.09,1210.13,1198.61,1198.61,1796950,VNHEAL,Y tế
2019-03-19,1195.45,1196.23,1187.59,1191.36,1195550,VNHEAL,Y tế
2019-03-20,1177.06,1195.1,1177.06,1193.38,932430,VNHEAL,Y tế
2019-03-21,1199.99,1202.16,1185.46,1185.46,785590,VNHEAL,Y tế
2019-03-22,1185.33,1190.46,1172.96,1190.46,574940,VNHEAL,Y tế
2019-03-25,1190.46,1190.46,1164.42,1175.11,648000,VNHEAL,Y tế
2019-03-26,1172.54,1181.12,1153.15,1153.15,552780,VNHEAL,Y tế
2019-03-27,1169.66,1178.26,1165.75,1177.17,382140,VNHEAL,Y tế
2019-03-28,1180.42,1199.98,1180.42,1189.77,824030,VNHEAL,Y tế
2019-03-29,1189.67,1202.87,1186.28,1194.21,501180,VNHEAL,Y tế
2019-04-01,1191.34,1194.08,1184.88,1184.88,611510,VNHEAL,Y tế
2019-04-02,1184.28,1190.46,1181.38,1188.2,610670,VNHEAL,Y tế
2019-04-03,1189.25,1194.99,1185.29,1188.56,729820,VNHEAL,Y tế
2019-04-04,1186.99,1204.21,1186.99,1200.02,464930,VNHEAL,Y tế
2019-04-05,1201.74,1203.11,1185.35,1192.94,362570,VNHEAL,Y tế
2019-04-08,1190.26,1194.37,1180.56,1192.33,821250,VNHEAL,Y tế
2019-04-09,1194.75,1197.22,1188.14,1191.68,424130,VNHEAL,Y tế
2019-04-10,1190.55,1200.53,1190.55,1192.87,545870,VNHEAL,Y tế
2019-04-11,1194.59,1201.1,1168.2,1187.75,577510,VNHEAL,Y tế
2019-04-12,1185.87,1190.52,1179.2,1190.52,258360,VNHEAL,Y tế
2019-04-16,1182.82,1184.1,1166.15,1183.5,337600,VNHEAL,Y tế
2019-04-17,1175.85,1184.19,1168.77,1179.77,389200,VNHEAL,Y tế
2019-04-18,1179.87,1181.11,1157.06,1157.06,459050,VNHEAL,Y tế
2019-04-19,1162.88,1164.96,1137.36,1164.96,393430,VNHEAL,Y tế
2019-04-22,1150.57,1196.5,1150.57,1160.73,445290,VNHEAL,Y tế
2019-04-23,1160.73,1172.03,1146.51,1163.56,687540,VNHEAL,Y tế
2019-04-24,1162.74,1166.99,1153.34,1160.64,338230,VNHEAL,Y tế
2019-04-25,1156.97,1167.23,1148.22,1164.18,267450,VNHEAL,Y tế
2019-04-26,1166.21,1176.6,1159.95,1176.6,223300,VNHEAL,Y tế
2019-05-02,1169.23,1188.23,1162.79,1188.23,715000,VNHEAL,Y tế
2019-05-03,1184.04,1187.09,1175.65,1177.21,220580,VNHEAL,Y tế
2019-05-06,1176.87,1181.43,1170.72,1181.06,204420,VNHEAL,Y tế
2019-05-07,1178.59,1180.83,1168.19,1171.49,229990,VNHEAL,Y tế
2019-05-08,1166.77,1181.48,1160.14,1160.88,238090,VNHEAL,Y tế
2019-05-09,1154.18,1179.87,1154.18,1172.59,250930,VNHEAL,Y tế
2019-05-10,1171.9,1179.47,1159.37,1176.66,182580,VNHEAL,Y tế
2019-05-13,1177.11,1183.48,1171.63,1174.42,103280,VNHEAL,Y tế
2019-05-14,1165.03,1173.84,1159.4,1167.08,142200,VNHEAL,Y tế
2019-05-15,1161.37,1164.8,1153.87,1158.06,318170,VNHEAL,Y tế
2019-05-16,1140.99,1167.71,1140.99,1157.63,297380,VNHEAL,Y tế
2019-05-17,1161.65,1161.65,1150.79,1150.79,225140,VNHEAL,Y tế
2019-05-20,1151.63,1152.74,1140.66,1144.82,269320,VNHEAL,Y tế
2019-05-21,1150.07,1156.55,1137.97,1149.1,349620,VNHEAL,Y tế
2019-05-22,1146.42,1153.33,1143.27,1150.27,319850,VNHEAL,Y tế
2019-05-23,1155.07,1157.75,1130.06,1135.59,229500,VNHEAL,Y tế
2019-05-24,1135.22,1150.71,1129.8,1150.31,216580,VNHEAL,Y tế
2019-05-27,1155.03,1156.34,1149.06,1152.13,152190,VNHEAL,Y tế
2019-05-28,1145.24,1153.6,1136.16,1153.05,418460,VNHEAL,Y tế
2019-05-29,1138.2,1152.18,1138.2,1144.87,580420,VNHEAL,Y tế
2019-05-30,1144.8,1154.36,1140.98,1150.07,255360,VNHEAL,Y tế
2019-05-31,1149.89,1162.09,1142.2,1155.27,280430,VNHEAL,Y tế
2019-06-03,1151.81,1157.86,1136.26,1136.26,359070,VNHEAL,Y tế
2019-06-04,1136.72,1149.94,1132.72,1143.22,248270,VNHEAL,Y tế
2019-06-05,1143.38,1152.88,1136.04,1152.88,217030,VNHEAL,Y tế
2019-06-06,1152.26,1156.59,1139.11,1153.78,112520,VNHEAL,Y tế
2019-06-07,1145.2,1161.62,1145.09,1153.75,198290,VNHEAL,Y tế
2019-06-10,1153.75,1153.93,1134.87,1143.62,190250,VNHEAL,Y tế
2019-06-11,1143.62,1144.67,1136.85,1136.85,137770,VNHEAL,Y tế
2019-06-12,1132.13,1134.78,1123.28,1123.28,195530,VNHEAL,Y tế
2019-06-13,1119.3,1121.72,1109.66,1109.96,256270,VNHEAL,Y tế
2019-06-14,1093.19,1110.03,1092.85,1098.61,305160,VNHEAL,Y tế
2019-06-17,1098.66,1106.12,1082.65,1085.58,106410,VNHEAL,Y tế
2019-06-18,1087.91,1095.08,1057.85,1070.32,144850,VNHEAL,Y tế
2019-06-19,1071.62,1096.21,1068.71,1071.68,244750,VNHEAL,Y tế
2019-06-20,1071.62,1096.21,1068.71,1071.68,244750,VNHEAL,Y tế
2019-06-21,1071.62,1096.21,1068.71,1071.68,244750,VNHEAL,Y tế
2019-06-24,1063.82,1089.31,1084.59,1089.08,313010,VNHEAL,Y tế
2019-06-25,1063.82,1091.99,1087.37,1088.92,206600,VNHEAL,Y tế
2019-06-26,1063.82,1097.99,1093.03,1093.46,209220,VNHEAL,Y tế
2019-06-27,1063.82,1111.49,1099.89,1103.95,414950,VNHEAL,Y tế
2019-06-28,1063.82,1119.66,1061.54,1119.66,160020,VNHEAL,Y tế
2019-07-01,1063.82,1127.8,1104.62,1104.62,423050,VNHEAL,Y tế
2019-07-02,1121.17,1129.28,1106.12,1113.64,359750,VNHEAL,Y tế
2019-07-03,1113.64,1120.43,1102.78,1107.62,142950,VNHEAL,Y tế
2019-07-04,1107.62,1118.17,1093.71,1117.18,85240,VNHEAL,Y tế
2019-07-05,1116.84,1118.02,1100.75,1102.03,127310,VNHEAL,Y tế
2019-07-08,1111.3,1111.47,1096.47,1097.98,161660,VNHEAL,Y tế
2019-07-09,1095.98,1102.73,1089.36,1098.86,197900,VNHEAL,Y tế
2019-07-10,1090.8,1106.33,1090.8,1101.09,123730,VNHEAL,Y tế
2019-07-11,1107.15,1126.83,1101.63,1101.63,235240,VNHEAL,Y tế
2019-07-12,1110.55,1112.6,1089.8,1100.29,162890,VNHEAL,Y tế
2019-07-15,1110.55,1097.53,1087.33,1095.05,133830,VNHEAL,Y tế
2019-07-16,1095.05,1095.05,1080.15,1080.15,93340,VNHEAL,Y tế
2019-07-17,1081.23,1087.36,1072.16,1082.15,173500,VNHEAL,Y tế
2019-07-18,1082.15,1082.15,1065.1,1066.31,89040,VNHEAL,Y tế
2019-07-19,1066.48,1081.91,1066.48,1080.99,274750,VNHEAL,Y tế
2019-07-22,1077.96,1088.26,1066.28,1073.76,159820,VNHEAL,Y tế
2019-07-23,1073.76,1075.36,1065.6,1070.54,168050,VNHEAL,Y tế
2019-07-24,1068.17,1069.54,1051.5,1059.71,149900,VNHEAL,Y tế
2019-07-25,1063.9,1065.27,1056.18,1064.84,208920,VNHEAL,Y tế
2019-07-26,1067.99,1068.15,1059.37,1066.42,94540,VNHEAL,Y tế
2019-07-29,1064.25,1070.53,1060.33,1065.74,128000,VNHEAL,Y tế
2019-07-30,1062.61,1069.33,1055.21,1059.75,97400,VNHEAL,Y tế
2019-07-31,1059.75,1062.01,1049.52,1049.52,187240,VNHEAL,Y tế
2019-08-01,1051.09,1054.38,1041.69,1041.69,289880,VNHEAL,Y tế
2019-08-02,1040.89,1047.0,1032.33,1036.67,310670,VNHEAL,Y tế
2019-08-05,1038.06,1047.12,1018.17,1043.72,271370,VNHEAL,Y tế
2019-08-06,1045.11,1045.11,1022.13,1038.67,45890,VNHEAL,Y tế
2019-08-07,1037.74,1040.58,1027.6,1040.12,91730,VNHEAL,Y tế
2019-08-08,1020.08,1036.49,1017.09,1034.21,82500,VNHEAL,Y tế
2019-08-09,1030.56,1036.03,1019.4,1032.32,97780,VNHEAL,Y tế
2019-08-12,1039.61,1039.61,1031.39,1035.5,61210,VNHEAL,Y tế
2019-08-13,1031.86,1059.93,1031.86,1046.83,191390,VNHEAL,Y tế
2019-08-14,1051.65,1052.12,1037.26,1043.56,81780,VNHEAL,Y tế
2019-08-15,1043.56,1043.56,1030.34,1032.65,197740,VNHEAL,Y tế
2019-08-16,1032.65,1040.01,1027.03,1033.56,185010,VNHEAL,Y tế
2019-08-19,1032.63,1038.12,1030.36,1036.39,100100,VNHEAL,Y tế
2019-08-20,1040.03,1045.5,1032.26,1036.83,280220,VNHEAL,Y tế
2019-08-21,1019.08,1042.84,1019.08,1042.84,224100,VNHEAL,Y tế
2019-08-22,1047.09,1049.44,1043.75,1045.8,474870,VNHEAL,Y tế
2019-08-23,1055.09,1073.21,1049.98,1073.21,936960,VNHEAL,Y tế
2019-08-26,1105.47,1130.17,1103.61,1128.78,1289570,VNHEAL,Y tế
2019-08-27,1128.78,1193.14,1128.78,1168.59,1872940,VNHEAL,Y tế
2019-08-28,1161.62,1179.28,1150.72,1165.63,848900,VNHEAL,Y tế
2019-08-29,1165.63,1179.76,1154.8,1162.65,535170,VNHEAL,Y tế
2019-08-30,1158.93,1172.3,1153.1,1165.44,829790,VNHEAL,Y tế
2019-09-03,1160.79,1168.28,1151.58,1155.01,399430,VNHEAL,Y tế
2019-09-04,1152.42,1156.52,1128.2,1128.2,429710,VNHEAL,Y tế
2019-09-05,1125.46,1151.49,1120.91,1135.58,287970,VNHEAL,Y tế
2019-09-06,1135.58,1140.03,1121.85,1139.1,258510,VNHEAL,Y tế
2019-09-09,1137.71,1142.78,1129.94,1141.82,180550,VNHEAL,Y tế
2019-09-10,1141.82,1194.65,1141.82,1172.05,320550,VNHEAL,Y tế
2019-09-11,1184.8,1184.8,1165.95,1170.95,148250,VNHEAL,Y tế
2019-09-12,1195.95,1237.34,1195.95,1236.59,1331390,VNHEAL,Y tế
2019-09-13,1235.67,1257.87,1219.61,1234.52,581780,VNHEAL,Y tế
2019-09-16,1230.88,1239.99,1227.2,1238.84,254390,VNHEAL,Y tế
2019-09-17,1233.38,1237.52,1221.3,1230.97,134180,VNHEAL,Y tế
2019-09-18,1224.73,1236.53,1218.25,1227.79,207120,VNHEAL,Y tế
2019-09-19,1227.79,1229.61,1216.55,1222.48,302100,VNHEAL,Y tế
2019-09-20,1222.48,1244.81,1221.59,1234.19,330190,VNHEAL,Y tế
2019-09-23,1231.59,1244.87,1230.11,1233.54,251000,VNHEAL,Y tế
2019-09-24,1226.22,1278.5,1224.74,1263.12,383320,VNHEAL,Y tế
2019-09-25,1271.3,1300.15,1255.24,1296.94,513130,VNHEAL,Y tế
2019-09-26,1293.29,1309.85,1288.88,1304.69,606620,VNHEAL,Y tế
2019-09-27,1299.22,1327.2,1296.23,1322.11,1191320,VNHEAL,Y tế
2019-09-30,1320.29,1340.82,1320.29,1337.52,1899210,VNHEAL,Y tế
2019-10-01,1337.52,1352.17,1327.17,1330.65,740500,VNHEAL,Y tế
2019-10-02,1334.3,1334.3,1315.93,1321.49,476590,VNHEAL,Y tế
2019-10-03,1320.1,1335.08,1316.95,1331.44,1166570,VNHEAL,Y tế
2019-10-04,1340.73,1341.59,1282.75,1282.75,680410,VNHEAL,Y tế
2019-10-07,1297.32,1306.54,1275.02,1304.49,1451730,VNHEAL,Y tế
2019-10-08,1322.71,1332.47,1311.63,1321.86,1772820,VNHEAL,Y tế
2019-10-09,1320.83,1374.86,1320.83,1368.31,2225800,VNHEAL,Y tế
2019-10-10,1369.21,1380.64,1356.29,1357.22,1034370,VNHEAL,Y tế
2019-10-11,1354.89,1360.35,1332.08,1360.35,1736170,VNHEAL,Y tế
2019-10-14,1354.22,1380.61,1354.22,1368.72,1176180,VNHEAL,Y tế
2019-10-15,1371.04,1372.31,1354.93,1361.52,817810,VNHEAL,Y tế
2019-10-16,1365.7,1378.15,1361.52,1369.07,1232720,VNHEAL,Y tế
2019-10-17,1369.07,1374.18,1352.43,1363.3,932550,VNHEAL,Y tế
2019-10-18,1365.62,1366.55,1337.1,1344.9,1021810,VNHEAL,Y tế
2019-10-21,1347.68,1351.67,1329.62,1346.94,1144680,VNHEAL,Y tế
2019-10-22,1346.48,1347.05,1337.28,1337.28,922130,VNHEAL,Y tế
2019-10-23,1324.88,1340.96,1324.88,1334.32,292100,VNHEAL,Y tế
2019-10-24,1333.58,1336.17,1314.6,1314.6,646230,VNHEAL,Y tế
2019-10-25,1317.19,1326.69,1296.92,1305.29,1392500,VNHEAL,Y tế
2019-10-28,1302.5,1318.58,1296.72,1301.68,513090,VNHEAL,Y tế
2019-10-29,1304.0,1304.0,1284.63,1292.26,440600,VNHEAL,Y tế
2019-10-30,1291.33,1332.62,1286.25,1322.64,264080,VNHEAL,Y tế
2019-10-31,1315.2,1322.64,1304.5,1304.5,342250,VNHEAL,Y tế
2019-11-01,1295.21,1308.57,1290.24,1304.5,556530,VNHEAL,Y tế
2019-11-04,1311.47,1323.33,1304.07,1318.22,673490,VNHEAL,Y tế
2019-11-05,1321.86,1331.56,1310.47,1331.56,214970,VNHEAL,Y tế
2019-11-06,1337.46,1375.75,1337.46,1362.56,1168670,VNHEAL,Y tế
2019-11-07,1362.56,1363.06,1351.67,1357.5,411560,VNHEAL,Y tế
2019-11-08,1358.43,1368.0,1357.96,1365.12,539460,VNHEAL,Y tế
2019-11-11,1364.66,1381.06,1361.75,1374.17,373950,VNHEAL,Y tế
2019-11-12,1368.98,1374.79,1356.23,1356.23,279350,VNHEAL,Y tế
2019-11-13,1374.45,1375.38,1358.48,1373.24,528620,VNHEAL,Y tế
2019-11-14,1382.35,1441.76,1382.35,1431.23,1608810,VNHEAL,Y tế
2019-11-15,1434.47,1494.46,1434.47,1483.13,736860,VNHEAL,Y tế
2019-11-18,1483.13,1496.51,1464.91,1476.42,1885520,VNHEAL,Y tế
2019-11-19,1479.68,1483.39,1420.95,1420.95,1500450,VNHEAL,Y tế
2019-11-20,1408.19,1456.07,1405.98,1451.42,1040970,VNHEAL,Y tế
2019-11-21,1450.95,1450.95,1407.43,1419.52,761590,VNHEAL,Y tế
2019-11-22,1438.16,1439.56,1406.22,1415.3,392230,VNHEAL,Y tế
2019-11-25,1415.3,1415.33,1398.9,1406.34,337880,VNHEAL,Y tế
2019-11-26,1426.85,1426.85,1404.65,1422.44,1411440,VNHEAL,Y tế
2019-11-27,1421.7,1438.4,1416.81,1422.89,1176210,VNHEAL,Y tế
2019-11-28,1423.49,1430.16,1412.09,1416.65,994660,VNHEAL,Y tế
2019-11-29,1410.61,1456.23,1410.61,1435.15,1244540,VNHEAL,Y tế
2019-12-02,1433.33,1433.33,1413.56,1424.22,663620,VNHEAL,Y tế
2019-12-03,1424.22,1449.72,1385.03,1433.54,751210,VNHEAL,Y tế
2019-12-04,1427.51,1439.92,1411.27,1436.79,1234580,VNHEAL,Y tế
2019-12-05,1440.51,1440.51,1419.87,1427.45,1284140,VNHEAL,Y tế
2019-12-06,1429.67,1495.98,1428.28,1490.7,1309270,VNHEAL,Y tế
2019-12-09,1482.91,1535.62,1479.93,1488.56,2471040,VNHEAL,Y tế
2019-12-10,1488.56,1507.63,1469.71,1481.21,1156840,VNHEAL,Y tế
2019-12-11,1476.07,1487.65,1446.58,1448.41,2670250,VNHEAL,Y tế
2019-12-12,1425.92,1457.96,1425.92,1448.91,2383060,VNHEAL,Y tế
2019-12-13,1444.27,1466.79,1394.49,1406.71,1144920,VNHEAL,Y tế
2019-12-16,1394.96,1416.75,1389.4,1389.75,2327170,VNHEAL,Y tế
2019-12-17,1412.48,1412.48,1393.66,1405.41,1298620,VNHEAL,Y tế
2019-12-18,1405.87,1419.09,1402.05,1406.41,1058550,VNHEAL,Y tế
2019-12-19,1407.79,1426.51,1406.32,1406.32,694390,VNHEAL,Y tế
2019-12-20,1404.84,1426.39,1392.16,1403.48,933460,VNHEAL,Y tế
2019-12-23,1404.5,1415.09,1380.41,1387.14,1075010,VNHEAL,Y tế
2019-12-24,1387.14,1403.69,1381.76,1401.5,1234240,VNHEAL,Y tế
2019-12-25,1396.85,1403.81,1373.09,1373.67,857100,VNHEAL,Y tế
2019-12-26,1359.91,1393.26,1352.56,1368.53,660330,VNHEAL,Y tế
2019-12-27,1352.25,1374.4,1350.68,1368.5,540900,VNHEAL,Y tế
2019-12-30,1368.5,1379.71,1354.05,1355.43,809780,VNHEAL,Y tế
2019-12-31,1348.35,1377.6,1348.35,1363.52,449340,VNHEAL,Y tế
2020-01-02,1363.52,1395.02,1338.93,1374.6,335740,VNHEAL,Y tế
2020-01-03,1374.6,1383.78,1351.53,1383.78,472350,VNHEAL,Y tế
2020-01-06,1383.78,1386.11,1353.89,1365.82,359300,VNHEAL,Y tế
2020-01-07,1365.82,1366.74,1344.38,1359.21,340070,VNHEAL,Y tế
2020-01-08,1361.43,1361.89,1314.23,1338.6,340290,VNHEAL,Y tế
2020-01-09,1337.58,1351.91,1326.68,1342.9,319430,VNHEAL,Y tế
2020-01-10,1343.36,1344.1,1313.31,1320.6,131960,VNHEAL,Y tế
2020-01-13,1319.2,1323.1,1300.23,1317.63,441390,VNHEAL,Y tế
2020-01-14,1320.6,1343.94,1304.24,1318.03,298810,VNHEAL,Y tế
2020-01-15,1335.17,1345.55,1312.3,1320.36,517370,VNHEAL,Y tế
2020-01-16,1320.36,1325.79,1300.07,1300.07,406430,VNHEAL,Y tế
2020-01-17,1283.67,1316.05,1283.67,1299.73,81640,VNHEAL,Y tế
2020-01-20,1295.09,1330.7,1291.66,1307.23,319640,VNHEAL,Y tế
2020-01-21,1307.23,1316.44,1293.6,1314.11,188780,VNHEAL,Y tế
2020-01-22,1314.11,1328.66,1302.95,1328.66,201770,VNHEAL,Y tế
2020-01-30,1337.55,1365.38,1329.31,1353.83,548440,VNHEAL,Y tế
2020-01-31,1362.23,1434.52,1362.23,1410.71,904820,VNHEAL,Y tế
2020-02-03,1456.48,1460.19,1379.46,1402.16,1127960,VNHEAL,Y tế
2020-02-04,1403.64,1412.47,1351.58,1351.58,4031700,VNHEAL,Y tế
2020-02-05,1349.72,1349.72,1320.66,1332.56,561160,VNHEAL,Y tế
2020-02-06,1320.7,1325.2,1293.22,1325.2,420150,VNHEAL,Y tế
2020-02-07,1314.08,1319.97,1291.21,1303.97,1202560,VNHEAL,Y tế
2020-02-10,1303.97,1322.04,1292.54,1322.04,433500,VNHEAL,Y tế
2020-02-11,1315.55,1327.54,1301.34,1312.51,748130,VNHEAL,Y tế
2020-02-12,1312.51,1317.48,1296.94,1316.68,849600,VNHEAL,Y tế
2020-02-13,1319.93,1319.93,1288.08,1305.1,493680,VNHEAL,Y tế
2020-02-14,1294.88,1299.94,1285.07,1296.07,942320,VNHEAL,Y tế
2020-02-17,1300.89,1302.25,1228.92,1243.65,1145990,VNHEAL,Y tế
2020-02-18,1241.43,1253.76,1193.23,1232.55,610630,VNHEAL,Y tế
2020-02-19,1224.02,1249.39,1204.22,1225.42,563440,VNHEAL,Y tế
2020-02-20,1226.16,1280.74,1199.31,1280.27,590780,VNHEAL,Y tế
2020-02-21,1281.2,1281.2,1213.98,1216.04,627440,VNHEAL,Y tế
2020-02-24,1193.38,1220.8,1153.3,1153.3,1838990,VNHEAL,Y tế
2020-02-25,1144.03,1193.49,1144.03,1167.87,1465170,VNHEAL,Y tế
2020-02-26,1159.35,1191.36,1147.41,1181.44,643790,VNHEAL,Y tế
2020-02-27,1192.37,1199.7,1176.56,1199.7,1030090,VNHEAL,Y tế
2020-02-28,1194.59,1195.02,1171.11,1192.27,1124230,VNHEAL,Y tế
2020-03-02,1205.02,1205.02,1161.53,1190.32,667310,VNHEAL,Y tế
2020-03-03,1188.0,1214.75,1179.82,1179.82,657060,VNHEAL,Y tế
2020-03-04,1179.82,1184.93,1163.67,1179.64,674970,VNHEAL,Y tế
2020-03-05,1181.97,1195.61,1171.55,1186.96,614330,VNHEAL,Y tế
2020-03-06,1186.49,1191.22,1164.5,1190.3,378290,VNHEAL,Y tế
2020-03-09,1195.87,1195.87,1114.87,1156.78,1835120,VNHEAL,Y tế
2020-03-10,1155.85,1155.85,1145.0,1153.38,828870,VNHEAL,Y tế
2020-03-11,1137.39,1161.49,1106.33,1156.17,872210,VNHEAL,Y tế
2020-03-12,1156.17,1156.17,1096.13,1130.63,1375560,VNHEAL,Y tế
2020-03-13,1102.82,1122.69,1076.52,1122.23,1221510,VNHEAL,Y tế
2020-03-16,1122.23,1137.12,1102.61,1137.12,806590,VNHEAL,Y tế
2020-03-17,1095.66,1138.26,1092.7,1138.26,898950,VNHEAL,Y tế
2020-03-18,1129.36,1147.67,1122.63,1136.64,1164440,VNHEAL,Y tế
2020-03-19,1136.64,1140.36,1114.58,1129.71,1141160,VNHEAL,Y tế
2020-03-20,1129.71,1146.35,1111.02,1146.35,741940,VNHEAL,Y tế
2020-03-23,1138.2,1145.05,1081.87,1111.74,1312420,VNHEAL,Y tế
2020-03-24,1106.16,1118.33,1094.73,1117.86,728270,VNHEAL,Y tế
2020-03-25,1163.41,1168.99,1120.47,1160.51,722940,VNHEAL,Y tế
2020-03-26,1160.51,1162.73,1128.43,1137.66,666790,VNHEAL,Y tế
2020-03-27,1138.59,1138.59,1100.79,1116.32,614230,VNHEAL,Y tế
2020-03-30,1114.93,1114.93,1081.3,1093.68,815750,VNHEAL,Y tế
2020-03-31,1098.13,1107.58,1064.39,1085.94,800990,VNHEAL,Y tế
2020-04-01,1089.64,1097.03,1076.21,1087.88,581160,VNHEAL,Y tế
2020-04-03,1089.37,1134.81,1089.37,1134.81,1338990,VNHEAL,Y tế
2020-04-06,1141.78,1157.16,1134.83,1157.16,225750,VNHEAL,Y tế
2020-04-07,1166.42,1189.09,1159.81,1188.34,1215120,VNHEAL,Y tế
2020-04-08,1186.12,1189.09,1161.03,1183.59,947280,VNHEAL,Y tế
2020-04-09,1183.96,1197.77,1175.1,1188.63,885510,VNHEAL,Y tế
2020-04-10,1187.7,1195.51,1169.01,1181.4,1151170,VNHEAL,Y tế
2020-04-13,1178.99,1194.19,1164.6,1188.44,589460,VNHEAL,Y tế
2020-04-14,1186.58,1200.73,1167.44,1200.73,963990,VNHEAL,Y tế
2020-04-15,1208.63,1208.63,1187.0,1202.04,1065310,VNHEAL,Y tế
2020-04-16,1202.04,1211.98,1197.71,1210.59,826450,VNHEAL,Y tế
2020-04-17,1211.52,1237.81,1210.96,1235.99,1157110,VNHEAL,Y tế
2020-04-20,1243.28,1256.75,1228.44,1240.22,709730,VNHEAL,Y tế
2020-04-21,1225.64,1225.64,1181.05,1200.57,870670,VNHEAL,Y tế
2020-04-22,1200.1,1235.07,1171.03,1235.07,708170,VNHEAL,Y tế
2020-04-23,1235.41,1252.64,1232.47,1238.71,387760,VNHEAL,Y tế
2020-04-24,1238.71,1252.21,1221.11,1252.21,742330,VNHEAL,Y tế
2020-04-27,1248.22,1253.14,1234.73,1253.14,538570,VNHEAL,Y tế
2020-04-28,1248.69,1253.6,1235.23,1247.65,489050,VNHEAL,Y tế
2020-04-29,1240.97,1251.14,1237.54,1245.26,371630,VNHEAL,Y tế
2020-05-04,1244.16,1244.16,1205.59,1220.68,529240,VNHEAL,Y tế
2020-05-05,1220.68,1221.9,1203.75,1204.62,352000,VNHEAL,Y tế
2020-05-06,1204.62,1208.9,1192.42,1201.55,216880,VNHEAL,Y tế
2020-05-07,1204.47,1211.06,1195.33,1208.76,564000,VNHEAL,Y tế
2020-05-08,1197.89,1228.7,1195.26,1206.92,447960,VNHEAL,Y tế
2020-05-11,1217.79,1234.1,1204.47,1210.8,350380,VNHEAL,Y tế
2020-05-12,1210.06,1217.41,1205.31,1209.92,661020,VNHEAL,Y tế
2020-05-13,1209.92,1215.01,1204.47,1207.02,646630,VNHEAL,Y tế
2020-05-14,1207.02,1224.23,1205.36,1222.45,2089940,VNHEAL,Y tế
2020-05-15,1220.63,1258.32,1213.93,1213.93,902110,VNHEAL,Y tế
2020-05-18,1213.93,1225.4,1209.02,1214.47,471480,VNHEAL,Y tế
2020-05-19,1212.66,1217.22,1207.56,1212.14,1049760,VNHEAL,Y tế
2020-05-20,1206.57,1225.56,1206.08,1211.05,644660,VNHEAL,Y tế
2020-05-21,1212.77,1212.77,1204.72,1208.72,558570,VNHEAL,Y tế
2020-05-22,1207.61,1220.48,1204.61,1205.11,507130,VNHEAL,Y tế
2020-05-25,1206.08,1207.91,1190.6,1204.24,416240,VNHEAL,Y tế
2020-05-26,1205.21,1205.46,1187.59,1188.56,444650,VNHEAL,Y tế
2020-05-27,1188.08,1195.11,1179.69,1187.59,1153510,VNHEAL,Y tế
2020-05-28,1187.59,1188.56,1181.05,1185.75,258150,VNHEAL,Y tế
2020-05-29,1189.29,1195.61,1183.6,1190.17,6515630,VNHEAL,Y tế
2020-06-01,1199.9,1201.38,1174.53,1193.49,2678550,VNHEAL,Y tế
2020-06-02,1193.49,1212.38,1173.57,1211.86,2525170,VNHEAL,Y tế
2020-06-03,1211.86,1222.73,1179.52,1204.19,2293030,VNHEAL,Y tế
2020-06-04,1198.52,1216.88,1181.71,1190.2,1935850,VNHEAL,Y tế
2020-06-05,1190.2,1203.62,1175.47,1197.5,1545180,VNHEAL,Y tế
2020-06-08,1198.97,1203.84,1180.1,1180.76,3201610,VNHEAL,Y tế
2020-06-09,1181.87,1190.58,1161.94,1185.48,3138780,VNHEAL,Y tế
2020-06-10,1217.51,1218.25,1195.2,1202.51,2268780,VNHEAL,Y tế
2020-06-11,1214.67,1219.49,1182.41,1182.41,8741900,VNHEAL,Y tế
2020-06-12,1154.42,1199.97,1146.31,1199.97,4365460,VNHEAL,Y tế
2020-06-15,1201.43,1222.09,1186.42,1209.14,4728140,VNHEAL,Y tế
2020-06-16,1213.88,1225.04,1187.28,1223.97,2592940,VNHEAL,Y tế
2020-06-17,1223.97,1239.45,1223.97,1229.09,3177340,VNHEAL,Y tế
2020-06-18,1219.87,1240.25,1218.98,1218.98,7488670,VNHEAL,Y tế
2020-06-19,1213.14,1235.01,1199.94,1234.65,1747930,VNHEAL,Y tế
2020-06-22,1249.24,1250.15,1218.96,1218.96,772180,VNHEAL,Y tế
2020-06-23,1228.6,1229.95,1216.31,1223.84,1391370,VNHEAL,Y tế
2020-06-24,1226.76,1229.71,1206.69,1210.01,2523130,VNHEAL,Y tế
2020-06-25,1205.22,1213.03,1193.54,1209.02,827310,VNHEAL,Y tế
2020-06-26,1209.02,1216.32,1188.81,1202.88,552360,VNHEAL,Y tế
2020-06-29,1202.88,1212.61,1169.6,1194.97,844590,VNHEAL,Y tế
2020-06-30,1192.39,1193.85,1162.7,1178.24,1054440,VNHEAL,Y tế
2020-07-01,1178.24,1194.44,1178.24,1185.68,846870,VNHEAL,Y tế
2020-07-02,1195.31,1204.07,1180.57,1196.87,581160,VNHEAL,Y tế
2020-07-03,1206.12,1210.9,1192.18,1205.23,754080,VNHEAL,Y tế
2020-07-06,1205.23,1208.42,1175.87,1196.21,943670,VNHEAL,Y tế
2020-07-07,1176.27,1190.51,1176.19,1177.91,739900,VNHEAL,Y tế
2020-07-08,1178.65,1185.88,1169.89,1180.77,1153360,VNHEAL,Y tế
2020-07-09,1183.2,1198.25,1177.8,1196.31,639590,VNHEAL,Y tế
2020-07-10,1196.79,1201.07,1181.09,1190.82,243270,VNHEAL,Y tế
2020-07-13,1193.77,1202.96,1165.35,1179.98,364170,VNHEAL,Y tế
2020-07-14,1180.72,1198.1,1165.33,1196.64,322320,VNHEAL,Y tế
2020-07-15,1197.38,1206.7,1180.39,1202.84,373360,VNHEAL,Y tế
2020-07-16,1183.31,1202.44,1181.83,1200.98,425770,VNHEAL,Y tế
2020-07-17,1200.98,1203.19,1179.63,1192.09,244510,VNHEAL,Y tế
2020-07-20,1190.25,1194.41,1178.6,1192.29,516280,VNHEAL,Y tế
2020-07-21,1193.03,1193.03,1177.2,1189.49,330330,VNHEAL,Y tế
2020-07-22,1189.48,1191.28,1179.51,1186.69,391950,VNHEAL,Y tế
2020-07-23,1183.0,1188.75,1172.41,1185.95,263310,VNHEAL,Y tế
2020-07-24,1188.38,1188.38,1132.35,1161.28,1117700,VNHEAL,Y tế
2020-07-27,1152.43,1154.61,1101.18,1130.1,1330030,VNHEAL,Y tế
2020-07-28,1133.78,1149.17,1098.66,1145.71,460740,VNHEAL,Y tế
2020-07-29,1141.46,1150.58,1095.92,1130.33,653340,VNHEAL,Y tế
2020-07-30,1130.33,1145.01,1123.08,1140.93,382600,VNHEAL,Y tế
2020-07-31,1140.93,1156.51,1110.91,1156.51,368420,VNHEAL,Y tế
2020-08-03,1156.99,1172.81,1156.99,1172.46,613220,VNHEAL,Y tế
2020-08-04,1175.64,1183.08,1168.55,1178.77,805700,VNHEAL,Y tế
2020-08-05,1177.28,1180.21,1161.62,1176.65,577840,VNHEAL,Y tế
2020-08-06,1176.76,1177.85,1162.75,1170.94,550350,VNHEAL,Y tế
2020-08-07,1175.88,1175.88,1162.56,1164.92,384260,VNHEAL,Y tế
2020-08-10,1163.81,1170.88,1157.14,1165.49,468760,VNHEAL,Y tế
2020-08-11,1165.49,1169.47,1160.42,1161.56,316570,VNHEAL,Y tế
2020-08-12,1161.51,1165.89,1156.18,1165.64,391560,VNHEAL,Y tế
2020-08-13,1165.64,1186.68,1164.85,1182.94,554660,VNHEAL,Y tế
2020-08-14,1182.94,1200.7,1176.64,1176.64,886180,VNHEAL,Y tế
2020-08-17,1177.35,1201.0,1169.4,1191.47,496610,VNHEAL,Y tế
2020-08-18,1191.47,1214.26,1190.48,1204.52,1940120,VNHEAL,Y tế
2020-08-19,1204.52,1223.12,1203.63,1221.41,1278890,VNHEAL,Y tế
2020-08-20,1221.41,1232.57,1210.59,1216.31,912960,VNHEAL,Y tế
2020-08-21,1214.24,1238.62,1207.7,1232.42,1440880,VNHEAL,Y tế
2020-08-24,1233.38,1239.61,1226.09,1231.73,1148800,VNHEAL,Y tế
2020-08-25,1232.16,1242.85,1232.16,1241.86,1949630,VNHEAL,Y tế
2020-08-26,1238.1,1253.34,1238.1,1246.74,2656350,VNHEAL,Y tế
2020-08-27,1246.74,1249.45,1237.31,1240.81,1065640,VNHEAL,Y tế
2020-08-28,1246.71,1252.78,1238.62,1246.36,4356690,VNHEAL,Y tế
2020-08-31,1245.98,1256.0,1241.2,1243.49,1716440,VNHEAL,Y tế
2020-09-01,1244.29,1259.26,1240.81,1255.24,4297540,VNHEAL,Y tế
2020-09-03,1263.29,1265.77,1255.0,1261.4,3549180,VNHEAL,Y tế
2020-09-04,1259.47,1259.47,1247.56,1253.7,2113130,VNHEAL,Y tế
2020-09-07,1253.7,1263.77,1248.31,1248.31,2679520,VNHEAL,Y tế
2020-09-08,1247.24,1257.69,1243.56,1257.69,1917190,VNHEAL,Y tế
2020-09-09,1255.33,1263.2,1249.27,1259.23,1799150,VNHEAL,Y tế
2020-09-10,1262.94,1267.74,1253.96,1258.88,862820,VNHEAL,Y tế
2020-09-11,1255.7,1261.36,1251.16,1256.94,939680,VNHEAL,Y tế
2020-09-14,1256.94,1257.56,1244.75,1248.88,2026760,VNHEAL,Y tế
2020-09-15,1264.76,1270.51,1243.62,1267.22,2377330,VNHEAL,Y tế
2020-09-16,1267.43,1270.33,1264.02,1265.9,1001340,VNHEAL,Y tế
2020-09-17,1266.08,1270.86,1259.23,1266.49,1625350,VNHEAL,Y tế
2020-09-18,1266.49,1271.98,1256.18,1265.92,1101720,VNHEAL,Y tế
2020-09-21,1266.67,1272.27,1260.03,1265.88,1604250,VNHEAL,Y tế
2020-09-22,1263.95,1263.95,1259.23,1259.49,1525800,VNHEAL,Y tế
2020-09-23,1260.91,1264.94,1253.71,1260.2,873280,VNHEAL,Y tế
2020-09-24,1258.96,1285.69,1251.77,1284.63,904710,VNHEAL,Y tế
2020-09-25,1284.63,1286.62,1260.37,1270.74,775090,VNHEAL,Y tế
2020-09-28,1271.17,1282.57,1263.27,1267.53,1900890,VNHEAL,Y tế
2020-09-29,1270.77,1270.87,1255.05,1260.81,1045700,VNHEAL,Y tế
2020-09-30,1260.62,1266.63,1255.29,1266.63,1029210,VNHEAL,Y tế
2020-10-01,1268.4,1271.17,1255.84,1263.62,1370340,VNHEAL,Y tế
2020-10-02,1264.21,1264.5,1248.25,1261.86,1299770,VNHEAL,Y tế
2020-10-05,1262.21,1267.67,1256.69,1261.89,983390,VNHEAL,Y tế
2020-10-06,1261.57,1267.69,1261.55,1266.88,1101340,VNHEAL,Y tế
2020-10-07,1268.54,1269.83,1261.76,1265.45,1828180,VNHEAL,Y tế
2020-10-08,1263.2,1265.03,1251.36,1263.74,987510,VNHEAL,Y tế
2020-10-09,1263.55,1263.74,1252.87,1261.0,889660,VNHEAL,Y tế
2020-10-12,1261.0,1262.41,1248.09,1250.05,1367260,VNHEAL,Y tế
2020-10-13,1249.65,1261.1,1243.04,1250.5,1496560,VNHEAL,Y tế
2020-10-14,1251.85,1254.55,1242.08,1247.89,746410,VNHEAL,Y tế
2020-10-15,1249.38,1251.29,1240.39,1242.75,957750,VNHEAL,Y tế
2020-10-16,1240.27,1244.66,1228.44,1232.13,1097090,VNHEAL,Y tế
2020-10-19,1231.38,1236.51,1227.14,1227.52,510450,VNHEAL,Y tế
2020-10-20,1231.79,1236.7,1220.51,1226.07,894860,VNHEAL,Y tế
2020-10-21,1225.32,1231.69,1221.61,1223.61,1042020,VNHEAL,Y tế
2020-10-22,1223.61,1229.23,1212.95,1226.23,612280,VNHEAL,Y tế
2020-10-23,1226.23,1231.37,1222.99,1227.31,613020,VNHEAL,Y tế
2020-10-26,1227.31,1232.41,1218.06,1224.82,892250,VNHEAL,Y tế
2020-10-27,1223.82,1227.73,1210.17,1210.72,548850,VNHEAL,Y tế
2020-10-28,1210.89,1217.54,1196.41,1196.41,698550,VNHEAL,Y tế
2020-10-29,1193.73,1223.47,1189.8,1217.04,1150720,VNHEAL,Y tế
2020-10-30,1222.49,1226.78,1211.36,1216.02,619570,VNHEAL,Y tế
2020-11-02,1216.02,1235.17,1215.18,1235.17,459960,VNHEAL,Y tế
2020-11-03,1234.98,1235.56,1216.2,1233.68,461690,VNHEAL,Y tế
2020-11-04,1233.68,1240.1,1222.94,1233.81,503880,VNHEAL,Y tế
2020-11-05,1229.57,1234.61,1223.28,1224.27,692210,VNHEAL,Y tế
2020-11-06,1222.37,1241.18,1222.37,1234.25,561390,VNHEAL,Y tế
2020-11-09,1234.8,1270.66,1234.8,1254.83,696330,VNHEAL,Y tế
2020-11-10,1253.81,1281.01,1253.81,1273.01,556910,VNHEAL,Y tế
2020-11-11,1273.01,1280.03,1262.6,1267.48,491600,VNHEAL,Y tế
2020-11-12,1267.87,1271.9,1258.25,1262.97,595680,VNHEAL,Y tế
2020-11-13,1265.89,1275.3,1261.26,1269.29,589300,VNHEAL,Y tế
2020-11-16,1269.67,1273.77,1245.47,1245.47,849830,VNHEAL,Y tế
2020-11-17,1245.47,1258.26,1245.47,1252.68,382760,VNHEAL,Y tế
2020-11-18,1251.91,1261.18,1247.84,1254.79,462380,VNHEAL,Y tế
2020-11-19,1256.44,1262.21,1250.56,1260.85,383990,VNHEAL,Y tế
2020-11-20,1263.4,1269.82,1251.74,1256.81,1450770,VNHEAL,Y tế
2020-11-23,1256.81,1269.94,1256.76,1263.67,1745360,VNHEAL,Y tế
2020-11-24,1266.69,1267.97,1254.04,1254.6,720390,VNHEAL,Y tế
2020-11-25,1254.6,1291.49,1254.6,1291.49,1018540,VNHEAL,Y tế
2020-11-26,1296.57,1301.25,1281.48,1287.75,971040,VNHEAL,Y tế
2020-11-27,1288.08,1298.11,1284.78,1288.47,656850,VNHEAL,Y tế
2020-11-30,1288.13,1290.03,1275.23,1276.48,451350,VNHEAL,Y tế
2020-12-01,1276.37,1276.37,1262.3,1268.63,839580,VNHEAL,Y tế
2020-12-02,1268.19,1296.24,1268.19,1296.24,874480,VNHEAL,Y tế
2020-12-03,1296.24,1315.48,1290.34,1303.86,516580,VNHEAL,Y tế
2020-12-04,1303.69,1307.2,1292.55,1302.96,743040,VNHEAL,Y tế
2020-12-07,1303.21,1309.73,1290.78,1299.86,925850,VNHEAL,Y tế
2020-12-08,1300.08,1320.78,1296.7,1300.84,1835930,VNHEAL,Y tế
2020-12-09,1301.23,1308.52,1296.48,1307.05,2128110,VNHEAL,Y tế
2020-12-10,1306.28,1324.74,1302.39,1311.05,1129210,VNHEAL,Y tế
2020-12-11,1311.05,1319.43,1302.51,1313.23,918920,VNHEAL,Y tế
2020-12-14,1312.56,1329.34,1312.56,1322.41,1210350,VNHEAL,Y tế
2020-12-15,1323.51,1335.05,1317.88,1320.47,1050000,VNHEAL,Y tế
2020-12-16,1320.25,1328.08,1314.33,1319.61,945150,VNHEAL,Y tế
2020-12-17,1319.61,1332.55,1308.05,1311.84,1060790,VNHEAL,Y tế
2020-12-18,1311.84,1319.62,1309.44,1316.98,984470,VNHEAL,Y tế
2020-12-21,1323.81,1331.8,1323.58,1324.95,2195490,VNHEAL,Y tế
2020-12-22,1329.71,1339.06,1329.11,1336.5,1514680,VNHEAL,Y tế
2020-12-23,1342.55,1380.73,1342.39,1368.51,1238860,VNHEAL,Y tế
2020-12-24,1374.88,1388.75,1346.37,1368.05,7999710,VNHEAL,Y tế
2020-12-25,1367.67,1390.66,1367.67,1390.5,3092600,VNHEAL,Y tế
2020-12-28,1391.66,1409.13,1385.95,1390.22,4744490,VNHEAL,Y tế
2020-12-29,1388.58,1391.49,1377.14,1383.52,2871740,VNHEAL,Y tế
2020-12-30,1377.65,1388.85,1372.47,1387.21,5300420,VNHEAL,Y tế
2020-12-31,1386.51,1394.58,1382.41,1394.13,2116800,VNHEAL,Y tế
2021-01-04,1395.67,1418.11,1395.67,1403.83,2517900,VNHEAL,Y tế
2021-01-05,1403.45,1404.42,1389.04,1395.7,2317300,VNHEAL,Y tế
2021-01-06,1392.86,1399.93,1376.43,1382.2,2241300,VNHEAL,Y tế
2021-01-07,1381.82,1392.33,1378.99,1390.87,2215700,VNHEAL,Y tế
2021-01-08,1391.7,1403.04,1386.64,1391.94,2253000,VNHEAL,Y tế
2021-01-11,1392.38,1404.44,1384.14,1401.39,1810600,VNHEAL,Y tế
2021-01-12,1405.16,1422.62,1405.16,1422.62,1860900,VNHEAL,Y tế
2021-01-13,1446.4,1448.24,1424.47,1438.92,4349700,VNHEAL,Y tế
2021-01-14,1437.54,1441.09,1426.34,1436.9,2798400,VNHEAL,Y tế
2021-01-15,1436.9,1450.98,1436.83,1444.22,2944600,VNHEAL,Y tế
2021-01-18,1444.11,1453.84,1434.45,1443.02,3128000,VNHEAL,Y tế
2021-01-19,1443.02,1452.23,1363.15,1386.44,2040600,VNHEAL,Y tế
2021-01-20,1386.44,1394.66,1353.94,1384.06,2002700,VNHEAL,Y tế
2021-01-21,1393.06,1411.02,1379.43,1401.61,1426600,VNHEAL,Y tế
2021-01-22,1399.3,1413.05,1389.61,1399.96,2116700,VNHEAL,Y tế
2021-01-25,1391.86,1396.54,1374.83,1385.68,1581700,VNHEAL,Y tế
2021-01-26,1378.35,1396.35,1360.49,1381.46,2533800,VNHEAL,Y tế
2021-01-27,1377.22,1396.12,1369.17,1374.95,2151800,VNHEAL,Y tế
2021-01-28,1367.6,1367.6,1298.5,1301.82,2362000,VNHEAL,Y tế
2021-01-29,1297.48,1360.12,1279.49,1360.12,1291800,VNHEAL,Y tế
2021-02-01,1346.0,1370.52,1322.05,1331.24,938100,VNHEAL,Y tế
2021-02-02,1336.81,1347.22,1314.29,1341.17,942300,VNHEAL,Y tế
2021-02-03,1342.1,1362.07,1342.1,1356.49,848700,VNHEAL,Y tế
2021-02-04,1375.18,1376.01,1350.41,1360.73,775500,VNHEAL,Y tế
2021-02-05,1362.63,1371.69,1350.29,1358.76,1226200,VNHEAL,Y tế
2021-02-08,1361.62,1369.98,1340.72,1345.1,1971600,VNHEAL,Y tế
2021-02-09,1344.45,1358.45,1327.51,1355.72,554700,VNHEAL,Y tế
2021-02-17,1357.93,1381.24,1355.43,1374.18,872200,VNHEAL,Y tế
2021-02-18,1374.18,1420.03,1374.18,1417.7,1059900,VNHEAL,Y tế
2021-02-19,1416.51,1457.12,1416.51,1449.3,884600,VNHEAL,Y tế
2021-02-22,1449.3,1455.63,1445.59,1447.33,884300,VNHEAL,Y tế
2021-02-23,1447.33,1447.33,1427.43,1437.05,866400,VNHEAL,Y tế
2021-02-24,1437.56,1440.26,1420.5,1427.65,755800,VNHEAL,Y tế
2021-02-25,1428.17,1449.09,1428.17,1442.81,941400,VNHEAL,Y tế
2021-02-26,1440.95,1458.17,1425.12,1449.73,748800,VNHEAL,Y tế
2021-03-01,1449.86,1457.06,1446.61,1456.88,634400,VNHEAL,Y tế
2021-03-02,1456.88,1459.08,1444.41,1444.41,474500,VNHEAL,Y tế
2021-03-03,1444.41,1468.33,1444.41,1464.95,1593000,VNHEAL,Y tế
2021-03-04,1464.82,1473.71,1451.01,1454.35,1795900,VNHEAL,Y tế
2021-03-05,1454.35,1464.36,1446.79,1464.36,955900,VNHEAL,Y tế
2021-03-08,1465.04,1495.65,1463.73,1485.24,1396000,VNHEAL,Y tế
2021-03-09,1485.24,1489.86,1468.52,1478.03,1025600,VNHEAL,Y tế
2021-03-10,1478.03,1491.26,1470.07,1490.06,602900,VNHEAL,Y tế
2021-03-11,1488.63,1523.87,1488.63,1523.87,708100,VNHEAL,Y tế
2021-03-12,1521.97,1533.23,1504.41,1522.09,626900,VNHEAL,Y tế
2021-03-15,1519.24,1556.04,1515.6,1556.04,2334200,VNHEAL,Y tế
2021-03-16,1556.04,1556.66,1520.69,1536.11,892000,VNHEAL,Y tế
2021-03-17,1536.11,1538.49,1521.69,1535.14,925200,VNHEAL,Y tế
2021-03-18,1536.33,1540.91,1526.32,1531.58,893100,VNHEAL,Y tế
2021-03-19,1531.58,1539.48,1520.22,1539.48,822600,VNHEAL,Y tế
2021-03-22,1539.35,1544.23,1530.59,1535.25,776000,VNHEAL,Y tế
2021-03-23,1534.3,1535.41,1524.67,1527.07,1007800,VNHEAL,Y tế
2021-03-24,1526.66,1526.66,1511.31,1512.26,869000,VNHEAL,Y tế
2021-03-25,1508.39,1521.08,1506.57,1518.77,1000200,VNHEAL,Y tế
2021-03-26,1519.25,1519.25,1493.55,1515.83,796200,VNHEAL,Y tế
2021-03-29,1515.35,1536.0,1515.35,1529.58,1254800,VNHEAL,Y tế
2021-03-30,1531.14,1545.92,1531.14,1532.56,1371000,VNHEAL,Y tế
2021-03-31,1531.99,1531.99,1518.29,1526.88,711300,VNHEAL,Y tế
2021-04-01,1526.37,1526.37,1517.71,1522.03,611000,VNHEAL,Y tế
2021-04-02,1524.37,1524.37,1494.15,1508.46,1940300,VNHEAL,Y tế
2021-04-05,1508.46,1531.16,1507.38,1525.31,1071900,VNHEAL,Y tế
2021-04-06,1524.12,1530.3,1504.93,1521.64,2375900,VNHEAL,Y tế
2021-04-07,1521.78,1533.55,1517.86,1528.02,2602200,VNHEAL,Y tế
2021-04-08,1529.92,1541.31,1515.79,1518.39,3453800,VNHEAL,Y tế
2021-04-09,1518.39,1520.93,1499.96,1519.39,9910500,VNHEAL,Y tế
2021-04-12,1522.18,1539.64,1510.5,1527.0,1992800,VNHEAL,Y tế
2021-04-13,1529.58,1530.64,1509.99,1516.01,3758200,VNHEAL,Y tế
2021-04-14,1516.01,1519.38,1505.33,1519.38,3854500,VNHEAL,Y tế
2021-04-15,1519.89,1541.49,1510.55,1512.3,3362500,VNHEAL,Y tế
2021-04-16,1512.47,1514.87,1484.09,1496.04,2040800,VNHEAL,Y tế
2021-04-19,1495.35,1514.51,1491.81,1501.54,2753800,VNHEAL,Y tế
2021-04-20,1482.95,1506.06,1480.67,1506.06,3209200,VNHEAL,Y tế
2021-04-22,1506.06,1506.06,1476.64,1482.69,2501100,VNHEAL,Y tế
2021-04-23,1482.28,1492.77,1481.16,1486.7,1093300,VNHEAL,Y tế
2021-04-26,1486.7,1489.73,1474.85,1474.85,1280100,VNHEAL,Y tế
2021-04-27,1480.84,1487.67,1475.25,1482.53,1865400,VNHEAL,Y tế
2021-04-28,1482.02,1498.22,1481.88,1498.22,809000,VNHEAL,Y tế
2021-04-29,1499.17,1508.48,1488.07,1508.48,1735700,VNHEAL,Y tế
2021-05-04,1517.86,1517.86,1479.33,1513.01,1554600,VNHEAL,Y tế
2021-05-05,1522.08,1526.01,1506.74,1516.51,1570300,VNHEAL,Y tế
2021-05-06,1516.51,1516.51,1508.83,1513.82,1418900,VNHEAL,Y tế
2021-05-07,1509.54,1511.72,1495.29,1505.72,1278100,VNHEAL,Y tế
2021-05-10,1472.79,1505.11,1469.33,1499.81,1751100,VNHEAL,Y tế
2021-05-11,1500.74,1507.9,1498.61,1504.21,947100,VNHEAL,Y tế
2021-05-12,1504.62,1512.36,1499.85,1507.41,790700,VNHEAL,Y tế
2021-05-13,1507.41,1507.41,1491.78,1501.02,1087700,VNHEAL,Y tế
2021-05-14,1503.43,1503.9,1486.41,1498.79,1450900,VNHEAL,Y tế
2021-05-17,1498.93,1500.05,1482.72,1493.79,1110000,VNHEAL,Y tế
2021-05-18,1492.36,1494.43,1476.53,1476.53,1245400,VNHEAL,Y tế
2021-05-19,1475.11,1498.52,1474.93,1490.16,1042300,VNHEAL,Y tế
2021-05-20,1490.33,1500.79,1471.04,1494.74,2130200,VNHEAL,Y tế
2021-05-21,1506.03,1521.85,1506.03,1519.85,1666100,VNHEAL,Y tế
2021-05-24,1520.02,1535.66,1519.85,1534.15,1310300,VNHEAL,Y tế
2021-05-25,1534.15,1547.76,1532.14,1547.76,1666300,VNHEAL,Y tế
2021-05-26,1545.69,1562.79,1545.69,1560.75,1984400,VNHEAL,Y tế
2021-05-27,1554.33,1568.33,1544.72,1563.07,1404600,VNHEAL,Y tế
2021-05-28,1564.02,1575.34,1548.16,1575.34,1923200,VNHEAL,Y tế
2021-05-31,1575.34,1581.17,1556.04,1581.17,1896300,VNHEAL,Y tế
2021-06-01,1579.31,1579.31,1566.85,1568.02,1162600,VNHEAL,Y tế
2021-06-02,1568.02,1578.0,1565.11,1578.0,1854500,VNHEAL,Y tế
2021-06-03,1577.45,1592.78,1563.32,1592.78,2718700,VNHEAL,Y tế
2021-06-04,1581.11,1602.9,1569.8,1599.52,3917700,VNHEAL,Y tế
2021-06-07,1599.52,1608.86,1592.28,1604.67,2376100,VNHEAL,Y tế
2021-06-08,1608.17,1619.74,1591.79,1601.18,1485700,VNHEAL,Y tế
2021-06-09,1601.18,1603.21,1581.64,1598.17,1518100,VNHEAL,Y tế
2021-06-10,1598.17,1600.42,1573.14,1573.14,1068400,VNHEAL,Y tế
2021-06-11,1568.42,1616.46,1567.91,1616.46,1268100,VNHEAL,Y tế
2021-06-14,1656.56,1657.0,1643.66,1651.7,1768200,VNHEAL,Y tế
2021-06-15,1639.35,1660.54,1639.35,1654.12,1763500,VNHEAL,Y tế
2021-06-16,1642.56,1699.9,1642.56,1687.06,1848900,VNHEAL,Y tế
2021-06-17,1687.06,1706.64,1681.62,1706.64,1193700,VNHEAL,Y tế
2021-06-18,1696.18,1708.5,1679.83,1700.79,1886600,VNHEAL,Y tế
2021-06-21,1696.17,1696.79,1664.31,1679.53,2091300,VNHEAL,Y tế
2021-06-22,1678.71,1678.71,1642.74,1671.21,1577100,VNHEAL,Y tế
2021-06-23,1665.03,1674.33,1643.7,1670.9,1022900,VNHEAL,Y tế
2021-06-24,1670.22,1689.33,1667.22,1688.27,1304300,VNHEAL,Y tế
2021-06-25,1687.59,1693.16,1661.1,1693.16,924700,VNHEAL,Y tế
2021-06-28,1693.16,1693.16,1659.89,1680.14,1104900,VNHEAL,Y tế
2021-06-29,1680.14,1680.14,1656.05,1671.77,1160000,VNHEAL,Y tế
2021-06-30,1676.42,1680.38,1654.95,1662.39,1787400,VNHEAL,Y tế
2021-07-01,1662.39,1669.85,1643.74,1660.83,3632300,VNHEAL,Y tế
2021-07-02,1660.83,1660.83,1605.32,1634.35,2425700,VNHEAL,Y tế
2021-07-05,1585.37,1647.99,1582.1,1585.37,822400,VNHEAL,Y tế
2021-07-06,1585.37,1613.03,1569.55,1594.06,253400,VNHEAL,Y tế
2021-07-07,1577.69,1590.68,1574.45,1583.83,277700,VNHEAL,Y tế
2021-07-08,1583.08,1583.83,1572.15,1574.89,363100,VNHEAL,Y tế
2021-07-09,1584.6,1592.48,1552.37,1567.62,214900,VNHEAL,Y tế
2021-07-12,1567.62,1567.62,1482.22,1495.64,723200,VNHEAL,Y tế
2021-07-13,1522.2,1540.19,1511.45,1511.45,1166700,VNHEAL,Y tế
2021-07-14,1524.95,1541.02,1496.44,1540.6,666600,VNHEAL,Y tế
2021-07-15,1539.13,1553.17,1526.57,1553.17,589900,VNHEAL,Y tế
2021-07-16,1572.2,1581.64,1532.37,1542.6,264000,VNHEAL,Y tế
2021-07-19,1501.42,1560.6,1501.42,1536.27,808400,VNHEAL,Y tế
2021-07-20,1525.7,1533.85,1480.79,1533.85,210800,VNHEAL,Y tế
2021-07-21,1529.87,1541.55,1529.87,1538.18,472200,VNHEAL,Y tế
2021-07-22,1535.26,1535.4,1513.16,1527.04,312400,VNHEAL,Y tế
2021-07-23,1525.98,1532.46,1517.72,1518.48,215300,VNHEAL,Y tế
2021-07-26,1508.54,1529.73,1493.47,1529.73,210000,VNHEAL,Y tế
2021-07-27,1516.98,1531.55,1513.42,1519.4,459600,VNHEAL,Y tế
2021-07-28,1516.5,1522.2,1512.67,1522.2,143900,VNHEAL,Y tế
2021-07-29,1523.2,1524.94,1513.41,1523.2,171700,VNHEAL,Y tế
2021-07-30,1527.33,1533.74,1520.28,1533.74,116800,VNHEAL,Y tế
2021-08-02,1532.2,1532.2,1518.76,1518.76,170200,VNHEAL,Y tế
2021-08-03,1521.12,1521.12,1508.74,1518.43,257600,VNHEAL,Y tế
2021-08-04,1522.91,1541.78,1522.31,1539.75,1211200,VNHEAL,Y tế
2021-08-05,1535.28,1543.56,1530.11,1541.27,935000,VNHEAL,Y tế
2021-08-06,1537.72,1547.35,1525.79,1541.97,511900,VNHEAL,Y tế
2021-08-09,1540.82,1545.45,1523.39,1545.45,494200,VNHEAL,Y tế
2021-08-10,1546.76,1548.86,1532.28,1544.29,582100,VNHEAL,Y tế
2021-08-11,1547.23,1556.19,1531.15,1552.8,473200,VNHEAL,Y tế
2021-08-12,1552.48,1556.97,1546.18,1547.12,598100,VNHEAL,Y tế
2021-08-13,1552.63,1557.33,1524.51,1543.73,600800,VNHEAL,Y tế
2021-08-16,1556.89,1578.32,1555.09,1575.59,1663000,VNHEAL,Y tế
2021-08-17,1607.6,1628.4,1591.92,1625.08,2615100,VNHEAL,Y tế
2021-08-18,1641.87,1682.1,1641.87,1679.78,2226100,VNHEAL,Y tế
2021-08-19,1709.74,1723.96,1696.94,1705.7,2211700,VNHEAL,Y tế
2021-08-20,1700.03,1702.82,1649.62,1671.63,2511300,VNHEAL,Y tế
2021-08-23,1687.92,1716.5,1644.74,1681.05,1398800,VNHEAL,Y tế
2021-08-24,1679.41,1701.08,1658.2,1660.94,991100,VNHEAL,Y tế
2021-08-25,1658.66,1669.74,1636.72,1652.69,834700,VNHEAL,Y tế
2021-08-26,1663.15,1666.13,1648.04,1656.9,889600,VNHEAL,Y tế
2021-08-27,1665.51,1759.7,1661.77,1756.97,2516700,VNHEAL,Y tế
2021-08-30,1841.13,1857.32,1815.97,1836.32,2222000,VNHEAL,Y tế
2021-08-31,1861.81,1867.89,1812.32,1815.68,2705200,VNHEAL,Y tế
2021-09-01,1791.82,1798.56,1773.19,1778.67,1981000,VNHEAL,Y tế
2021-09-06,1778.98,1797.54,1764.01,1786.72,1652800,VNHEAL,Y tế
2021-09-07,1779.35,1786.58,1747.09,1780.3,1678600,VNHEAL,Y tế
2021-09-08,1789.65,1810.13,1779.09,1782.94,969000,VNHEAL,Y tế
2021-09-09,1771.23,1790.93,1760.85,1790.93,668100,VNHEAL,Y tế
2021-09-10,1786.26,1786.26,1766.06,1773.97,678500,VNHEAL,Y tế
2021-09-13,1766.07,1770.36,1719.83,1726.28,1588900,VNHEAL,Y tế
2021-09-14,1725.89,1739.88,1688.65,1694.28,1481100,VNHEAL,Y tế
2021-09-15,1695.34,1744.02,1681.95,1735.55,779600,VNHEAL,Y tế
2021-09-16,1739.68,1742.39,1708.91,1731.25,450700,VNHEAL,Y tế
2021-09-17,1719.67,1729.08,1696.65,1724.04,687000,VNHEAL,Y tế
2021-09-20,1730.91,1731.18,1689.46,1689.46,956100,VNHEAL,Y tế
2021-09-21,1677.96,1682.15,1647.84,1664.4,961900,VNHEAL,Y tế
2021-09-22,1664.57,1683.77,1657.78,1683.77,813400,VNHEAL,Y tế
2021-09-23,1725.06,1725.36,1686.16,1686.16,807700,VNHEAL,Y tế
2021-09-24,1680.9,1682.88,1657.18,1657.18,433300,VNHEAL,Y tế
2021-09-27,1660.08,1672.78,1632.89,1632.89,458300,VNHEAL,Y tế
2021-09-28,1633.07,1645.81,1619.21,1635.82,496800,VNHEAL,Y tế
2021-09-29,1635.44,1652.58,1630.4,1643.33,344900,VNHEAL,Y tế
2021-09-30,1653.97,1655.44,1641.54,1652.45,225800,VNHEAL,Y tế
2021-10-01,1654.0,1654.69,1639.16,1647.31,304500,VNHEAL,Y tế
2021-10-04,1652.68,1652.73,1630.07,1648.12,653600,VNHEAL,Y tế
2021-10-05,1649.35,1650.1,1634.82,1641.6,445000,VNHEAL,Y tế
2021-10-06,1638.53,1648.73,1634.47,1641.28,326200,VNHEAL,Y tế
2021-10-07,1641.95,1649.82,1636.47,1639.72,315200,VNHEAL,Y tế
2021-10-08,1644.98,1666.38,1642.44,1666.38,472200,VNHEAL,Y tế
2021-10-11,1669.68,1699.78,1660.47,1685.49,1204500,VNHEAL,Y tế
2021-10-12,1690.82,1693.6,1665.59,1676.8,788300,VNHEAL,Y tế
2021-10-13,1678.45,1680.28,1658.37,1667.11,379100,VNHEAL,Y tế
2021-10-14,1660.05,1666.37,1645.83,1650.73,497300,VNHEAL,Y tế
2021-10-15,1663.17,1665.73,1644.94,1650.23,398400,VNHEAL,Y tế
2021-10-18,1647.13,1659.57,1644.05,1657.92,430000,VNHEAL,Y tế
2021-10-19,1659.8,1668.49,1647.73,1667.69,299400,VNHEAL,Y tế
2021-10-20,1667.82,1667.82,1652.25,1661.35,1079100,VNHEAL,Y tế
2021-10-21,1668.8,1669.79,1653.05,1662.14,624400,VNHEAL,Y tế
2021-10-22,1656.95,1658.55,1649.88,1650.37,378100,VNHEAL,Y tế
2021-10-25,1646.06,1683.57,1644.14,1683.57,928300,VNHEAL,Y tế
2021-10-26,1651.73,1675.01,1650.81,1669.62,421300,VNHEAL,Y tế
2021-10-27,1668.46,1681.67,1664.03,1677.3,489400,VNHEAL,Y tế
2021-10-28,1677.91,1693.37,1673.96,1677.25,555800,VNHEAL,Y tế
2021-10-29,1675.95,1676.69,1662.76,1670.15,563800,VNHEAL,Y tế
2021-11-01,1666.59,1689.88,1661.97,1682.53,1024600,VNHEAL,Y tế
2021-11-02,1686.12,1725.64,1686.07,1718.22,1058900,VNHEAL,Y tế
2021-11-03,1726.35,1731.38,1684.46,1684.46,1059900,VNHEAL,Y tế
2021-11-04,1687.3,1693.2,1671.53,1692.46,688500,VNHEAL,Y tế
2021-11-05,1699.84,1703.68,1686.75,1702.51,556200,VNHEAL,Y tế
2021-11-08,1709.16,1732.51,1705.04,1729.67,765200,VNHEAL,Y tế
2021-11-09,1736.41,1748.38,1727.93,1744.81,1130900,VNHEAL,Y tế
2021-11-10,1745.66,1748.27,1734.05,1743.49,1063400,VNHEAL,Y tế
2021-11-11,1743.92,1771.52,1726.01,1760.1,1282200,VNHEAL,Y tế
2021-11-12,1770.86,1774.71,1743.56,1750.87,1042700,VNHEAL,Y tế
2021-11-15,1750.83,1772.91,1744.2,1764.32,1511800,VNHEAL,Y tế
2021-11-16,1745.81,1769.76,1743.46,1769.76,952400,VNHEAL,Y tế
2021-11-17,1767.69,1769.3,1747.78,1754.16,597800,VNHEAL,Y tế
2021-11-18,1754.17,1755.06,1737.82,1750.55,1171800,VNHEAL,Y tế
2021-11-19,1759.83,1771.73,1729.04,1745.9,1549900,VNHEAL,Y tế
2021-11-22,1761.54,1780.58,1741.87,1742.77,1122200,VNHEAL,Y tế
2021-11-23,1737.24,1749.91,1706.95,1749.91,396800,VNHEAL,Y tế
2021-11-24,1751.27,1801.84,1743.76,1797.64,916100,VNHEAL,Y tế
2021-11-25,1795.08,1814.77,1784.58,1789.75,612000,VNHEAL,Y tế
2021-11-26,1791.94,1811.65,1785.34,1785.34,907900,VNHEAL,Y tế
2021-11-29,1800.69,1851.91,1790.56,1843.42,1792200,VNHEAL,Y tế
2021-11-30,1873.74,1873.74,1824.55,1841.03,1241300,VNHEAL,Y tế
2021-12-01,1830.83,1847.98,1811.49,1814.51,657500,VNHEAL,Y tế
2021-12-02,1809.08,1833.95,1789.86,1833.3,1301800,VNHEAL,Y tế
2021-12-03,1834.24,1840.04,1814.65,1821.81,1006300,VNHEAL,Y tế
2021-12-06,1807.27,1819.26,1777.58,1798.5,717500,VNHEAL,Y tế
2021-12-07,1798.1,1810.15,1787.22,1808.83,426000,VNHEAL,Y tế
2021-12-08,1814.57,1816.14,1785.43,1796.2,380800,VNHEAL,Y tế
2021-12-09,1791.58,1792.36,1776.9,1788.44,283700,VNHEAL,Y tế
2021-12-10,1790.2,1790.2,1752.7,1761.44,567400,VNHEAL,Y tế
2021-12-13,1744.48,1754.61,1704.22,1747.08,609500,VNHEAL,Y tế
2021-12-14,1747.77,1769.52,1744.7,1769.35,499300,VNHEAL,Y tế
2021-12-15,1777.39,1788.43,1773.03,1788.43,960400,VNHEAL,Y tế
2021-12-16,1804.99,1805.05,1783.47,1785.08,1691000,VNHEAL,Y tế
2021-12-17,1788.59,1788.59,1758.05,1785.32,738600,VNHEAL,Y tế
2021-12-20,1785.8,1786.85,1740.73,1758.83,615300,VNHEAL,Y tế
2021-12-21,1771.08,1782.65,1747.64,1749.45,738500,VNHEAL,Y tế
2021-12-22,1760.2,1778.37,1737.15,1752.16,492300,VNHEAL,Y tế
2021-12-23,1758.74,1765.24,1720.47,1752.03,643300,VNHEAL,Y tế
2021-12-24,1739.7,1752.03,1719.76,1724.86,341900,VNHEAL,Y tế
2021-12-27,1735.23,1738.83,1725.86,1734.29,266300,VNHEAL,Y tế
2021-12-28,1724.62,1789.62,1719.47,1739.11,391800,VNHEAL,Y tế
2021-12-29,1739.14,1754.7,1729.56,1754.27,401200,VNHEAL,Y tế
2021-12-30,1752.96,1772.99,1742.1,1770.09,254600,VNHEAL,Y tế
2021-12-31,1757.14,1770.09,1740.65,1745.91,365200,VNHEAL,Y tế
2022-01-04,1750.63,1750.63,1725.01,1731.98,385900,VNHEAL,Y tế
2022-01-05,1731.98,1732.23,1723.06,1728.46,414100,VNHEAL,Y tế
2022-01-06,1724.5,1738.78,1717.44,1722.69,623800,VNHEAL,Y tế
2022-01-07,1728.38,1729.07,1706.38,1711.43,440600,VNHEAL,Y tế
2022-01-10,1708.02,1713.56,1691.79,1697.86,568600,VNHEAL,Y tế
2022-01-11,1684.45,1699.58,1684.36,1699.52,491200,VNHEAL,Y tế
2022-01-12,1699.05,1719.51,1684.51,1717.08,655500,VNHEAL,Y tế
2022-01-13,1712.46,1739.06,1687.25,1725.71,369100,VNHEAL,Y tế
2022-01-14,1710.24,1730.1,1687.4,1728.06,367700,VNHEAL,Y tế
2022-01-17,1726.37,1729.0,1691.2,1695.44,509900,VNHEAL,Y tế
2022-01-18,1694.71,1702.62,1672.23,1702.62,382000,VNHEAL,Y tế
2022-01-19,1688.76,1704.83,1688.1,1700.58,164200,VNHEAL,Y tế
2022-01-20,1699.24,1702.41,1691.53,1702.41,111900,VNHEAL,Y tế
2022-01-21,1691.93,1710.54,1690.1,1701.84,161700,VNHEAL,Y tế
2022-01-24,1702.55,1702.55,1664.73,1667.62,223400,VNHEAL,Y tế
2022-01-25,1668.49,1678.3,1660.78,1672.72,164100,VNHEAL,Y tế
2022-01-26,1673.24,1692.92,1661.93,1676.85,322600,VNHEAL,Y tế
2022-01-27,1676.85,1690.55,1662.65,1679.89,205000,VNHEAL,Y tế
2022-01-28,1679.37,1696.83,1671.62,1696.83,346100,VNHEAL,Y tế
2022-02-07,1702.09,1712.18,1695.92,1711.99,441500,VNHEAL,Y tế
2022-02-08,1712.35,1747.08,1712.33,1732.18,495600,VNHEAL,Y tế
2022-02-09,1727.82,1752.35,1726.41,1752.35,703500,VNHEAL,Y tế
2022-02-10,1748.97,1782.01,1730.56,1782.01,568500,VNHEAL,Y tế
2022-02-11,1792.43,1793.9,1736.95,1747.21,753200,VNHEAL,Y tế
2022-02-14,1755.5,1755.5,1724.05,1724.05,458900,VNHEAL,Y tế
2022-02-15,1745.13,1759.71,1723.56,1757.44,942800,VNHEAL,Y tế
2022-02-16,1756.44,1768.3,1742.09,1765.51,687600,VNHEAL,Y tế
2022-02-17,1750.81,1775.85,1748.95,1775.85,492200,VNHEAL,Y tế
2022-02-18,1768.5,1825.89,1765.28,1825.89,1375500,VNHEAL,Y tế
2022-02-21,1831.59,1848.34,1813.44,1823.44,1105300,VNHEAL,Y tế
2022-02-22,1822.19,1823.09,1802.85,1821.56,1006900,VNHEAL,Y tế
2022-02-23,1822.94,1850.09,1815.98,1837.52,1181400,VNHEAL,Y tế
2022-02-24,1843.13,1859.32,1806.8,1831.02,1353800,VNHEAL,Y tế
2022-02-25,1833.43,1847.53,1813.33,1847.53,955800,VNHEAL,Y tế
2022-02-28,1842.65,1853.38,1820.85,1835.42,1230600,VNHEAL,Y tế
2022-03-01,1838.38,1863.83,1833.25,1860.67,1489000,VNHEAL,Y tế
2022-03-02,1861.4,1861.4,1816.27,1821.5,1008600,VNHEAL,Y tế
2022-03-03,1820.36,1838.17,1805.52,1829.29,1257900,VNHEAL,Y tế
2022-03-04,1829.57,1846.91,1817.75,1841.96,961900,VNHEAL,Y tế
2022-03-07,1838.9,1839.26,1823.66,1832.01,981600,VNHEAL,Y tế
2022-03-08,1826.33,1868.85,1808.86,1854.42,2430600,VNHEAL,Y tế
2022-03-09,1863.09,1875.57,1838.67,1875.57,1041300,VNHEAL,Y tế
2022-03-10,1877.35,1882.23,1864.78,1872.13,631000,VNHEAL,Y tế
2022-03-11,1870.92,1877.76,1833.53,1840.2,1752100,VNHEAL,Y tế
2022-03-14,1811.23,1857.35,1786.43,1833.55,1557500,VNHEAL,Y tế
2022-03-15,1831.4,1856.44,1824.34,1852.23,1115400,VNHEAL,Y tế
2022-03-16,1851.59,1876.43,1835.32,1875.81,1567000,VNHEAL,Y tế
2022-03-17,1874.3,1887.87,1853.8,1864.22,1015300,VNHEAL,Y tế
2022-03-18,1864.22,1864.22,1844.81,1857.25,881300,VNHEAL,Y tế
2022-03-21,1857.46,1877.52,1845.51,1876.89,1225700,VNHEAL,Y tế
2022-03-22,1868.21,1885.88,1868.21,1885.88,852000,VNHEAL,Y tế
2022-03-23,1882.91,1889.53,1864.77,1872.11,667200,VNHEAL,Y tế
2022-03-24,1870.54,1903.91,1856.03,1903.61,1065500,VNHEAL,Y tế
2022-03-25,1894.25,1945.07,1894.25,1945.07,1136000,VNHEAL,Y tế
2022-03-28,1945.07,1960.22,1935.09,1953.68,1093500,VNHEAL,Y tế
2022-03-29,1952.23,1983.52,1938.92,1976.67,1335500,VNHEAL,Y tế
2022-03-30,1965.72,1985.59,1941.65,1964.22,1018700,VNHEAL,Y tế
2022-03-31,1963.91,1982.77,1951.78,1981.1,804600,VNHEAL,Y tế
2022-04-01,1973.35,1983.67,1962.61,1978.1,582900,VNHEAL,Y tế
2022-04-04,1983.87,1983.87,1955.74,1962.63,1142400,VNHEAL,Y tế
2022-04-05,1956.58,1961.11,1926.51,1948.72,1406500,VNHEAL,Y tế
2022-04-06,1949.55,1951.94,1926.44,1926.44,603200,VNHEAL,Y tế
2022-04-07,1914.48,1931.76,1871.15,1871.15,1401900,VNHEAL,Y tế
2022-04-08,1872.23,1896.86,1865.35,1865.35,1101800,VNHEAL,Y tế
2022-04-12,1870.79,1880.27,1799.98,1799.98,1183000,VNHEAL,Y tế
2022-04-13,1819.07,1850.86,1806.73,1847.13,1449000,VNHEAL,Y tế
2022-04-14,1847.01,1876.56,1847.01,1869.01,889500,VNHEAL,Y tế
2022-04-15,1871.91,1876.87,1855.04,1867.93,910700,VNHEAL,Y tế
2022-04-18,1867.69,1881.82,1853.59,1881.66,948800,VNHEAL,Y tế
2022-04-19,1870.14,1918.07,1865.56,1879.9,1477900,VNHEAL,Y tế
2022-04-20,1879.54,1886.21,1842.03,1842.28,896000,VNHEAL,Y tế
2022-04-21,1833.33,1857.26,1788.57,1857.26,852600,VNHEAL,Y tế
2022-04-22,1843.76,1857.14,1804.61,1838.27,1000800,VNHEAL,Y tế
2022-04-25,1826.67,1827.62,1745.74,1770.22,1443300,VNHEAL,Y tế
2022-04-26,1737.34,1804.1,1708.44,1804.1,1105500,VNHEAL,Y tế
2022-04-27,1806.72,1806.72,1761.64,1797.29,257300,VNHEAL,Y tế
2022-04-28,1798.02,1802.31,1780.42,1794.74,559500,VNHEAL,Y tế
2022-04-29,1790.51,1805.94,1782.21,1804.17,691600,VNHEAL,Y tế
2022-05-04,1804.87,1804.87,1766.75,1766.75,357000,VNHEAL,Y tế
2022-05-05,1765.7,1768.63,1719.99,1743.71,438900,VNHEAL,Y tế
2022-05-06,1718.81,1737.96,1704.54,1721.17,655900,VNHEAL,Y tế
2022-05-09,1722.71,1722.71,1642.17,1642.17,1010400,VNHEAL,Y tế
2022-05-10,1632.97,1673.4,1577.97,1673.4,643300,VNHEAL,Y tế
2022-05-11,1681.87,1684.98,1654.34,1675.9,367000,VNHEAL,Y tế
2022-05-12,1666.46,1675.72,1615.1,1626.05,869500,VNHEAL,Y tế
2022-05-13,1607.6,1615.65,1564.95,1573.51,1230600,VNHEAL,Y tế
2022-05-16,1572.55,1600.29,1531.76,1564.18,751200,VNHEAL,Y tế
2022-05-17,1564.52,1602.85,1511.12,1602.85,552400,VNHEAL,Y tế
2022-05-18,1622.12,1642.69,1606.84,1631.47,581600,VNHEAL,Y tế
2022-05-19,1589.35,1629.76,1589.11,1618.19,257800,VNHEAL,Y tế
2022-05-20,1614.82,1649.68,1612.91,1649.68,584600,VNHEAL,Y tế
2022-05-23,1650.77,1655.4,1606.86,1635.77,312700,VNHEAL,Y tế
2022-05-24,1634.13,1643.37,1608.86,1643.37,382000,VNHEAL,Y tế
2022-05-25,1644.94,1684.56,1640.68,1684.56,625200,VNHEAL,Y tế
2022-05-26,1684.89,1697.64,1658.67,1697.64,519000,VNHEAL,Y tế
2022-05-27,1693.63,1703.59,1679.72,1703.59,296700,VNHEAL,Y tế
2022-05-30,1702.06,1721.17,1691.1,1693.03,236600,VNHEAL,Y tế
2022-05-31,1693.03,1701.19,1675.3,1688.39,398200,VNHEAL,Y tế
2022-06-01,1660.65,1697.41,1659.05,1674.44,336900,VNHEAL,Y tế
2022-06-02,1670.97,1685.78,1655.03,1664.9,286100,VNHEAL,Y tế
2022-06-03,1645.31,1690.13,1645.05,1688.52,759100,VNHEAL,Y tế
2022-06-06,1696.61,1713.38,1684.93,1684.93,418600,VNHEAL,Y tế
2022-06-07,1684.19,1740.53,1684.16,1732.72,849800,VNHEAL,Y tế
2022-06-08,1735.21,1763.15,1734.67,1749.27,893400,VNHEAL,Y tế
2022-06-09,1785.28,1785.28,1742.65,1767.41,1174000,VNHEAL,Y tế
2022-06-10,1739.72,1762.32,1727.91,1727.91,519300,VNHEAL,Y tế
2022-06-13,1695.08,1700.5,1661.22,1671.27,765600,VNHEAL,Y tế
2022-06-14,1663.92,1668.28,1624.11,1655.78,690200,VNHEAL,Y tế
2022-06-15,1655.78,1674.14,1642.95,1674.14,505300,VNHEAL,Y tế
2022-06-16,1679.22,1684.37,1651.99,1655.79,338300,VNHEAL,Y tế
2022-06-17,1635.52,1645.76,1595.9,1621.32,564200,VNHEAL,Y tế
2022-06-20,1626.77,1635.08,1591.48,1609.91,501200,VNHEAL,Y tế
2022-06-21,1609.39,1615.97,1587.52,1612.49,310500,VNHEAL,Y tế
2022-06-22,1606.48,1628.4,1582.51,1628.4,536900,VNHEAL,Y tế
2022-06-23,1617.2,1649.03,1605.73,1639.06,298100,VNHEAL,Y tế
2022-06-24,1639.06,1643.78,1618.78,1622.06,284600,VNHEAL,Y tế
2022-06-27,1630.58,1642.56,1624.43,1634.58,335100,VNHEAL,Y tế
2022-06-28,1641.53,1649.08,1624.8,1631.67,300600,VNHEAL,Y tế
2022-06-29,1625.13,1641.91,1614.28,1625.94,282400,VNHEAL,Y tế
2022-06-30,1622.87,1648.57,1616.35,1616.35,526100,VNHEAL,Y tế
2022-07-01,1618.51,1641.75,1611.08,1632.7,525300,VNHEAL,Y tế
2022-07-04,1632.7,1672.73,1627.68,1633.28,421400,VNHEAL,Y tế
2022-07-05,1629.01,1654.52,1618.6,1651.03,625000,VNHEAL,Y tế
2022-07-06,1652.77,1657.25,1629.18,1637.13,491200,VNHEAL,Y tế
2022-07-07,1632.23,1637.22,1613.67,1615.59,377200,VNHEAL,Y tế
2022-07-08,1631.64,1646.46,1612.89,1636.81,348600,VNHEAL,Y tế
2022-07-11,1637.85,1648.6,1621.47,1647.14,305400,VNHEAL,Y tế
2022-07-12,1651.15,1665.6,1631.54,1665.6,531900,VNHEAL,Y tế
2022-07-13,1666.69,1674.08,1650.71,1661.0,369500,VNHEAL,Y tế
2022-07-14,1641.8,1670.88,1636.22,1665.58,495800,VNHEAL,Y tế
2022-07-15,1666.09,1674.28,1652.63,1665.46,479600,VNHEAL,Y tế
2022-07-18,1656.14,1669.45,1651.99,1665.51,365500,VNHEAL,Y tế
2022-07-19,1658.1,1663.3,1640.05,1650.58,475000,VNHEAL,Y tế
2022-07-20,1642.98,1677.56,1631.32,1667.83,957600,VNHEAL,Y tế
2022-07-21,1674.07,1705.5,1674.07,1699.86,833900,VNHEAL,Y tế
2022-07-22,1713.42,1721.09,1701.86,1721.09,660300,VNHEAL,Y tế
2022-07-25,1719.87,1733.33,1694.69,1718.02,438000,VNHEAL,Y tế
2022-07-26,1718.02,1724.01,1705.06,1717.31,518200,VNHEAL,Y tế
2022-07-27,1706.18,1713.98,1682.17,1705.09,521100,VNHEAL,Y tế
2022-07-28,1705.34,1711.36,1689.15,1710.5,672300,VNHEAL,Y tế
2022-07-29,1701.31,1704.62,1687.66,1696.19,409000,VNHEAL,Y tế
2022-08-01,1697.0,1697.0,1676.75,1693.35,953500,VNHEAL,Y tế
2022-08-02,1691.96,1692.65,1667.94,1667.94,966700,VNHEAL,Y tế
2022-08-03,1662.05,1682.67,1655.72,1679.99,585800,VNHEAL,Y tế
2022-08-04,1684.77,1684.77,1671.18,1677.87,387600,VNHEAL,Y tế
2022-08-05,1678.44,1678.44,1664.68,1667.98,498500,VNHEAL,Y tế
2022-08-08,1663.27,1681.35,1662.9,1669.93,454500,VNHEAL,Y tế
2022-08-09,1670.83,1677.5,1667.48,1671.76,497200,VNHEAL,Y tế
2022-08-10,1667.9,1672.12,1664.26,1668.15,402400,VNHEAL,Y tế
2022-08-11,1669.95,1686.76,1661.09,1667.23,528500,VNHEAL,Y tế
2022-08-12,1668.55,1668.55,1655.39,1664.92,381500,VNHEAL,Y tế
2022-08-15,1660.37,1671.19,1660.16,1671.19,313800,VNHEAL,Y tế
2022-08-16,1669.06,1680.0,1663.06,1679.7,493900,VNHEAL,Y tế
2022-08-17,1682.22,1717.7,1679.2,1702.39,555900,VNHEAL,Y tế
2022-08-18,1696.94,1715.01,1695.4,1696.08,230700,VNHEAL,Y tế
2022-08-19,1696.08,1696.08,1671.89,1679.85,461300,VNHEAL,Y tế
2022-08-22,1679.85,1691.83,1661.63,1677.49,534200,VNHEAL,Y tế
2022-08-23,1662.15,1671.25,1647.43,1667.3,498400,VNHEAL,Y tế
2022-08-24,1664.24,1688.27,1664.24,1678.64,297600,VNHEAL,Y tế
2022-08-25,1682.44,1686.64,1667.17,1676.34,266300,VNHEAL,Y tế
2022-08-26,1660.97,1673.11,1646.66,1668.78,394800,VNHEAL,Y tế
2022-08-29,1645.92,1652.38,1627.1,1640.59,458400,VNHEAL,Y tế
2022-08-30,1643.87,1650.23,1628.32,1632.84,829700,VNHEAL,Y tế
2022-08-31,1633.55,1640.0,1626.16,1635.09,333400,VNHEAL,Y tế
2022-09-05,1628.72,1641.3,1628.72,1637.52,440500,VNHEAL,Y tế
2022-09-06,1637.26,1661.11,1634.05,1650.01,699200,VNHEAL,Y tế
2022-09-07,1645.23,1653.74,1628.95,1628.95,293100,VNHEAL,Y tế
2022-09-08,1629.81,1629.94,1613.24,1619.94,291000,VNHEAL,Y tế
2022-09-09,1614.89,1623.98,1596.1,1617.68,300900,VNHEAL,Y tế
2022-09-12,1615.39,1640.58,1609.19,1640.58,308558,VNHEAL,Y tế
2022-09-13,1641.05,1642.48,1618.61,1642.48,381400,VNHEAL,Y tế
2022-09-14,1630.41,1630.95,1607.01,1629.0,395300,VNHEAL,Y tế
2022-09-15,1628.42,1639.74,1623.08,1636.38,335700,VNHEAL,Y tế
2022-09-16,1635.25,1643.74,1624.69,1632.88,588900,VNHEAL,Y tế
2022-09-19,1631.08,1636.38,1597.44,1612.43,302100,VNHEAL,Y tế
2022-09-20,1610.6,1615.73,1591.76,1614.87,194700,VNHEAL,Y tế
2022-09-21,1609.82,1622.16,1596.92,1614.92,133300,VNHEAL,Y tế
2022-09-22,1613.99,1628.26,1598.71,1628.26,234200,VNHEAL,Y tế
2022-09-23,1633.88,1645.27,1615.06,1631.25,279900,VNHEAL,Y tế
2022-09-26,1629.11,1629.11,1588.11,1614.52,332200,VNHEAL,Y tế
2022-09-27,1612.46,1621.47,1590.15,1621.47,306900,VNHEAL,Y tế
2022-09-28,1622.0,1622.0,1591.88,1599.63,402828,VNHEAL,Y tế
2022-09-29,1599.63,1619.54,1584.82,1601.48,351077,VNHEAL,Y tế
2022-09-30,1592.97,1601.99,1548.87,1591.25,441923,VNHEAL,Y tế
2022-10-03,1570.56,1578.45,1533.18,1534.19,558170,VNHEAL,Y tế
2022-10-04,1533.28,1551.88,1519.76,1526.45,340874,VNHEAL,Y tế
2022-10-05,1528.05,1551.13,1525.1,1550.02,193461,VNHEAL,Y tế
2022-10-06,1549.09,1556.36,1509.52,1509.55,288080,VNHEAL,Y tế
2022-10-07,1487.21,1501.09,1465.29,1480.13,592820,VNHEAL,Y tế
2022-10-10,1453.22,1480.97,1451.85,1480.64,373906,VNHEAL,Y tế
2022-10-11,1482.94,1484.86,1444.73,1461.91,388339,VNHEAL,Y tế
2022-10-12,1453.8,1468.67,1442.02,1468.31,267504,VNHEAL,Y tế
2022-10-13,1466.31,1471.57,1451.54,1466.76,189653,VNHEAL,Y tế
2022-10-14,1465.37,1493.86,1458.34,1485.41,248543,VNHEAL,Y tế
2022-10-17,1485.41,1485.41,1460.99,1465.08,142950,VNHEAL,Y tế
2022-10-18,1463.53,1479.01,1459.47,1474.3,194342,VNHEAL,Y tế
2022-10-19,1472.9,1477.44,1457.96,1472.47,101050,VNHEAL,Y tế
2022-10-20,1479.82,1481.11,1466.52,1469.04,104161,VNHEAL,Y tế
2022-10-21,1468.15,1469.09,1417.88,1437.59,359293,VNHEAL,Y tế
2022-10-24,1438.61,1438.77,1388.58,1397.97,335008,VNHEAL,Y tế
2022-10-25,1383.64,1394.26,1361.19,1375.44,596424,VNHEAL,Y tế
2022-10-26,1374.77,1391.35,1364.81,1378.07,368203,VNHEAL,Y tế
2022-10-27,1374.36,1399.48,1374.09,1396.93,487169,VNHEAL,Y tế
2022-10-28,1397.46,1413.05,1397.46,1407.86,755987,VNHEAL,Y tế
2022-10-31,1407.86,1426.93,1387.15,1414.41,339764,VNHEAL,Y tế
2022-11-01,1425.28,1431.13,1404.03,1418.83,184268,VNHEAL,Y tế
2022-11-02,1418.83,1419.78,1405.97,1418.79,790851,VNHEAL,Y tế
2022-11-03,1417.73,1420.9,1410.07,1420.9,186771,VNHEAL,Y tế
2022-11-04,1420.47,1423.12,1385.87,1401.96,292545,VNHEAL,Y tế
2022-11-07,1401.96,1404.98,1358.5,1388.69,282635,VNHEAL,Y tế
2022-11-08,1325.33,1387.0,1322.88,1387.0,452385,VNHEAL,Y tế
2022-11-09,1386.02,1398.25,1350.56,1395.91,384783,VNHEAL,Y tế
2022-11-10,1393.09,1393.09,1330.81,1368.0,466065,VNHEAL,Y tế
2022-11-11,1340.11,1368.43,1331.32,1368.43,429527,VNHEAL,Y tế
2022-11-14,1370.41,1370.41,1302.19,1357.84,426166,VNHEAL,Y tế
2022-11-15,1359.08,1359.74,1282.76,1332.02,458400,VNHEAL,Y tế
2022-11-16,1327.11,1357.25,1263.89,1357.25,777998,VNHEAL,Y tế
2022-11-17,1368.59,1379.22,1355.67,1379.22,429189,VNHEAL,Y tế
2022-11-18,1373.72,1381.64,1357.32,1378.93,523136,VNHEAL,Y tế
2022-11-21,1378.93,1382.92,1359.42,1382.92,287556,VNHEAL,Y tế
2022-11-22,1382.92,1388.34,1373.96,1387.42,345194,VNHEAL,Y tế
2022-11-23,1388.63,1389.43,1360.33,1389.43,219130,VNHEAL,Y tế
2022-11-24,1386.04,1389.7,1352.59,1389.7,204623,VNHEAL,Y tế
2022-11-25,1387.58,1396.98,1366.43,1396.98,404348,VNHEAL,Y tế
2022-11-28,1410.14,1427.94,1388.66,1417.59,590712,VNHEAL,Y tế
2022-11-29,1416.54,1426.5,1407.91,1413.17,495103,VNHEAL,Y tế
2022-11-30,1417.16,1434.14,1404.24,1434.14,546043,VNHEAL,Y tế
2022-12-01,1428.87,1454.81,1422.53,1433.45,321306,VNHEAL,Y tế
2022-12-02,1431.76,1446.87,1423.41,1446.87,315166,VNHEAL,Y tế
2022-12-05,1425.76,1477.46,1425.76,1477.46,410396,VNHEAL,Y tế
2022-12-06,1476.45,1477.22,1445.0,1458.29,498230,VNHEAL,Y tế
2022-12-07,1448.74,1458.93,1440.55,1454.31,450048,VNHEAL,Y tế
2022-12-08,1454.31,1466.5,1438.57,1446.24,308681,VNHEAL,Y tế
2022-12-09,1446.24,1448.87,1432.32,1445.77,371747,VNHEAL,Y tế
2022-12-12,1441.75,1458.47,1431.89,1447.57,274942,VNHEAL,Y tế
2022-12-13,1448.55,1453.8,1439.08,1453.8,137697,VNHEAL,Y tế
2022-12-14,1453.8,1463.7,1446.79,1459.11,196436,VNHEAL,Y tế
2022-12-15,1459.11,1463.55,1456.85,1462.86,181591,VNHEAL,Y tế
2022-12-16,1462.79,1485.98,1455.12,1485.98,203480,VNHEAL,Y tế
2022-12-19,1485.98,1495.92,1461.87,1495.92,193990,VNHEAL,Y tế
2022-12-20,1495.99,1495.99,1448.23,1484.82,328175,VNHEAL,Y tế
2022-12-21,1482.78,1487.24,1453.04,1473.08,346262,VNHEAL,Y tế
2022-12-22,1468.55,1487.88,1465.19,1485.74,283890,VNHEAL,Y tế
2022-12-23,1477.99,1490.2,1469.11,1490.2,584729,VNHEAL,Y tế
2022-12-26,1482.29,1500.24,1479.43,1493.09,383451,VNHEAL,Y tế
2022-12-27,1486.48,1496.7,1484.26,1496.7,429219,VNHEAL,Y tế
2022-12-28,1500.29,1501.97,1457.13,1482.99,574876,VNHEAL,Y tế
2022-12-29,1482.99,1505.62,1469.96,1505.62,360204,VNHEAL,Y tế
2022-12-30,1495.46,1523.43,1479.25,1523.43,383065,VNHEAL,Y tế
2023-01-03,1521.84,1523.43,1496.26,1521.06,305272,VNHEAL,Y tế
2023-01-04,1522.6,1524.29,1483.87,1510.39,257989,VNHEAL,Y tế
2023-01-05,1489.21,1513.28,1485.05,1496.38,357613,VNHEAL,Y tế
2023-01-06,1494.79,1523.08,1485.4,1523.08,656299,VNHEAL,Y tế
2023-01-09,1523.5,1530.19,1481.15,1530.19,391017,VNHEAL,Y tế
2023-01-10,1531.19,1531.92,1513.17,1527.72,202932,VNHEAL,Y tế
2023-01-11,1529.35,1532.16,1514.82,1532.16,261422,VNHEAL,Y tế
2023-01-12,1529.35,1532.7,1511.9,1522.74,236042,VNHEAL,Y tế
2023-01-13,1518.79,1540.29,1518.79,1540.29,316873,VNHEAL,Y tế
2023-01-16,1524.9,1531.58,1517.99,1529.87,206441,VNHEAL,Y tế
2023-01-17,1538.84,1538.93,1508.78,1508.78,615419,VNHEAL,Y tế
2023-01-18,1511.67,1523.82,1505.64,1522.78,322873,VNHEAL,Y tế
2023-01-19,1517.14,1552.19,1517.14,1552.19,624334,VNHEAL,Y tế
2023-01-27,1558.4,1559.72,1537.39,1555.25,199141,VNHEAL,Y tế
2023-01-30,1557.43,1557.43,1539.79,1551.15,256345,VNHEAL,Y tế
2023-01-31,1550.78,1578.32,1541.81,1578.32,236947,VNHEAL,Y tế
2023-02-01,1579.25,1579.5,1544.83,1565.45,329057,VNHEAL,Y tế
2023-02-02,1564.64,1572.65,1538.71,1572.65,193157,VNHEAL,Y tế
2023-02-03,1572.65,1573.98,1550.66,1571.61,531538,VNHEAL,Y tế
2023-02-06,1571.73,1572.85,1544.15,1572.85,260432,VNHEAL,Y tế
2023-02-07,1570.46,1585.4,1559.76,1584.57,540958,VNHEAL,Y tế
2023-02-08,1583.87,1595.07,1569.93,1588.21,534248,VNHEAL,Y tế
2023-02-09,1593.23,1601.69,1583.01,1592.86,447455,VNHEAL,Y tế
2023-02-10,1592.86,1599.32,1569.32,1599.32,279085,VNHEAL,Y tế
2023-02-13,1594.3,1595.62,1575.82,1592.13,256031,VNHEAL,Y tế
2023-02-14,1584.37,1591.2,1574.5,1587.2,185390,VNHEAL,Y tế
2023-02-15,1587.2,1594.07,1577.37,1594.07,175355,VNHEAL,Y tế
2023-02-16,1600.51,1601.9,1585.43,1596.67,196933,VNHEAL,Y tế
2023-02-17,1594.66,1600.31,1586.33,1598.58,155980,VNHEAL,Y tế
2023-02-20,1598.58,1602.33,1585.49,1589.6,333378,VNHEAL,Y tế
2023-02-21,1590.72,1605.03,1582.35,1589.2,334395,VNHEAL,Y tế
2023-02-22,1583.62,1598.6,1576.46,1592.77,283221,VNHEAL,Y tế
2023-02-23,1592.77,1615.32,1545.67,1582.45,348212,VNHEAL,Y tế
2023-02-24,1577.3,1584.36,1554.81,1565.73,277069,VNHEAL,Y tế
2023-02-27,1565.95,1572.53,1546.28,1558.2,394810,VNHEAL,Y tế
2023-02-28,1558.2,1576.23,1552.0,1563.87,296200,VNHEAL,Y tế
2023-03-01,1563.5,1564.96,1549.3,1559.43,557236,VNHEAL,Y tế
2023-03-02,1558.89,1564.68,1534.02,1546.93,309139,VNHEAL,Y tế
2023-03-03,1546.79,1557.2,1529.43,1546.24,357539,VNHEAL,Y tế
2023-03-06,1546.33,1548.57,1500.87,1500.87,274592,VNHEAL,Y tế
2023-03-07,1484.89,1534.93,1484.89,1534.93,418650,VNHEAL,Y tế
2023-03-08,1542.96,1545.7,1517.08,1533.55,370720,VNHEAL,Y tế
2023-03-09,1531.84,1533.43,1519.37,1523.68,427866,VNHEAL,Y tế
2023-03-10,1527.5,1527.56,1511.98,1518.61,228025,VNHEAL,Y tế
2023-03-13,1518.77,1525.59,1506.75,1522.19,278724,VNHEAL,Y tế
2023-03-14,1520.4,1520.86,1496.9,1507.58,335667,VNHEAL,Y tế
2023-03-15,1506.02,1517.96,1497.95,1517.96,703305,VNHEAL,Y tế
2023-03-16,1517.96,1519.31,1496.28,1516.72,233978,VNHEAL,Y tế
2023-03-17,1518.14,1525.18,1499.8,1525.18,328742,VNHEAL,Y tế
2023-03-20,1518.16,1527.04,1503.35,1516.89,362654,VNHEAL,Y tế
2023-03-21,1516.89,1521.29,1506.28,1510.06,343360,VNHEAL,Y tế
2023-03-22,1502.26,1502.26,1479.01,1489.05,244670,VNHEAL,Y tế
2023-03-23,1488.58,1488.58,1476.04,1486.59,322253,VNHEAL,Y tế
2023-03-24,1486.97,1488.42,1470.04,1488.42,792297,VNHEAL,Y tế
2023-03-27,1485.52,1487.6,1470.84,1478.51,341692,VNHEAL,Y tế
2023-03-28,1479.06,1482.98,1475.05,1477.99,343614,VNHEAL,Y tế
2023-03-29,1468.29,1474.71,1465.63,1472.35,364874,VNHEAL,Y tế
2023-03-30,1467.67,1475.64,1464.28,1475.2,562158,VNHEAL,Y tế
2023-03-31,1475.86,1478.61,1470.2,1475.59,292040,VNHEAL,Y tế
2023-04-03,1474.02,1483.05,1472.58,1481.83,329420,VNHEAL,Y tế
2023-04-04,1481.89,1486.52,1472.86,1486.52,283690,VNHEAL,Y tế
2023-04-05,1484.08,1504.74,1483.41,1504.74,429687,VNHEAL,Y tế
2023-04-06,1506.91,1511.67,1491.55,1501.08,397300,VNHEAL,Y tế
2023-04-07,1503.47,1503.47,1490.14,1496.17,225390,VNHEAL,Y tế
2023-04-10,1492.16,1506.23,1488.82,1494.77,420939,VNHEAL,Y tế
2023-04-11,1495.98,1495.98,1485.26,1493.1,305166,VNHEAL,Y tế
2023-04-12,1493.19,1495.23,1484.47,1492.96,641142,VNHEAL,Y tế
2023-04-13,1492.81,1515.48,1486.78,1515.48,652059,VNHEAL,Y tế
2023-04-14,1508.76,1523.95,1508.19,1513.15,314127,VNHEAL,Y tế
2023-04-17,1515.91,1516.63,1502.03,1513.59,505944,VNHEAL,Y tế
2023-04-18,1513.53,1514.09,1497.92,1508.97,402471,VNHEAL,Y tế
2023-04-19,1515.28,1517.36,1497.26,1505.71,487604,VNHEAL,Y tế
2023-04-20,1534.79,1534.79,1517.31,1534.16,456222,VNHEAL,Y tế
2023-04-21,1546.8,1580.72,1540.07,1580.72,954860,VNHEAL,Y tế
2023-04-24,1586.14,1613.55,1586.14,1613.55,545271,VNHEAL,Y tế
2023-04-25,1613.55,1614.6,1566.99,1594.36,467850,VNHEAL,Y tế
2023-04-26,1594.36,1594.36,1560.93,1591.97,311657,VNHEAL,Y tế
2023-04-27,1590.6,1593.6,1571.38,1592.11,492455,VNHEAL,Y tế
2023-04-28,1577.21,1594.33,1572.97,1594.33,508237,VNHEAL,Y tế
2023-05-04,1598.84,1631.47,1572.03,1631.47,574695,VNHEAL,Y tế
2023-05-05,1638.76,1638.76,1599.77,1616.11,621266,VNHEAL,Y tế
2023-05-08,1616.91,1639.81,1609.21,1615.97,632769,VNHEAL,Y tế
2023-05-09,1615.97,1617.51,1595.21,1595.21,805467,VNHEAL,Y tế
2023-05-10,1595.16,1600.55,1580.9,1600.55,253004,VNHEAL,Y tế
2023-05-11,1608.42,1609.2,1588.39,1601.5,684631,VNHEAL,Y tế
2023-05-12,1600.97,1611.8,1596.06,1599.16,379747,VNHEAL,Y tế
2023-05-15,1597.7,1607.28,1589.35,1607.05,411759,VNHEAL,Y tế
2023-05-16,1599.65,1607.87,1589.6,1601.97,254237,VNHEAL,Y tế
2023-05-17,1593.9,1605.25,1582.15,1605.25,338214,VNHEAL,Y tế
2023-05-18,1605.25,1606.36,1589.61,1600.34,315171,VNHEAL,Y tế
2023-05-19,1596.5,1609.23,1585.63,1609.23,550497,VNHEAL,Y tế
2023-05-22,1610.02,1616.68,1592.61,1616.68,617163,VNHEAL,Y tế
2023-05-23,1611.3,1615.41,1595.54,1615.41,476488,VNHEAL,Y tế
2023-05-24,1613.57,1616.53,1598.12,1613.96,360803,VNHEAL,Y tế
2023-05-25,1604.82,1631.23,1602.51,1623.77,436459,VNHEAL,Y tế
2023-05-26,1622.98,1630.0,1616.39,1624.25,274407,VNHEAL,Y tế
2023-05-29,1624.25,1632.36,1617.17,1632.36,349290,VNHEAL,Y tế
2023-05-30,1623.48,1629.5,1612.65,1629.5,682322,VNHEAL,Y tế
2023-05-31,1629.5,1629.5,1609.03,1621.6,517760,VNHEAL,Y tế
2023-06-01,1620.23,1623.43,1601.35,1601.35,291978,VNHEAL,Y tế
2023-06-02,1606.43,1634.25,1605.59,1631.99,530629,VNHEAL,Y tế
2023-06-05,1631.85,1632.72,1603.27,1626.71,362002,VNHEAL,Y tế
2023-06-06,1627.81,1633.24,1603.5,1620.43,327919,VNHEAL,Y tế
2023-06-07,1619.61,1623.09,1604.04,1623.09,378485,VNHEAL,Y tế
2023-06-08,1620.95,1623.89,1612.76,1618.18,477568,VNHEAL,Y tế
2023-06-09,1620.4,1678.96,1615.06,1676.95,1317422,VNHEAL,Y tế
2023-06-12,1710.63,1722.97,1701.24,1704.36,763967,VNHEAL,Y tế
2023-06-13,1711.97,1719.67,1690.08,1707.77,974096,VNHEAL,Y tế
2023-06-14,1719.96,1745.13,1697.83,1697.83,552561,VNHEAL,Y tế
2023-06-15,1696.82,1710.49,1678.16,1678.16,316055,VNHEAL,Y tế
2023-06-16,1679.51,1710.5,1670.58,1702.33,942018,VNHEAL,Y tế
2023-06-19,1702.33,1719.59,1699.29,1709.53,541510,VNHEAL,Y tế
2023-06-20,1711.42,1733.45,1709.23,1716.24,335264,VNHEAL,Y tế
2023-06-21,1716.98,1722.32,1700.75,1713.51,875930,VNHEAL,Y tế
2023-06-22,1714.3,1722.3,1706.8,1708.6,585558,VNHEAL,Y tế
2023-06-23,1705.61,1713.68,1696.81,1705.58,633462,VNHEAL,Y tế
2023-06-26,1705.58,1716.1,1683.43,1716.1,356352,VNHEAL,Y tế
2023-06-27,1713.41,1726.93,1711.39,1726.93,460119,VNHEAL,Y tế
2023-06-28,1726.93,1739.86,1716.21,1716.21,305914,VNHEAL,Y tế
2023-06-29,1716.21,1717.65,1693.99,1714.17,258118,VNHEAL,Y tế
2023-06-30,1711.96,1712.25,1694.07,1712.25,278607,VNHEAL,Y tế
2023-07-03,1710.65,1716.51,1690.95,1705.57,296791,VNHEAL,Y tế
2023-07-04,1706.0,1719.28,1703.36,1711.29,259434,VNHEAL,Y tế
2023-07-05,1710.55,1711.97,1699.02,1708.02,321288,VNHEAL,Y tế
2023-07-06,1705.53,1727.28,1701.83,1727.28,351265,VNHEAL,Y tế
2023-07-07,1729.19,1731.94,1717.22,1722.78,368480,VNHEAL,Y tế
2023-07-10,1728.43,1747.23,1720.18,1743.4,379953,VNHEAL,Y tế
2023-07-11,1745.46,1752.46,1736.0,1742.62,310065,VNHEAL,Y tế
2023-07-12,1742.62,1753.1,1730.05,1746.66,338702,VNHEAL,Y tế
2023-07-13,1748.9,1750.64,1728.9,1736.2,404466,VNHEAL,Y tế
2023-07-14,1736.68,1755.81,1733.88,1744.43,1022822,VNHEAL,Y tế
2023-07-17,1742.82,1765.97,1742.82,1762.53,822903,VNHEAL,Y tế
2023-07-18,1761.77,1772.85,1741.92,1770.25,557133,VNHEAL,Y tế
2023-07-19,1780.96,1787.81,1770.9,1787.81,830344,VNHEAL,Y tế
2023-07-20,1778.64,1824.54,1778.64,1815.62,753937,VNHEAL,Y tế
2023-07-21,1813.15,1813.15,1772.18,1786.77,764169,VNHEAL,Y tế
2023-07-24,1786.64,1804.52,1766.31,1796.74,661260,VNHEAL,Y tế
2023-07-25,1811.6,1811.6,1785.65,1796.73,476775,VNHEAL,Y tế
2023-07-26,1796.73,1800.12,1775.34,1780.62,513809,VNHEAL,Y tế
2023-07-27,1781.64,1793.42,1751.36,1758.82,544901,VNHEAL,Y tế
2023-07-28,1754.86,1770.08,1753.37,1769.8,565288,VNHEAL,Y tế
2023-07-31,1769.27,1771.4,1753.22,1762.95,720136,VNHEAL,Y tế
2023-08-01,1765.73,1771.57,1730.44,1730.44,977226,VNHEAL,Y tế
2023-08-02,1728.28,1736.19,1725.29,1734.21,505926,VNHEAL,Y tế
2023-08-03,1731.0,1749.49,1729.97,1731.62,430796,VNHEAL,Y tế
2023-08-04,1744.98,1747.39,1725.67,1734.32,396852,VNHEAL,Y tế
2023-08-07,1734.06,1740.01,1724.6,1737.86,456184,VNHEAL,Y tế
2023-08-08,1728.5,1740.13,1727.07,1732.72,417549,VNHEAL,Y tế
2023-08-09,1736.99,1740.7,1729.65,1737.54,397998,VNHEAL,Y tế
2023-08-10,1737.57,1741.61,1727.68,1729.14,350469,VNHEAL,Y tế
2023-08-11,1729.14,1732.18,1718.41,1732.18,311869,VNHEAL,Y tế
2023-08-14,1732.57,1733.47,1716.63,1723.11,541219,VNHEAL,Y tế
2023-08-15,1722.6,1743.86,1718.05,1743.86,572871,VNHEAL,Y tế
2023-08-16,1748.13,1756.69,1728.48,1733.16,429729,VNHEAL,Y tế
2023-08-17,1735.84,1745.04,1726.01,1740.62,743947,VNHEAL,Y tế
2023-08-18,1725.04,1735.87,1680.24,1684.48,976540,VNHEAL,Y tế
2023-08-21,1666.93,1684.89,1656.18,1679.08,403310,VNHEAL,Y tế
2023-08-22,1679.08,1686.74,1652.27,1673.39,346220,VNHEAL,Y tế
2023-08-23,1669.28,1683.79,1663.48,1671.19,383119,VNHEAL,Y tế
2023-08-24,1671.19,1682.85,1670.34,1682.85,287067,VNHEAL,Y tế
2023-08-25,1682.85,1689.14,1675.38,1685.96,386123,VNHEAL,Y tế
2023-08-28,1683.4,1711.63,1683.4,1704.66,368704,VNHEAL,Y tế
2023-08-29,1706.37,1712.89,1692.75,1695.45,297393,VNHEAL,Y tế
2023-08-30,1695.45,1707.68,1680.29,1683.15,427609,VNHEAL,Y tế
2023-08-31,1688.29,1704.49,1680.2,1704.49,366581,VNHEAL,Y tế
2023-09-05,1699.47,1709.75,1694.38,1703.33,280367,VNHEAL,Y tế
2023-09-06,1707.54,1724.6,1695.9,1724.6,489703,VNHEAL,Y tế
2023-09-07,1722.4,1726.74,1712.69,1724.12,346731,VNHEAL,Y tế
2023-09-08,1723.26,1730.24,1719.83,1721.51,417087,VNHEAL,Y tế
2023-09-11,1723.08,1733.2,1713.22,1719.4,385355,VNHEAL,Y tế
2023-09-12,1717.43,1725.88,1712.94,1725.24,316172,VNHEAL,Y tế
2023-09-13,1726.39,1729.92,1715.31,1729.38,453963,VNHEAL,Y tế
2023-09-14,1733.51,1738.85,1712.38,1727.86,287039,VNHEAL,Y tế
2023-09-15,1728.96,1740.1,1715.63,1736.51,473064,VNHEAL,Y tế
2023-09-18,1737.46,1774.1,1729.31,1752.64,400948,VNHEAL,Y tế
2023-09-19,1752.93,1752.93,1735.47,1748.52,301566,VNHEAL,Y tế
2023-09-20,1749.72,1759.88,1744.94,1759.88,327075,VNHEAL,Y tế
2023-09-21,1759.88,1763.3,1750.02,1755.38,274643,VNHEAL,Y tế
2023-09-22,1749.38,1754.76,1719.22,1754.76,481830,VNHEAL,Y tế
2023-09-25,1742.74,1752.76,1701.79,1718.64,265730,VNHEAL,Y tế
2023-09-26,1718.4,1728.32,1691.88,1728.32,582052,VNHEAL,Y tế
2023-09-27,1727.95,1731.2,1697.48,1731.2,381515,VNHEAL,Y tế
2023-09-28,1720.98,1722.79,1687.89,1713.72,303367,VNHEAL,Y tế
2023-09-29,1713.72,1731.98,1713.72,1719.09,301950,VNHEAL,Y tế
2023-10-02,1723.26,1738.04,1718.76,1725.41,214524,VNHEAL,Y tế
2023-10-03,1738.38,1738.38,1698.74,1729.51,477256,VNHEAL,Y tế
2023-10-04,1733.89,1738.88,1714.27,1737.35,300287,VNHEAL,Y tế
2023-10-05,1735.49,1747.92,1705.22,1719.31,385769,VNHEAL,Y tế
2023-10-06,1716.73,1723.94,1689.73,1723.94,466737,VNHEAL,Y tế
2023-10-09,1724.63,1729.29,1711.94,1729.29,445799,VNHEAL,Y tế
2023-10-10,1745.14,1756.2,1727.95,1756.0,599228,VNHEAL,Y tế
2023-10-11,1755.99,1756.77,1732.81,1741.99,336818,VNHEAL,Y tế
2023-10-12,1741.65,1752.07,1733.0,1750.16,748692,VNHEAL,Y tế
2023-10-13,1750.81,1760.89,1710.36,1760.89,480877,VNHEAL,Y tế
2023-10-16,1759.52,1765.02,1731.07,1746.54,470172,VNHEAL,Y tế
2023-10-17,1743.12,1762.3,1735.09,1735.09,521395,VNHEAL,Y tế
2023-10-18,1737.76,1748.61,1715.13,1718.72,321097,VNHEAL,Y tế
2023-10-19,1708.54,1723.13,1691.74,1704.3,528976,VNHEAL,Y tế
2023-10-20,1701.63,1730.76,1690.49,1730.76,286950,VNHEAL,Y tế
2023-10-23,1731.21,1736.43,1703.76,1736.43,518972,VNHEAL,Y tế
2023-10-24,1728.97,1736.41,1705.96,1736.41,221481,VNHEAL,Y tế
2023-10-25,1719.05,1739.45,1719.05,1734.52,182836,VNHEAL,Y tế
2023-10-26,1730.25,1730.25,1633.53,1668.33,562880,VNHEAL,Y tế
2023-10-27,1666.66,1704.59,1645.88,1704.59,395431,VNHEAL,Y tế
2023-10-30,1695.51,1704.28,1682.78,1697.19,306039,VNHEAL,Y tế
2023-10-31,1675.83,1689.67,1660.07,1680.73,283457,VNHEAL,Y tế
2023-11-01,1677.59,1678.87,1657.84,1678.87,320708,VNHEAL,Y tế
2023-11-02,1695.12,1697.78,1671.78,1697.78,485062,VNHEAL,Y tế
2023-11-03,1702.05,1712.46,1689.3,1698.38,334383,VNHEAL,Y tế
2023-11-06,1698.38,1700.83,1682.06,1696.75,277750,VNHEAL,Y tế
2023-11-07,1693.08,1696.99,1672.11,1688.58,222908,VNHEAL,Y tế
2023-11-08,1678.86,1700.24,1671.9,1699.08,453404,VNHEAL,Y tế
2023-11-09,1698.25,1709.76,1691.88,1704.63,494097,VNHEAL,Y tế
2023-11-10,1699.35,1701.49,1680.36,1696.55,470412,VNHEAL,Y tế
2023-11-13,1698.06,1698.26,1676.74,1680.44,349053,VNHEAL,Y tế
2023-11-14,1677.66,1686.5,1671.18,1679.33,347818,VNHEAL,Y tế
2023-11-15,1675.21,1690.93,1671.32,1688.94,527054,VNHEAL,Y tế
2023-11-16,1687.59,1701.63,1686.59,1695.07,475735,VNHEAL,Y tế
2023-11-17,1690.36,1693.33,1669.45,1687.44,463968,VNHEAL,Y tế
2023-11-20,1662.93,1684.66,1656.71,1684.66,415936,VNHEAL,Y tế
2023-11-21,1668.01,1683.6,1656.98,1683.6,345955,VNHEAL,Y tế
2023-11-22,1683.8,1685.38,1664.66,1680.93,334603,VNHEAL,Y tế
2023-11-23,1680.93,1682.34,1667.97,1667.97,402315,VNHEAL,Y tế
2023-11-24,1669.64,1670.22,1654.47,1659.12,277056,VNHEAL,Y tế
2023-11-27,1659.12,1662.2,1635.28,1635.28,208079,VNHEAL,Y tế
2023-11-28,1638.06,1653.68,1638.06,1638.4,280543,VNHEAL,Y tế
2023-11-29,1638.4,1658.03,1624.31,1642.93,319560,VNHEAL,Y tế
2023-11-30,1643.69,1692.6,1643.69,1692.6,631120,VNHEAL,Y tế
2023-12-01,1678.69,1694.33,1671.61,1688.37,242716,VNHEAL,Y tế
2023-12-04,1688.69,1696.71,1681.51,1696.62,674365,VNHEAL,Y tế
2023-12-05,1699.16,1701.72,1681.76,1686.74,341302,VNHEAL,Y tế
2023-12-06,1681.19,1690.08,1674.41,1689.97,393844,VNHEAL,Y tế
2023-12-07,1690.22,1714.13,1688.94,1706.28,807930,VNHEAL,Y tế
2023-12-08,1706.51,1714.26,1680.99,1680.99,400657,VNHEAL,Y tế
2023-12-11,1685.38,1688.29,1670.69,1682.37,406735,VNHEAL,Y tế
2023-12-12,1689.48,1689.48,1666.97,1679.32,488458,VNHEAL,Y tế
2023-12-13,1683.31,1683.31,1661.59,1680.71,730740,VNHEAL,Y tế
2023-12-14,1669.79,1678.91,1651.49,1663.02,732378,VNHEAL,Y tế
2023-12-15,1673.35,1673.98,1632.27,1665.29,810699,VNHEAL,Y tế
2023-12-18,1664.46,1666.63,1618.48,1647.09,588075,VNHEAL,Y tế
2023-12-19,1645.49,1645.49,1610.0,1632.48,752945,VNHEAL,Y tế
2023-12-20,1633.31,1639.3,1613.47,1639.3,675570,VNHEAL,Y tế
2023-12-21,1635.04,1635.04,1605.87,1627.69,546867,VNHEAL,Y tế
2023-12-22,1619.58,1625.35,1605.53,1625.35,542501,VNHEAL,Y tế
2023-12-25,1618.68,1633.34,1607.9,1633.34,525632,VNHEAL,Y tế
2023-12-26,1629.38,1633.43,1611.35,1618.59,654343,VNHEAL,Y tế
2023-12-27,1622.53,1650.13,1621.29,1650.13,597540,VNHEAL,Y tế
2023-12-28,1653.43,1664.41,1650.28,1660.32,531948,VNHEAL,Y tế
2023-12-29,1660.23,1670.09,1648.37,1664.88,489367,VNHEAL,Y tế
2024-01-02,1680.79,1686.46,1642.57,1642.57,649935,VNHEAL,Y tế
2024-01-03,1642.17,1682.77,1639.28,1682.77,589090,VNHEAL,Y tế
2024-01-04,1680.76,1695.01,1668.68,1682.56,666692,VNHEAL,Y tế
2024-01-05,1682.56,1699.95,1670.3,1697.24,720664,VNHEAL,Y tế
2024-01-08,1702.58,1704.52,1675.14,1694.41,682232,VNHEAL,Y tế
2024-01-09,1694.41,1694.88,1668.05,1694.88,534036,VNHEAL,Y tế
2024-01-10,1694.88,1694.97,1658.17,1681.73,525343,VNHEAL,Y tế
2024-01-11,1682.71,1682.71,1659.92,1679.03,360187,VNHEAL,Y tế
2024-01-12,1679.99,1679.99,1663.51,1669.13,542497,VNHEAL,Y tế
2024-01-15,1669.13,1684.26,1662.03,1676.33,216513,VNHEAL,Y tế
2024-01-16,1673.36,1678.81,1656.92,1678.45,315449,VNHEAL,Y tế
2024-01-17,1674.62,1685.63,1670.78,1685.63,202380,VNHEAL,Y tế
2024-01-18,1686.59,1688.38,1669.21,1687.99,290738,VNHEAL,Y tế
2024-01-19,1683.78,1689.76,1673.86,1689.76,245524,VNHEAL,Y tế
2024-01-22,1685.58,1690.74,1675.16,1690.74,261212,VNHEAL,Y tế
2024-01-23,1686.07,1691.13,1677.67,1686.54,278883,VNHEAL,Y tế
2024-01-24,1685.32,1687.65,1674.4,1683.25,305830,VNHEAL,Y tế
2024-01-25,1684.42,1691.47,1672.2,1680.31,179888,VNHEAL,Y tế
2024-01-26,1679.35,1679.35,1654.58,1667.5,668312,VNHEAL,Y tế
2024-01-29,1670.37,1670.37,1653.89,1655.62,377016,VNHEAL,Y tế
2024-01-30,1655.24,1661.6,1649.56,1658.81,286961,VNHEAL,Y tế
2024-01-31,1657.26,1658.46,1650.13,1657.36,494364,VNHEAL,Y tế
2024-02-01,1643.89,1671.47,1642.15,1671.47,374854,VNHEAL,Y tế
2024-02-02,1671.47,1679.6,1667.3,1678.91,403916,VNHEAL,Y tế
2024-02-05,1678.91,1683.42,1664.95,1677.64,901474,VNHEAL,Y tế
2024-02-06,1664.51,1676.55,1662.37,1676.55,495773,VNHEAL,Y tế
2024-02-07,1676.97,1681.15,1662.82,1681.15,776665,VNHEAL,Y tế
2024-02-15,1678.22,1686.89,1671.11,1682.14,1120871,VNHEAL,Y tế
2024-02-16,1682.59,1690.67,1674.34,1678.71,833977,VNHEAL,Y tế
2024-02-19,1681.44,1682.27,1669.87,1681.04,858333,VNHEAL,Y tế
2024-02-20,1681.04,1686.18,1676.71,1686.18,1457318,VNHEAL,Y tế
2024-02-21,1685.77,1686.87,1678.26,1686.87,1154435,VNHEAL,Y tế
2024-02-22,1686.87,1687.96,1676.02,1683.86,992407,VNHEAL,Y tế
2024-02-23,1684.74,1699.66,1678.49,1679.83,1618083,VNHEAL,Y tế
2024-02-26,1677.52,1697.57,1676.88,1695.2,1878111,VNHEAL,Y tế
2024-02-27,1703.03,1745.28,1697.94,1741.4,3183951,VNHEAL,Y tế
2024-02-28,1751.57,1763.37,1738.96,1749.39,1830661,VNHEAL,Y tế
2024-02-29,1749.61,1755.44,1724.2,1755.44,1264659,VNHEAL,Y tế
2024-03-01,1758.59,1770.12,1748.23,1770.12,1831018,VNHEAL,Y tế
2024-03-04,1769.58,1778.08,1757.88,1766.23,1825359,VNHEAL,Y tế
2024-03-05,1764.88,1768.28,1748.09,1760.44,1179027,VNHEAL,Y tế
2024-03-06,1760.44,1784.14,1756.1,1776.34,1304048,VNHEAL,Y tế
2024-03-07,1776.89,1778.35,1760.81,1764.87,954516,VNHEAL,Y tế
2024-03-08,1766.56,1771.71,1743.06,1743.06,1462131,VNHEAL,Y tế
2024-03-11,1747.79,1762.71,1744.69,1746.66,977969,VNHEAL,Y tế
2024-03-12,1751.59,1759.67,1743.02,1751.07,1145748,VNHEAL,Y tế
2024-03-13,1751.07,1769.96,1749.63,1769.96,960189,VNHEAL,Y tế
2024-03-14,1769.95,1771.98,1754.33,1761.01,1209540,VNHEAL,Y tế
2024-03-15,1762.53,1807.5,1761.79,1807.5,2238521,VNHEAL,Y tế
2024-03-18,1812.43,1834.64,1777.03,1803.06,3242721,VNHEAL,Y tế
2024-03-19,1804.08,1811.83,1798.18,1805.63,1386107,VNHEAL,Y tế
2024-03-20,1810.32,1810.32,1788.03,1802.64,1017591,VNHEAL,Y tế
2024-03-21,1801.57,1814.29,1795.89,1811.34,1213435,VNHEAL,Y tế
2024-03-22,1813.38,1821.39,1791.78,1804.26,1931531,VNHEAL,Y tế
2024-03-25,1802.97,1805.58,1779.79,1792.56,1462065,VNHEAL,Y tế
2024-03-26,1790.92,1792.51,1774.63,1792.51,1073408,VNHEAL,Y tế
2024-03-27,1792.51,1798.02,1781.92,1797.91,741245,VNHEAL,Y tế
2024-03-28,1804.58,1804.58,1790.43,1799.03,824074,VNHEAL,Y tế
2024-03-29,1799.23,1801.91,1779.48,1796.87,671211,VNHEAL,Y tế
2024-04-01,1787.39,1796.6,1780.74,1791.99,673083,VNHEAL,Y tế
2024-04-02,1790.73,1790.73,1766.87,1773.44,1214411,VNHEAL,Y tế
2024-04-03,1772.25,1784.92,1768.53,1783.58,811303,VNHEAL,Y tế
2024-04-04,1781.52,1781.52,1747.07,1768.47,1172350,VNHEAL,Y tế
2024-04-05,1761.51,1767.07,1752.3,1767.07,708621,VNHEAL,Y tế
2024-04-08,1766.06,1769.1,1741.05,1760.2,850835,VNHEAL,Y tế
2024-04-09,1760.62,1760.62,1738.53,1757.54,773188,VNHEAL,Y tế
2024-04-10,1757.76,1769.79,1742.56,1767.35,1179093,VNHEAL,Y tế
2024-04-11,1780.62,1780.62,1762.41,1770.72,1076119,VNHEAL,Y tế
2024-04-12,1782.85,1793.37,1772.94,1791.16,1051251,VNHEAL,Y tế
2024-04-15,1790.94,1790.94,1732.67,1732.67,1441368,VNHEAL,Y tế
2024-04-16,1722.31,1729.74,1699.09,1729.74,1684555,VNHEAL,Y tế
2024-04-17,1727.46,1744.34,1718.14,1720.02,880497,VNHEAL,Y tế
2024-04-19,1713.86,1726.8,1684.32,1724.38,1305520,VNHEAL,Y tế
2024-04-22,1720.35,1726.42,1711.86,1719.9,1277584,VNHEAL,Y tế
2024-04-23,1720.34,1720.34,1692.17,1709.27,951247,VNHEAL,Y tế
2024-04-24,1713.29,1735.2,1710.71,1734.75,1039658,VNHEAL,Y tế
2024-04-25,1745.2,1745.2,1714.05,1728.28,578600,VNHEAL,Y tế
2024-04-26,1723.2,1726.7,1708.65,1720.01,739459,VNHEAL,Y tế
2024-05-02,1719.85,1725.42,1714.6,1723.04,760036,VNHEAL,Y tế
2024-05-03,1724.47,1727.19,1715.9,1723.05,734810,VNHEAL,Y tế
2024-05-06,1723.05,1725.61,1691.26,1718.22,1143087,VNHEAL,Y tế
2024-05-07,1718.0,1720.24,1706.06,1711.42,964509,VNHEAL,Y tế
2024-05-08,1710.97,1726.71,1708.24,1720.45,1671271,VNHEAL,Y tế
2024-05-09,1723.89,1732.51,1719.65,1727.43,1186894,VNHEAL,Y tế
2024-05-10,1729.16,1735.02,1707.0,1720.54,1621051,VNHEAL,Y tế
2024-05-13,1722.44,1727.85,1706.6,1710.97,1111719,VNHEAL,Y tế
2024-05-14,1711.19,1724.26,1711.19,1723.91,1440874,VNHEAL,Y tế
2024-05-15,1728.1,1729.81,1718.61,1719.29,1597770,VNHEAL,Y tế
2024-05-16,1719.15,1735.05,1711.69,1719.31,1785851,VNHEAL,Y tế
2024-05-17,1722.14,1728.99,1718.31,1727.59,1386134,VNHEAL,Y tế
2024-05-20,1735.87,1735.87,1716.63,1726.28,1754892,VNHEAL,Y tế
2024-05-21,1724.76,1750.42,1721.5,1745.98,4206068,VNHEAL,Y tế
2024-05-22,1750.87,1762.11,1730.73,1741.08,2728162,VNHEAL,Y tế
2024-05-23,1740.61,1758.47,1735.92,1755.98,2218413,VNHEAL,Y tế
2024-05-24,1755.6,1755.86,1690.61,1733.24,2484870,VNHEAL,Y tế
2024-05-27,1738.94,1741.98,1726.33,1741.98,2912718,VNHEAL,Y tế
2024-05-28,1744.4,1750.74,1731.65,1739.89,2228843,VNHEAL,Y tế
2024-05-29,1752.77,1761.71,1738.53,1751.16,2602043,VNHEAL,Y tế
2024-05-30,1751.16,1751.16,1727.1,1743.98,1875271,VNHEAL,Y tế
2024-05-31,1743.07,1751.03,1736.38,1745.62,1379554,VNHEAL,Y tế
2024-06-03,1747.63,1759.54,1746.74,1757.65,1908936,VNHEAL,Y tế
2024-06-04,1760.2,1764.07,1746.72,1752.96,1571861,VNHEAL,Y tế
2024-06-05,1752.96,1759.28,1745.32,1750.06,1800580,VNHEAL,Y tế
2024-06-06,1772.41,1772.87,1755.38,1759.61,1701512,VNHEAL,Y tế
2024-06-07,1760.37,1773.24,1760.37,1767.78,1379808,VNHEAL,Y tế
2024-06-10,1771.71,1777.32,1765.93,1772.74,2374490,VNHEAL,Y tế
2024-06-11,1771.1,1776.14,1755.89,1764.23,1689689,VNHEAL,Y tế
2024-06-12,1764.0,1767.31,1752.73,1759.75,1537248,VNHEAL,Y tế
2024-06-13,1759.75,1789.54,1759.75,1789.14,2628165,VNHEAL,Y tế
2024-06-14,1804.42,1819.77,1787.65,1787.65,3583334,VNHEAL,Y tế
2024-06-17,1783.15,1798.16,1776.9,1794.51,1915700,VNHEAL,Y tế
2024-06-18,1801.22,1824.55,1799.64,1824.14,3722721,VNHEAL,Y tế
2024-06-19,1843.44,1845.23,1815.79,1820.38,2970221,VNHEAL,Y tế
2024-06-20,1827.97,1853.4,1822.03,1851.27,3316823,VNHEAL,Y tế
2024-06-21,1872.16,1884.64,1848.75,1854.78,3561397,VNHEAL,Y tế
2024-06-24,1855.63,1857.5,1801.4,1827.06,3334611,VNHEAL,Y tế
2024-06-25,1813.88,1815.09,1794.89,1806.66,2437796,VNHEAL,Y tế
2024-06-26,1807.83,1820.81,1790.28,1811.58,2327002,VNHEAL,Y tế
2024-06-27,1815.01,1815.77,1798.97,1803.47,1207659,VNHEAL,Y tế
2024-06-28,1804.23,1810.29,1757.42,1773.97,2063007,VNHEAL,Y tế
2024-07-01,1785.97,1785.97,1767.93,1782.24,1279137,VNHEAL,Y tế
2024-07-02,1783.12,1791.06,1765.99,1777.04,1320500,VNHEAL,Y tế
2024-07-03,1776.06,1778.88,1762.89,1778.88,1954728,VNHEAL,Y tế
2024-07-04,1781.25,1825.55,1778.78,1820.85,2393922,VNHEAL,Y tế
2024-07-05,1832.61,1860.25,1832.17,1849.42,4182073,VNHEAL,Y tế
2024-07-08,1848.54,1869.83,1841.51,1858.25,2434340,VNHEAL,Y tế
2024-07-09,1857.35,1870.44,1841.64,1869.26,2376990,VNHEAL,Y tế
2024-07-10,1872.52,1875.39,1852.82,1858.15,2071106,VNHEAL,Y tế
2024-07-11,1854.89,1893.13,1854.89,1883.36,1712737,VNHEAL,Y tế
2024-07-12,1889.11,1904.8,1889.11,1903.77,1737595,VNHEAL,Y tế
2024-07-15,1903.77,1942.45,1895.33,1927.02,3811744,VNHEAL,Y tế
2024-07-16,1930.92,2025.38,1930.92,2013.64,4964705,VNHEAL,Y tế
2024-07-17,2065.66,2084.95,1957.39,1965.27,6608594,VNHEAL,Y tế
2024-07-18,1959.89,1979.27,1893.13,1949.1,4588025,VNHEAL,Y tế
2024-07-19,1946.41,1951.78,1886.02,1886.02,2448809,VNHEAL,Y tế
2024-07-22,1880.82,1881.05,1799.66,1838.2,4073214,VNHEAL,Y tế
2024-07-23,1817.42,1840.59,1796.32,1799.88,2257209,VNHEAL,Y tế
2024-07-24,1804.48,1835.23,1783.03,1835.23,2168433,VNHEAL,Y tế
2024-07-25,1829.62,1859.86,1801.38,1852.64,1606456,VNHEAL,Y tế
2024-07-26,1856.34,1870.09,1837.23,1870.09,950865,VNHEAL,Y tế
2024-07-29,1869.74,1873.96,1854.94,1866.33,1282037,VNHEAL,Y tế
2024-07-30,1858.24,1860.9,1832.31,1837.44,1665711,VNHEAL,Y tế
2024-07-31,1837.44,1844.01,1812.13,1824.87,2219686,VNHEAL,Y tế
2024-08-01,1824.96,1831.38,1750.16,1802.31,2358110,VNHEAL,Y tế
2024-08-02,1780.76,1818.46,1763.53,1818.46,2008447,VNHEAL,Y tế
2024-08-05,1801.01,1806.81,1742.76,1761.48,2035317,VNHEAL,Y tế
2024-08-06,1783.47,1788.85,1762.53,1785.46,1039282,VNHEAL,Y tế
2024-08-07,1791.16,1796.09,1768.15,1788.88,960311,VNHEAL,Y tế
2024-08-08,1789.96,1789.96,1758.97,1764.68,1162526,VNHEAL,Y tế
2024-08-09,1762.15,1793.0,1762.15,1789.08,944295,VNHEAL,Y tế
2024-08-12,1790.82,1802.96,1766.61,1790.58,1465597,VNHEAL,Y tế
2024-08-13,1787.23,1800.54,1770.6,1784.12,863069,VNHEAL,Y tế
2024-08-14,1788.63,1797.49,1764.09,1773.23,1133509,VNHEAL,Y tế
2024-08-15,1772.09,1774.22,1735.91,1742.22,1720818,VNHEAL,Y tế
2024-08-16,1748.15,1778.97,1740.98,1778.66,2122015,VNHEAL,Y tế
2024-08-19,1783.15,1788.6,1775.0,1780.31,1303212,VNHEAL,Y tế
2024-08-20,1778.71,1792.02,1771.04,1780.84,1341073,VNHEAL,Y tế
2024-08-21,1786.74,1786.84,1765.83,1776.33,1376158,VNHEAL,Y tế
2024-08-22,1778.2,1813.07,1765.03,1808.0,3081667,VNHEAL,Y tế
2024-08-23,1809.68,1821.09,1807.68,1814.65,3071090,VNHEAL,Y tế
2024-08-26,1813.75,1822.79,1792.61,1799.64,1970823,VNHEAL,Y tế
2024-08-27,1804.58,1804.58,1788.66,1800.43,1387802,VNHEAL,Y tế
2024-08-28,1800.08,1806.87,1785.47,1801.85,1244421,VNHEAL,Y tế
2024-08-29,1803.37,1804.44,1790.13,1801.24,814647,VNHEAL,Y tế
2024-08-30,1802.23,1825.15,1798.17,1825.15,2141719,VNHEAL,Y tế
2024-09-04,1821.19,1852.41,1811.09,1850.07,2337524,VNHEAL,Y tế
2024-09-05,1848.31,1866.27,1827.7,1841.33,1631331,VNHEAL,Y tế
2024-09-06,1839.08,1844.59,1828.13,1843.24,1296290,VNHEAL,Y tế
2024-09-09,1838.5,1843.3,1820.26,1831.05,1348920,VNHEAL,Y tế
2024-09-10,1836.58,1839.39,1814.05,1818.97,1255938,VNHEAL,Y tế
2024-09-11,1816.58,1842.28,1810.94,1842.28,1015499,VNHEAL,Y tế
2024-09-12,1842.13,1874.65,1842.13,1861.38,3053964,VNHEAL,Y tế
2024-09-13,1859.39,1866.93,1841.26,1847.87,1351569,VNHEAL,Y tế
2024-09-16,1839.5,1848.15,1810.44,1814.68,1645393,VNHEAL,Y tế
2024-09-17,1842.0,1854.93,1827.98,1854.93,2208861,VNHEAL,Y tế
2024-09-18,1872.62,1882.67,1857.72,1861.76,2361327,VNHEAL,Y tế
2024-09-19,1871.62,1878.51,1850.14,1866.22,1923766,VNHEAL,Y tế
2024-09-20,1873.73,1885.23,1865.56,1871.25,1796741,VNHEAL,Y tế
2024-09-23,1877.49,1886.63,1872.53,1880.33,757839,VNHEAL,Y tế
2024-09-24,1877.23,1913.35,1876.35,1906.63,1648012,VNHEAL,Y tế
2024-09-25,1903.13,1916.76,1895.24,1904.79,2358731,VNHEAL,Y tế
2024-09-26,1905.69,1917.94,1887.89,1903.19,2077162,VNHEAL,Y tế
2024-09-27,1904.77,1919.14,1898.04,1910.14,1769398,VNHEAL,Y tế
2024-09-30,1910.14,1915.91,1898.26,1906.44,2408315,VNHEAL,Y tế
2024-10-01,1907.18,1918.61,1904.61,1917.52,1744873,VNHEAL,Y tế
2024-10-02,1913.16,1924.96,1901.22,1924.62,1431239,VNHEAL,Y tế
2024-10-03,1931.93,1933.14,1899.03,1908.47,1416185,VNHEAL,Y tế
2024-10-04,1906.59,1906.59,1889.58,1889.58,1043725,VNHEAL,Y tế
2024-10-07,1901.08,1904.47,1880.32,1888.49,916363,VNHEAL,Y tế
2024-10-08,1884.73,1950.49,1872.87,1950.49,1596112,VNHEAL,Y tế
2024-10-09,1949.24,1992.5,1949.24,1975.3,2058904,VNHEAL,Y tế
2024-10-10,1973.53,1991.73,1943.35,1943.35,1239767,VNHEAL,Y tế
2024-10-11,1942.03,1962.88,1939.78,1953.67,1437600,VNHEAL,Y tế
2024-10-14,1955.44,2004.07,1955.44,1977.98,2272007,VNHEAL,Y tế
2024-10-15,1982.89,1988.34,1947.98,1954.01,1476569,VNHEAL,Y tế
2024-10-16,1973.92,1979.7,1946.68,1969.69,2430468,VNHEAL,Y tế
2024-10-17,1977.84,1989.33,1947.71,1965.68,1563980,VNHEAL,Y tế
2024-10-18,1964.94,1978.03,1955.94,1959.04,834951,VNHEAL,Y tế
2024-10-21,1958.46,1959.57,1935.21,1952.5,3332372,VNHEAL,Y tế
2024-10-22,1944.37,1945.14,1912.85,1935.76,1614600,VNHEAL,Y tế
2024-10-23,1937.26,1941.04,1914.27,1934.79,1084878,VNHEAL,Y tế
2024-10-24,1933.14,1978.72,1926.62,1956.38,1375486,VNHEAL,Y tế
2024-10-25,1955.78,1994.83,1951.94,1971.06,2317138,VNHEAL,Y tế
2024-10-28,1974.59,1992.3,1959.42,1970.57,828528,VNHEAL,Y tế
2024-10-29,1971.68,1975.44,1956.75,1958.32,1035731,VNHEAL,Y tế
2024-10-30,1956.69,1982.32,1955.81,1982.32,1789415,VNHEAL,Y tế
2024-10-31,1975.36,1982.62,1963.32,1972.83,1405486,VNHEAL,Y tế
2024-11-01,1966.18,1978.26,1951.36,1970.43,1243614,VNHEAL,Y tế
2024-11-04,1968.66,1970.66,1939.2,1946.5,1146054,VNHEAL,Y tế
2024-11-05,1937.64,1962.1,1934.45,1951.59,646034,VNHEAL,Y tế
2024-11-06,1951.59,1976.1,1951.59,1972.03,1247592,VNHEAL,Y tế
2024-11-07,1985.77,1990.18,1966.35,1969.15,1445241,VNHEAL,Y tế
2024-11-08,1970.53,1970.53,1953.77,1964.07,1771322,VNHEAL,Y tế
2024-11-11,1963.3,1964.2,1931.16,1946.49,1515766,VNHEAL,Y tế
2024-11-12,1938.7,1963.61,1929.19,1929.19,1142839,VNHEAL,Y tế
2024-11-13,1928.63,1939.6,1918.49,1929.92,1219803,VNHEAL,Y tế
2024-11-14,1928.57,1931.73,1886.24,1902.9,1609610,VNHEAL,Y tế
2024-11-15,1897.67,1906.67,1871.27,1883.06,1534584,VNHEAL,Y tế
2024-11-18,1882.83,1883.95,1860.67,1873.88,1146018,VNHEAL,Y tế
2024-11-19,1873.49,1877.94,1849.53,1854.61,1013379,VNHEAL,Y tế
2024-11-20,1854.61,1873.99,1840.95,1864.14,1104414,VNHEAL,Y tế
2024-11-21,1862.82,1870.03,1856.77,1864.31,1229956,VNHEAL,Y tế
2024-11-22,1859.86,1899.9,1859.86,1892.32,1277135,VNHEAL,Y tế
2024-11-25,1902.74,1911.49,1898.08,1905.03,1602087,VNHEAL,Y tế
2024-11-26,1905.03,1943.54,1905.03,1913.49,1637487,VNHEAL,Y tế
2024-11-27,1912.81,1920.93,1894.3,1906.7,1105302,VNHEAL,Y tế
2024-11-28,1914.12,1979.93,1913.23,1977.57,2300772,VNHEAL,Y tế
2024-11-29,2001.45,2052.9,2000.27,2050.49,2191179,VNHEAL,Y tế
2024-12-02,2058.09,2089.91,2040.84,2071.09,1300214,VNHEAL,Y tế
2024-12-03,2076.74,2131.06,2058.21,2117.41,2410209,VNHEAL,Y tế
2024-12-04,2124.38,2140.96,2089.25,2101.04,2402749,VNHEAL,Y tế
2024-12-05,2118.02,2123.93,2084.82,2121.93,1932923,VNHEAL,Y tế
2024-12-06,2121.93,2138.29,2084.03,2107.6,1956936,VNHEAL,Y tế
2024-12-09,2102.89,2139.25,2092.04,2135.58,2121664,VNHEAL,Y tế
2024-12-10,2134.45,2142.7,2123.94,2133.08,1729276,VNHEAL,Y tế
2024-12-11,2129.54,2137.8,2087.81,2127.0,1766959,VNHEAL,Y tế
2024-12-12,2127.0,2135.74,2104.64,2123.74,2839922,VNHEAL,Y tế
2024-12-13,2114.11,2119.82,2065.47,2083.54,2707693,VNHEAL,Y tế
2024-12-16,2083.15,2098.44,2064.29,2095.95,1706311,VNHEAL,Y tế
2024-12-17,2097.53,2127.68,2084.5,2117.22,1947081,VNHEAL,Y tế
2024-12-18,2119.51,2144.94,2118.38,2126.69,3416090,VNHEAL,Y tế
2024-12-19,2124.75,2124.75,2090.41,2105.57,2152711,VNHEAL,Y tế
2024-12-20,2107.18,2127.21,2095.4,2125.81,2314627,VNHEAL,Y tế
2024-12-23,2131.38,2175.68,2131.38,2146.66,2117975,VNHEAL,Y tế
2024-12-24,2152.85,2155.61,2138.08,2148.23,2030722,VNHEAL,Y tế
2024-12-25,2150.0,2151.66,2090.04,2106.93,3603840,VNHEAL,Y tế
2024-12-26,2114.11,2118.51,2096.01,2118.51,1453264,VNHEAL,Y tế
2024-12-27,2119.31,2145.52,2116.93,2116.93,2498144,VNHEAL,Y tế
2024-12-30,2118.71,2138.64,2110.03,2118.04,1763527,VNHEAL,Y tế
2024-12-31,2115.81,2131.12,2103.97,2116.51,1426068,VNHEAL,Y tế
2025-01-02,2120.77,2164.9,2118.98,2164.9,1766609,VNHEAL,Y tế
2025-01-03,2159.78,2163.74,2146.66,2154.7,2028305,VNHEAL,Y tế
2025-01-06,2154.25,2157.45,2105.77,2120.21,2125113,VNHEAL,Y tế
2025-01-07,2127.26,2139.8,2114.81,2133.95,2300415,VNHEAL,Y tế
2025-01-08,2122.92,2145.4,2113.03,2142.99,1867650,VNHEAL,Y tế
2025-01-09,2137.87,2178.91,2137.87,2157.4,1677332,VNHEAL,Y tế
2025-01-10,2158.55,2176.6,2148.11,2160.15,2315295,VNHEAL,Y tế
2025-01-13,2154.24,2163.32,2128.88,2160.11,2124271,VNHEAL,Y tế
2025-01-14,2169.71,2190.05,2145.61,2170.12,1610599,VNHEAL,Y tế
2025-01-15,2164.22,2201.26,2157.02,2201.26,2584509,VNHEAL,Y tế
2025-01-16,2206.33,2210.87,2190.2,2191.15,1544635,VNHEAL,Y tế
2025-01-17,2185.59,2270.45,2183.33,2219.44,3013172,VNHEAL,Y tế
2025-01-20,2234.87,2234.87,2198.07,2203.29,1249589,VNHEAL,Y tế
2025-01-21,2200.22,2218.55,2154.74,2172.14,2669349,VNHEAL,Y tế
2025-01-22,2179.6,2181.13,2156.55,2162.66,2508912,VNHEAL,Y tế
2025-01-23,2168.7,2173.01,2160.81,2171.48,2046973,VNHEAL,Y tế
2025-01-24,2172.73,2192.22,2147.17,2192.22,2704330,VNHEAL,Y tế
2025-02-03,2171.93,2178.36,2139.75,2168.68,1983300,VNHEAL,Y tế
2025-02-04,2163.35,2188.51,2160.66,2185.39,2133368,VNHEAL,Y tế
2025-02-05,2186.8,2187.26,2165.19,2170.3,3220711,VNHEAL,Y tế
2025-02-06,2178.62,2202.22,2164.11,2202.22,2568460,VNHEAL,Y tế
2025-02-07,2199.28,2235.98,2192.95,2202.53,2127550,VNHEAL,Y tế
2025-02-10,2202.13,2212.26,2176.24,2184.82,3903716,VNHEAL,Y tế
2025-02-11,2180.79,2238.87,2180.79,2216.78,3228769,VNHEAL,Y tế
2025-02-12,2220.93,2220.93,2197.2,2200.52,1976590,VNHEAL,Y tế
2025-02-13,2201.48,2228.19,2195.1,2215.04,2444945,VNHEAL,Y tế
2025-02-14,2207.35,2224.19,2200.38,2221.27,2311696,VNHEAL,Y tế
2025-02-17,2215.74,2280.39,2215.74,2234.17,2746298,VNHEAL,Y tế
2025-02-18,2233.88,2242.32,2212.62,2228.14,2059939,VNHEAL,Y tế
2025-02-19,2226.99,2246.07,2165.79,2199.96,3338119,VNHEAL,Y tế
2025-02-20,2194.46,2233.84,2185.95,2233.84,4232318,VNHEAL,Y tế
2025-02-21,2246.09,2246.09,2203.39,2225.51,2111615,VNHEAL,Y tế
2025-02-24,2218.99,2220.12,2184.36,2196.49,2524517,VNHEAL,Y tế
2025-02-25,2196.08,2197.81,2168.98,2171.64,2715704,VNHEAL,Y tế
2025-02-26,2171.64,2197.15,2171.64,2192.35,2506906,VNHEAL,Y tế
2025-02-27,2194.43,2201.04,2162.32,2172.42,3603144,VNHEAL,Y tế
2025-02-28,2172.69,2172.85,2148.9,2159.36,2398498,VNHEAL,Y tế
2025-03-03,2159.36,2164.31,2152.12,2162.87,1710830,VNHEAL,Y tế
2025-03-04,2161.18,2170.15,2143.03,2145.98,2409545,VNHEAL,Y tế
2025-03-05,2145.73,2156.95,2122.34,2156.95,5278317,VNHEAL,Y tế
2025-03-06,2165.17,2171.18,2148.53,2171.18,5504182,VNHEAL,Y tế
2025-03-07,2184.52,2184.52,2158.94,2168.17,5192646,VNHEAL,Y tế
2025-03-10,2169.97,2169.97,2137.77,2147.79,3378176,VNHEAL,Y tế
2025-03-11,2147.78,2161.48,2127.87,2156.27,1851893,VNHEAL,Y tế
2025-03-12,2163.47,2177.04,2149.08,2177.04,2588180,VNHEAL,Y tế
2025-03-13,2181.47,2194.97,2156.38,2169.03,2381405,VNHEAL,Y tế
2025-03-14,2169.96,2174.5,2145.87,2151.74,2195215,VNHEAL,Y tế
2025-03-17,2144.37,2151.94,2131.11,2151.53,3071338,VNHEAL,Y tế
2025-03-18,2152.06,2160.08,2137.35,2154.33,2127520,VNHEAL,Y tế
2025-03-19,2162.41,2205.02,2160.19,2188.15,3558436,VNHEAL,Y tế
2025-03-20,2194.27,2194.27,2158.01,2174.82,2641263,VNHEAL,Y tế
2025-03-21,2172.54,2182.28,2166.65,2172.24,1819631,VNHEAL,Y tế
2025-03-24,2177.8,2178.88,2115.23,2117.04,3313874,VNHEAL,Y tế
2025-03-25,2119.29,2119.29,2087.64,2099.4,3726013,VNHEAL,Y tế
2025-03-26,2086.99,2113.2,2085.96,2100.65,3483049,VNHEAL,Y tế
2025-03-27,2100.01,2105.96,2082.09,2100.39,2236359,VNHEAL,Y tế
2025-03-28,2101.99,2102.27,2072.9,2082.85,1709039,VNHEAL,Y tế
2025-03-31,2074.33,2079.33,2041.47,2057.23,1971506,VNHEAL,Y tế
2025-04-01,2062.22,2077.73,2049.48,2058.83,1771051,VNHEAL,Y tế
2025-04-02,2061.7,2066.12,2046.7,2046.91,1581196,VNHEAL,Y tế
2025-04-03,1954.9,2002.97,1907.18,1907.56,3227550,VNHEAL,Y tế
2025-04-04,1830.17,1857.81,1785.57,1853.78,4089559,VNHEAL,Y tế
2025-04-08,1799.59,1818.77,1725.51,1725.51,3381074,VNHEAL,Y tế
2025-04-09,1664.98,1749.92,1622.92,1731.45,3062594,VNHEAL,Y tế
2025-04-10,1847.52,1851.74,1847.52,1851.71,383409,VNHEAL,Y tế
2025-04-11,1902.45,1916.1,1851.71,1915.42,3386498,VNHEAL,Y tế
2025-04-14,1932.91,1943.36,1909.03,1943.27,1930077,VNHEAL,Y tế
2025-04-15,1937.96,1948.89,1921.11,1943.07,1883364,VNHEAL,Y tế
2025-04-16,1931.83,1944.77,1918.08,1926.23,1493603,VNHEAL,Y tế
2025-04-17,1906.72,1924.55,1899.12,1924.55,914172,VNHEAL,Y tế
2025-04-18,1924.55,1944.11,1920.65,1936.91,1488140,VNHEAL,Y tế
2025-04-21,1936.91,1937.95,1907.76,1917.31,851553,VNHEAL,Y tế
2025-04-22,1912.52,1923.86,1826.06,1860.4,2186312,VNHEAL,Y tế
2025-04-23,1869.3,1890.74,1869.3,1889.39,1462339,VNHEAL,Y tế
2025-04-24,1892.62,1913.93,1892.62,1903.4,1438267,VNHEAL,Y tế
2025-04-25,1898.8,1921.22,1884.21,1899.54,1799715,VNHEAL,Y tế
2025-04-28,1899.94,1915.61,1893.67,1896.14,898115,VNHEAL,Y tế
2025-04-29,1903.23,1930.81,1890.53,1930.81,1797411,VNHEAL,Y tế
2025-05-05,1930.81,1994.84,1928.42,1968.63,1845937,VNHEAL,Y tế
2025-05-06,1968.63,1989.82,1966.7,1979.7,1398605,VNHEAL,Y tế
2025-05-07,1979.7,2008.77,1975.13,1983.48,2165127,VNHEAL,Y tế
2025-05-08,1983.48,2016.67,1973.96,2016.67,2133887,VNHEAL,Y tế
2025-05-09,2016.67,2037.99,2003.27,2014.12,2314327,VNHEAL,Y tế
2025-05-12,2014.12,2023.04,1998.59,2009.99,992770,VNHEAL,Y tế
2025-05-13,2009.99,2023.46,1983.76,1988.38,1715747,VNHEAL,Y tế
2025-05-14,1988.38,2015.99,1984.39,1986.63,1514056,VNHEAL,Y tế
2025-05-15,1986.63,1995.36,1974.03,1989.17,1257643,VNHEAL,Y tế
2025-05-16,1989.17,2000.94,1972.64,1992.15,1157449,VNHEAL,Y tế
2025-05-19,1992.15,2019.58,1990.44,2015.24,2202138,VNHEAL,Y tế
2025-05-20,2015.24,2059.7,2015.24,2042.44,4532290,VNHEAL,Y tế
2025-05-21,2042.44,2063.66,2027.82,2042.2,1677387,VNHEAL,Y tế
2025-05-22,2042.2,2042.37,2016.02,2023.8,2013966,VNHEAL,Y tế
2025-05-23,2023.8,2092.74,2023.8,2058.14,2621302,VNHEAL,Y tế
2025-05-26,2058.14,2077.76,2001.67,2076.0,3028331,VNHEAL,Y tế
2025-05-27,2076.0,2085.79,2065.05,2074.12,1774972,VNHEAL,Y tế
2025-05-28,2074.12,2079.46,2055.3,2067.44,2921379,VNHEAL,Y tế
2025-05-29,2067.44,2080.54,2058.06,2068.39,1309866,VNHEAL,Y tế
2025-05-30,2068.39,2075.96,2043.73,2054.69,1725849,VNHEAL,Y tế
2025-06-02,2054.69,2071.1,2045.82,2068.98,1156970,VNHEAL,Y tế
2025-06-03,2068.98,2097.79,2068.98,2094.93,1630812,VNHEAL,Y tế
2025-06-04,2094.93,2148.83,2089.66,2140.81,2523982,VNHEAL,Y tế
2025-06-05,2140.81,2167.49,2066.01,2101.49,2015557,VNHEAL,Y tế
2025-06-06,2101.49,2116.95,2083.83,2087.43,1265880,VNHEAL,Y tế
2025-06-09,2087.43,2110.63,2062.78,2064.89,1871217,VNHEAL,Y tế
2025-06-10,2064.89,2088.28,2062.42,2071.08,1445357,VNHEAL,Y tế
2025-06-11,2071.08,2080.15,2064.08,2064.74,1277605,VNHEAL,Y tế
2025-06-12,2064.74,2087.94,2058.94,2076.28,1135192,VNHEAL,Y tế
2025-06-13,2076.28,2084.41,2055.01,2084.4,2562622,VNHEAL,Y tế
2025-06-16,2084.4,2123.92,2078.27,2123.7,4357591,VNHEAL,Y tế
2025-06-17,2123.7,2154.0,2113.36,2130.21,4097974,VNHEAL,Y tế
2025-06-18,2130.21,2148.22,2094.69,2111.26,3828533,VNHEAL,Y tế
2025-06-19,2111.26,2114.91,2087.83,2098.38,1384331,VNHEAL,Y tế
2025-06-20,2098.38,2119.96,2077.43,2119.96,4280380,VNHEAL,Y tế
2025-06-23,2119.96,2120.67,2085.27,2112.5,1226075,VNHEAL,Y tế
2025-06-24,2112.5,2118.89,2089.65,2092.91,1311891,VNHEAL,Y tế
2025-06-25,2092.91,2100.64,2083.18,2095.03,1971436,VNHEAL,Y tế
2025-06-26,2095.03,2098.03,2078.06,2086.72,2515865,VNHEAL,Y tế
2025-06-30,2071.73,2071.73,1983.6,2036.33,2412724,VNHEAL,Y tế
2025-07-01,2036.33,2050.68,2031.65,2050.68,1186288,VNHEAL,Y tế
2025-07-02,2050.68,2069.73,2047.56,2055.53,1488724,VNHEAL,Y tế
2025-07-03,2055.53,2071.66,2040.29,2065.01,1961772,VNHEAL,Y tế
2025-07-04,2065.01,2072.23,2050.93,2067.72,1186911,VNHEAL,Y tế
2025-07-07,2067.72,2069.46,2058.85,2066.03,1074923,VNHEAL,Y tế
2025-07-08,2066.03,2066.96,2058.3,2062.51,1305136,VNHEAL,Y tế
2025-07-09,2062.51,2079.27,2062.25,2077.77,2312628,VNHEAL,Y tế
2025-07-10,2077.77,2095.28,2068.55,2092.05,3649066,VNHEAL,Y tế
2025-07-11,2092.05,2096.62,2072.13,2082.08,2541268,VNHEAL,Y tế
2025-07-14,2082.08,2087.92,2072.38,2083.95,1872374,VNHEAL,Y tế
2025-07-15,2083.95,2116.45,2077.75,2114.79,3589096,VNHEAL,Y tế
2025-07-16,2114.79,2119.51,2102.6,2106.39,2865159,VNHEAL,Y tế
2025-07-17,2106.39,2116.9,2104.05,2109.66,2514567,VNHEAL,Y tế
2025-07-18,2109.66,2126.64,2099.8,2111.36,3267668,VNHEAL,Y tế
2025-07-21,2111.36,2116.77,2091.33,2093.79,2185336,VNHEAL,Y tế
2025-07-22,2093.79,2101.66,2087.5,2100.59,1701775,VNHEAL,Y tế
2025-07-23,2100.59,2117.15,2098.46,2103.48,1841602,VNHEAL,Y tế
2025-07-24,2103.48,2112.1,2092.63,2105.2,3065289,VNHEAL,Y tế
2025-07-25,2105.2,2114.69,2101.27,2103.43,1897460,VNHEAL,Y tế
2025-07-28,2103.43,2145.04,2103.43,2132.25,2483182,VNHEAL,Y tế
2025-07-29,2132.25,2143.1,2071.94,2075.81,3371291,VNHEAL,Y tế
2025-07-30,2075.81,2086.38,2067.34,2082.58,2599109,VNHEAL,Y tế
2025-07-31,2082.58,2082.58,2053.16,2073.07,4402151,VNHEAL,Y tế
2025-08-01,2073.07,2080.0,2062.04,2078.18,1900306,VNHEAL,Y tế
2025-08-04,2078.18,2084.67,2062.41,2077.52,4499024,VNHEAL,Y tế
2025-08-05,2077.52,2091.36,2055.9,2061.68,3054876,VNHEAL,Y tế
2025-08-06,2061.68,2090.21,2059.83,2081.19,2200743,VNHEAL,Y tế
2025-08-07,2081.19,2086.02,2063.08,2072.43,1385871,VNHEAL,Y tế
2025-08-08,2072.43,2081.93,2067.3,2077.32,1218901,VNHEAL,Y tế
2025-08-11,2077.32,2083.81,2064.62,2076.4,2988459,VNHEAL,Y tế
2025-08-12,2076.4,2084.84,2069.04,2073.33,2660506,VNHEAL,Y tế
2025-08-13,2076.23,2093.07,2066.41,2093.07,5575984,VNHEAL,Y tế
2025-08-14,2097.17,2097.9,2065.11,2065.11,1938952,VNHEAL,Y tế
2025-08-15,2068.51,2075.97,2048.59,2074.35,2888462,VNHEAL,Y tế
2025-08-18,2072.94,2095.68,2059.25,2094.99,2805803,VNHEAL,Y tế
2025-08-19,2097.14,2097.91,2082.15,2088.63,1439079,VNHEAL,Y tế
2025-08-20,2089.37,2090.1,2046.86,2059.14,2594776,VNHEAL,Y tế
2025-08-21,2058.32,2065.42,2046.76,2063.62,1691735,VNHEAL,Y tế
2025-08-22,2065.2,2066.46,2022.57,2038.5,1650524,VNHEAL,Y tế
2025-08-25,2053.22,2053.22,1989.15,2010.11,1818890,VNHEAL,Y tế
2025-08-26,2011.2,2014.29,1987.9,2002.52,659411,VNHEAL,Y tế
2025-08-27,2012.12,2020.71,2007.15,2009.32,1330426,VNHEAL,Y tế
2025-08-28,2012.17,2015.81,2001.71,2015.81,711244,VNHEAL,Y tế
2025-08-29,2016.98,2037.88,2013.34,2032.06,2799141,VNHEAL,Y tế
2025-09-03,2034.5,2041.75,2021.19,2041.75,824597,VNHEAL,Y tế
2025-09-04,2035.95,2052.55,2030.24,2052.55,2975985,VNHEAL,Y tế
2025-09-05,2049.74,2068.14,2031.05,2064.49,4848972,VNHEAL,Y tế
2025-09-08,2055.65,2059.4,2037.52,2053.49,2690071,VNHEAL,Y tế
2025-09-09,2056.5,2058.3,2042.87,2053.72,1793019,VNHEAL,Y tế
2025-09-10,2053.64,2074.34,2052.01,2070.39,1746119,VNHEAL,Y tế
2025-09-11,2061.97,2074.0,2045.61,2068.98,2298608,VNHEAL,Y tế
2025-09-12,2071.8,2087.73,2071.8,2087.33,3051371,VNHEAL,Y tế
2025-09-15,2086.76,2116.7,2086.76,2116.7,4139243,VNHEAL,Y tế
2025-09-16,2124.55,2130.64,2117.48,2125.6,3986629,VNHEAL,Y tế
2025-09-17,2118.52,2144.06,2118.52,2141.88,3278265,VNHEAL,Y tế
2025-09-18,2138.02,2142.69,2115.28,2130.89,2158412,VNHEAL,Y tế
2025-09-19,2130.68,2140.71,2126.38,2139.12,2803343,VNHEAL,Y tế
2025-09-22,2142.6,2142.6,2111.15,2126.93,1827326,VNHEAL,Y tế
2025-09-23,2126.41,2140.55,2122.17,2140.55,1835500,VNHEAL,Y tế
2025-09-24,2156.11,2165.67,2143.11,2165.62,2016019,VNHEAL,Y tế
2025-09-25,2176.45,2178.84,2164.46,2178.84,1722520,VNHEAL,Y tế
2025-09-26,2167.03,2175.15,2145.06,2145.34,2534686,VNHEAL,Y tế
2025-09-29,2147.43,2153.57,2135.87,2140.44,1210945,VNHEAL,Y tế
2025-09-30,2147.38,2147.38,2119.2,2132.85,1634248,VNHEAL,Y tế
2025-10-01,2130.88,2138.92,2124.19,2134.65,1162795,VNHEAL,Y tế
2025-10-02,2135.69,2139.64,2113.9,2117.39,1663444,VNHEAL,Y tế
2025-10-03,2110.6,2119.25,2104.64,2115.88,1700180,VNHEAL,Y tế
2025-10-06,2125.07,2149.81,2110.43,2144.54,3460068,VNHEAL,Y tế
2025-10-07,2154.01,2159.8,2144.47,2155.66,2894333,VNHEAL,Y tế
2025-10-08,2178.73,2185.09,2144.68,2160.5,2307002,VNHEAL,Y tế
2025-10-09,2166.22,2169.11,2139.8,2147.8,1499037,VNHEAL,Y tế
2025-10-10,2141.47,2145.12,2134.69,2141.87,1422609,VNHEAL,Y tế
2025-10-13,2134.64,2140.67,2124.11,2131.74,1478079,VNHEAL,Y tế
2025-10-14,2128.4,2129.24,2113.27,2114.93,2926627,VNHEAL,Y tế
2025-10-15,2122.56,2126.19,2107.99,2114.13,1243148,VNHEAL,Y tế
2025-10-16,2118.92,2120.41,2104.48,2107.69,1291978,VNHEAL,Y tế
2025-10-17,2105.38,2109.53,2090.45,2094.17,1115252,VNHEAL,Y tế
2025-10-20,2090.8,2100.72,2030.89,2040.28,1418753,VNHEAL,Y tế
2025-10-21,2028.2,2064.88,2022.52,2058.01,2248729,VNHEAL,Y tế
2025-10-22,2064.01,2080.08,2038.5,2080.08,1598574,VNHEAL,Y tế
2025-10-23,2071.82,2076.17,2056.44,2076.17,1632519,VNHEAL,Y tế
2025-10-24,2080.59,2080.59,2039.53,2072.91,1579828,VNHEAL,Y tế
2025-10-27,2075.92,2079.2,2046.94,2066.72,1100564,VNHEAL,Y tế
2025-10-28,2046.9,2063.38,2025.37,2061.94,1197624,VNHEAL,Y tế
2025-10-29,2063.26,2065.07,2047.14,2064.04,1158602,VNHEAL,Y tế
2025-10-30,2059.02,2077.38,2047.01,2075.93,1041335,VNHEAL,Y tế
2025-10-31,2075.78,2112.37,2072.67,2112.37,3991194,VNHEAL,Y tế
2025-11-03,2075.75,2113.96,2075.75,2113.96,3388276,VNHEAL,Y tế
2025-11-04,2115.34,2115.34,2051.11,2090.09,3727735,VNHEAL,Y tế
2025-11-05,2095.63,2095.63,2057.06,2083.6,1615273,VNHEAL,Y tế
2025-11-06,2071.72,2107.09,2059.15,2099.58,1205177,VNHEAL,Y tế
2025-11-07,2099.58,2099.58,2059.04,2084.75,1361087,VNHEAL,Y tế
2025-11-10,2083.72,2083.93,2062.18,2080.22,998581,VNHEAL,Y tế
2025-11-11,2080.22,2082.62,2050.66,2066.57,1475551,VNHEAL,Y tế
2025-11-12,2063.74,2098.81,2057.2,2098.81,3941718,VNHEAL,Y tế
2025-11-13,2094.79,2102.11,2054.94,2065.11,3707215,VNHEAL,Y tế
2025-11-14,2076.96,2085.03,2053.45,2062.4,7259144,VNHEAL,Y tế
2025-11-17,2094.44,2094.91,2039.33,2053.25,1441315,VNHEAL,Y tế
2025-11-18,2050.89,2052.78,2039.25,2051.78,2555414,VNHEAL,Y tế
2025-11-19,2050.66,2057.1,2016.81,2028.93,1201504,VNHEAL,Y tế
2025-11-20,2028.65,2034.6,2018.26,2028.58,2136662,VNHEAL,Y tế
2025-11-21,2028.3,2029.73,2000.28,2003.53,1645795,VNHEAL,Y tế
2025-11-24,2002.41,2021.9,1988.05,2020.87,1291091,VNHEAL,Y tế
2025-11-25,2019.15,2019.92,1982.19,1989.56,1553663,VNHEAL,Y tế
2025-11-26,1987.44,2011.43,1978.56,2009.17,2652104,VNHEAL,Y tế
2025-11-27,2012.46,2030.7,2010.69,2025.76,3174784,VNHEAL,Y tế
2025-11-28,2025.76,2039.73,2003.23,2031.77,2298981,VNHEAL,Y tế
2025-12-01,2025.21,2050.57,1991.67,2050.57,1560603,VNHEAL,Y tế
2025-12-02,2046.71,2076.52,2042.93,2064.45,2125857,VNHEAL,Y tế
2025-12-03,2070.19,2082.85,2052.34,2077.52,6543420,VNHEAL,Y tế
2025-12-04,2076.4,2094.19,2061.76,2082.39,2401997,VNHEAL,Y tế
2025-12-05,2076.42,2083.17,2064.68,2078.73,3671331,VNHEAL,Y tế
2025-12-08,2076.87,2083.49,2044.86,2057.94,988441,VNHEAL,Y tế
2025-12-09,2050.03,2066.88,2038.19,2060.29,795212,VNHEAL,Y tế
2025-12-10,2059.8,2059.8,2034.97,2047.12,1506699,VNHEAL,Y tế
2025-12-11,2046.98,2059.51,2014.44,2042.26,500529,VNHEAL,Y tế
2025-12-12,2042.04,2051.73,2021.11,2024.15,833082,VNHEAL,Y tế
2025-12-15,2014.71,2021.17,1999.24,2008.33,1197618,VNHEAL,Y tế
2025-12-16,2014.0,2038.63,1999.27,2038.63,1048636,VNHEAL,Y tế
2025-12-17,2032.51,2062.28,2008.96,2055.35,903040,VNHEAL,Y tế
2025-12-18,2055.91,2057.42,2019.2,2040.82,1560414,VNHEAL,Y tế
2025-12-19,2040.82,2046.84,2013.41,2039.68,763874,VNHEAL,Y tế
2025-12-22,2038.84,2058.23,2027.41,2058.23,1676218,VNHEAL,Y tế
2025-12-23,2059.91,2079.55,2051.2,2072.46,1716415,VNHEAL,Y tế
2025-12-24,2045.69,2057.01,2033.9,2055.68,2592440,VNHEAL,Y tế
2025-12-25,2050.08,2069.64,2042.9,2068.92,2017701,VNHEAL,Y tế
2025-12-26,2060.71,2065.56,2017.41,2055.76,820501,VNHEAL,Y tế
2025-12-29,2050.71,2059.06,2039.32,2049.8,1344818,VNHEAL,Y tế
2025-12-30,2056.71,2085.99,2056.71,2077.5,1815997,VNHEAL,Y tế
2025-12-31,2077.91,2107.93,2077.91,2093.84,1608860,VNHEAL,Y tế
2026-01-05,2096.62,2099.12,2069.47,2082.45,1275035,VNHEAL,Y tế
2026-01-06,2079.06,2085.75,2044.39,2074.68,776339,VNHEAL,Y tế
2026-01-07,2064.57,2090.09,2063.0,2090.09,943673,VNHEAL,Y tế
2026-01-08,2089.01,2093.37,2068.65,2089.58,822792,VNHEAL,Y tế
2026-01-09,2091.16,2105.37,2077.31,2101.82,2132161,VNHEAL,Y tế
2026-01-12,2095.03,2107.17,2086.28,2105.15,1333296,VNHEAL,Y tế
2026-01-13,2106.54,2129.78,2091.09,2118.93,877117,VNHEAL,Y tế
2026-01-14,2120.36,2152.23,2119.8,2146.96,1301997,VNHEAL,Y tế
2026-01-15,2147.79,2153.83,2135.75,2150.35,897840,VNHEAL,Y tế
2026-01-16,2159.5,2189.83,2147.86,2183.04,1196254,VNHEAL,Y tế
2026-01-19,2187.77,2214.62,2184.07,2209.89,954410,VNHEAL,Y tế
2026-01-20,2223.9,2223.9,2194.19,2197.86,1129190,VNHEAL,Y tế
2026-01-21,2196.8,2215.48,2183.31,2194.57,1399315,VNHEAL,Y tế
2026-01-22,2216.51,2222.14,2198.77,2215.22,1211530,VNHEAL,Y tế
2026-01-23,2212.07,2227.95,2204.29,2217.2,736668,VNHEAL,Y tế
2026-01-26,2215.07,2225.37,2205.07,2220.64,1016091,VNHEAL,Y tế
2026-01-27,2209.26,2226.39,2207.62,2225.25,2332245,VNHEAL,Y tế
2026-01-28,2229.39,2235.95,2218.2,2230.01,1333870,VNHEAL,Y tế
2026-01-29,2230.18,2240.57,2219.47,2240.57,2014056,VNHEAL,Y tế
2026-01-30,2240.57,2259.84,2235.39,2259.84,1219091,VNHEAL,Y tế
2026-02-02,2251.11,2257.28,2226.54,2243.31,1221576,VNHEAL,Y tế
2026-02-03,2246.05,2276.11,2240.9,2275.7,967381,VNHEAL,Y tế
2026-02-04,2276.91,2278.2,2259.79,2271.42,787342,VNHEAL,Y tế
2026-02-05,2274.77,2274.95,2257.27,2260.19,519906,VNHEAL,Y tế
2026-02-06,2244.49,2255.05,2236.8,2251.06,629245,VNHEAL,Y tế
2026-02-09,2241.97,2267.76,2241.97,2247.37,720897,VNHEAL,Y tế
2026-02-10,2241.85,2254.64,2237.5,2249.48,4557624,VNHEAL,Y tế
2026-02-11,2238.9,2254.24,2237.43,2249.84,788266,VNHEAL,Y tế
2026-02-12,2249.84,2259.88,2241.07,2259.88,655548,VNHEAL,Y tế
2026-02-13,2247.77,2262.76,2247.77,2260.55,648249,VNHEAL,Y tế
2026-02-23,2258.77,2267.43,2253.87,2256.62,675799,VNHEAL,Y tế
2026-02-24,2257.58,2271.9,2248.64,2271.9,711324,VNHEAL,Y tế
2026-02-25,2270.14,2270.14,2250.32,2262.88,1039410,VNHEAL,Y tế
2026-02-26,2265.61,2267.52,2253.1,2267.52,1232215,VNHEAL,Y tế
2026-02-27,2270.64,2273.69,2245.04,2254.7,744829,VNHEAL,Y tế
2026-03-02,2193.6,2237.31,2158.86,2228.21,769567,VNHEAL,Y tế
2026-03-03,2227.32,2240.55,2220.33,2235.85,1016073,VNHEAL,Y tế
2026-03-04,2236.56,2238.32,2202.22,2237.19,974084,VNHEAL,Y tế
2026-03-05,2246.17,2250.32,2223.23,2223.23,687912,VNHEAL,Y tế
2026-03-06,2232.0,2242.54,2208.0,2218.66,933907,VNHEAL,Y tế
2026-03-09,2195.67,2195.67,2122.88,2165.59,1235484,VNHEAL,Y tế
2026-03-10,2158.4,2224.03,2158.4,2219.05,1882891,VNHEAL,Y tế
2026-03-11,2229.07,2229.07,2198.05,2228.27,972101,VNHEAL,Y tế
2026-03-12,2229.13,2233.95,2183.15,2206.79,994638,VNHEAL,Y tế
2026-03-13,2202.0,2211.45,2183.15,2183.15,719834,VNHEAL,Y tế
2026-03-16,2182.42,2220.84,2180.96,2204.44,908196,VNHEAL,Y tế
2026-03-17,2222.01,2231.11,2207.44,2212.26,995699,VNHEAL,Y tế
2026-03-18,2207.22,2215.36,2186.75,2194.54,1086369,VNHEAL,Y tế
2026-03-19,2196.56,2196.98,2174.03,2178.67,671515,VNHEAL,Y tế
2026-03-20,2172.81,2187.58,2167.17,2172.84,548444,VNHEAL,Y tế
2026-03-23,2177.94,2177.94,2132.69,2153.63,721981,VNHEAL,Y tế
2026-03-24,2159.79,2175.77,2153.76,2172.93,673816,VNHEAL,Y tế
2026-03-25,2184.19,2193.1,2150.89,2193.1,925686,VNHEAL,Y tế
2026-03-26,2194.08,2194.08,2161.48,2168.75,656463,VNHEAL,Y tế
2026-03-27,2169.04,2183.68,2159.59,2183.68,589185,VNHEAL,Y tế
2026-03-30,2180.39,2188.34,2152.81,2188.34,547527,VNHEAL,Y tế
2026-03-31,2189.45,2194.31,2164.98,2180.08,572912,VNHEAL,Y tế
2026-04-01,2181.67,2212.23,2181.11,2211.66,2175946,VNHEAL,Y tế
2026-04-02,2217.06,2225.42,2199.29,2212.03,1093305,VNHEAL,Y tế
2026-04-03,2217.32,2224.03,2175.62,2184.51,980775,VNHEAL,Y tế
2026-04-06,2169.67,2172.1,2149.96,2164.31,330396,VNHEAL,Y tế
2026-04-07,2142.31,2143.73,2126.59,2142.8,690896,VNHEAL,Y tế
2026-04-08,2136.71,2148.53,2118.65,2134.94,2225219,VNHEAL,Y tế
2026-04-09,2134.79,2151.79,2109.75,2122.15,1774548,VNHEAL,Y tế
2026-04-10,2115.34,2129.76,2095.26,2111.93,1315144,VNHEAL,Y tế
2026-04-13,2092.56,2113.4,2079.53,2093.16,2746065,VNHEAL,Y tế
2026-04-14,2079.47,2110.81,2079.47,2101.79,2037292,VNHEAL,Y tế
2026-04-15,2090.56,2095.51,2078.43,2082.42,1561745,VNHEAL,Y tế
2026-04-16,2082.36,2087.68,2060.99,2080.57,1237182,VNHEAL,Y tế
2026-04-17,2079.36,2089.01,2065.75,2080.74,830144,VNHEAL,Y tế
2026-04-20,2069.24,2083.04,2059.31,2074.39,1577575,VNHEAL,Y tế
2026-04-21,2071.98,2076.22,2053.76,2059.74,984478,VNHEAL,Y tế
2026-04-22,2054.46,2054.46,1994.28,1996.48,1039672,VNHEAL,Y tế
2026-04-23,1996.29,2000.46,1968.39,1973.89,2533270,VNHEAL,Y tế
2026-04-24,1946.13,1964.04,1933.17,1946.93,1096756,VNHEAL,Y tế
2026-04-28,1915.24,1934.12,1915.24,1929.21,868468,VNHEAL,Y tế
2026-04-29,1921.34,1986.01,1916.89,1986.01,961717,VNHEAL,Y tế
2026-05-04,1985.18,1988.56,1953.1,1976.59,1843404,VNHEAL,Y tế
2026-05-05,1951.07,1974.96,1944.31,1972.3,2438198,VNHEAL,Y tế
2026-05-06,1965.06,1967.46,1956.4,1963.87,3364102,VNHEAL,Y tế
2026-05-07,1956.32,1965.71,1931.44,1940.27,1151668,VNHEAL,Y tế
2026-05-08,1936.72,1949.53,1935.6,1941.63,1056160,VNHEAL,Y tế
2026-05-11,1946.25,1947.07,1914.96,1914.96,1354439,VNHEAL,Y tế
2026-05-12,1916.09,1922.24,1907.88,1922.24,2059741,VNHEAL,Y tế
2026-05-13,1923.47,1971.82,1923.47,1942.57,9632207,VNHEAL,Y tế
2026-05-14,1943.21,1960.56,1940.58,1941.99,1709659,VNHEAL,Y tế
2026-05-15,1943.28,1945.44,1925.34,1928.33,1132282,VNHEAL,Y tế
2026-05-18,1929.22,1929.45,1898.02,1918.73,1036651,VNHEAL,Y tế
2026-05-19,1925.38,1931.68,1910.92,1926.89,899003,VNHEAL,Y tế
2026-05-20,1925.17,1930.78,1902.17,1920.57,997858,VNHEAL,Y tế
2026-05-21,1928.43,1931.8,1913.71,1924.86,2204724,VNHEAL,Y tế
2026-05-22,1928.72,1931.64,1909.86,1921.72,2341874,VNHEAL,Y tế
2026-05-25,1921.94,1925.48,1908.0,1911.16,7778416,VNHEAL,Y tế
2026-05-26,1909.5,1917.49,1902.68,1917.49,3948159,VNHEAL,Y tế
2026-05-27,1919.11,1921.45,1900.85,1905.31,2276134,VNHEAL,Y tế
2026-05-28,1891.58,1911.78,1891.58,1906.27,1128686,VNHEAL,Y tế
2026-05-29,1905.97,1917.49,1896.91,1916.72,1905652,VNHEAL,Y tế
2026-06-01,1923.47,1926.25,1903.81,1915.22,1633481,VNHEAL,Y tế
2026-06-02,1917.1,1919.81,1900.52,1912.55,937228,VNHEAL,Y tế
2026-06-03,1923.16,1924.3,1898.55,1907.04,977364,VNHEAL,Y tế
2026-06-04,1902.87,1906.92,1887.16,1898.16,3400140,VNHEAL,Y tế
2026-06-05,1898.01,1903.21,1893.86,1893.86,722012,VNHEAL,Y tế
2026-06-08,1893.72,1893.72,1869.29,1873.11,834758,VNHEAL,Y tế
2026-06-09,1874.4,1896.87,1868.47,1894.84,653436,VNHEAL,Y tế
2026-06-10,1897.1,1900.5,1876.09,1896.61,658366,VNHEAL,Y tế
2026-06-11,1893.11,1897.33,1865.93,1888.68,577593,VNHEAL,Y tế
2026-06-12,1887.15,1897.68,1875.31,1897.68,2054200,VNHEAL,Y tế
2026-06-15,1880.8,1901.28,1871.8,1891.91,1076012,VNHEAL,Y tế
2026-06-16,1892.14,1894.96,1886.47,1888.55,938545,VNHEAL,Y tế
2026-06-17,1892.48,1892.48,1874.58,1884.59,581746,VNHEAL,Y tế
2026-06-18,1884.59,1886.74,1872.08,1877.31,611610,VNHEAL,Y tế
2026-06-19,1878.17,1878.17,1867.33,1871.77,632584,VNHEAL,Y tế
2026-06-22,1865.05,1866.17,1842.23,1859.63,1574911,VNHEAL,Y tế
2026-06-23,1860.56,1861.88,1843.38,1847.84,940243,VNHEAL,Y tế
2026-06-24,1843.69,1849.82,1832.46,1849.82,953984,VNHEAL,Y tế
2026-06-25,1849.43,1853.77,1838.59,1850.94,891995,VNHEAL,Y tế
2026-06-26,1847.79,1858.57,1839.7,1848.4,942485,VNHEAL,Y tế
2026-06-29,1847.28,1853.45,1819.15,1821.56,1015396,VNHEAL,Y tế
2026-06-30,1820.2,1830.82,1806.71,1814.11,928454,VNHEAL,Y tế
2026-07-01,1817.11,1827.08,1809.81,1812.51,858973,VNHEAL,Y tế
2026-07-02,1827.69,1831.59,1812.15,1825.38,1030676,VNHEAL,Y tế
2026-07-03,1816.93,1834.96,1816.22,1831.81,933870,VNHEAL,Y tế
2026-07-06,1830.63,1836.67,1791.49,1821.81,844720,VNHEAL,Y tế
2026-07-07,1821.44,1821.44,1795.11,1811.81,2013480,VNHEAL,Y tế
2026-07-08,1811.25,1813.5,1804.08,1810.89,1261027,VNHEAL,Y tế
2026-07-09,1810.33,1816.68,1798.64,1811.12,982156,VNHEAL,Y tế
2026-07-10,1810.56,1813.12,1800.02,1803.67,819033,VNHEAL,Y tế
2026-07-13,1803.11,1804.23,1759.49,1772.32,813178,VNHEAL,Y tế
2026-07-14,1772.32,1773.44,1751.21,1768.0,586896,VNHEAL,Y tế
2026-07-15,1769.69,1771.04,1752.24,1760.9,832525,VNHEAL,Y tế
2026-07-16,1760.17,1772.45,1743.22,1766.97,789830,VNHEAL,Y tế
2026-07-17,1766.03,1768.62,1745.27,1748.24,2321809,VNHEAL,Y tế
2026-07-20,1747.84,1750.19,1708.78,1717.45,957196,VNHEAL,Y tế
2026-07-21,1708.21,1713.27,1692.79,1692.82,1200469,VNHEAL,Y tế
2026-07-22,1686.23,1689.39,1649.57,1681.53,772924,VNHEAL,Y tế
2026-07-23,1651.35,1676.11,1647.9,1667.4,1301619,VNHEAL,Y tế
2026-07-24,1663.47,1666.86,1645.95,1658.09,862536,VNHEAL,Y tế
2026-07-27,1670.27,1680.89,1625.98,1660.22,721963,VNHEAL,Y tế
2026-07-28,1642.97,1670.04,1624.35,1660.58,798821,VNHEAL,Y tế
2026-07-29,1645.58,1673.1,1645.58,1673.1,425769,VNHEAL,Y tế
2026-07-30,1680.6,1697.58,1663.9,1695.71,811191,VNHEAL,Y tế
2026-07-31,1690.06,1690.06,1647.97,1677.0,1579602,VNHEAL,Y tế
2026-08-03,1676.61,1684.82,1662.17,1683.08,1261331,VNHEAL,Y tế
2026-08-04,1685.02,1708.53,1680.93,1706.75,2939474,VNHEAL,Y tế
2026-08-05,1713.76,1742.55,1713.6,1729.18,1742754,VNHEAL,Y tế
2026-08-06,1729.97,1735.52,1698.23,1704.9,1718002,VNHEAL,Y tế
2026-08-07,1683.46,1704.01,1673.77,1691.18,1532563,VNHEAL,Y tế
2026-08-10,1690.19,1703.71,1685.7,1699.82,1059557,VNHEAL,Y tế
2026-08-11,1699.82,1703.19,1669.75,1687.74,5399221,VNHEAL,Y tế
2026-08-12,1687.74,1694.76,1670.78,1687.34,823928,VNHEAL,Y tế
2026-08-13,1685.75,1690.49,1666.6,1688.69,886240,VNHEAL,Y tế
2026-08-14,1687.1,1687.16,1665.04,1680.28,790650,VNHEAL,Y tế
2026-08-17,1682.41,1682.41,1666.23,1671.83,1098029,VNHEAL,Y tế
2026-08-18,1672.62,1679.02,1652.02,1679.02,1073432,VNHEAL,Y tế
2026-08-19,1679.02,1688.54,1670.81,1679.44,1142875,VNHEAL,Y tế
