time,open,high,low,close,volume,symbol,name
2018-08-06,679.49,682.72,676.04,677.34,16726410,VNIND,Công nghiệp
2018-08-07,677.26,677.26,672.05,673.04,18286270,VNIND,Công nghiệp
2018-08-08,673.27,678.15,673.27,676.96,13753080,VNIND,Công nghiệp
2018-08-09,676.68,684.62,676.68,682.64,19494530,VNIND,Công nghiệp
2018-08-10,681.37,686.41,679.51,686.41,16241330,VNIND,Công nghiệp
2018-08-13,685.12,690.84,683.95,690.53,16938330,VNIND,Công nghiệp
2018-08-14,690.53,696.81,688.12,695.86,24672820,VNIND,Công nghiệp
2018-08-15,690.53,696.86,677.8,679.26,18225440,VNIND,Công nghiệp
2018-08-16,690.53,679.25,665.47,679.25,17204650,VNIND,Công nghiệp
2018-08-17,690.53,687.53,680.13,683.15,13590280,VNIND,Công nghiệp
2018-08-20,690.53,685.13,679.01,683.96,15880230,VNIND,Công nghiệp
2018-08-21,690.53,688.41,683.28,688.36,21344970,VNIND,Công nghiệp
2018-08-22,690.53,696.88,690.93,694.48,21101040,VNIND,Công nghiệp
2018-08-23,690.53,696.08,691.87,694.36,19112420,VNIND,Công nghiệp
2018-08-24,690.53,698.0,691.65,697.17,19597890,VNIND,Công nghiệp
2018-08-27,690.53,700.61,697.01,698.83,21541470,VNIND,Công nghiệp
2018-08-28,690.53,705.33,698.24,705.33,21002190,VNIND,Công nghiệp
2018-08-29,690.53,705.72,699.36,703.55,18330440,VNIND,Công nghiệp
2018-08-30,702.93,708.9,700.25,708.9,18285070,VNIND,Công nghiệp
2018-08-31,702.93,712.5,702.97,704.12,19663140,VNIND,Công nghiệp
2018-09-04,702.93,712.5,680.91,680.91,20397050,VNIND,Công nghiệp
2018-09-05,702.93,691.81,684.34,689.9,19660120,VNIND,Công nghiệp
2018-09-06,702.93,690.35,676.79,679.55,16789440,VNIND,Công nghiệp
2018-09-07,702.93,684.65,678.53,682.64,14526230,VNIND,Công nghiệp
2018-09-10,702.93,683.01,677.02,678.16,14674350,VNIND,Công nghiệp
2018-09-11,702.93,689.72,677.53,689.72,17838190,VNIND,Công nghiệp
2018-09-12,702.93,693.44,685.78,688.75,17866320,VNIND,Công nghiệp
2018-09-13,702.93,690.44,685.23,686.62,18977240,VNIND,Công nghiệp
2018-09-14,702.93,690.05,686.74,689.93,18200090,VNIND,Công nghiệp
2018-09-17,702.93,688.9,681.27,683.19,18201880,VNIND,Công nghiệp
2018-09-18,702.93,691.27,678.41,691.27,25257090,VNIND,Công nghiệp
2018-09-19,702.93,696.15,691.0,693.99,36557120,VNIND,Công nghiệp
2018-09-20,702.93,698.85,694.52,698.62,33875870,VNIND,Công nghiệp
2018-09-21,702.93,702.61,693.5,697.4,33218460,VNIND,Công nghiệp
2018-09-24,702.93,705.77,698.67,705.77,23708100,VNIND,Công nghiệp
2018-09-25,702.93,707.34,702.4,706.5,26909040,VNIND,Công nghiệp
2018-09-26,702.93,709.74,704.23,709.41,33297390,VNIND,Công nghiệp
2018-09-27,702.93,713.16,706.22,709.6,24890120,VNIND,Công nghiệp
2018-09-28,702.93,711.88,706.09,706.74,26540920,VNIND,Công nghiệp
2018-10-01,702.93,707.94,696.79,699.07,29076350,VNIND,Công nghiệp
2018-10-02,702.93,699.08,688.57,690.38,25609510,VNIND,Công nghiệp
2018-10-03,702.93,694.86,690.08,691.38,21969180,VNIND,Công nghiệp
2018-10-04,702.93,693.29,688.72,692.73,24102410,VNIND,Công nghiệp
2018-10-05,702.93,694.12,691.35,691.67,26598090,VNIND,Công nghiệp
2018-10-08,702.93,693.24,688.32,688.84,27368120,VNIND,Công nghiệp
2018-10-09,702.93,693.22,688.69,692.69,26367620,VNIND,Công nghiệp
2018-10-10,702.93,695.65,690.84,694.67,23354700,VNIND,Công nghiệp
2018-10-11,702.93,686.58,656.04,664.61,44633150,VNIND,Công nghiệp
2018-10-12,702.93,671.81,653.52,671.81,24056750,VNIND,Công nghiệp
2018-10-15,702.93,671.99,659.86,662.98,19080690,VNIND,Công nghiệp
2018-10-16,662.63,665.34,658.86,662.58,17791820,VNIND,Công nghiệp
2018-10-17,665.0,670.87,665.0,669.03,21585550,VNIND,Công nghiệp
2018-10-18,669.06,669.77,660.73,661.74,22333220,VNIND,Công nghiệp
2018-10-19,661.38,661.38,647.74,650.59,20142830,VNIND,Công nghiệp
2018-10-22,653.04,653.36,638.74,639.48,22835510,VNIND,Công nghiệp
2018-10-23,637.94,638.19,620.4,626.49,22777290,VNIND,Công nghiệp
2018-10-24,625.97,628.43,618.79,618.79,16650840,VNIND,Công nghiệp
2018-10-25,597.65,614.35,593.23,613.81,22443300,VNIND,Công nghiệp
2018-10-26,620.79,621.42,611.43,613.08,22406800,VNIND,Công nghiệp
2018-10-29,611.93,613.37,606.61,609.4,16359520,VNIND,Công nghiệp
2018-10-30,609.41,612.86,605.02,610.61,22384980,VNIND,Công nghiệp
2018-10-31,613.64,632.4,613.64,632.4,21856040,VNIND,Công nghiệp
2018-11-01,613.64,635.43,613.64,628.9,16470070,VNIND,Công nghiệp
2018-11-02,613.64,637.58,613.64,637.58,21170980,VNIND,Công nghiệp
2018-11-05,635.01,638.21,632.06,638.21,14451130,VNIND,Công nghiệp
2018-11-06,639.39,642.81,636.46,636.85,18815620,VNIND,Công nghiệp
2018-11-07,635.86,638.68,625.85,630.64,15736930,VNIND,Công nghiệp
2018-11-08,631.41,637.0,631.41,634.96,18134350,VNIND,Công nghiệp
2018-11-09,634.61,634.61,624.04,625.2,15371220,VNIND,Công nghiệp
2018-11-12,624.36,625.21,617.48,621.46,14267360,VNIND,Công nghiệp
2018-11-13,615.41,617.24,614.43,615.67,9117780,VNIND,Công nghiệp
2018-11-14,618.21,623.44,616.47,616.47,16500770,VNIND,Công nghiệp
2018-11-15,615.93,620.72,612.41,614.73,16558110,VNIND,Công nghiệp
2018-11-16,616.21,619.21,614.22,618.87,14817210,VNIND,Công nghiệp
2018-11-19,618.87,624.94,618.87,624.94,20973910,VNIND,Công nghiệp
2018-11-20,623.63,628.0,622.82,627.15,20613000,VNIND,Công nghiệp
2018-11-21,627.15,629.58,621.48,629.58,20243740,VNIND,Công nghiệp
2018-11-22,630.91,632.14,626.88,628.71,19372440,VNIND,Công nghiệp
2018-11-23,627.67,627.87,622.55,622.78,15152130,VNIND,Công nghiệp
2018-11-26,619.82,622.67,619.7,621.03,15439710,VNIND,Công nghiệp
2018-11-27,623.67,624.71,618.57,620.33,16982860,VNIND,Công nghiệp
2018-11-28,619.92,625.34,619.92,625.29,14434930,VNIND,Công nghiệp
2018-11-29,625.6,634.33,625.6,630.28,15386690,VNIND,Công nghiệp
2018-11-30,629.89,629.89,623.34,627.04,14272820,VNIND,Công nghiệp
2018-12-03,627.84,636.1,627.84,636.1,19290590,VNIND,Công nghiệp
2018-12-04,636.23,639.68,634.91,638.47,19615720,VNIND,Công nghiệp
2018-12-05,638.41,638.41,631.46,636.31,22740680,VNIND,Công nghiệp
2018-12-06,634.55,639.5,633.26,638.16,23482050,VNIND,Công nghiệp
2018-12-07,639.55,643.45,639.39,642.55,24708920,VNIND,Công nghiệp
2018-12-10,640.82,640.84,634.19,635.14,17911840,VNIND,Công nghiệp
2018-12-11,635.15,636.56,629.25,632.24,17249720,VNIND,Công nghiệp
2018-12-12,632.24,638.28,632.16,638.28,33170510,VNIND,Công nghiệp
2018-12-13,638.42,642.26,637.19,637.97,30271760,VNIND,Công nghiệp
2018-12-14,637.9,638.07,633.27,633.27,23512090,VNIND,Công nghiệp
2018-12-17,631.47,632.46,622.97,624.58,26899110,VNIND,Công nghiệp
2018-12-18,624.58,624.58,611.61,618.28,28804840,VNIND,Công nghiệp
2018-12-19,618.29,619.65,614.19,617.54,19167590,VNIND,Công nghiệp
2018-12-20,617.14,617.62,613.69,617.04,23820200,VNIND,Công nghiệp
2018-12-21,615.36,620.11,612.05,620.11,26635300,VNIND,Công nghiệp
2018-12-24,615.36,620.41,612.05,620.41,26270890,VNIND,Công nghiệp
2018-12-25,615.36,620.41,602.29,607.95,31455950,VNIND,Công nghiệp
2018-12-26,615.36,620.41,602.29,604.62,20611610,VNIND,Công nghiệp
2018-12-27,615.36,620.41,602.24,602.24,20459630,VNIND,Công nghiệp
2018-12-28,615.36,610.56,598.05,603.36,26779990,VNIND,Công nghiệp
2019-01-02,615.36,610.56,591.78,591.78,21340070,VNIND,Công nghiệp
2019-01-03,590.63,592.08,579.18,583.56,23347720,VNIND,Công nghiệp
2019-01-04,583.56,583.56,572.33,581.98,21447080,VNIND,Công nghiệp
2019-01-07,586.57,587.34,578.33,585.43,15802980,VNIND,Công nghiệp
2019-01-08,585.07,585.71,579.13,581.71,16294910,VNIND,Công nghiệp
2019-01-09,581.7,584.87,581.18,584.87,23261280,VNIND,Công nghiệp
2019-01-10,585.69,586.59,583.41,584.74,16219980,VNIND,Công nghiệp
2019-01-11,585.21,591.68,585.16,590.1,19746600,VNIND,Công nghiệp
2019-01-14,590.9,593.48,587.7,589.55,15917890,VNIND,Công nghiệp
2019-01-15,589.32,592.1,588.27,592.1,17667190,VNIND,Công nghiệp
2019-01-16,590.5,592.57,584.95,587.78,18540800,VNIND,Công nghiệp
2019-01-17,587.4,587.75,582.18,582.64,17205190,VNIND,Công nghiệp
2019-01-18,583.37,584.3,579.78,584.28,17048410,VNIND,Công nghiệp
2019-01-21,582.15,586.4,582.15,586.4,16110310,VNIND,Công nghiệp
2019-01-22,586.4,587.15,581.08,581.28,21592000,VNIND,Công nghiệp
2019-01-23,581.63,583.58,580.56,581.81,11808900,VNIND,Công nghiệp
2019-01-24,584.43,588.66,583.74,585.88,12690960,VNIND,Công nghiệp
2019-01-25,586.51,592.7,586.26,592.7,15482450,VNIND,Công nghiệp
2019-01-28,592.73,595.0,590.65,592.27,28595220,VNIND,Công nghiệp
2019-01-29,591.42,591.44,585.3,590.11,14608960,VNIND,Công nghiệp
2019-01-30,590.39,593.49,589.12,592.56,17593340,VNIND,Công nghiệp
2019-01-31,593.25,594.88,589.37,592.47,16042870,VNIND,Công nghiệp
2019-02-01,592.47,597.14,591.29,596.1,12049280,VNIND,Công nghiệp
2019-02-11,596.17,606.05,596.17,606.05,15316280,VNIND,Công nghiệp
2019-02-12,607.36,610.29,606.28,609.26,28853990,VNIND,Công nghiệp
2019-02-13,608.8,610.82,607.5,610.82,26279440,VNIND,Công nghiệp
2019-02-14,611.4,611.4,606.46,609.67,26977390,VNIND,Công nghiệp
2019-02-15,609.72,609.72,604.71,607.61,23799910,VNIND,Công nghiệp
2019-02-18,608.8,611.17,607.55,611.17,36707510,VNIND,Công nghiệp
2019-02-19,611.72,614.42,608.89,610.05,34286460,VNIND,Công nghiệp
2019-02-20,608.65,609.06,605.72,609.06,28757600,VNIND,Công nghiệp
2019-02-21,607.65,608.08,603.15,607.78,32551470,VNIND,Công nghiệp
2019-02-22,606.35,612.02,605.29,610.98,44581450,VNIND,Công nghiệp
2019-02-25,611.21,619.04,611.21,618.96,47918810,VNIND,Công nghiệp
2019-02-26,618.65,619.68,615.03,619.47,53403420,VNIND,Công nghiệp
2019-02-27,619.65,624.65,618.06,624.65,50443300,VNIND,Công nghiệp
2019-02-28,624.72,626.18,610.54,610.54,43300740,VNIND,Công nghiệp
2019-03-01,610.56,613.83,607.05,613.83,31315380,VNIND,Công nghiệp
2019-03-04,615.02,616.82,611.86,616.12,46845250,VNIND,Công nghiệp
2019-03-05,616.13,616.13,612.44,613.95,49761860,VNIND,Công nghiệp
2019-03-06,613.94,619.42,613.64,619.42,51131000,VNIND,Công nghiệp
2019-03-07,619.42,621.06,617.34,619.05,42613920,VNIND,Công nghiệp
2019-03-08,618.77,618.77,610.08,614.14,35455340,VNIND,Công nghiệp
2019-03-11,613.84,616.82,610.99,615.93,32986550,VNIND,Công nghiệp
2019-03-12,616.54,619.22,615.85,619.22,37077570,VNIND,Công nghiệp
2019-03-13,618.74,620.47,616.86,619.13,39005170,VNIND,Công nghiệp
2019-03-14,619.03,621.06,616.97,620.67,41210350,VNIND,Công nghiệp
2019-03-15,619.99,621.75,617.72,618.78,45024120,VNIND,Công nghiệp
2019-03-18,618.98,621.2,618.06,621.02,37471430,VNIND,Công nghiệp
2019-03-19,621.02,621.24,616.58,618.18,47750340,VNIND,Công nghiệp
2019-03-20,618.36,619.02,610.58,619.02,38456250,VNIND,Công nghiệp
2019-03-21,619.49,620.57,610.83,610.83,40356830,VNIND,Công nghiệp
2019-03-22,610.81,613.51,606.79,611.28,34983840,VNIND,Công nghiệp
2019-03-25,610.36,610.36,597.57,599.99,37449210,VNIND,Công nghiệp
2019-03-26,599.99,604.68,598.61,602.28,27532070,VNIND,Công nghiệp
2019-03-27,603.34,605.19,602.08,604.95,26720700,VNIND,Công nghiệp
2019-03-28,604.92,605.49,601.21,605.18,31934860,VNIND,Công nghiệp
2019-03-29,605.54,607.38,602.03,603.12,28380430,VNIND,Công nghiệp
2019-04-01,603.12,604.44,598.68,601.08,40063140,VNIND,Công nghiệp
2019-04-02,600.92,605.14,600.6,602.13,41958150,VNIND,Công nghiệp
2019-04-03,602.09,602.09,597.81,601.22,28745880,VNIND,Công nghiệp
2019-04-04,601.36,603.19,599.17,600.9,34509020,VNIND,Công nghiệp
2019-04-05,600.91,603.55,600.33,602.94,34301230,VNIND,Công nghiệp
2019-04-08,602.92,603.9,596.16,596.93,33719980,VNIND,Công nghiệp
2019-04-09,595.79,597.28,587.5,594.73,33694160,VNIND,Công nghiệp
2019-04-10,591.51,591.8,584.48,590.5,30547260,VNIND,Công nghiệp
2019-04-11,590.27,594.09,589.61,591.47,27854140,VNIND,Công nghiệp
2019-04-12,590.87,591.65,587.31,591.35,27409490,VNIND,Công nghiệp
2019-04-16,591.35,591.35,582.5,588.21,25653170,VNIND,Công nghiệp
2019-04-17,588.16,588.95,582.26,584.35,31550950,VNIND,Công nghiệp
2019-04-18,582.89,586.26,577.81,581.05,33549560,VNIND,Công nghiệp
2019-04-19,581.05,585.03,581.05,584.1,24796340,VNIND,Công nghiệp
2019-04-22,583.09,584.17,577.84,579.06,25298640,VNIND,Công nghiệp
2019-04-23,580.64,580.64,576.3,580.25,25442920,VNIND,Công nghiệp
2019-04-24,580.23,582.92,579.17,582.92,29625600,VNIND,Công nghiệp
2019-04-25,582.7,583.73,580.93,582.71,27231170,VNIND,Công nghiệp
2019-04-26,580.8,585.12,580.16,585.12,25053160,VNIND,Công nghiệp
2019-05-02,585.12,588.7,584.64,588.7,25452370,VNIND,Công nghiệp
2019-05-03,587.75,588.8,585.48,588.58,25720300,VNIND,Công nghiệp
2019-05-06,588.17,588.17,578.82,581.15,29341210,VNIND,Công nghiệp
2019-05-07,582.83,584.62,576.92,580.16,25275930,VNIND,Công nghiệp
2019-05-08,576.6,578.04,573.49,578.04,23882990,VNIND,Công nghiệp
2019-05-09,577.63,579.1,573.75,576.85,23796440,VNIND,Công nghiệp
2019-05-10,576.64,578.32,573.27,577.5,24858090,VNIND,Công nghiệp
2019-05-13,577.5,580.85,575.94,580.85,26118850,VNIND,Công nghiệp
2019-05-14,578.53,584.41,578.18,584.41,29375930,VNIND,Công nghiệp
2019-05-15,584.09,589.83,584.09,589.46,33353430,VNIND,Công nghiệp
2019-05-16,590.8,590.8,587.39,589.01,28977620,VNIND,Công nghiệp
2019-05-17,587.32,591.68,585.48,591.68,28253960,VNIND,Công nghiệp
2019-05-20,591.19,594.19,591.13,593.45,31049940,VNIND,Công nghiệp
2019-05-21,593.23,593.87,591.09,592.38,28016990,VNIND,Công nghiệp
2019-05-22,592.26,593.58,590.61,590.88,26825600,VNIND,Công nghiệp
2019-05-23,589.37,589.58,586.82,588.65,20573210,VNIND,Công nghiệp
2019-05-24,586.91,591.36,585.48,589.71,26091400,VNIND,Công nghiệp
2019-05-27,590.32,590.53,588.45,590.02,24454130,VNIND,Công nghiệp
2019-05-28,590.31,598.3,589.68,598.3,25676840,VNIND,Công nghiệp
2019-05-29,596.22,596.27,593.15,594.03,32547680,VNIND,Công nghiệp
2019-05-30,593.28,596.25,591.4,596.01,24615690,VNIND,Công nghiệp
2019-05-31,595.94,595.94,591.87,591.94,25173300,VNIND,Công nghiệp
2019-06-03,589.93,590.29,582.23,583.03,29769920,VNIND,Công nghiệp
2019-06-04,582.71,585.07,578.69,581.39,23064580,VNIND,Công nghiệp
2019-06-05,583.9,584.9,580.65,582.37,20728490,VNIND,Công nghiệp
2019-06-06,581.85,582.74,575.41,581.36,24801330,VNIND,Công nghiệp
2019-06-07,581.6,585.01,581.52,585.01,20849400,VNIND,Công nghiệp
2019-06-10,586.62,590.56,586.57,589.78,24339170,VNIND,Công nghiệp
2019-06-11,588.68,591.55,588.11,591.15,22962190,VNIND,Công nghiệp
2019-06-12,590.35,590.93,586.63,588.28,25443260,VNIND,Công nghiệp
2019-06-13,587.56,587.56,582.03,583.18,24902970,VNIND,Công nghiệp
2019-06-14,582.78,585.76,582.69,583.9,32460020,VNIND,Công nghiệp
2019-06-17,580.51,580.99,575.31,577.65,28448140,VNIND,Công nghiệp
2019-06-18,577.81,578.39,571.23,572.8,25111000,VNIND,Công nghiệp
2019-06-19,572.82,576.25,572.82,575.13,26496120,VNIND,Công nghiệp
2019-06-20,572.82,576.25,572.82,575.13,26496120,VNIND,Công nghiệp
2019-06-21,572.82,576.25,572.82,575.13,26496120,VNIND,Công nghiệp
2019-06-24,575.29,583.97,581.36,583.97,29162610,VNIND,Công nghiệp
2019-06-25,575.29,585.27,583.28,584.8,28450880,VNIND,Công nghiệp
2019-06-26,575.29,586.3,584.51,585.81,31120110,VNIND,Công nghiệp
2019-06-27,575.29,585.26,581.18,582.08,26943610,VNIND,Công nghiệp
2019-06-28,575.29,590.12,579.71,590.12,29028700,VNIND,Công nghiệp
2019-07-01,575.29,591.42,587.53,589.6,30047200,VNIND,Công nghiệp
2019-07-02,590.08,592.9,589.16,591.68,19254620,VNIND,Công nghiệp
2019-07-03,591.63,594.34,590.79,594.34,26519290,VNIND,Công nghiệp
2019-07-04,594.29,598.19,594.29,597.77,31248480,VNIND,Công nghiệp
2019-07-05,597.84,598.37,595.66,597.08,25563640,VNIND,Công nghiệp
2019-07-08,596.76,596.76,590.8,593.91,23617690,VNIND,Công nghiệp
2019-07-09,593.23,595.3,590.97,595.3,26843270,VNIND,Công nghiệp
2019-07-10,596.23,601.62,596.23,601.62,32075200,VNIND,Công nghiệp
2019-07-11,602.14,602.14,599.77,601.41,27322840,VNIND,Công nghiệp
2019-07-12,602.05,602.52,599.01,599.01,31931490,VNIND,Công nghiệp
2019-07-15,602.05,599.47,596.24,598.46,28244610,VNIND,Công nghiệp
2019-07-16,598.78,601.78,598.26,601.78,30282680,VNIND,Công nghiệp
2019-07-17,601.78,601.78,597.79,599.89,30287080,VNIND,Công nghiệp
2019-07-18,599.54,599.54,594.89,595.81,25683250,VNIND,Công nghiệp
2019-07-19,595.95,598.74,595.07,598.74,33740390,VNIND,Công nghiệp
2019-07-22,598.74,604.23,596.29,598.53,26948450,VNIND,Công nghiệp
2019-07-23,597.17,600.34,597.17,600.34,33189150,VNIND,Công nghiệp
2019-07-24,599.14,603.15,598.6,602.23,33610680,VNIND,Công nghiệp
2019-07-25,602.01,604.89,601.42,604.89,36512520,VNIND,Công nghiệp
2019-07-26,603.44,604.54,601.36,603.33,27413540,VNIND,Công nghiệp
2019-07-29,603.63,604.82,600.51,603.0,22183270,VNIND,Công nghiệp
2019-07-30,602.08,603.05,598.43,599.47,33703660,VNIND,Công nghiệp
2019-07-31,598.49,600.14,594.7,600.14,33444010,VNIND,Công nghiệp
2019-08-01,597.7,600.05,594.4,600.05,40830470,VNIND,Công nghiệp
2019-08-02,600.1,600.1,593.97,599.86,36564700,VNIND,Công nghiệp
2019-08-05,599.85,599.85,594.32,598.71,39342610,VNIND,Công nghiệp
2019-08-06,597.3,597.3,588.43,595.57,47678460,VNIND,Công nghiệp
2019-08-07,595.62,597.52,593.53,595.57,42858390,VNIND,Công nghiệp
2019-08-08,595.57,602.74,594.38,602.74,51871050,VNIND,Công nghiệp
2019-08-09,602.72,604.88,602.13,603.84,42518490,VNIND,Công nghiệp
2019-08-12,603.83,607.91,603.83,607.91,40843740,VNIND,Công nghiệp
2019-08-13,607.79,607.79,598.69,601.57,43941280,VNIND,Công nghiệp
2019-08-14,602.73,604.73,599.35,600.14,38376320,VNIND,Công nghiệp
2019-08-15,598.34,600.4,592.03,600.4,40175930,VNIND,Công nghiệp
2019-08-16,599.75,604.5,599.75,603.46,41613810,VNIND,Công nghiệp
2019-08-19,604.34,605.34,599.93,602.62,29696640,VNIND,Công nghiệp
2019-08-20,602.62,604.91,600.72,604.91,38911380,VNIND,Công nghiệp
2019-08-21,604.72,606.59,603.97,605.52,39844170,VNIND,Công nghiệp
2019-08-22,605.57,606.82,603.66,605.86,40600990,VNIND,Công nghiệp
2019-08-23,605.44,608.74,604.29,608.74,38488910,VNIND,Công nghiệp
2019-08-26,608.71,608.71,600.77,605.05,36192750,VNIND,Công nghiệp
2019-08-27,605.02,607.21,602.05,605.29,35970060,VNIND,Công nghiệp
2019-08-28,604.71,605.25,602.15,604.48,37698140,VNIND,Công nghiệp
2019-08-29,604.47,606.44,602.68,606.4,35761620,VNIND,Công nghiệp
2019-08-30,605.64,609.29,605.64,609.28,42077710,VNIND,Công nghiệp
2019-09-03,609.14,609.65,600.2,605.17,33319360,VNIND,Công nghiệp
2019-09-04,605.12,605.12,598.35,600.09,35776100,VNIND,Công nghiệp
2019-09-05,600.08,601.96,599.0,600.9,39055650,VNIND,Công nghiệp
2019-09-06,600.87,601.77,598.62,601.77,34888750,VNIND,Công nghiệp
2019-09-09,601.82,604.26,600.41,604.11,37325050,VNIND,Công nghiệp
2019-09-10,604.11,604.79,599.41,602.61,34500870,VNIND,Công nghiệp
2019-09-11,602.64,605.62,601.19,605.62,30581290,VNIND,Công nghiệp
2019-09-12,606.78,614.05,606.59,614.05,38526170,VNIND,Công nghiệp
2019-09-13,613.95,618.6,613.72,618.6,38002270,VNIND,Công nghiệp
2019-09-16,618.49,623.6,618.49,623.6,34107870,VNIND,Công nghiệp
2019-09-17,623.6,624.12,620.56,624.11,45538600,VNIND,Công nghiệp
2019-09-18,624.26,624.96,620.14,624.37,36832210,VNIND,Công nghiệp
2019-09-19,624.14,624.46,621.17,624.16,40877500,VNIND,Công nghiệp
2019-09-20,624.04,624.51,621.94,622.39,48001120,VNIND,Công nghiệp
2019-09-23,622.7,623.21,619.2,619.61,36346520,VNIND,Công nghiệp
2019-09-24,619.47,620.43,617.93,619.34,32625690,VNIND,Công nghiệp
2019-09-25,618.96,621.21,616.26,620.61,45605580,VNIND,Công nghiệp
2019-09-26,620.02,621.34,618.29,621.34,37137720,VNIND,Công nghiệp
2019-09-27,621.32,622.65,619.52,622.41,41706150,VNIND,Công nghiệp
2019-09-30,621.37,624.89,621.33,623.42,45548700,VNIND,Công nghiệp
2019-10-01,623.38,625.11,621.72,625.11,40113380,VNIND,Công nghiệp
2019-10-02,625.14,625.94,622.08,622.57,41072540,VNIND,Công nghiệp
2019-10-03,621.07,623.2,619.57,623.2,39793160,VNIND,Công nghiệp
2019-10-04,623.13,625.35,623.06,623.2,44675840,VNIND,Công nghiệp
2019-10-07,623.2,624.1,620.28,621.18,41114140,VNIND,Công nghiệp
2019-10-08,621.12,622.14,619.79,621.9,39691210,VNIND,Công nghiệp
2019-10-09,622.45,622.65,618.66,620.59,41686290,VNIND,Công nghiệp
2019-10-10,620.61,621.01,618.41,619.35,45609870,VNIND,Công nghiệp
2019-10-11,619.43,622.96,619.26,622.96,43402190,VNIND,Công nghiệp
2019-10-14,624.2,625.79,623.57,623.98,44662770,VNIND,Công nghiệp
2019-10-15,624.02,624.49,621.99,622.93,40131560,VNIND,Công nghiệp
2019-10-16,622.91,624.31,618.94,619.34,41257380,VNIND,Công nghiệp
2019-10-17,618.91,619.43,615.08,616.32,42391770,VNIND,Công nghiệp
2019-10-18,615.55,618.23,615.14,617.26,39581200,VNIND,Công nghiệp
2019-10-21,617.74,619.9,616.75,616.82,47193310,VNIND,Công nghiệp
2019-10-22,616.87,620.43,616.14,620.17,49261630,VNIND,Công nghiệp
2019-10-23,620.02,621.28,619.03,620.73,38433130,VNIND,Công nghiệp
2019-10-24,620.63,623.24,620.45,623.24,38856890,VNIND,Công nghiệp
2019-10-25,623.23,624.67,621.96,624.34,40846820,VNIND,Công nghiệp
2019-10-28,624.24,626.2,621.48,621.67,42534830,VNIND,Công nghiệp
2019-10-29,620.47,621.8,618.83,619.15,52062360,VNIND,Công nghiệp
2019-10-30,619.14,623.62,619.14,623.62,46073400,VNIND,Công nghiệp
2019-10-31,623.37,624.15,619.08,619.93,60544320,VNIND,Công nghiệp
2019-11-01,619.9,620.98,619.07,620.98,51675130,VNIND,Công nghiệp
2019-11-04,621.08,621.56,618.48,620.3,52776350,VNIND,Công nghiệp
2019-11-05,620.01,620.01,618.02,619.47,48589190,VNIND,Công nghiệp
2019-11-06,618.45,619.42,615.54,616.87,49971980,VNIND,Công nghiệp
2019-11-07,616.71,617.54,613.72,616.28,47133130,VNIND,Công nghiệp
2019-11-08,616.23,616.89,614.43,614.69,44899960,VNIND,Công nghiệp
2019-11-11,614.72,615.73,612.35,613.78,49367890,VNIND,Công nghiệp
2019-11-12,613.85,615.57,613.22,615.52,52043810,VNIND,Công nghiệp
2019-11-13,615.69,617.13,614.54,615.4,48122830,VNIND,Công nghiệp
2019-11-14,615.43,616.31,613.1,613.98,69250060,VNIND,Công nghiệp
2019-11-15,613.92,615.05,612.85,613.94,52689200,VNIND,Công nghiệp
2019-11-18,614.22,616.01,612.38,614.76,48983960,VNIND,Công nghiệp
2019-11-19,614.76,617.25,614.25,617.25,52551780,VNIND,Công nghiệp
2019-11-20,617.25,618.23,616.28,617.8,55347450,VNIND,Công nghiệp
2019-11-21,616.76,618.15,612.45,612.93,46378270,VNIND,Công nghiệp
2019-11-22,612.95,613.54,605.66,608.49,60868010,VNIND,Công nghiệp
2019-11-25,608.03,608.03,604.53,607.38,54918800,VNIND,Công nghiệp
2019-11-26,607.7,610.48,605.69,609.31,47258500,VNIND,Công nghiệp
2019-11-27,608.8,609.13,607.04,608.47,50417660,VNIND,Công nghiệp
2019-11-28,608.48,610.5,605.8,608.11,58222320,VNIND,Công nghiệp
2019-11-29,607.95,609.94,606.69,609.37,51088090,VNIND,Công nghiệp
2019-12-02,609.69,610.34,604.33,606.64,60584430,VNIND,Công nghiệp
2019-12-03,606.6,606.6,601.61,604.86,59977710,VNIND,Công nghiệp
2019-12-04,603.68,606.3,602.27,606.3,58504330,VNIND,Công nghiệp
2019-12-05,606.32,607.71,603.65,605.21,60342130,VNIND,Công nghiệp
2019-12-06,605.17,605.17,601.93,604.44,48781110,VNIND,Công nghiệp
2019-12-09,604.43,604.58,600.09,603.56,50658470,VNIND,Công nghiệp
2019-12-10,601.79,602.09,598.57,600.1,57581400,VNIND,Công nghiệp
2019-12-11,600.02,602.38,598.3,602.38,62678980,VNIND,Công nghiệp
2019-12-12,602.46,607.35,600.89,607.35,55980970,VNIND,Công nghiệp
2019-12-13,607.69,607.86,603.81,604.8,60862100,VNIND,Công nghiệp
2019-12-16,604.33,604.73,601.91,604.36,78844950,VNIND,Công nghiệp
2019-12-17,604.39,604.49,600.57,601.74,85013960,VNIND,Công nghiệp
2019-12-18,600.15,600.99,599.28,600.57,69934560,VNIND,Công nghiệp
2019-12-19,599.89,600.31,596.85,597.56,64876900,VNIND,Công nghiệp
2019-12-20,597.45,597.63,594.55,594.55,73083970,VNIND,Công nghiệp
2019-12-23,596.73,598.71,595.91,597.69,70136800,VNIND,Công nghiệp
2019-12-24,597.45,598.09,595.65,598.09,70727620,VNIND,Công nghiệp
2019-12-25,598.18,600.09,596.67,600.09,81603760,VNIND,Công nghiệp
2019-12-26,600.12,600.12,595.81,596.24,53448710,VNIND,Công nghiệp
2019-12-27,593.94,594.33,591.85,594.05,33203490,VNIND,Công nghiệp
2019-12-30,592.3,593.76,591.36,593.24,32784760,VNIND,Công nghiệp
2019-12-31,593.24,593.81,589.97,593.81,49678280,VNIND,Công nghiệp
2020-01-02,593.87,596.72,591.36,596.72,47174560,VNIND,Công nghiệp
2020-01-03,596.72,599.4,594.02,595.64,45367820,VNIND,Công nghiệp
2020-01-06,595.64,595.64,586.92,591.77,34713070,VNIND,Công nghiệp
2020-01-07,591.74,592.06,587.7,591.13,40685540,VNIND,Công nghiệp
2020-01-08,590.84,590.84,579.5,581.06,44572760,VNIND,Công nghiệp
2020-01-09,584.89,585.33,580.79,585.33,34819040,VNIND,Công nghiệp
2020-01-10,584.25,585.77,581.82,585.77,34845890,VNIND,Công nghiệp
2020-01-13,585.77,585.77,582.68,583.95,30410520,VNIND,Công nghiệp
2020-01-14,583.95,588.1,582.56,588.1,37238110,VNIND,Công nghiệp
2020-01-15,588.12,590.86,587.91,590.42,27131130,VNIND,Công nghiệp
2020-01-16,590.42,590.42,587.57,589.4,29023880,VNIND,Công nghiệp
2020-01-17,588.59,594.21,587.51,593.55,24014480,VNIND,Công nghiệp
2020-01-20,593.55,593.55,590.62,591.49,19154320,VNIND,Công nghiệp
2020-01-21,591.49,593.83,589.55,593.82,21667070,VNIND,Công nghiệp
2020-01-22,593.87,594.73,591.67,594.33,25583800,VNIND,Công nghiệp
2020-01-30,594.37,594.37,575.21,577.4,31515690,VNIND,Công nghiệp
2020-01-31,577.21,577.4,552.43,552.45,42913130,VNIND,Công nghiệp
2020-02-03,551.58,552.45,519.98,536.47,44134700,VNIND,Công nghiệp
2020-02-04,536.02,540.22,533.41,538.81,32161660,VNIND,Công nghiệp
2020-02-05,538.27,540.25,534.54,536.67,30487210,VNIND,Công nghiệp
2020-02-06,536.69,542.56,535.89,541.97,28495290,VNIND,Công nghiệp
2020-02-07,541.97,550.25,541.97,549.51,30595690,VNIND,Công nghiệp
2020-02-10,549.45,549.45,543.77,546.89,28465130,VNIND,Công nghiệp
2020-02-11,546.89,550.44,546.85,550.44,24787900,VNIND,Công nghiệp
2020-02-12,550.5,556.04,550.43,556.04,38600300,VNIND,Công nghiệp
2020-02-13,557.07,558.72,554.97,558.72,41980200,VNIND,Công nghiệp
2020-02-14,558.72,559.36,555.17,556.49,39959260,VNIND,Công nghiệp
2020-02-17,556.46,557.33,555.03,556.45,29790830,VNIND,Công nghiệp
2020-02-18,556.42,557.4,555.3,556.75,37906880,VNIND,Công nghiệp
2020-02-19,556.75,559.5,556.02,559.2,43344380,VNIND,Công nghiệp
2020-02-20,559.2,561.35,558.79,560.5,39018430,VNIND,Công nghiệp
2020-02-21,560.5,561.3,557.15,557.58,38276370,VNIND,Công nghiệp
2020-02-24,556.9,556.9,539.42,541.62,47974120,VNIND,Công nghiệp
2020-02-25,541.62,541.62,529.74,539.02,41534370,VNIND,Công nghiệp
2020-02-26,539.02,539.02,529.13,530.72,23501680,VNIND,Công nghiệp
2020-02-27,530.7,530.8,526.09,527.79,24656840,VNIND,Công nghiệp
2020-02-28,527.69,527.69,515.1,518.75,35983780,VNIND,Công nghiệp
2020-03-02,516.07,518.75,512.38,517.51,39468510,VNIND,Công nghiệp
2020-03-03,518.08,524.19,518.08,523.29,37652050,VNIND,Công nghiệp
2020-03-04,523.35,535.06,521.29,524.71,41122700,VNIND,Công nghiệp
2020-03-05,524.74,529.01,523.42,525.4,42548850,VNIND,Công nghiệp
2020-03-06,525.3,525.4,516.92,520.81,35643450,VNIND,Công nghiệp
2020-03-09,516.58,516.58,486.66,489.72,67360300,VNIND,Công nghiệp
2020-03-10,487.63,490.62,472.24,489.31,43360920,VNIND,Công nghiệp
2020-03-11,489.52,491.62,464.85,469.2,56127850,VNIND,Công nghiệp
2020-03-12,467.73,467.73,438.83,443.4,59022390,VNIND,Công nghiệp
2020-03-13,418.85,442.89,415.79,435.36,50359220,VNIND,Công nghiệp
2020-03-16,435.28,435.36,423.82,432.24,44856460,VNIND,Công nghiệp
2020-03-17,432.19,442.62,422.63,442.62,38605080,VNIND,Công nghiệp
2020-03-18,442.64,448.19,439.61,448.19,53981270,VNIND,Công nghiệp
2020-03-19,448.19,448.19,428.02,435.21,89680720,VNIND,Công nghiệp
2020-03-20,435.21,439.36,428.56,439.36,47388080,VNIND,Công nghiệp
2020-03-23,439.36,439.36,410.09,410.5,36649950,VNIND,Công nghiệp
2020-03-24,410.81,411.21,403.7,410.96,32936700,VNIND,Công nghiệp
2020-03-25,410.91,421.09,410.91,418.4,53045200,VNIND,Công nghiệp
2020-03-26,417.94,417.94,408.06,411.66,34038060,VNIND,Công nghiệp
2020-03-27,411.66,411.7,405.15,408.85,48295480,VNIND,Công nghiệp
2020-03-30,408.85,408.85,390.64,399.3,41824840,VNIND,Công nghiệp
2020-03-31,399.3,406.11,392.05,398.41,60569090,VNIND,Công nghiệp
2020-04-01,398.37,407.45,397.84,407.45,44595760,VNIND,Công nghiệp
2020-04-03,407.25,413.99,407.25,413.99,47111120,VNIND,Công nghiệp
2020-04-06,414.15,426.35,414.15,426.22,93150850,VNIND,Công nghiệp
2020-04-07,426.56,432.52,422.72,427.4,55280290,VNIND,Công nghiệp
2020-04-08,427.62,428.96,420.35,428.31,42029910,VNIND,Công nghiệp
2020-04-09,428.31,438.23,428.19,435.96,64750440,VNIND,Công nghiệp
2020-04-10,434.99,446.71,434.33,444.28,121728350,VNIND,Công nghiệp
2020-04-13,444.23,457.64,443.88,455.82,39922790,VNIND,Công nghiệp
2020-04-14,455.85,456.46,445.23,452.37,46712120,VNIND,Công nghiệp
2020-04-15,452.5,459.44,446.18,455.94,68340320,VNIND,Công nghiệp
2020-04-16,456.05,468.55,454.13,468.55,56754890,VNIND,Công nghiệp
2020-04-17,468.6,479.76,468.6,478.36,57324750,VNIND,Công nghiệp
2020-04-20,478.48,482.78,475.23,479.25,78745400,VNIND,Công nghiệp
2020-04-21,477.97,479.25,458.07,463.31,89063550,VNIND,Công nghiệp
2020-04-22,463.09,466.82,454.23,466.04,41335760,VNIND,Công nghiệp
2020-04-23,469.11,474.43,466.12,469.02,39693570,VNIND,Công nghiệp
2020-04-24,469.02,469.72,464.4,468.91,52641450,VNIND,Công nghiệp
2020-04-27,470.83,473.26,469.22,470.98,65565320,VNIND,Công nghiệp
2020-04-28,470.75,473.35,467.94,471.41,40533550,VNIND,Công nghiệp
2020-04-29,472.11,477.69,471.19,476.32,49192660,VNIND,Công nghiệp
2020-05-04,476.22,476.22,467.19,467.87,69790780,VNIND,Công nghiệp
2020-05-05,467.83,468.14,461.13,466.79,43347410,VNIND,Công nghiệp
2020-05-06,466.88,472.0,466.79,471.9,52196310,VNIND,Công nghiệp
2020-05-07,471.9,478.92,471.9,478.92,35501090,VNIND,Công nghiệp
2020-05-08,478.9,494.25,478.9,486.38,58688560,VNIND,Công nghiệp
2020-05-11,486.42,488.9,482.29,488.9,52665260,VNIND,Công nghiệp
2020-05-12,488.84,490.83,484.27,490.83,43431890,VNIND,Công nghiệp
2020-05-13,490.82,494.91,476.82,490.45,68929470,VNIND,Công nghiệp
2020-05-14,490.11,493.83,488.34,492.5,55078870,VNIND,Công nghiệp
2020-05-15,492.45,495.55,487.21,489.55,50631570,VNIND,Công nghiệp
2020-05-18,489.48,491.44,485.71,491.44,39047510,VNIND,Công nghiệp
2020-05-19,491.46,497.68,491.46,493.45,56030840,VNIND,Công nghiệp
2020-05-20,491.53,493.45,490.68,491.79,41581550,VNIND,Công nghiệp
2020-05-21,491.94,493.98,490.65,493.5,87397140,VNIND,Công nghiệp
2020-05-22,493.34,493.7,488.54,491.48,46353300,VNIND,Công nghiệp
2020-05-25,491.52,496.15,491.31,495.64,62324630,VNIND,Công nghiệp
2020-05-26,495.91,502.59,495.91,502.42,81506260,VNIND,Công nghiệp
2020-05-27,502.45,507.74,497.6,497.6,80125880,VNIND,Công nghiệp
2020-05-28,497.69,501.01,496.6,498.12,58566420,VNIND,Công nghiệp
2020-05-29,498.77,499.26,496.2,499.07,63628640,VNIND,Công nghiệp
2020-06-01,499.18,503.7,499.07,503.12,141714710,VNIND,Công nghiệp
2020-06-02,503.4,506.77,499.76,501.12,142774700,VNIND,Công nghiệp
2020-06-03,501.16,502.12,498.34,501.08,82667600,VNIND,Công nghiệp
2020-06-04,503.59,506.47,500.92,506.47,132309670,VNIND,Công nghiệp
2020-06-05,506.35,513.35,505.09,513.35,161951030,VNIND,Công nghiệp
2020-06-08,513.67,523.27,513.35,520.9,144017870,VNIND,Công nghiệp
2020-06-09,520.9,527.62,520.61,525.07,139382980,VNIND,Công nghiệp
2020-06-10,526.16,530.14,521.7,529.07,179873440,VNIND,Công nghiệp
2020-06-11,529.43,533.05,508.35,508.36,193774880,VNIND,Công nghiệp
2020-06-12,507.31,510.29,491.05,510.29,169648960,VNIND,Công nghiệp
2020-06-15,511.89,512.06,495.68,495.68,139033200,VNIND,Công nghiệp
2020-06-16,495.69,503.61,494.46,497.28,92095710,VNIND,Công nghiệp
2020-06-17,497.28,498.5,493.23,497.56,90318960,VNIND,Công nghiệp
2020-06-18,497.55,500.34,492.52,499.84,58469030,VNIND,Công nghiệp
2020-06-19,499.83,506.36,498.78,505.6,91882540,VNIND,Công nghiệp
2020-06-22,507.6,508.32,504.15,507.26,66210260,VNIND,Công nghiệp
2020-06-23,509.68,513.04,505.54,509.42,108716060,VNIND,Công nghiệp
2020-06-24,509.45,510.75,501.26,502.95,87345220,VNIND,Công nghiệp
2020-06-25,502.89,502.89,493.87,501.1,60521150,VNIND,Công nghiệp
2020-06-26,501.1,503.65,494.44,498.61,60556940,VNIND,Công nghiệp
2020-06-29,498.61,498.61,483.72,487.49,90665440,VNIND,Công nghiệp
2020-06-30,487.53,492.96,479.89,484.57,69426740,VNIND,Công nghiệp
2020-07-01,484.57,492.36,482.86,490.92,55815500,VNIND,Công nghiệp
2020-07-02,491.04,494.2,491.04,493.44,43314110,VNIND,Công nghiệp
2020-07-03,493.46,496.77,493.44,496.73,36082690,VNIND,Công nghiệp
2020-07-06,496.91,499.53,496.33,498.42,37868390,VNIND,Công nghiệp
2020-07-07,498.61,501.01,497.43,498.09,46784960,VNIND,Công nghiệp
2020-07-08,498.09,500.0,496.97,499.82,37361840,VNIND,Công nghiệp
2020-07-09,499.82,508.85,499.82,506.76,66487000,VNIND,Công nghiệp
2020-07-10,506.76,511.3,506.0,507.83,53827690,VNIND,Công nghiệp
2020-07-13,507.83,513.47,507.83,510.65,45565290,VNIND,Công nghiệp
2020-07-14,510.63,513.53,507.99,513.53,40339910,VNIND,Công nghiệp
2020-07-15,513.69,517.04,513.53,514.37,49512560,VNIND,Công nghiệp
2020-07-16,514.4,519.35,512.79,519.35,49350430,VNIND,Công nghiệp
2020-07-17,519.35,519.57,512.77,514.99,49236320,VNIND,Công nghiệp
2020-07-20,515.01,515.5,509.61,509.72,66065230,VNIND,Công nghiệp
2020-07-21,509.72,512.77,507.84,512.77,54402930,VNIND,Công nghiệp
2020-07-22,512.77,512.98,507.05,507.62,52119630,VNIND,Công nghiệp
2020-07-23,507.62,508.69,503.05,507.22,55081760,VNIND,Công nghiệp
2020-07-24,507.2,507.2,479.94,488.17,106387450,VNIND,Công nghiệp
2020-07-27,487.9,487.9,458.65,462.26,76529210,VNIND,Công nghiệp
2020-07-28,462.26,472.36,458.07,470.86,76106390,VNIND,Công nghiệp
2020-07-29,459.06,470.84,451.18,460.62,78017780,VNIND,Công nghiệp
2020-07-30,460.65,466.78,460.65,465.18,32995340,VNIND,Công nghiệp
2020-07-31,464.69,464.69,458.14,461.49,71766830,VNIND,Công nghiệp
2020-08-03,461.49,472.74,461.16,472.74,59717440,VNIND,Công nghiệp
2020-08-04,472.76,482.18,472.76,481.84,59682300,VNIND,Công nghiệp
2020-08-05,481.87,491.56,477.67,491.21,55384900,VNIND,Công nghiệp
2020-08-06,491.21,495.33,488.84,491.68,49957410,VNIND,Công nghiệp
2020-08-07,491.67,494.3,488.34,494.3,65904850,VNIND,Công nghiệp
2020-08-10,494.3,500.0,494.3,496.68,70954990,VNIND,Công nghiệp
2020-08-11,496.66,498.71,494.17,496.59,57767310,VNIND,Công nghiệp
2020-08-12,496.61,499.07,494.75,498.25,54728760,VNIND,Công nghiệp
2020-08-13,498.43,503.05,498.43,502.67,42523260,VNIND,Công nghiệp
2020-08-14,502.67,503.87,496.54,498.81,59788810,VNIND,Công nghiệp
2020-08-17,498.75,500.5,492.67,500.5,46255370,VNIND,Công nghiệp
2020-08-18,500.55,504.99,500.5,503.46,45591810,VNIND,Công nghiệp
2020-08-19,503.46,507.33,503.1,506.78,44780700,VNIND,Công nghiệp
2020-08-20,506.83,506.83,501.64,503.67,47668560,VNIND,Công nghiệp
2020-08-21,503.6,507.17,502.88,507.17,52182040,VNIND,Công nghiệp
2020-08-24,507.33,512.68,507.33,511.45,70643390,VNIND,Công nghiệp
2020-08-25,511.63,515.74,511.04,513.51,84799720,VNIND,Công nghiệp
2020-08-26,513.54,517.31,511.95,516.79,69497220,VNIND,Công nghiệp
2020-08-27,516.79,517.99,515.22,517.39,77671170,VNIND,Công nghiệp
2020-08-28,519.63,520.94,517.05,518.0,70500380,VNIND,Công nghiệp
2020-08-31,518.03,522.47,516.27,517.44,69997310,VNIND,Công nghiệp
2020-09-01,518.45,525.58,515.74,525.58,64843690,VNIND,Công nghiệp
2020-09-03,525.74,532.92,525.74,532.76,65666630,VNIND,Công nghiệp
2020-09-04,532.74,532.74,523.72,532.72,59742380,VNIND,Công nghiệp
2020-09-07,532.89,535.81,527.36,529.13,77459830,VNIND,Công nghiệp
2020-09-08,529.22,530.11,525.31,529.89,53922540,VNIND,Công nghiệp
2020-09-09,529.47,530.06,525.19,530.01,53620070,VNIND,Công nghiệp
2020-09-10,530.04,535.23,530.04,534.86,69604570,VNIND,Công nghiệp
2020-09-11,534.86,535.33,532.12,534.42,68965470,VNIND,Công nghiệp
2020-09-14,534.56,540.17,534.42,539.58,65027250,VNIND,Công nghiệp
2020-09-15,540.09,542.11,537.94,538.95,62892310,VNIND,Công nghiệp
2020-09-16,538.95,539.91,537.25,539.91,58575540,VNIND,Công nghiệp
2020-09-17,539.98,541.48,535.98,538.92,92023340,VNIND,Công nghiệp
2020-09-18,539.01,541.89,538.25,541.64,60438990,VNIND,Công nghiệp
2020-09-21,541.6,545.07,541.56,542.45,66156160,VNIND,Công nghiệp
2020-09-22,542.45,542.45,538.7,542.28,72957430,VNIND,Công nghiệp
2020-09-23,542.14,544.57,541.02,543.28,67905210,VNIND,Công nghiệp
2020-09-24,543.17,543.51,540.09,541.41,69211080,VNIND,Công nghiệp
2020-09-25,541.45,542.46,536.52,539.05,63136500,VNIND,Công nghiệp
2020-09-28,539.05,541.14,538.05,539.72,77488320,VNIND,Công nghiệp
2020-09-29,541.76,541.76,534.11,534.11,85040230,VNIND,Công nghiệp
2020-09-30,534.11,538.14,532.37,538.14,67106110,VNIND,Công nghiệp
2020-10-01,538.19,545.14,538.19,545.14,63777750,VNIND,Công nghiệp
2020-10-02,545.08,546.82,535.9,544.38,108163020,VNIND,Công nghiệp
2020-10-05,544.38,551.2,544.38,550.73,87408760,VNIND,Công nghiệp
2020-10-06,550.88,553.26,548.15,551.26,129411990,VNIND,Công nghiệp
2020-10-07,551.16,551.63,548.31,549.02,130253760,VNIND,Công nghiệp
2020-10-08,549.02,550.6,542.96,546.25,123235540,VNIND,Công nghiệp
2020-10-09,546.3,550.17,545.41,547.95,97743040,VNIND,Công nghiệp
2020-10-12,547.95,551.69,543.71,544.15,83873010,VNIND,Công nghiệp
2020-10-13,544.15,544.68,541.53,543.73,71395910,VNIND,Công nghiệp
2020-10-14,543.75,545.15,538.68,540.33,83031810,VNIND,Công nghiệp
2020-10-15,540.3,542.42,537.19,540.24,76222980,VNIND,Công nghiệp
2020-10-16,540.52,540.9,533.93,535.64,77055480,VNIND,Công nghiệp
2020-10-19,535.66,536.87,533.79,534.21,53748550,VNIND,Công nghiệp
2020-10-20,535.7,537.92,533.51,537.92,98408860,VNIND,Công nghiệp
2020-10-21,537.91,541.04,535.41,535.87,71711630,VNIND,Công nghiệp
2020-10-22,535.87,536.7,531.19,536.7,53017760,VNIND,Công nghiệp
2020-10-23,537.07,539.06,534.99,538.64,79809200,VNIND,Công nghiệp
2020-10-26,538.64,540.13,532.42,532.42,81580970,VNIND,Công nghiệp
2020-10-27,532.44,532.44,526.56,527.49,77839310,VNIND,Công nghiệp
2020-10-28,524.19,524.82,515.21,517.44,87769950,VNIND,Công nghiệp
2020-10-29,511.61,517.44,509.3,515.8,61154450,VNIND,Công nghiệp
2020-10-30,515.81,517.43,509.3,515.42,45698090,VNIND,Công nghiệp
2020-11-02,515.97,522.36,513.63,522.12,48575470,VNIND,Công nghiệp
2020-11-03,522.21,526.19,520.89,526.19,44892170,VNIND,Công nghiệp
2020-11-04,526.19,534.55,525.94,533.35,67470400,VNIND,Công nghiệp
2020-11-05,533.35,534.84,530.12,530.24,54233810,VNIND,Công nghiệp
2020-11-06,530.24,532.02,528.64,531.84,43644190,VNIND,Công nghiệp
2020-11-09,531.84,537.86,531.84,537.86,63320150,VNIND,Công nghiệp
2020-11-10,537.96,553.34,537.96,548.03,64952230,VNIND,Công nghiệp
2020-11-11,548.07,550.78,546.98,549.54,57435150,VNIND,Công nghiệp
2020-11-12,549.51,553.65,549.29,553.17,54035540,VNIND,Công nghiệp
2020-11-13,553.17,555.92,550.18,555.92,78851090,VNIND,Công nghiệp
2020-11-16,556.2,559.24,547.88,551.96,70660280,VNIND,Công nghiệp
2020-11-17,552.11,560.33,551.81,560.33,68489770,VNIND,Công nghiệp
2020-11-18,560.33,565.48,558.9,565.28,89952810,VNIND,Công nghiệp
2020-11-19,565.35,566.74,561.82,565.19,98070680,VNIND,Công nghiệp
2020-11-20,565.24,583.29,565.13,581.62,104093880,VNIND,Công nghiệp
2020-11-23,581.65,586.89,579.68,586.67,84719830,VNIND,Công nghiệp
2020-11-24,586.67,589.34,580.05,584.53,94423510,VNIND,Công nghiệp
2020-11-25,584.52,587.41,582.23,583.91,75349940,VNIND,Công nghiệp
2020-11-26,583.91,586.7,581.62,586.7,78653130,VNIND,Công nghiệp
2020-11-27,586.81,590.81,586.61,589.38,68042150,VNIND,Công nghiệp
2020-11-30,589.39,593.63,587.36,587.36,81433770,VNIND,Công nghiệp
2020-12-01,587.13,591.68,578.42,591.68,123843380,VNIND,Công nghiệp
2020-12-02,591.69,598.85,591.65,597.73,94014400,VNIND,Công nghiệp
2020-12-03,597.73,603.02,597.73,603.02,118460190,VNIND,Công nghiệp
2020-12-04,603.12,604.38,598.89,600.79,112196730,VNIND,Công nghiệp
2020-12-07,600.67,603.59,598.36,600.82,116652010,VNIND,Công nghiệp
2020-12-08,600.39,603.63,597.82,602.45,103139790,VNIND,Công nghiệp
2020-12-09,602.45,606.25,602.45,606.25,122893010,VNIND,Công nghiệp
2020-12-10,605.76,609.76,599.87,600.98,110276190,VNIND,Công nghiệp
2020-12-11,600.98,609.42,600.4,609.42,88018130,VNIND,Công nghiệp
2020-12-14,609.46,620.86,609.46,620.86,94487570,VNIND,Công nghiệp
2020-12-15,620.87,628.11,618.79,621.53,120840020,VNIND,Công nghiệp
2020-12-16,621.55,629.46,621.55,628.78,110965150,VNIND,Công nghiệp
2020-12-17,628.36,628.78,618.45,620.47,118886910,VNIND,Công nghiệp
2020-12-18,620.56,629.24,619.84,627.38,104929370,VNIND,Công nghiệp
2020-12-21,627.55,634.37,627.55,633.31,124866840,VNIND,Công nghiệp
2020-12-22,633.32,639.52,630.02,639.23,152337230,VNIND,Công nghiệp
2020-12-23,639.0,649.73,639.0,642.65,181548510,VNIND,Công nghiệp
2020-12-24,643.27,645.1,619.64,635.95,161189000,VNIND,Công nghiệp
2020-12-25,636.1,645.03,630.93,644.74,123759250,VNIND,Công nghiệp
2020-12-28,645.23,651.34,642.71,647.13,142085780,VNIND,Công nghiệp
2020-12-29,647.13,656.27,643.81,654.14,134177280,VNIND,Công nghiệp
2020-12-30,654.13,657.72,649.54,651.48,134405990,VNIND,Công nghiệp
2020-12-31,651.37,655.63,650.47,654.28,102497770,VNIND,Công nghiệp
2021-01-04,654.35,669.01,654.28,667.29,128327200,VNIND,Công nghiệp
2021-01-05,667.23,676.63,665.94,675.13,133634400,VNIND,Công nghiệp
2021-01-06,675.2,679.75,671.44,673.78,142020800,VNIND,Công nghiệp
2021-01-07,673.78,681.01,671.21,680.86,133135300,VNIND,Công nghiệp
2021-01-08,681.59,691.23,681.52,687.11,142052000,VNIND,Công nghiệp
2021-01-11,687.92,702.88,687.92,702.88,158112600,VNIND,Công nghiệp
2021-01-12,702.88,716.47,699.31,716.47,157116100,VNIND,Công nghiệp
2021-01-13,716.48,721.21,710.73,712.82,161227900,VNIND,Công nghiệp
2021-01-14,712.82,715.28,706.33,715.03,183934000,VNIND,Công nghiệp
2021-01-15,715.59,723.38,715.03,721.6,134220800,VNIND,Công nghiệp
2021-01-18,721.6,730.81,721.6,725.06,127262100,VNIND,Công nghiệp
2021-01-19,725.0,726.03,685.31,690.64,246414500,VNIND,Công nghiệp
2021-01-20,690.58,693.43,661.62,688.74,167415700,VNIND,Công nghiệp
2021-01-21,688.79,708.26,685.28,707.83,141463400,VNIND,Công nghiệp
2021-01-22,707.64,723.91,707.64,717.32,176418300,VNIND,Công nghiệp
2021-01-25,716.75,730.27,716.42,724.68,155092200,VNIND,Công nghiệp
2021-01-26,726.06,727.26,699.43,706.45,193380200,VNIND,Công nghiệp
2021-01-27,705.81,706.56,683.19,691.15,171190300,VNIND,Công nghiệp
2021-01-28,690.78,690.78,643.69,644.97,127131700,VNIND,Công nghiệp
2021-01-29,642.61,667.49,615.47,660.04,132190500,VNIND,Công nghiệp
2021-02-01,659.89,660.92,633.77,640.24,104358800,VNIND,Công nghiệp
2021-02-02,640.27,651.33,627.16,651.33,104540800,VNIND,Công nghiệp
2021-02-03,651.57,673.27,651.57,670.72,172007600,VNIND,Công nghiệp
2021-02-04,671.03,678.49,665.31,674.11,108864900,VNIND,Công nghiệp
2021-02-05,674.11,680.93,672.62,679.5,87605100,VNIND,Công nghiệp
2021-02-08,679.5,679.98,646.42,652.69,121299100,VNIND,Công nghiệp
2021-02-09,654.51,671.68,651.12,671.68,92473300,VNIND,Công nghiệp
2021-02-17,671.73,695.94,671.73,695.93,95966700,VNIND,Công nghiệp
2021-02-18,695.93,701.97,690.56,701.72,112663800,VNIND,Công nghiệp
2021-02-19,701.49,705.91,693.31,703.77,96711600,VNIND,Công nghiệp
2021-02-22,703.72,707.92,698.72,702.46,109999800,VNIND,Công nghiệp
2021-02-23,702.46,709.24,698.04,705.55,97314000,VNIND,Công nghiệp
2021-02-24,705.59,709.45,691.72,695.74,114836800,VNIND,Công nghiệp
2021-02-25,696.26,701.02,692.07,700.03,93894800,VNIND,Công nghiệp
2021-02-26,700.03,707.51,691.91,706.24,103332400,VNIND,Công nghiệp
2021-03-01,706.59,722.77,706.59,721.29,115637300,VNIND,Công nghiệp
2021-03-02,721.52,728.04,719.04,724.35,94450700,VNIND,Công nghiệp
2021-03-03,724.58,728.21,720.86,727.48,123024300,VNIND,Công nghiệp
2021-03-04,727.51,732.12,708.09,716.31,121937200,VNIND,Công nghiệp
2021-03-05,716.34,717.76,703.55,717.43,91675000,VNIND,Công nghiệp
2021-03-08,718.14,724.51,715.95,720.91,141565900,VNIND,Công nghiệp
2021-03-09,720.91,724.96,711.2,722.09,126066300,VNIND,Công nghiệp
2021-03-10,722.09,724.14,717.32,723.83,94217000,VNIND,Công nghiệp
2021-03-11,724.17,728.96,724.17,728.18,111476800,VNIND,Công nghiệp
2021-03-12,728.3,730.0,725.83,727.75,131673900,VNIND,Công nghiệp
2021-03-15,727.78,733.21,727.07,730.09,132528800,VNIND,Công nghiệp
2021-03-16,730.1,733.54,723.67,730.7,159605500,VNIND,Công nghiệp
2021-03-17,731.32,731.54,724.91,729.5,133939500,VNIND,Công nghiệp
2021-03-18,729.5,733.99,729.5,733.99,116126400,VNIND,Công nghiệp
2021-03-19,733.7,736.15,730.33,731.83,130162600,VNIND,Công nghiệp
2021-03-22,731.83,739.34,731.82,739.31,153914300,VNIND,Công nghiệp
2021-03-23,739.34,739.34,724.63,730.66,160640500,VNIND,Công nghiệp
2021-03-24,729.1,730.66,706.75,709.67,127399700,VNIND,Công nghiệp
2021-03-25,710.54,715.02,704.5,707.12,127096200,VNIND,Công nghiệp
2021-03-26,706.61,707.84,687.55,707.21,136861200,VNIND,Công nghiệp
2021-03-29,707.34,721.53,707.34,721.53,142725200,VNIND,Công nghiệp
2021-03-30,721.37,728.12,720.77,727.01,165132600,VNIND,Công nghiệp
2021-03-31,727.22,731.2,721.86,723.88,184233700,VNIND,Công nghiệp
2021-04-01,723.92,735.79,723.64,735.74,131331600,VNIND,Công nghiệp
2021-04-02,736.15,743.51,736.15,737.7,132401500,VNIND,Công nghiệp
2021-04-05,737.93,747.23,733.64,737.64,136268500,VNIND,Công nghiệp
2021-04-06,737.64,741.38,735.5,740.74,140045200,VNIND,Công nghiệp
2021-04-07,740.74,753.73,740.14,753.5,181952800,VNIND,Công nghiệp
2021-04-08,753.55,757.77,751.82,756.07,171930200,VNIND,Công nghiệp
2021-04-09,756.07,756.54,751.96,754.17,165980100,VNIND,Công nghiệp
2021-04-12,754.2,761.87,754.2,761.87,155193600,VNIND,Công nghiệp
2021-04-13,761.88,767.88,751.16,753.03,285160800,VNIND,Công nghiệp
2021-04-14,752.57,758.07,743.23,758.07,212632500,VNIND,Công nghiệp
2021-04-15,758.01,764.25,747.09,750.87,141979900,VNIND,Công nghiệp
2021-04-16,750.84,752.17,726.37,734.52,265495400,VNIND,Công nghiệp
2021-04-19,734.52,739.16,726.06,738.85,195644100,VNIND,Công nghiệp
2021-04-20,739.08,743.66,735.54,736.91,145935700,VNIND,Công nghiệp
2021-04-22,736.89,736.91,716.77,716.77,136897000,VNIND,Công nghiệp
2021-04-23,716.77,726.48,709.3,726.48,125148400,VNIND,Công nghiệp
2021-04-26,726.59,730.25,703.34,708.79,128364100,VNIND,Công nghiệp
2021-04-27,708.75,709.88,700.63,706.82,110233000,VNIND,Công nghiệp
2021-04-28,706.82,714.0,702.25,712.52,102924800,VNIND,Công nghiệp
2021-04-29,712.56,718.96,711.24,713.36,87865300,VNIND,Công nghiệp
2021-05-04,712.02,712.02,696.97,705.5,133412600,VNIND,Công nghiệp
2021-05-05,705.46,720.25,705.46,717.99,90763700,VNIND,Công nghiệp
2021-05-06,717.99,725.09,714.84,714.84,135887000,VNIND,Công nghiệp
2021-05-07,714.82,715.65,697.59,701.62,122091200,VNIND,Công nghiệp
2021-05-10,701.41,703.11,692.17,700.76,106096800,VNIND,Công nghiệp
2021-05-11,700.84,714.39,700.84,708.05,124551300,VNIND,Công nghiệp
2021-05-12,708.03,715.44,706.14,715.44,117222700,VNIND,Công nghiệp
2021-05-13,715.43,716.68,708.09,708.09,107864600,VNIND,Công nghiệp
2021-05-14,708.07,714.16,707.53,710.29,100305500,VNIND,Công nghiệp
2021-05-17,710.48,713.5,700.88,702.83,128723000,VNIND,Công nghiệp
2021-05-18,702.87,703.51,695.0,696.6,115391900,VNIND,Công nghiệp
2021-05-19,696.45,696.45,687.95,689.79,92439000,VNIND,Công nghiệp
2021-05-20,689.79,690.34,683.97,690.33,117780600,VNIND,Công nghiệp
2021-05-21,690.3,700.48,687.64,699.74,88424100,VNIND,Công nghiệp
2021-05-24,700.02,713.06,699.7,713.06,110172100,VNIND,Công nghiệp
2021-05-25,713.1,716.21,711.22,712.0,112016100,VNIND,Công nghiệp
2021-05-26,712.0,712.36,707.5,709.19,124482000,VNIND,Công nghiệp
2021-05-27,709.04,712.31,702.27,706.0,115056000,VNIND,Công nghiệp
2021-05-28,706.24,711.21,701.6,711.21,101455200,VNIND,Công nghiệp
2021-05-31,711.27,711.27,697.74,706.31,100217000,VNIND,Công nghiệp
2021-06-01,706.51,708.06,699.81,699.95,86705200,VNIND,Công nghiệp
2021-06-02,699.43,704.49,697.14,704.49,114158700,VNIND,Công nghiệp
2021-06-03,704.48,722.14,704.48,722.14,134398500,VNIND,Công nghiệp
2021-06-04,722.15,728.01,719.84,727.18,135230700,VNIND,Công nghiệp
2021-06-07,727.18,735.31,721.84,730.16,129012200,VNIND,Công nghiệp
2021-06-08,729.39,741.57,720.83,722.35,126635300,VNIND,Công nghiệp
2021-06-09,722.35,722.46,706.85,718.68,104903000,VNIND,Công nghiệp
2021-06-10,718.34,718.68,704.26,712.43,103370900,VNIND,Công nghiệp
2021-06-11,712.43,725.97,712.43,725.47,104490200,VNIND,Công nghiệp
2021-06-14,725.14,732.29,725.14,728.06,109453200,VNIND,Công nghiệp
2021-06-15,728.07,735.09,727.09,735.09,110041700,VNIND,Công nghiệp
2021-06-16,735.14,740.2,731.32,735.82,130671800,VNIND,Công nghiệp
2021-06-17,735.72,744.78,728.46,744.78,119760700,VNIND,Công nghiệp
2021-06-18,744.96,752.89,743.88,749.76,158566100,VNIND,Công nghiệp
2021-06-21,750.39,750.39,740.67,741.56,115929000,VNIND,Công nghiệp
2021-06-22,741.56,748.56,741.37,743.65,112942800,VNIND,Công nghiệp
2021-06-23,743.39,744.1,734.32,735.9,106293500,VNIND,Công nghiệp
2021-06-24,735.9,737.87,729.67,730.31,83624500,VNIND,Công nghiệp
2021-06-25,730.31,732.78,725.59,730.59,74824200,VNIND,Công nghiệp
2021-06-28,730.59,739.38,730.59,739.36,96952100,VNIND,Công nghiệp
2021-06-29,739.31,742.58,737.93,741.48,86657800,VNIND,Công nghiệp
2021-06-30,741.53,745.27,739.79,740.93,70565600,VNIND,Công nghiệp
2021-07-01,740.93,742.23,735.25,741.78,95723200,VNIND,Công nghiệp
2021-07-02,741.78,745.37,739.85,741.7,94147700,VNIND,Công nghiệp
2021-07-05,732.49,741.33,726.78,732.49,114672100,VNIND,Công nghiệp
2021-07-06,732.49,735.82,713.8,713.8,113244200,VNIND,Công nghiệp
2021-07-07,712.11,717.75,696.99,717.75,115504300,VNIND,Công nghiệp
2021-07-08,716.64,721.53,709.46,715.36,77492900,VNIND,Công nghiệp
2021-07-09,711.77,715.36,695.43,702.75,111920200,VNIND,Công nghiệp
2021-07-12,696.12,702.75,665.01,682.48,118498700,VNIND,Công nghiệp
2021-07-13,683.0,689.02,674.17,689.02,88453800,VNIND,Công nghiệp
2021-07-14,688.88,693.75,671.53,678.76,89020000,VNIND,Công nghiệp
2021-07-15,674.81,686.35,667.68,686.22,59853500,VNIND,Công nghiệp
2021-07-16,688.1,690.19,684.45,690.11,66709900,VNIND,Công nghiệp
2021-07-19,675.15,690.11,664.71,670.63,97058800,VNIND,Công nghiệp
2021-07-20,669.95,681.23,658.57,681.23,70503200,VNIND,Công nghiệp
2021-07-21,681.21,685.4,677.84,681.91,58011200,VNIND,Công nghiệp
2021-07-22,681.84,695.26,679.7,694.86,79860700,VNIND,Công nghiệp
2021-07-23,694.03,695.92,685.34,687.11,71011200,VNIND,Công nghiệp
2021-07-26,680.87,696.3,680.43,696.17,62928400,VNIND,Công nghiệp
2021-07-27,699.24,704.68,698.71,700.79,73953500,VNIND,Công nghiệp
2021-07-28,697.59,701.56,695.56,698.62,63533300,VNIND,Công nghiệp
2021-07-29,700.03,703.19,696.79,703.19,60148100,VNIND,Công nghiệp
2021-07-30,704.28,710.98,704.28,710.98,97253300,VNIND,Công nghiệp
2021-08-02,709.0,719.64,707.26,715.06,93473000,VNIND,Công nghiệp
2021-08-03,716.8,722.43,715.69,722.43,111456200,VNIND,Công nghiệp
2021-08-04,723.85,727.13,719.75,724.57,119993000,VNIND,Công nghiệp
2021-08-05,722.97,728.78,721.06,728.78,94109300,VNIND,Công nghiệp
2021-08-06,729.74,738.06,728.15,733.3,130583000,VNIND,Công nghiệp
2021-08-09,731.19,750.39,731.19,750.12,123623900,VNIND,Công nghiệp
2021-08-10,754.4,761.75,750.12,760.36,158276400,VNIND,Công nghiệp
2021-08-11,762.7,766.59,760.36,760.83,141375400,VNIND,Công nghiệp
2021-08-12,757.67,770.76,755.31,764.3,178888600,VNIND,Công nghiệp
2021-08-13,761.85,766.93,747.5,766.93,156411900,VNIND,Công nghiệp
2021-08-16,773.5,776.31,768.23,769.83,137516100,VNIND,Công nghiệp
2021-08-17,769.71,769.71,758.03,761.49,135372700,VNIND,Công nghiệp
2021-08-18,757.77,767.27,757.77,763.92,125747000,VNIND,Công nghiệp
2021-08-19,763.89,771.9,763.72,771.27,126553000,VNIND,Công nghiệp
2021-08-20,771.28,779.19,751.89,761.93,247617900,VNIND,Công nghiệp
2021-08-23,758.94,764.74,748.87,750.41,146234700,VNIND,Công nghiệp
2021-08-24,750.14,755.02,736.69,743.82,129669400,VNIND,Công nghiệp
2021-08-25,744.48,755.96,739.54,755.96,91573900,VNIND,Công nghiệp
2021-08-26,757.24,771.36,756.79,765.62,104380200,VNIND,Công nghiệp
2021-08-27,763.15,780.15,762.83,780.15,132383800,VNIND,Công nghiệp
2021-08-30,787.64,792.9,782.41,790.31,138723500,VNIND,Công nghiệp
2021-08-31,791.76,800.36,788.41,796.02,179619300,VNIND,Công nghiệp
2021-09-01,793.74,804.49,793.55,803.43,148197600,VNIND,Công nghiệp
2021-09-06,806.11,822.23,805.1,816.9,205550900,VNIND,Công nghiệp
2021-09-07,817.27,817.27,796.31,796.8,190779100,VNIND,Công nghiệp
2021-09-08,794.72,800.34,790.23,794.01,121529200,VNIND,Công nghiệp
2021-09-09,795.85,808.96,794.01,808.96,102817300,VNIND,Công nghiệp
2021-09-10,814.07,816.53,808.96,811.27,105732800,VNIND,Công nghiệp
2021-09-13,814.54,815.02,801.9,803.89,163362300,VNIND,Công nghiệp
2021-09-14,801.92,804.14,791.92,797.15,153215100,VNIND,Công nghiệp
2021-09-15,794.28,806.65,793.58,805.01,129334700,VNIND,Công nghiệp
2021-09-16,806.91,808.24,802.06,807.22,114147100,VNIND,Công nghiệp
2021-09-17,809.8,815.41,808.88,812.61,137491600,VNIND,Công nghiệp
2021-09-20,816.55,816.91,803.81,804.91,188682400,VNIND,Công nghiệp
2021-09-21,794.99,805.97,787.98,804.79,164252500,VNIND,Công nghiệp
2021-09-22,809.44,817.14,804.79,817.14,165611100,VNIND,Công nghiệp
2021-09-23,825.08,826.15,811.43,811.59,221516600,VNIND,Công nghiệp
2021-09-24,811.34,811.48,802.87,804.54,128712900,VNIND,Công nghiệp
2021-09-27,802.65,806.82,788.05,788.05,154823600,VNIND,Công nghiệp
2021-09-28,781.94,798.09,777.37,798.09,124729600,VNIND,Công nghiệp
2021-09-29,796.38,802.03,789.38,800.44,101597300,VNIND,Công nghiệp
2021-09-30,802.39,807.17,801.95,803.31,73643900,VNIND,Công nghiệp
2021-10-01,800.95,805.84,798.99,802.4,94966600,VNIND,Công nghiệp
2021-10-04,803.47,817.23,801.72,814.25,119802600,VNIND,Công nghiệp
2021-10-05,815.37,816.5,811.42,814.99,99488200,VNIND,Công nghiệp
2021-10-06,818.34,823.42,816.84,823.42,130687600,VNIND,Công nghiệp
2021-10-07,826.45,833.48,824.56,832.24,138711200,VNIND,Công nghiệp
2021-10-08,837.34,838.43,831.1,833.56,120573000,VNIND,Công nghiệp
2021-10-11,838.12,841.14,834.43,840.46,114895100,VNIND,Công nghiệp
2021-10-12,841.12,846.04,835.59,844.18,130237800,VNIND,Công nghiệp
2021-10-13,847.64,852.24,846.95,848.99,111180000,VNIND,Công nghiệp
2021-10-14,850.17,858.91,849.06,856.17,133026800,VNIND,Công nghiệp
2021-10-15,859.19,861.08,847.47,852.8,129572000,VNIND,Công nghiệp
2021-10-18,854.34,859.93,852.44,854.68,132278200,VNIND,Công nghiệp
2021-10-19,856.27,860.99,850.28,860.82,105790900,VNIND,Công nghiệp
2021-10-20,864.2,870.3,854.85,864.84,143956100,VNIND,Công nghiệp
2021-10-21,868.85,870.35,861.69,866.48,114370000,VNIND,Công nghiệp
2021-10-22,868.35,882.78,868.17,879.57,174290100,VNIND,Công nghiệp
2021-10-25,882.69,895.49,882.69,883.39,175127100,VNIND,Công nghiệp
2021-10-26,881.29,893.43,873.69,893.43,131285600,VNIND,Công nghiệp
2021-10-27,897.72,908.7,897.63,907.95,161753300,VNIND,Công nghiệp
2021-10-28,910.92,919.82,909.0,918.35,157736800,VNIND,Công nghiệp
2021-10-29,921.21,929.28,918.35,926.63,199347700,VNIND,Công nghiệp
2021-11-01,929.64,940.73,929.64,935.1,217085100,VNIND,Công nghiệp
2021-11-02,941.1,960.68,935.1,960.68,189812200,VNIND,Công nghiệp
2021-11-03,971.24,973.44,924.04,925.51,303327100,VNIND,Công nghiệp
2021-11-04,918.4,939.13,910.91,938.87,169688200,VNIND,Công nghiệp
2021-11-05,946.85,952.63,938.87,949.48,158780100,VNIND,Công nghiệp
2021-11-08,955.07,971.52,949.48,968.69,200538300,VNIND,Công nghiệp
2021-11-09,977.44,983.28,968.69,978.76,199423600,VNIND,Công nghiệp
2021-11-10,983.24,997.45,976.21,997.45,187095800,VNIND,Công nghiệp
2021-11-11,1006.84,1021.36,997.45,1014.06,234463100,VNIND,Công nghiệp
2021-11-12,1019.9,1033.7,1010.58,1033.7,189033200,VNIND,Công nghiệp
2021-11-15,1043.48,1055.87,1027.28,1042.43,277875400,VNIND,Công nghiệp
2021-11-16,1035.84,1050.12,1020.93,1040.21,275763400,VNIND,Công nghiệp
2021-11-17,1038.71,1054.58,1035.13,1054.58,170797000,VNIND,Công nghiệp
2021-11-18,1061.96,1081.03,1061.63,1079.07,193418400,VNIND,Công nghiệp
2021-11-19,1093.73,1098.04,1035.06,1065.31,306591500,VNIND,Công nghiệp
2021-11-22,1062.9,1065.31,1013.94,1015.02,259884500,VNIND,Công nghiệp
2021-11-23,986.14,1017.22,985.93,1015.61,190195300,VNIND,Công nghiệp
2021-11-24,1027.5,1032.26,1015.61,1019.07,164966800,VNIND,Công nghiệp
2021-11-25,1020.44,1046.94,1018.01,1046.62,177622000,VNIND,Công nghiệp
2021-11-26,1060.03,1063.68,1025.96,1039.11,184430200,VNIND,Công nghiệp
2021-11-29,1018.18,1052.24,1016.76,1046.61,193418100,VNIND,Công nghiệp
2021-11-30,1057.45,1072.03,1046.61,1061.97,236103800,VNIND,Công nghiệp
2021-12-01,1060.75,1065.34,1044.67,1056.91,197287100,VNIND,Công nghiệp
2021-12-02,1061.29,1064.77,1053.21,1053.21,168793800,VNIND,Công nghiệp
2021-12-03,1057.47,1059.61,1021.3,1021.3,247486500,VNIND,Công nghiệp
2021-12-06,1022.26,1022.77,982.7,993.03,223538200,VNIND,Công nghiệp
2021-12-07,1001.28,1018.9,983.01,1018.5,146393200,VNIND,Công nghiệp
2021-12-08,1023.83,1028.89,1015.35,1018.63,193049900,VNIND,Công nghiệp
2021-12-09,1015.1,1039.19,1014.51,1039.01,149624600,VNIND,Công nghiệp
2021-12-10,1041.13,1049.8,1036.94,1045.38,171268500,VNIND,Công nghiệp
2021-12-13,1055.47,1080.0,1045.38,1078.12,198354500,VNIND,Công nghiệp
2021-12-14,1086.46,1092.44,1074.74,1087.8,888205600,VNIND,Công nghiệp
2021-12-15,1091.63,1101.47,1078.9,1086.45,251000500,VNIND,Công nghiệp
2021-12-16,1091.38,1107.48,1087.78,1107.48,215605100,VNIND,Công nghiệp
2021-12-17,1122.31,1127.36,1107.48,1116.78,271702900,VNIND,Công nghiệp
2021-12-20,1117.74,1120.35,1092.58,1108.15,239539800,VNIND,Công nghiệp
2021-12-21,1110.98,1128.63,1103.49,1127.8,205693000,VNIND,Công nghiệp
2021-12-22,1142.26,1156.75,1127.8,1144.13,244987100,VNIND,Công nghiệp
2021-12-23,1144.79,1149.11,1105.26,1131.19,319413200,VNIND,Công nghiệp
2021-12-24,1131.51,1144.17,1116.74,1132.73,199668600,VNIND,Công nghiệp
2021-12-27,1138.4,1160.21,1120.27,1160.21,166393000,VNIND,Công nghiệp
2021-12-28,1169.79,1185.79,1162.72,1173.31,212991500,VNIND,Công nghiệp
2021-12-29,1177.76,1182.44,1158.98,1158.98,180060400,VNIND,Công nghiệp
2021-12-30,1159.3,1164.44,1150.65,1154.28,169095900,VNIND,Công nghiệp
2021-12-31,1154.66,1165.98,1143.74,1165.98,176474900,VNIND,Công nghiệp
2022-01-04,1165.99,1200.71,1165.99,1192.54,173677800,VNIND,Công nghiệp
2022-01-05,1206.57,1221.3,1192.54,1211.22,245751500,VNIND,Công nghiệp
2022-01-06,1206.33,1240.64,1203.33,1232.53,258223500,VNIND,Công nghiệp
2022-01-07,1243.45,1261.67,1232.4,1261.64,219056500,VNIND,Công nghiệp
2022-01-10,1263.88,1296.41,1228.83,1228.83,314406100,VNIND,Công nghiệp
2022-01-11,1229.14,1255.49,1215.21,1237.9,332062400,VNIND,Công nghiệp
2022-01-12,1223.16,1236.08,1174.61,1191.44,237874700,VNIND,Công nghiệp
2022-01-13,1189.95,1199.27,1137.7,1139.41,173758700,VNIND,Công nghiệp
2022-01-14,1109.33,1148.69,1096.78,1133.24,176025300,VNIND,Công nghiệp
2022-01-17,1138.98,1139.05,1072.35,1074.43,150958000,VNIND,Công nghiệp
2022-01-18,1040.36,1050.16,1031.72,1041.1,123923500,VNIND,Công nghiệp
2022-01-19,1018.74,1035.69,1016.2,1033.36,106717200,VNIND,Công nghiệp
2022-01-20,1025.96,1068.25,1023.78,1063.42,184958300,VNIND,Công nghiệp
2022-01-21,1080.22,1086.63,1070.13,1073.44,194872600,VNIND,Công nghiệp
2022-01-24,1070.07,1073.44,1018.51,1024.0,152440200,VNIND,Công nghiệp
2022-01-25,994.64,1036.09,994.64,1036.09,139469700,VNIND,Công nghiệp
2022-01-26,1039.37,1046.99,1015.5,1016.01,149315400,VNIND,Công nghiệp
2022-01-27,1008.23,1013.27,995.72,999.16,103849900,VNIND,Công nghiệp
2022-01-28,991.49,1003.45,975.82,1001.31,131524300,VNIND,Công nghiệp
2022-02-07,1018.85,1040.09,1018.18,1031.27,85328500,VNIND,Công nghiệp
2022-02-08,1027.57,1034.63,1023.8,1028.02,134968700,VNIND,Công nghiệp
2022-02-09,1017.17,1053.25,1017.17,1053.25,132020700,VNIND,Công nghiệp
2022-02-10,1060.24,1063.18,1049.99,1054.18,90086300,VNIND,Công nghiệp
2022-02-11,1048.71,1056.59,1044.84,1048.96,101916800,VNIND,Công nghiệp
2022-02-14,1032.46,1061.48,1030.04,1054.31,123830900,VNIND,Công nghiệp
2022-02-15,1055.46,1068.09,1052.04,1068.09,79782700,VNIND,Công nghiệp
2022-02-16,1078.05,1096.84,1077.3,1096.84,151082500,VNIND,Công nghiệp
2022-02-17,1101.4,1110.31,1096.84,1110.31,138440600,VNIND,Công nghiệp
2022-02-18,1100.11,1139.87,1100.11,1139.87,142652900,VNIND,Công nghiệp
2022-02-21,1145.84,1164.19,1142.76,1151.55,166384700,VNIND,Công nghiệp
2022-02-22,1150.24,1150.24,1111.16,1128.98,206685700,VNIND,Công nghiệp
2022-02-23,1135.6,1158.36,1133.42,1151.58,128230100,VNIND,Công nghiệp
2022-02-24,1149.72,1156.42,1098.44,1123.5,235945800,VNIND,Công nghiệp
2022-02-25,1136.95,1141.74,1130.28,1130.28,136239500,VNIND,Công nghiệp
2022-02-28,1127.75,1132.39,1114.24,1119.96,116042300,VNIND,Công nghiệp
2022-03-01,1121.2,1139.6,1121.2,1134.18,144863800,VNIND,Công nghiệp
2022-03-02,1134.0,1138.97,1119.79,1129.58,140039500,VNIND,Công nghiệp
2022-03-03,1133.41,1146.28,1126.04,1146.28,155978000,VNIND,Công nghiệp
2022-03-04,1152.13,1164.78,1146.28,1156.23,194207000,VNIND,Công nghiệp
2022-03-07,1153.14,1158.09,1143.49,1149.13,184333800,VNIND,Công nghiệp
2022-03-08,1139.17,1147.1,1118.63,1118.63,202422400,VNIND,Công nghiệp
2022-03-09,1122.8,1131.16,1099.22,1128.12,193794900,VNIND,Công nghiệp
2022-03-10,1139.49,1146.32,1133.85,1133.85,134641900,VNIND,Công nghiệp
2022-03-11,1128.69,1138.1,1115.61,1120.01,160629000,VNIND,Công nghiệp
2022-03-14,1112.48,1126.35,1100.72,1111.33,172660300,VNIND,Công nghiệp
2022-03-15,1111.0,1132.26,1108.25,1130.19,144353400,VNIND,Công nghiệp
2022-03-16,1137.64,1141.09,1132.91,1134.48,107437900,VNIND,Công nghiệp
2022-03-17,1139.16,1143.53,1134.39,1137.21,122006100,VNIND,Công nghiệp
2022-03-18,1141.19,1151.96,1137.21,1151.19,159550900,VNIND,Công nghiệp
2022-03-21,1152.97,1163.78,1149.77,1163.37,156744100,VNIND,Công nghiệp
2022-03-22,1169.25,1176.53,1163.65,1164.58,201132900,VNIND,Công nghiệp
2022-03-23,1165.81,1182.11,1161.64,1174.8,186397300,VNIND,Công nghiệp
2022-03-24,1176.27,1193.0,1171.48,1191.93,168890400,VNIND,Công nghiệp
2022-03-25,1193.85,1198.29,1188.95,1189.11,175278300,VNIND,Công nghiệp
2022-03-28,1188.35,1188.35,1148.81,1164.34,198494100,VNIND,Công nghiệp
2022-03-29,1166.36,1189.58,1166.36,1187.68,139960800,VNIND,Công nghiệp
2022-03-30,1179.27,1186.33,1146.06,1154.27,176625400,VNIND,Công nghiệp
2022-03-31,1158.55,1166.76,1147.48,1151.7,118266000,VNIND,Công nghiệp
2022-04-01,1146.34,1170.85,1138.14,1170.85,199556200,VNIND,Công nghiệp
2022-04-04,1180.45,1186.65,1171.38,1177.56,145110800,VNIND,Công nghiệp
2022-04-05,1173.81,1183.42,1171.21,1171.21,120989900,VNIND,Công nghiệp
2022-04-06,1154.83,1164.57,1139.58,1144.31,167435900,VNIND,Công nghiệp
2022-04-07,1142.21,1145.1,1113.78,1113.78,134960500,VNIND,Công nghiệp
2022-04-08,1113.63,1119.53,1090.56,1090.56,131012100,VNIND,Công nghiệp
2022-04-12,1098.47,1104.44,1058.02,1058.02,104780800,VNIND,Công nghiệp
2022-04-13,1061.47,1086.63,1039.4,1086.63,106944900,VNIND,Công nghiệp
2022-04-14,1091.9,1094.91,1075.52,1076.24,68513400,VNIND,Công nghiệp
2022-04-15,1069.9,1079.68,1057.0,1060.95,97475500,VNIND,Công nghiệp
2022-04-18,1054.33,1054.33,1023.64,1039.49,144746900,VNIND,Công nghiệp
2022-04-19,1043.78,1049.43,1015.86,1016.33,114020600,VNIND,Công nghiệp
2022-04-20,1012.23,1014.51,976.89,976.89,118579900,VNIND,Công nghiệp
2022-04-21,960.9,975.29,934.87,950.09,133093300,VNIND,Công nghiệp
2022-04-22,950.49,966.99,913.68,937.34,134548500,VNIND,Công nghiệp
2022-04-25,940.02,941.01,877.18,882.13,100956700,VNIND,Công nghiệp
2022-04-26,856.91,905.15,839.33,905.15,106028100,VNIND,Công nghiệp
2022-04-27,904.04,928.92,894.17,927.73,77469600,VNIND,Công nghiệp
2022-04-28,932.87,945.77,929.4,933.09,79170700,VNIND,Công nghiệp
2022-04-29,932.52,959.13,929.22,955.77,93969000,VNIND,Công nghiệp
2022-05-04,952.35,964.75,947.64,952.74,86546300,VNIND,Công nghiệp
2022-05-05,961.97,962.61,925.4,944.49,82952500,VNIND,Công nghiệp
2022-05-06,935.33,938.07,914.72,914.72,80002600,VNIND,Công nghiệp
2022-05-09,895.72,897.85,861.88,862.83,94108200,VNIND,Công nghiệp
2022-05-10,852.79,883.73,824.8,883.73,104010000,VNIND,Công nghiệp
2022-05-11,892.37,900.47,877.01,896.63,66042500,VNIND,Công nghiệp
2022-05-12,888.97,900.62,850.25,853.03,81375900,VNIND,Công nghiệp
2022-05-13,844.16,852.46,805.94,809.02,117876700,VNIND,Công nghiệp
2022-05-16,823.55,836.24,790.4,793.58,80777400,VNIND,Công nghiệp
2022-05-17,787.04,834.81,778.94,834.81,77743700,VNIND,Công nghiệp
2022-05-18,848.45,858.36,838.36,845.5,71832200,VNIND,Công nghiệp
2022-05-19,822.59,853.58,822.59,849.16,64672800,VNIND,Công nghiệp
2022-05-20,852.24,869.57,848.89,857.4,79138500,VNIND,Công nghiệp
2022-05-23,865.41,866.0,830.28,841.29,77065500,VNIND,Công nghiệp
2022-05-24,839.43,852.65,820.2,852.65,62726000,VNIND,Công nghiệp
2022-05-25,857.34,888.73,855.35,886.89,98411200,VNIND,Công nghiệp
2022-05-26,888.44,899.76,884.23,889.56,83594000,VNIND,Công nghiệp
2022-05-27,888.54,907.14,886.91,902.3,77450700,VNIND,Công nghiệp
2022-05-30,904.11,922.78,902.69,920.07,73717500,VNIND,Công nghiệp
2022-05-31,920.09,926.59,906.82,912.79,84073500,VNIND,Công nghiệp
2022-06-01,910.29,921.23,900.64,920.44,84803600,VNIND,Công nghiệp
2022-06-02,922.36,925.86,899.86,903.41,81875200,VNIND,Công nghiệp
2022-06-03,902.12,910.01,885.17,901.41,73894600,VNIND,Công nghiệp
2022-06-06,899.39,916.22,890.96,890.96,89855500,VNIND,Công nghiệp
2022-06-07,887.36,897.45,867.94,897.45,100551800,VNIND,Công nghiệp
2022-06-08,905.4,922.06,903.55,913.81,73660400,VNIND,Công nghiệp
2022-06-09,914.68,918.76,908.92,915.92,53964000,VNIND,Công nghiệp
2022-06-10,905.41,922.48,889.96,889.96,94107200,VNIND,Công nghiệp
2022-06-13,859.98,881.6,846.63,847.38,106120300,VNIND,Công nghiệp
2022-06-14,835.11,860.59,833.65,844.51,69876800,VNIND,Công nghiệp
2022-06-15,848.47,851.32,809.3,821.86,94549100,VNIND,Công nghiệp
2022-06-16,835.7,845.1,830.54,831.34,77595400,VNIND,Công nghiệp
2022-06-17,810.69,820.97,798.94,815.69,122090300,VNIND,Công nghiệp
2022-06-20,814.15,822.39,784.16,784.16,94695800,VNIND,Công nghiệp
2022-06-21,768.91,781.15,753.59,757.77,115400000,VNIND,Công nghiệp
2022-06-22,764.99,771.87,756.34,762.96,82401300,VNIND,Công nghiệp
2022-06-23,764.56,788.99,764.03,788.99,58889700,VNIND,Công nghiệp
2022-06-24,792.92,799.3,786.23,786.23,76765600,VNIND,Công nghiệp
2022-06-27,790.12,808.03,786.53,804.9,66098000,VNIND,Công nghiệp
2022-06-28,805.49,817.5,803.27,813.4,75916900,VNIND,Công nghiệp
2022-06-29,805.31,816.1,801.03,811.98,104851600,VNIND,Công nghiệp
2022-06-30,812.59,816.51,787.82,787.82,80954100,VNIND,Công nghiệp
2022-07-01,781.91,794.93,760.79,789.07,77203300,VNIND,Công nghiệp
2022-07-04,792.97,799.24,783.82,787.83,59369000,VNIND,Công nghiệp
2022-07-05,787.82,789.23,761.48,761.48,72440000,VNIND,Công nghiệp
2022-07-06,760.3,764.16,741.16,741.64,65652800,VNIND,Công nghiệp
2022-07-07,740.82,751.84,736.07,751.84,56371400,VNIND,Công nghiệp
2022-07-08,758.49,771.44,758.01,767.38,81354900,VNIND,Công nghiệp
2022-07-11,766.8,774.31,757.13,764.79,80125600,VNIND,Công nghiệp
2022-07-12,766.21,789.48,765.95,789.48,89315500,VNIND,Công nghiệp
2022-07-13,791.72,796.27,783.31,785.78,84620800,VNIND,Công nghiệp
2022-07-14,779.65,792.6,779.3,792.28,77961000,VNIND,Công nghiệp
2022-07-15,793.75,803.4,789.98,789.98,89598400,VNIND,Công nghiệp
2022-07-18,795.34,800.46,788.2,790.65,88736100,VNIND,Công nghiệp
2022-07-19,788.42,798.49,781.85,795.86,71404600,VNIND,Công nghiệp
2022-07-20,804.06,819.22,803.03,814.88,105406400,VNIND,Công nghiệp
2022-07-21,817.12,820.16,812.16,813.11,74108100,VNIND,Công nghiệp
2022-07-22,813.51,819.39,810.82,810.82,66575700,VNIND,Công nghiệp
2022-07-25,808.06,812.76,803.07,805.62,64590300,VNIND,Công nghiệp
2022-07-26,808.55,811.27,799.54,799.54,67326400,VNIND,Công nghiệp
2022-07-27,799.3,808.93,793.35,808.93,63201900,VNIND,Công nghiệp
2022-07-28,809.49,829.89,809.49,823.21,98887900,VNIND,Công nghiệp
2022-07-29,826.61,829.8,820.36,820.36,82428800,VNIND,Công nghiệp
2022-08-01,820.35,838.26,820.35,838.26,105676200,VNIND,Công nghiệp
2022-08-02,837.82,846.6,835.47,844.29,124148000,VNIND,Công nghiệp
2022-08-03,838.49,852.97,837.82,852.97,109473400,VNIND,Công nghiệp
2022-08-04,856.93,858.98,845.16,849.23,109751800,VNIND,Công nghiệp
2022-08-05,847.36,853.55,845.11,853.4,90395100,VNIND,Công nghiệp
2022-08-08,856.21,860.63,852.15,855.76,101484500,VNIND,Công nghiệp
2022-08-09,858.28,864.33,854.63,860.51,110510200,VNIND,Công nghiệp
2022-08-10,859.3,868.86,857.22,864.93,97563800,VNIND,Công nghiệp
2022-08-11,870.68,875.09,846.55,850.0,132574900,VNIND,Công nghiệp
2022-08-12,849.46,862.21,848.04,859.83,87009700,VNIND,Công nghiệp
2022-08-15,865.27,869.93,864.34,867.6,89657600,VNIND,Công nghiệp
2022-08-16,867.85,873.37,867.38,873.1,99295700,VNIND,Công nghiệp
2022-08-17,875.39,882.0,863.87,867.11,120738900,VNIND,Công nghiệp
2022-08-18,865.66,867.66,858.52,861.45,80508400,VNIND,Công nghiệp
2022-08-19,861.91,867.66,852.2,858.47,89789700,VNIND,Công nghiệp
2022-08-22,856.6,858.92,841.73,847.63,103966500,VNIND,Công nghiệp
2022-08-23,839.59,864.49,839.45,864.49,83254300,VNIND,Công nghiệp
2022-08-24,865.91,871.96,864.65,870.34,99629900,VNIND,Công nghiệp
2022-08-25,872.2,875.1,869.44,873.13,81911500,VNIND,Công nghiệp
2022-08-26,874.99,877.43,862.26,865.22,101130400,VNIND,Công nghiệp
2022-08-29,855.71,855.71,829.57,852.96,145447700,VNIND,Công nghiệp
2022-08-30,853.03,860.27,844.33,845.86,73067400,VNIND,Công nghiệp
2022-08-31,840.91,851.82,839.2,851.49,70537000,VNIND,Công nghiệp
2022-09-05,852.43,854.91,847.3,849.17,60125300,VNIND,Công nghiệp
2022-09-06,851.29,856.77,850.29,852.8,101156900,VNIND,Công nghiệp
2022-09-07,849.44,849.97,818.16,818.16,152046700,VNIND,Công nghiệp
2022-09-08,823.84,824.74,805.14,805.14,92132000,VNIND,Công nghiệp
2022-09-09,810.46,824.91,797.74,824.91,94269300,VNIND,Công nghiệp
2022-09-12,828.67,829.25,819.85,820.36,54250558,VNIND,Công nghiệp
2022-09-13,822.27,823.17,813.95,822.39,56873900,VNIND,Công nghiệp
2022-09-14,806.1,824.72,806.1,824.72,98039100,VNIND,Công nghiệp
2022-09-15,829.57,830.92,824.67,826.56,65757800,VNIND,Công nghiệp
2022-09-16,824.28,824.79,807.25,807.9,105805100,VNIND,Công nghiệp
2022-09-19,807.05,808.97,776.93,779.41,115689700,VNIND,Công nghiệp
2022-09-20,784.64,788.89,768.92,788.74,76859500,VNIND,Công nghiệp
2022-09-21,781.7,792.91,780.79,786.17,65592100,VNIND,Công nghiệp
2022-09-22,780.46,796.76,778.16,796.76,76491200,VNIND,Công nghiệp
2022-09-23,796.79,801.44,788.79,788.87,86815100,VNIND,Công nghiệp
2022-09-26,773.43,776.0,751.35,760.93,137778000,VNIND,Công nghiệp
2022-09-27,762.13,765.83,755.49,757.2,81460900,VNIND,Công nghiệp
2022-09-28,754.44,756.73,735.21,739.26,106045955,VNIND,Công nghiệp
2022-09-29,743.19,750.46,723.14,723.14,90081322,VNIND,Công nghiệp
2022-09-30,716.4,728.11,700.21,727.87,120737213,VNIND,Công nghiệp
2022-10-03,721.91,723.35,695.06,695.61,76857435,VNIND,Công nghiệp
2022-10-04,703.76,704.62,681.48,690.06,86171486,VNIND,Công nghiệp
2022-10-05,702.2,717.33,699.34,714.65,67827499,VNIND,Công nghiệp
2022-10-06,714.99,715.43,687.29,690.25,83199817,VNIND,Công nghiệp
2022-10-07,673.67,676.93,659.49,671.14,119671821,VNIND,Công nghiệp
2022-10-10,661.23,679.55,655.16,674.39,74765111,VNIND,Công nghiệp
2022-10-11,674.05,675.25,643.36,644.61,72069935,VNIND,Công nghiệp
2022-10-12,638.3,663.84,636.37,656.39,72883535,VNIND,Công nghiệp
2022-10-13,657.52,661.89,651.91,659.12,48123168,VNIND,Công nghiệp
2022-10-14,666.0,673.11,665.67,668.9,72678912,VNIND,Công nghiệp
2022-10-17,666.28,671.67,656.62,671.67,57499381,VNIND,Công nghiệp
2022-10-18,678.14,687.46,676.03,678.08,79205774,VNIND,Công nghiệp
2022-10-19,680.26,682.75,675.35,676.82,47505299,VNIND,Công nghiệp
2022-10-20,675.7,677.31,668.02,669.4,51229482,VNIND,Công nghiệp
2022-10-21,669.67,669.97,636.59,642.17,92285388,VNIND,Công nghiệp
2022-10-24,642.02,642.02,612.06,614.04,76720641,VNIND,Công nghiệp
2022-10-25,606.45,623.71,588.65,605.09,104879360,VNIND,Công nghiệp
2022-10-26,604.13,609.52,588.17,593.24,59120590,VNIND,Công nghiệp
2022-10-27,589.86,614.04,588.7,614.04,89689722,VNIND,Công nghiệp
2022-10-28,620.45,627.99,615.09,616.32,73291904,VNIND,Công nghiệp
2022-10-31,614.98,618.02,599.17,610.15,81320925,VNIND,Công nghiệp
2022-11-01,613.17,619.35,609.93,612.13,65738752,VNIND,Công nghiệp
2022-11-02,613.87,616.92,605.14,606.74,56967127,VNIND,Công nghiệp
2022-11-03,592.76,609.5,592.76,606.16,61947277,VNIND,Công nghiệp
2022-11-04,599.42,603.25,575.32,584.98,94885153,VNIND,Công nghiệp
2022-11-07,575.54,579.72,558.66,563.71,72644360,VNIND,Công nghiệp
2022-11-08,550.39,563.98,550.23,559.83,69063109,VNIND,Công nghiệp
2022-11-09,561.08,571.33,552.18,558.07,100279225,VNIND,Công nghiệp
2022-11-10,551.58,554.17,529.93,536.78,76743148,VNIND,Công nghiệp
2022-11-11,536.76,541.59,527.75,532.65,108240052,VNIND,Công nghiệp
2022-11-14,530.56,530.56,511.99,516.53,83952939,VNIND,Công nghiệp
2022-11-15,499.37,504.02,489.95,494.41,60286663,VNIND,Công nghiệp
2022-11-16,481.67,514.1,470.9,514.1,183240881,VNIND,Công nghiệp
2022-11-17,516.19,528.12,516.19,524.53,88966637,VNIND,Công nghiệp
2022-11-18,522.01,534.49,508.36,532.03,129917679,VNIND,Công nghiệp
2022-11-21,538.6,542.17,535.03,538.14,92623122,VNIND,Công nghiệp
2022-11-22,538.47,555.65,534.59,538.09,157994996,VNIND,Công nghiệp
2022-11-23,536.35,544.52,527.04,532.46,80661687,VNIND,Công nghiệp
2022-11-24,527.26,535.54,524.08,534.97,83811203,VNIND,Công nghiệp
2022-11-25,540.01,550.96,539.89,550.96,93257895,VNIND,Công nghiệp
2022-11-28,563.07,570.05,558.9,569.52,87916146,VNIND,Công nghiệp
2022-11-29,574.16,580.38,564.41,580.38,190254842,VNIND,Công nghiệp
2022-11-30,583.89,591.47,575.14,591.47,127300854,VNIND,Công nghiệp
2022-12-01,601.85,607.29,587.03,593.45,179476222,VNIND,Công nghiệp
2022-12-02,591.48,613.51,584.39,613.51,159371188,VNIND,Công nghiệp
2022-12-05,620.58,626.9,618.56,623.2,145963027,VNIND,Công nghiệp
2022-12-06,621.48,627.02,606.24,607.37,220455890,VNIND,Công nghiệp
2022-12-07,600.66,608.09,590.99,595.87,128395592,VNIND,Công nghiệp
2022-12-08,601.82,614.87,600.16,608.24,114054562,VNIND,Công nghiệp
2022-12-09,611.86,623.98,601.07,622.85,111353896,VNIND,Công nghiệp
2022-12-12,626.83,636.59,614.54,615.0,140659818,VNIND,Công nghiệp
2022-12-13,614.31,622.67,604.23,622.67,120888331,VNIND,Công nghiệp
2022-12-14,623.45,630.54,619.3,622.82,113317703,VNIND,Công nghiệp
2022-12-15,622.61,627.15,616.73,624.85,92099065,VNIND,Công nghiệp
2022-12-16,615.41,632.48,615.05,631.83,147017388,VNIND,Công nghiệp
2022-12-19,633.16,635.16,617.23,617.23,136858666,VNIND,Công nghiệp
2022-12-20,614.84,616.82,592.16,598.79,162173983,VNIND,Công nghiệp
2022-12-21,602.09,602.11,578.6,587.2,111624816,VNIND,Công nghiệp
2022-12-22,589.06,593.51,577.55,589.68,75626769,VNIND,Công nghiệp
2022-12-23,589.29,593.17,584.06,591.04,62559193,VNIND,Công nghiệp
2022-12-26,591.98,592.08,568.68,568.68,80051510,VNIND,Công nghiệp
2022-12-27,569.43,581.64,564.84,580.39,87927925,VNIND,Công nghiệp
2022-12-28,581.54,587.51,575.81,584.12,57310738,VNIND,Công nghiệp
2022-12-29,584.09,587.38,578.36,578.36,53400570,VNIND,Công nghiệp
2022-12-30,584.29,584.58,577.18,578.88,50674486,VNIND,Công nghiệp
2023-01-03,579.66,598.56,579.66,598.56,84182343,VNIND,Công nghiệp
2023-01-04,602.69,609.33,595.63,598.38,109917934,VNIND,Công nghiệp
2023-01-05,600.88,604.46,596.53,603.57,84473130,VNIND,Công nghiệp
2023-01-06,604.39,606.37,591.35,592.85,87218467,VNIND,Công nghiệp
2023-01-09,597.19,598.88,590.05,591.67,56201065,VNIND,Công nghiệp
2023-01-10,592.02,597.25,584.93,595.51,78923336,VNIND,Công nghiệp
2023-01-11,598.04,603.64,597.82,598.86,68063842,VNIND,Công nghiệp
2023-01-12,602.15,602.27,595.61,599.77,58637786,VNIND,Công nghiệp
2023-01-13,601.97,604.08,597.15,597.18,80437794,VNIND,Công nghiệp
2023-01-16,598.92,600.69,594.47,595.28,58305099,VNIND,Công nghiệp
2023-01-17,597.22,610.39,597.22,610.39,88502913,VNIND,Công nghiệp
2023-01-18,612.55,620.93,611.3,620.1,90166452,VNIND,Công nghiệp
2023-01-19,620.44,628.34,619.19,628.34,79595930,VNIND,Công nghiệp
2023-01-27,634.48,642.16,634.38,637.84,89280158,VNIND,Công nghiệp
2023-01-30,640.38,647.23,636.83,636.83,141234336,VNIND,Công nghiệp
2023-01-31,637.94,649.4,634.6,649.4,108649803,VNIND,Công nghiệp
2023-02-01,653.05,654.0,625.99,625.99,158051387,VNIND,Công nghiệp
2023-02-02,626.89,630.03,614.1,617.26,100438778,VNIND,Công nghiệp
2023-02-03,619.82,622.27,611.74,616.53,76822294,VNIND,Công nghiệp
2023-02-06,613.23,623.62,612.39,623.62,65334709,VNIND,Công nghiệp
2023-02-07,623.61,627.78,610.21,612.43,95264319,VNIND,Công nghiệp
2023-02-08,615.18,616.91,603.36,611.09,79027431,VNIND,Công nghiệp
2023-02-09,611.66,615.42,604.38,604.38,52547144,VNIND,Công nghiệp
2023-02-10,604.44,606.54,595.28,596.46,67380615,VNIND,Công nghiệp
2023-02-13,592.57,592.78,576.44,581.17,115942848,VNIND,Công nghiệp
2023-02-14,584.55,585.88,578.59,581.03,49329189,VNIND,Công nghiệp
2023-02-15,581.28,593.36,580.58,591.24,81326763,VNIND,Công nghiệp
2023-02-16,592.99,597.69,592.36,597.69,62603396,VNIND,Công nghiệp
2023-02-17,598.71,603.33,596.27,598.96,85041089,VNIND,Công nghiệp
2023-02-20,601.35,616.01,601.06,616.01,107196779,VNIND,Công nghiệp
2023-02-21,619.94,623.95,614.25,616.11,149077181,VNIND,Công nghiệp
2023-02-22,612.89,615.38,601.06,601.06,137757034,VNIND,Công nghiệp
2023-02-23,600.5,602.52,581.6,595.32,112040547,VNIND,Công nghiệp
2023-02-24,596.77,599.38,584.98,584.98,56750660,VNIND,Công nghiệp
2023-02-27,582.96,582.96,569.52,572.5,79745355,VNIND,Công nghiệp
2023-02-28,576.47,578.72,569.78,575.07,63671886,VNIND,Công nghiệp
2023-03-01,572.98,586.13,566.75,586.13,95720362,VNIND,Công nghiệp
2023-03-02,585.36,590.28,580.04,583.81,52849962,VNIND,Công nghiệp
2023-03-03,584.21,586.33,573.26,575.93,77652179,VNIND,Công nghiệp
2023-03-06,582.31,585.03,573.01,573.01,69092943,VNIND,Công nghiệp
2023-03-07,578.83,580.67,573.98,574.94,52922162,VNIND,Công nghiệp
2023-03-08,571.93,585.12,571.31,585.12,87284283,VNIND,Công nghiệp
2023-03-09,589.3,595.43,588.51,591.82,80909625,VNIND,Công nghiệp
2023-03-10,589.52,590.7,582.76,586.74,74018259,VNIND,Công nghiệp
2023-03-13,582.35,587.21,581.57,581.76,70238366,VNIND,Công nghiệp
2023-03-14,580.65,583.54,572.8,575.62,87298533,VNIND,Công nghiệp
2023-03-15,578.98,591.42,578.98,591.42,74674072,VNIND,Công nghiệp
2023-03-16,589.3,589.69,578.55,581.76,65234908,VNIND,Công nghiệp
2023-03-17,588.0,590.03,581.44,590.03,65243781,VNIND,Công nghiệp
2023-03-20,585.15,589.79,576.94,578.99,73094967,VNIND,Công nghiệp
2023-03-21,581.16,590.4,571.63,581.13,54558073,VNIND,Công nghiệp
2023-03-22,581.32,585.32,581.22,582.43,65164293,VNIND,Công nghiệp
2023-03-23,580.11,584.83,577.93,584.83,47976645,VNIND,Công nghiệp
2023-03-24,587.06,589.01,585.14,588.13,83141261,VNIND,Công nghiệp
2023-03-27,589.6,595.23,585.75,595.23,86849764,VNIND,Công nghiệp
2023-03-28,597.15,600.89,593.95,595.4,104578192,VNIND,Công nghiệp
2023-03-29,595.6,595.86,588.81,595.01,64582135,VNIND,Công nghiệp
2023-03-30,598.26,599.88,594.25,595.13,87591650,VNIND,Công nghiệp
2023-03-31,596.11,597.25,592.45,595.8,84399009,VNIND,Công nghiệp
2023-04-03,601.69,607.61,600.03,605.43,134423711,VNIND,Công nghiệp
2023-04-04,607.52,612.86,607.06,611.06,127865934,VNIND,Công nghiệp
2023-04-05,612.27,617.23,609.28,617.23,129427926,VNIND,Công nghiệp
2023-04-06,621.29,624.4,613.35,613.35,220926680,VNIND,Công nghiệp
2023-04-07,614.8,618.24,611.01,618.24,119386997,VNIND,Công nghiệp
2023-04-10,622.65,623.93,612.11,615.2,168786897,VNIND,Công nghiệp
2023-04-11,613.92,620.84,608.93,620.84,131844834,VNIND,Công nghiệp
2023-04-12,622.98,624.11,618.41,620.54,135783096,VNIND,Công nghiệp
2023-04-13,621.17,622.96,615.92,617.56,105640852,VNIND,Công nghiệp
2023-04-14,619.92,620.99,604.87,604.87,139106227,VNIND,Công nghiệp
2023-04-17,605.32,606.82,601.74,606.61,65037836,VNIND,Công nghiệp
2023-04-18,607.24,612.34,604.14,611.78,105269958,VNIND,Công nghiệp
2023-04-19,614.42,615.15,608.39,609.02,79869654,VNIND,Công nghiệp
2023-04-20,609.4,612.82,606.97,609.82,59237019,VNIND,Công nghiệp
2023-04-21,610.63,611.33,602.13,605.04,83083147,VNIND,Công nghiệp
2023-04-24,604.84,608.83,600.73,605.63,78573875,VNIND,Công nghiệp
2023-04-25,606.52,612.03,601.13,602.25,86717551,VNIND,Công nghiệp
2023-04-26,602.97,607.99,600.44,607.99,72661042,VNIND,Công nghiệp
2023-04-27,609.99,614.98,609.28,612.46,95330644,VNIND,Công nghiệp
2023-04-28,617.21,619.32,616.48,618.91,119987086,VNIND,Công nghiệp
2023-05-04,618.91,625.13,616.48,617.9,115882738,VNIND,Công nghiệp
2023-05-05,618.21,622.0,615.71,617.75,101721502,VNIND,Công nghiệp
2023-05-08,621.58,624.09,617.9,621.15,117886034,VNIND,Công nghiệp
2023-05-09,621.31,623.39,617.41,620.09,103924573,VNIND,Công nghiệp
2023-05-10,621.54,628.07,621.48,627.59,140775737,VNIND,Công nghiệp
2023-05-11,630.62,633.26,627.03,631.62,162002029,VNIND,Công nghiệp
2023-05-12,631.89,635.31,630.12,635.31,138843999,VNIND,Công nghiệp
2023-05-15,636.76,640.78,630.78,630.79,151159564,VNIND,Công nghiệp
2023-05-16,634.06,636.38,632.37,634.48,135803384,VNIND,Công nghiệp
2023-05-17,634.71,638.92,632.1,632.1,160882653,VNIND,Công nghiệp
2023-05-18,633.65,634.42,630.43,630.43,118896957,VNIND,Công nghiệp
2023-05-19,632.47,633.6,624.47,632.36,129972498,VNIND,Công nghiệp
2023-05-22,636.74,641.51,635.07,641.51,163400101,VNIND,Công nghiệp
2023-05-23,642.64,645.89,639.75,642.41,127732641,VNIND,Công nghiệp
2023-05-24,644.76,646.46,642.38,643.65,151307722,VNIND,Công nghiệp
2023-05-25,642.52,645.83,640.51,644.31,149696771,VNIND,Công nghiệp
2023-05-26,645.65,650.65,644.8,649.2,158178716,VNIND,Công nghiệp
2023-05-29,653.3,657.69,653.25,657.69,163071200,VNIND,Công nghiệp
2023-05-30,660.46,662.13,655.05,660.41,178577993,VNIND,Công nghiệp
2023-05-31,661.34,667.39,659.78,662.84,177205253,VNIND,Công nghiệp
2023-06-01,664.81,669.21,662.89,668.94,187115881,VNIND,Công nghiệp
2023-06-02,675.11,676.48,667.39,669.42,188811583,VNIND,Công nghiệp
2023-06-05,676.25,676.34,668.94,669.93,162685043,VNIND,Công nghiệp
2023-06-06,669.85,677.07,667.96,677.07,145739754,VNIND,Công nghiệp
2023-06-07,679.08,683.11,676.49,683.11,171165106,VNIND,Công nghiệp
2023-06-08,685.24,690.93,671.61,671.61,243343343,VNIND,Công nghiệp
2023-06-09,674.12,677.99,668.44,677.99,177233269,VNIND,Công nghiệp
2023-06-12,681.09,684.08,674.35,681.88,147410013,VNIND,Công nghiệp
2023-06-13,684.47,685.77,680.51,682.87,160007569,VNIND,Công nghiệp
2023-06-14,687.23,687.72,675.85,675.85,146950872,VNIND,Công nghiệp
2023-06-15,675.53,678.26,671.86,675.61,121888556,VNIND,Công nghiệp
2023-06-16,675.89,684.73,673.76,673.76,161138129,VNIND,Công nghiệp
2023-06-19,676.15,677.47,670.9,671.68,145306211,VNIND,Công nghiệp
2023-06-20,673.37,683.39,673.37,683.39,139306995,VNIND,Công nghiệp
2023-06-21,684.46,690.31,684.02,690.31,185417009,VNIND,Công nghiệp
2023-06-22,696.22,696.9,692.51,695.91,185111804,VNIND,Công nghiệp
2023-06-23,697.96,698.83,691.31,697.32,165319739,VNIND,Công nghiệp
2023-06-26,698.02,700.01,685.02,697.54,220534932,VNIND,Công nghiệp
2023-06-27,700.69,702.27,694.76,697.32,135814944,VNIND,Công nghiệp
2023-06-28,698.62,701.54,693.4,694.82,149659548,VNIND,Công nghiệp
2023-06-29,694.23,694.73,680.5,680.5,179888324,VNIND,Công nghiệp
2023-06-30,680.64,683.89,678.78,683.62,95960799,VNIND,Công nghiệp
2023-07-03,687.21,688.55,684.69,686.19,83075104,VNIND,Công nghiệp
2023-07-04,687.4,693.42,686.7,693.42,99563492,VNIND,Công nghiệp
2023-07-05,697.21,697.84,692.67,692.69,125155761,VNIND,Công nghiệp
2023-07-06,692.35,694.32,681.97,687.55,148378249,VNIND,Công nghiệp
2023-07-07,685.62,694.33,680.95,694.33,148099822,VNIND,Công nghiệp
2023-07-10,698.48,702.22,697.58,702.22,132983889,VNIND,Công nghiệp
2023-07-11,705.79,706.62,699.78,702.43,153393997,VNIND,Công nghiệp
2023-07-12,705.2,706.99,698.15,701.68,106697678,VNIND,Công nghiệp
2023-07-13,704.81,713.27,704.71,713.27,179993073,VNIND,Công nghiệp
2023-07-14,717.19,720.77,713.13,720.77,181325956,VNIND,Công nghiệp
2023-07-17,724.01,727.77,719.44,722.38,177671383,VNIND,Công nghiệp
2023-07-18,722.44,722.78,717.61,721.82,143395351,VNIND,Công nghiệp
2023-07-19,724.04,727.44,719.3,719.78,173564933,VNIND,Công nghiệp
2023-07-20,720.86,724.64,714.87,724.64,136632970,VNIND,Công nghiệp
2023-07-21,726.83,734.16,726.33,734.16,187498829,VNIND,Công nghiệp
2023-07-24,738.41,744.54,735.45,741.75,226001833,VNIND,Công nghiệp
2023-07-25,744.81,745.11,734.94,740.97,188718863,VNIND,Công nghiệp
2023-07-26,741.03,743.2,737.21,740.86,178114162,VNIND,Công nghiệp
2023-07-27,742.22,746.8,733.16,744.01,253223951,VNIND,Công nghiệp
2023-07-28,745.42,748.38,739.33,746.08,218951825,VNIND,Công nghiệp
2023-07-31,750.2,754.15,745.02,754.15,210114358,VNIND,Công nghiệp
2023-08-01,756.77,756.95,744.56,744.56,252854492,VNIND,Công nghiệp
2023-08-02,744.58,747.63,741.2,746.76,171919346,VNIND,Công nghiệp
2023-08-03,747.35,753.9,743.37,747.58,200725002,VNIND,Công nghiệp
2023-08-04,749.16,757.6,747.28,756.49,219651036,VNIND,Công nghiệp
2023-08-07,759.3,764.14,756.98,761.65,216204470,VNIND,Công nghiệp
2023-08-08,764.0,767.62,759.36,761.88,202708768,VNIND,Công nghiệp
2023-08-09,761.61,763.98,755.88,756.86,187670035,VNIND,Công nghiệp
2023-08-10,757.91,759.8,745.21,745.91,185086245,VNIND,Công nghiệp
2023-08-11,747.18,748.97,734.77,748.19,183826972,VNIND,Công nghiệp
2023-08-14,753.18,762.09,752.87,759.33,208376865,VNIND,Công nghiệp
2023-08-15,764.32,764.32,758.48,762.0,161286230,VNIND,Công nghiệp
2023-08-16,762.31,762.83,755.45,760.06,141820065,VNIND,Công nghiệp
2023-08-17,760.57,763.93,754.03,754.03,217892834,VNIND,Công nghiệp
2023-08-18,750.01,751.7,713.89,715.17,336821368,VNIND,Công nghiệp
2023-08-21,709.9,716.8,696.02,706.63,186831682,VNIND,Công nghiệp
2023-08-22,709.33,714.55,686.9,714.55,176737058,VNIND,Công nghiệp
2023-08-23,720.73,722.1,711.72,711.72,116765823,VNIND,Công nghiệp
2023-08-24,712.76,726.45,709.4,726.45,148699921,VNIND,Công nghiệp
2023-08-25,726.48,731.11,725.37,726.1,162731261,VNIND,Công nghiệp
2023-08-28,731.18,736.84,726.87,736.84,156227771,VNIND,Công nghiệp
2023-08-29,740.76,746.84,737.91,741.94,184113531,VNIND,Công nghiệp
2023-08-30,744.89,750.96,741.48,750.96,163808921,VNIND,Công nghiệp
2023-08-31,753.19,767.76,753.19,767.76,205065745,VNIND,Công nghiệp
2023-09-05,773.61,777.06,769.94,777.06,197058315,VNIND,Công nghiệp
2023-09-06,777.24,783.97,769.83,783.97,210781611,VNIND,Công nghiệp
2023-09-07,786.94,791.59,782.18,784.28,241848919,VNIND,Công nghiệp
2023-09-08,783.21,795.8,781.38,794.42,202720791,VNIND,Công nghiệp
2023-09-11,798.43,801.55,771.88,771.88,250810354,VNIND,Công nghiệp
2023-09-12,771.81,790.84,766.9,790.84,173217710,VNIND,Công nghiệp
2023-09-13,796.23,801.23,783.69,791.62,300585506,VNIND,Công nghiệp
2023-09-14,792.63,794.54,775.05,776.56,217936658,VNIND,Công nghiệp
2023-09-15,778.38,783.32,768.74,774.66,163061868,VNIND,Công nghiệp
2023-09-18,774.55,777.95,762.07,765.38,162839090,VNIND,Công nghiệp
2023-09-19,769.4,773.23,756.49,772.99,196902764,VNIND,Công nghiệp
2023-09-20,776.96,787.02,772.45,787.02,144949229,VNIND,Công nghiệp
2023-09-21,787.04,792.66,779.23,781.88,204096425,VNIND,Công nghiệp
2023-09-22,772.59,772.59,744.89,749.61,250498519,VNIND,Công nghiệp
2023-09-25,745.41,753.22,714.69,714.69,207998867,VNIND,Công nghiệp
2023-09-26,708.67,726.86,703.75,703.75,190059337,VNIND,Công nghiệp
2023-09-27,705.6,727.2,691.86,727.2,160703172,VNIND,Công nghiệp
2023-09-28,727.33,728.91,715.9,726.84,121503214,VNIND,Công nghiệp
2023-09-29,732.01,732.51,723.05,727.89,110604158,VNIND,Công nghiệp
2023-10-02,728.4,738.33,726.61,729.95,91276413,VNIND,Công nghiệp
2023-10-03,722.57,722.96,699.11,701.36,190959389,VNIND,Công nghiệp
2023-10-04,692.23,718.37,688.36,709.9,128751378,VNIND,Công nghiệp
2023-10-05,716.58,717.67,702.91,702.91,124859343,VNIND,Công nghiệp
2023-10-06,702.95,716.34,696.34,715.89,123540695,VNIND,Công nghiệp
2023-10-09,717.03,723.64,715.19,723.64,106719795,VNIND,Công nghiệp
2023-10-10,728.26,735.92,726.24,726.24,133337706,VNIND,Công nghiệp
2023-10-11,729.35,736.11,722.72,736.11,108649899,VNIND,Công nghiệp
2023-10-12,737.66,743.86,732.11,735.43,116696757,VNIND,Công nghiệp
2023-10-13,726.92,745.92,722.94,743.45,114795664,VNIND,Công nghiệp
2023-10-16,743.47,745.71,731.48,732.76,131379040,VNIND,Công nghiệp
2023-10-17,736.43,737.52,706.79,706.79,118153446,VNIND,Công nghiệp
2023-10-18,709.54,714.15,683.03,695.78,198665228,VNIND,Công nghiệp
2023-10-19,695.52,698.76,682.0,684.81,128083351,VNIND,Công nghiệp
2023-10-20,684.77,701.04,672.84,701.04,116106490,VNIND,Công nghiệp
2023-10-23,699.5,701.37,683.26,688.49,84689231,VNIND,Công nghiệp
2023-10-24,689.83,698.15,682.66,698.15,87558339,VNIND,Công nghiệp
2023-10-25,698.98,704.6,693.74,694.48,100654161,VNIND,Công nghiệp
2023-10-26,682.41,682.68,655.36,659.46,207556279,VNIND,Công nghiệp
2023-10-27,664.61,671.18,648.56,671.18,108078798,VNIND,Công nghiệp
2023-10-30,668.77,670.29,649.55,649.55,77883294,VNIND,Công nghiệp
2023-10-31,652.93,655.16,630.79,630.79,133143218,VNIND,Công nghiệp
2023-11-01,632.4,651.38,625.44,651.38,105239797,VNIND,Công nghiệp
2023-11-02,651.38,679.17,651.38,679.17,127263727,VNIND,Công nghiệp
2023-11-03,681.56,686.14,676.59,683.72,129110999,VNIND,Công nghiệp
2023-11-06,688.94,692.5,684.53,692.5,90981815,VNIND,Công nghiệp
2023-11-07,689.46,697.12,684.34,688.74,102757670,VNIND,Công nghiệp
2023-11-08,688.33,723.35,688.33,723.35,161279847,VNIND,Công nghiệp
2023-11-09,728.12,736.68,723.67,723.82,181172913,VNIND,Công nghiệp
2023-11-10,719.02,737.68,717.16,725.96,191586861,VNIND,Công nghiệp
2023-11-13,728.44,731.99,717.5,726.13,123931996,VNIND,Công nghiệp
2023-11-14,731.8,737.34,726.05,730.97,120719935,VNIND,Công nghiệp
2023-11-15,739.93,746.63,729.94,733.55,136608033,VNIND,Công nghiệp
2023-11-16,730.07,740.88,728.91,740.88,105081316,VNIND,Công nghiệp
2023-11-17,742.39,748.93,725.32,729.64,223579670,VNIND,Công nghiệp
2023-11-20,720.22,738.85,716.8,732.31,129331703,VNIND,Công nghiệp
2023-11-21,732.93,740.16,732.93,740.11,109160102,VNIND,Công nghiệp
2023-11-22,741.59,751.27,738.07,749.22,170356342,VNIND,Công nghiệp
2023-11-23,750.94,753.74,722.08,722.08,191563468,VNIND,Công nghiệp
2023-11-24,726.3,726.75,703.5,726.52,172272235,VNIND,Công nghiệp
2023-11-27,728.1,729.51,715.7,715.7,81507365,VNIND,Công nghiệp
2023-11-28,716.62,724.57,709.73,722.48,104676435,VNIND,Công nghiệp
2023-11-29,726.92,732.99,724.86,732.99,84151516,VNIND,Công nghiệp
2023-11-30,732.55,737.07,723.52,723.52,104428399,VNIND,Công nghiệp
2023-12-01,730.51,732.27,720.45,731.29,83709368,VNIND,Công nghiệp
2023-12-04,739.04,756.08,738.59,752.77,197988064,VNIND,Công nghiệp
2023-12-05,755.26,757.51,749.19,751.83,146913052,VNIND,Công nghiệp
2023-12-06,753.99,761.96,751.19,761.1,140312047,VNIND,Công nghiệp
2023-12-07,761.51,762.19,739.01,753.39,222218474,VNIND,Công nghiệp
2023-12-08,753.81,755.03,744.56,751.55,133319569,VNIND,Công nghiệp
2023-12-11,753.04,753.96,743.48,748.21,91810729,VNIND,Công nghiệp
2023-12-12,751.08,752.81,746.63,751.54,83039063,VNIND,Công nghiệp
2023-12-13,754.71,755.69,741.42,742.02,140072346,VNIND,Công nghiệp
2023-12-14,746.14,748.65,734.84,735.25,99168343,VNIND,Công nghiệp
2023-12-15,735.62,741.1,730.67,730.72,99018777,VNIND,Công nghiệp
2023-12-18,734.37,736.46,726.73,731.62,94291628,VNIND,Công nghiệp
2023-12-19,731.86,735.3,726.12,735.3,83426912,VNIND,Công nghiệp
2023-12-20,736.18,739.38,735.14,738.99,69386812,VNIND,Công nghiệp
2023-12-21,736.11,742.05,734.9,742.05,77363019,VNIND,Công nghiệp
2023-12-22,742.21,746.06,741.74,743.94,85587296,VNIND,Công nghiệp
2023-12-25,745.97,759.43,745.88,759.43,104571396,VNIND,Công nghiệp
2023-12-26,760.32,763.17,758.57,759.75,119555032,VNIND,Công nghiệp
2023-12-27,762.21,763.08,757.61,757.61,110242744,VNIND,Công nghiệp
2023-12-28,758.01,760.25,756.36,758.22,93991453,VNIND,Công nghiệp
2023-12-29,760.15,761.0,756.59,760.15,93633188,VNIND,Công nghiệp
2024-01-02,764.01,764.53,750.45,752.26,165492357,VNIND,Công nghiệp
2024-01-03,752.53,760.03,750.05,760.03,138365056,VNIND,Công nghiệp
2024-01-04,761.09,762.54,757.53,757.9,155699843,VNIND,Công nghiệp
2024-01-05,758.3,760.59,754.57,758.51,129865274,VNIND,Công nghiệp
2024-01-08,761.02,765.72,759.61,761.05,147650497,VNIND,Công nghiệp
2024-01-09,762.66,763.93,757.71,760.32,151883920,VNIND,Công nghiệp
2024-01-10,760.96,763.85,748.95,753.15,147946254,VNIND,Công nghiệp
2024-01-11,755.05,756.28,750.14,754.8,112095447,VNIND,Công nghiệp
2024-01-12,751.35,751.35,735.45,741.31,178970925,VNIND,Công nghiệp
2024-01-15,743.41,746.54,735.42,735.42,85222824,VNIND,Công nghiệp
2024-01-16,733.4,743.69,731.5,743.69,81501703,VNIND,Công nghiệp
2024-01-17,745.24,750.19,743.52,745.99,89617806,VNIND,Công nghiệp
2024-01-18,747.5,748.4,743.09,746.53,90685113,VNIND,Công nghiệp
2024-01-19,748.41,752.13,746.21,747.5,98765483,VNIND,Công nghiệp
2024-01-22,748.05,750.5,743.11,749.37,99876049,VNIND,Công nghiệp
2024-01-23,751.12,752.66,746.49,751.3,102482955,VNIND,Công nghiệp
2024-01-24,751.68,753.79,746.73,748.52,79047768,VNIND,Công nghiệp
2024-01-25,749.82,750.06,745.42,747.34,68731428,VNIND,Công nghiệp
2024-01-26,748.48,751.04,748.35,750.64,74902488,VNIND,Công nghiệp
2024-01-29,752.15,754.59,750.49,751.73,100059024,VNIND,Công nghiệp
2024-01-30,752.83,758.1,751.77,758.1,118545660,VNIND,Công nghiệp
2024-01-31,760.58,761.0,747.22,749.21,167974604,VNIND,Công nghiệp
2024-02-01,749.42,757.67,749.08,757.67,124737569,VNIND,Công nghiệp
2024-02-02,759.04,762.33,755.55,756.39,140541307,VNIND,Công nghiệp
2024-02-05,758.22,759.94,755.44,756.85,135898832,VNIND,Công nghiệp
2024-02-06,757.9,758.94,756.45,757.12,90827328,VNIND,Công nghiệp
2024-02-07,759.26,762.48,758.53,761.18,111537868,VNIND,Công nghiệp
2024-02-15,762.94,767.0,762.11,764.9,151665353,VNIND,Công nghiệp
2024-02-16,766.73,770.68,766.59,769.62,152616772,VNIND,Công nghiệp
2024-02-19,771.87,772.68,764.74,769.28,140332945,VNIND,Công nghiệp
2024-02-20,771.78,771.95,767.11,771.09,151208785,VNIND,Công nghiệp
2024-02-21,771.67,773.0,766.38,770.57,130786674,VNIND,Công nghiệp
2024-02-22,771.19,776.26,771.19,772.14,143289145,VNIND,Công nghiệp
2024-02-23,773.86,774.9,756.94,756.94,205256533,VNIND,Công nghiệp
2024-02-26,757.39,767.31,755.28,766.84,121314356,VNIND,Công nghiệp
2024-02-27,770.61,773.74,767.33,773.74,125464940,VNIND,Công nghiệp
2024-02-28,776.04,780.36,772.49,775.58,144042066,VNIND,Công nghiệp
2024-02-29,776.89,779.55,770.95,776.23,151984472,VNIND,Công nghiệp
2024-03-01,777.75,793.47,775.48,792.32,188367345,VNIND,Công nghiệp
2024-03-04,798.7,802.7,793.29,795.22,218963511,VNIND,Công nghiệp
2024-03-05,796.82,799.61,793.58,799.61,177368495,VNIND,Công nghiệp
2024-03-06,800.55,800.55,783.33,787.17,187816401,VNIND,Công nghiệp
2024-03-07,787.14,790.78,784.04,790.78,162467007,VNIND,Công nghiệp
2024-03-08,792.27,794.32,781.84,783.41,203759517,VNIND,Công nghiệp
2024-03-11,783.72,787.05,772.74,776.27,130264652,VNIND,Công nghiệp
2024-03-12,777.97,785.07,774.72,781.5,130520260,VNIND,Công nghiệp
2024-03-13,782.33,797.89,782.33,797.12,161776497,VNIND,Công nghiệp
2024-03-14,799.1,807.12,795.67,800.94,202640390,VNIND,Công nghiệp
2024-03-15,800.76,808.31,796.2,803.69,221950959,VNIND,Công nghiệp
2024-03-18,804.32,808.69,776.33,795.55,348622213,VNIND,Công nghiệp
2024-03-19,797.87,800.85,790.34,792.8,173730576,VNIND,Công nghiệp
2024-03-20,793.84,801.56,788.45,801.19,150121643,VNIND,Công nghiệp
2024-03-21,809.16,812.13,802.93,812.09,229145195,VNIND,Công nghiệp
2024-03-22,817.41,820.6,811.07,816.14,244225979,VNIND,Công nghiệp
2024-03-25,816.88,823.94,806.35,809.51,204903747,VNIND,Công nghiệp
2024-03-26,807.41,819.03,805.31,818.5,138834513,VNIND,Công nghiệp
2024-03-27,821.17,829.21,818.49,828.11,154711174,VNIND,Công nghiệp
2024-03-28,832.23,833.12,822.74,825.93,115235548,VNIND,Công nghiệp
2024-03-29,826.91,827.44,821.01,823.09,128931092,VNIND,Công nghiệp
2024-04-01,822.66,829.7,820.28,825.25,150325642,VNIND,Công nghiệp
2024-04-02,823.91,831.99,819.44,831.99,159662387,VNIND,Công nghiệp
2024-04-03,832.13,837.31,820.85,821.12,218677990,VNIND,Công nghiệp
2024-04-04,821.84,825.01,811.95,817.7,179469089,VNIND,Công nghiệp
2024-04-05,810.55,817.84,805.77,805.77,176936301,VNIND,Công nghiệp
2024-04-08,806.93,808.68,799.44,799.65,127650118,VNIND,Công nghiệp
2024-04-09,800.6,808.27,797.65,808.27,107885974,VNIND,Công nghiệp
2024-04-10,810.07,810.27,803.41,803.41,89562030,VNIND,Công nghiệp
2024-04-11,799.43,805.7,794.36,803.5,120650839,VNIND,Công nghiệp
2024-04-12,804.47,820.0,804.47,820.0,92849093,VNIND,Công nghiệp
2024-04-15,819.59,820.29,779.76,780.06,202270846,VNIND,Công nghiệp
2024-04-16,777.63,777.72,755.09,771.13,217184652,VNIND,Công nghiệp
2024-04-17,771.35,775.93,758.63,758.79,115755051,VNIND,Công nghiệp
2024-04-19,753.58,756.4,736.1,741.84,169630941,VNIND,Công nghiệp
2024-04-22,749.61,755.84,745.85,752.17,84274035,VNIND,Công nghiệp
2024-04-23,753.65,754.72,736.06,741.41,93511347,VNIND,Công nghiệp
2024-04-24,748.39,765.09,746.62,764.0,104967880,VNIND,Công nghiệp
2024-04-25,763.82,764.21,754.84,763.32,78725151,VNIND,Công nghiệp
2024-04-26,757.85,772.55,756.67,768.19,88936131,VNIND,Công nghiệp
2024-05-02,771.2,775.3,765.42,775.3,109474244,VNIND,Công nghiệp
2024-05-03,778.25,781.48,773.75,779.49,84257078,VNIND,Công nghiệp
2024-05-06,783.65,799.88,781.06,799.85,110498133,VNIND,Công nghiệp
2024-05-07,803.34,811.42,801.66,810.46,104220128,VNIND,Công nghiệp
2024-05-08,805.45,813.11,799.81,813.11,136683049,VNIND,Công nghiệp
2024-05-09,815.69,819.06,807.08,810.39,108149841,VNIND,Công nghiệp
2024-05-10,813.49,813.49,802.95,809.52,104234150,VNIND,Công nghiệp
2024-05-13,814.17,814.79,803.45,811.0,108988933,VNIND,Công nghiệp
2024-05-14,814.44,815.38,807.73,808.94,80385870,VNIND,Công nghiệp
2024-05-15,811.25,820.34,809.76,817.51,120456112,VNIND,Công nghiệp
2024-05-16,825.89,826.89,821.78,823.85,120527319,VNIND,Công nghiệp
2024-05-17,825.69,830.39,823.84,830.33,126057780,VNIND,Công nghiệp
2024-05-20,837.39,840.21,831.47,831.47,179405186,VNIND,Công nghiệp
2024-05-21,831.89,833.25,821.89,832.66,146824101,VNIND,Công nghiệp
2024-05-22,837.18,840.36,822.01,823.66,164162888,VNIND,Công nghiệp
2024-05-23,822.8,837.46,821.56,837.46,161028589,VNIND,Công nghiệp
2024-05-24,836.3,836.3,805.91,814.83,212637662,VNIND,Công nghiệp
2024-05-27,816.01,822.04,812.91,821.34,106150667,VNIND,Công nghiệp
2024-05-28,827.11,833.12,824.59,833.12,127932800,VNIND,Công nghiệp
2024-05-29,835.52,837.47,826.15,828.99,182192332,VNIND,Công nghiệp
2024-05-30,825.81,832.13,818.27,828.44,184725764,VNIND,Công nghiệp
2024-05-31,832.05,834.25,827.06,827.9,117203080,VNIND,Công nghiệp
2024-06-03,835.39,840.56,833.04,837.63,167020999,VNIND,Công nghiệp
2024-06-04,840.69,843.11,837.27,838.94,137622443,VNIND,Công nghiệp
2024-06-05,839.33,845.06,837.25,837.25,165083115,VNIND,Công nghiệp
2024-06-06,841.63,843.6,831.77,837.03,152296516,VNIND,Công nghiệp
2024-06-07,837.35,842.38,834.48,839.72,132580195,VNIND,Công nghiệp
2024-06-10,843.92,850.4,843.63,847.33,154294113,VNIND,Công nghiệp
2024-06-11,850.5,851.23,832.89,836.49,163187565,VNIND,Công nghiệp
2024-06-12,836.13,841.52,831.88,841.52,107886004,VNIND,Công nghiệp
2024-06-13,841.98,848.95,841.98,843.26,127604992,VNIND,Công nghiệp
2024-06-14,844.57,847.6,826.78,826.78,201032857,VNIND,Công nghiệp
2024-06-17,829.34,833.54,824.87,826.73,131225744,VNIND,Công nghiệp
2024-06-18,830.37,834.39,828.36,829.69,108515202,VNIND,Công nghiệp
2024-06-19,832.04,833.72,825.75,830.01,146427312,VNIND,Công nghiệp
2024-06-20,831.44,834.59,825.71,833.1,162896558,VNIND,Công nghiệp
2024-06-21,835.68,837.6,828.51,830.32,115790386,VNIND,Công nghiệp
2024-06-24,831.88,834.98,807.05,807.92,189726336,VNIND,Công nghiệp
2024-06-25,810.77,816.94,806.13,813.78,88025545,VNIND,Công nghiệp
2024-06-26,814.14,817.57,804.31,814.39,86728387,VNIND,Công nghiệp
2024-06-27,813.49,815.59,808.25,814.84,76627074,VNIND,Công nghiệp
2024-06-28,815.46,816.08,798.0,801.82,112704147,VNIND,Công nghiệp
2024-07-01,802.25,806.48,796.47,805.92,62807629,VNIND,Công nghiệp
2024-07-02,808.41,810.79,805.63,810.75,69285736,VNIND,Công nghiệp
2024-07-03,811.16,813.96,808.44,813.25,69665821,VNIND,Công nghiệp
2024-07-04,814.56,817.47,810.84,813.78,66623362,VNIND,Công nghiệp
2024-07-05,816.45,818.44,810.3,816.3,90325910,VNIND,Công nghiệp
2024-07-08,820.71,822.31,815.62,820.49,107985310,VNIND,Công nghiệp
2024-07-09,823.1,832.84,820.69,832.84,139804136,VNIND,Công nghiệp
2024-07-10,834.64,835.59,828.21,830.07,115495339,VNIND,Công nghiệp
2024-07-11,834.69,838.43,829.42,830.11,100977068,VNIND,Công nghiệp
2024-07-12,832.11,832.33,824.88,828.06,84135831,VNIND,Công nghiệp
2024-07-15,828.8,831.71,825.57,830.76,88037826,VNIND,Công nghiệp
2024-07-16,831.37,836.7,827.19,829.75,111214859,VNIND,Công nghiệp
2024-07-17,833.66,833.82,790.72,807.38,193082707,VNIND,Công nghiệp
2024-07-18,808.37,813.65,796.55,813.65,100650790,VNIND,Công nghiệp
2024-07-19,813.64,813.64,797.06,802.0,83997378,VNIND,Công nghiệp
2024-07-22,797.33,799.18,780.72,786.99,125124039,VNIND,Công nghiệp
2024-07-23,788.75,790.69,773.24,773.24,88718275,VNIND,Công nghiệp
2024-07-24,767.34,789.19,764.08,788.0,97309846,VNIND,Công nghiệp
2024-07-25,783.89,788.25,779.17,787.73,57905334,VNIND,Công nghiệp
2024-07-26,789.73,794.82,785.55,794.82,54574282,VNIND,Công nghiệp
2024-07-29,797.36,798.94,793.2,794.31,81031020,VNIND,Công nghiệp
2024-07-30,795.36,797.04,784.05,792.03,85863519,VNIND,Công nghiệp
2024-07-31,793.45,794.61,785.55,790.35,92063457,VNIND,Công nghiệp
2024-08-01,792.45,792.53,762.47,765.28,144042975,VNIND,Công nghiệp
2024-08-02,759.74,773.82,748.55,773.82,89107983,VNIND,Công nghiệp
2024-08-05,758.73,761.39,728.18,729.06,140230007,VNIND,Công nghiệp
2024-08-06,734.73,745.15,727.03,743.13,87351336,VNIND,Công nghiệp
2024-08-07,745.66,745.66,735.38,743.05,60588050,VNIND,Công nghiệp
2024-08-08,739.83,751.56,735.61,742.93,116775000,VNIND,Công nghiệp
2024-08-09,748.32,754.17,744.18,753.93,98739823,VNIND,Công nghiệp
2024-08-12,754.04,760.68,749.79,760.06,115801247,VNIND,Công nghiệp
2024-08-13,759.61,763.59,753.66,758.7,73434287,VNIND,Công nghiệp
2024-08-14,762.8,762.8,752.93,756.89,66116237,VNIND,Công nghiệp
2024-08-15,756.98,758.04,750.2,754.86,73684107,VNIND,Công nghiệp
2024-08-16,757.13,782.76,757.13,781.73,151240764,VNIND,Công nghiệp
2024-08-19,786.78,790.91,784.47,787.23,90872140,VNIND,Công nghiệp
2024-08-20,789.17,796.9,783.22,795.41,129484644,VNIND,Công nghiệp
2024-08-21,796.54,800.19,790.32,795.66,105711957,VNIND,Công nghiệp
2024-08-22,796.91,797.26,789.5,792.1,74388784,VNIND,Công nghiệp
2024-08-23,791.45,793.53,786.98,793.07,88422788,VNIND,Công nghiệp
2024-08-26,795.89,798.83,788.62,789.24,83513885,VNIND,Công nghiệp
2024-08-27,788.54,790.08,782.43,785.89,80005372,VNIND,Công nghiệp
2024-08-28,788.27,789.02,776.76,781.02,105618558,VNIND,Công nghiệp
2024-08-29,780.85,781.8,777.75,778.58,56902623,VNIND,Công nghiệp
2024-08-30,779.03,780.55,775.91,777.94,79099694,VNIND,Công nghiệp
2024-09-04,772.42,776.46,768.19,776.04,81424662,VNIND,Công nghiệp
2024-09-05,777.28,778.68,764.24,769.17,64999433,VNIND,Công nghiệp
2024-09-06,767.59,769.64,761.92,768.26,73206706,VNIND,Công nghiệp
2024-09-09,766.88,768.02,760.92,763.52,53967347,VNIND,Công nghiệp
2024-09-10,766.91,767.49,757.89,761.1,80705601,VNIND,Công nghiệp
2024-09-11,760.26,762.9,754.94,759.22,63844839,VNIND,Công nghiệp
2024-09-12,764.02,764.98,760.03,760.6,42699916,VNIND,Công nghiệp
2024-09-13,761.13,762.33,757.81,761.22,42253331,VNIND,Công nghiệp
2024-09-16,761.91,764.52,754.64,755.32,52295457,VNIND,Công nghiệp
2024-09-17,754.11,764.89,752.86,764.89,63868931,VNIND,Công nghiệp
2024-09-18,766.59,770.23,764.63,768.02,59789137,VNIND,Công nghiệp
2024-09-19,769.33,773.72,768.72,773.72,62581766,VNIND,Công nghiệp
2024-09-20,777.46,778.98,772.32,774.14,71468808,VNIND,Công nghiệp
2024-09-23,774.48,774.99,770.27,772.53,61817554,VNIND,Công nghiệp
2024-09-24,772.21,776.48,772.06,776.48,57532358,VNIND,Công nghiệp
2024-09-25,780.04,781.84,777.87,781.37,98109038,VNIND,Công nghiệp
2024-09-26,782.39,784.99,779.35,781.36,88327546,VNIND,Công nghiệp
2024-09-27,782.87,783.76,774.91,778.48,83391842,VNIND,Công nghiệp
2024-09-30,778.43,778.43,771.22,777.07,75369391,VNIND,Công nghiệp
2024-10-01,778.28,783.43,777.12,778.29,109460561,VNIND,Công nghiệp
2024-10-02,775.89,777.27,770.31,772.62,80178971,VNIND,Công nghiệp
2024-10-03,773.64,775.99,761.7,763.89,103613380,VNIND,Công nghiệp
2024-10-04,764.04,765.05,760.27,760.27,53768127,VNIND,Công nghiệp
2024-10-07,763.19,764.75,755.38,758.3,44358231,VNIND,Công nghiệp
2024-10-08,759.24,761.58,755.37,759.07,56772882,VNIND,Công nghiệp
2024-10-09,761.16,765.11,760.31,764.52,46454295,VNIND,Công nghiệp
2024-10-10,765.58,768.45,764.35,765.55,50236553,VNIND,Công nghiệp
2024-10-11,766.39,773.27,766.16,772.75,57699450,VNIND,Công nghiệp
2024-10-14,774.64,776.14,765.49,766.98,116136687,VNIND,Công nghiệp
2024-10-15,767.69,769.42,755.44,757.14,95479843,VNIND,Công nghiệp
2024-10-16,756.7,757.63,752.5,755.88,58145653,VNIND,Công nghiệp
2024-10-17,756.98,759.14,747.92,758.41,70821032,VNIND,Công nghiệp
2024-10-18,760.27,761.66,753.83,755.44,51747822,VNIND,Công nghiệp
2024-10-21,754.26,754.6,750.46,750.48,72206864,VNIND,Công nghiệp
2024-10-22,751.13,754.76,745.07,749.09,68665030,VNIND,Công nghiệp
2024-10-23,749.5,753.15,747.04,753.15,59809953,VNIND,Công nghiệp
2024-10-24,752.78,754.12,746.07,748.39,46571352,VNIND,Công nghiệp
2024-10-25,749.41,749.96,746.46,748.13,50819132,VNIND,Công nghiệp
2024-10-28,750.22,750.25,746.02,749.47,33765437,VNIND,Công nghiệp
2024-10-29,749.47,757.67,749.47,756.0,58825192,VNIND,Công nghiệp
2024-10-30,757.35,758.8,752.0,755.48,57879509,VNIND,Công nghiệp
2024-10-31,756.09,756.92,752.44,755.44,44568866,VNIND,Công nghiệp
2024-11-01,754.85,756.58,750.46,750.6,85832790,VNIND,Công nghiệp
2024-11-04,751.3,752.24,741.14,746.58,65599702,VNIND,Công nghiệp
2024-11-05,746.23,749.13,744.5,746.52,48308182,VNIND,Công nghiệp
2024-11-06,746.94,757.68,746.94,757.37,70652345,VNIND,Công nghiệp
2024-11-07,760.89,762.29,757.32,759.78,62249114,VNIND,Công nghiệp
2024-11-08,760.9,761.74,755.84,758.02,61940138,VNIND,Công nghiệp
2024-11-11,758.02,761.29,755.21,761.29,94893189,VNIND,Công nghiệp
2024-11-12,762.89,765.72,757.42,759.88,65320594,VNIND,Công nghiệp
2024-11-13,758.59,759.24,749.97,756.88,83549659,VNIND,Công nghiệp
2024-11-14,756.54,757.78,748.23,749.17,90834990,VNIND,Công nghiệp
2024-11-15,747.05,747.33,736.25,742.53,92960266,VNIND,Công nghiệp
2024-11-18,741.94,742.52,729.98,738.28,70302240,VNIND,Công nghiệp
2024-11-19,738.49,740.51,722.44,725.3,79067776,VNIND,Công nghiệp
2024-11-20,725.67,737.82,716.47,733.84,93660336,VNIND,Công nghiệp
2024-11-21,733.85,740.59,730.07,740.59,44697409,VNIND,Công nghiệp
2024-11-22,740.7,742.69,736.17,738.14,63954128,VNIND,Công nghiệp
2024-11-25,738.39,745.38,738.14,744.76,64025847,VNIND,Công nghiệp
2024-11-26,746.1,751.15,745.78,748.85,71573367,VNIND,Công nghiệp
2024-11-27,748.37,749.16,743.87,746.79,48551774,VNIND,Công nghiệp
2024-11-28,748.85,750.66,744.44,747.43,48982939,VNIND,Công nghiệp
2024-11-29,747.67,749.89,744.34,748.26,58885462,VNIND,Công nghiệp
2024-12-02,751.03,753.44,747.89,749.47,70878432,VNIND,Công nghiệp
2024-12-03,749.03,752.69,747.67,749.32,67372604,VNIND,Công nghiệp
2024-12-04,750.49,751.62,745.09,749.01,68477084,VNIND,Công nghiệp
2024-12-05,749.41,763.84,747.08,763.84,108707143,VNIND,Công nghiệp
2024-12-06,764.43,766.9,762.37,763.92,76650571,VNIND,Công nghiệp
2024-12-09,765.21,769.24,763.53,766.63,82434023,VNIND,Công nghiệp
2024-12-10,767.09,767.68,761.29,764.11,61477578,VNIND,Công nghiệp
2024-12-11,764.06,767.71,758.35,760.58,58445310,VNIND,Công nghiệp
2024-12-12,761.31,763.71,757.23,759.45,67780366,VNIND,Công nghiệp
2024-12-13,759.45,759.45,753.22,754.41,53901803,VNIND,Công nghiệp
2024-12-16,754.37,755.88,749.36,754.03,57373309,VNIND,Công nghiệp
2024-12-17,754.09,754.69,750.2,752.98,47258276,VNIND,Công nghiệp
2024-12-18,752.07,756.71,751.22,755.82,50628499,VNIND,Công nghiệp
2024-12-19,755.18,755.18,743.02,749.78,93178591,VNIND,Công nghiệp
2024-12-20,749.92,754.33,748.44,750.48,65035149,VNIND,Công nghiệp
2024-12-23,755.08,757.4,753.69,756.44,57697656,VNIND,Công nghiệp
2024-12-24,756.48,757.67,750.47,757.05,82189509,VNIND,Công nghiệp
2024-12-25,757.32,768.27,757.32,767.51,120097614,VNIND,Công nghiệp
2024-12-26,768.35,768.35,763.87,763.87,72283134,VNIND,Công nghiệp
2024-12-27,764.23,765.68,758.77,761.57,72367865,VNIND,Công nghiệp
2024-12-30,759.35,760.23,755.51,756.72,58662783,VNIND,Công nghiệp
2024-12-31,756.58,756.8,751.99,754.4,46857332,VNIND,Công nghiệp
2025-01-02,755.23,757.28,751.44,757.28,44173773,VNIND,Công nghiệp
2025-01-03,757.11,757.51,748.79,748.79,63260153,VNIND,Công nghiệp
2025-01-06,748.53,750.03,736.61,739.31,76804724,VNIND,Công nghiệp
2025-01-07,739.76,741.14,730.18,733.69,67829690,VNIND,Công nghiệp
2025-01-08,732.88,738.46,728.28,738.46,42721789,VNIND,Công nghiệp
2025-01-09,738.19,740.44,734.74,736.88,40551250,VNIND,Công nghiệp
2025-01-10,735.76,738.47,727.73,727.73,64314858,VNIND,Công nghiệp
2025-01-13,725.62,731.06,722.17,731.06,63235330,VNIND,Công nghiệp
2025-01-14,731.79,732.14,725.94,726.76,45193954,VNIND,Công nghiệp
2025-01-15,728.14,736.66,727.64,735.97,92409092,VNIND,Công nghiệp
2025-01-16,739.11,740.92,736.68,740.04,54608064,VNIND,Công nghiệp
2025-01-17,740.67,745.92,739.2,745.92,65415647,VNIND,Công nghiệp
2025-01-20,746.11,747.52,741.38,743.31,50783166,VNIND,Công nghiệp
2025-01-21,743.86,745.01,738.64,740.93,58851623,VNIND,Công nghiệp
2025-01-22,741.55,741.73,737.21,737.48,62016433,VNIND,Công nghiệp
2025-01-23,738.08,744.34,737.69,742.62,56852013,VNIND,Công nghiệp
2025-01-24,741.83,749.34,741.78,749.34,90144891,VNIND,Công nghiệp
2025-02-03,749.59,750.9,743.82,748.16,84605823,VNIND,Công nghiệp
2025-02-04,749.47,756.24,748.73,756.24,98094364,VNIND,Công nghiệp
2025-02-05,758.33,764.15,756.24,764.12,103385044,VNIND,Công nghiệp
2025-02-06,765.82,766.1,759.42,761.47,76153901,VNIND,Công nghiệp
2025-02-07,762.82,767.44,761.77,762.53,103517289,VNIND,Công nghiệp
2025-02-10,760.04,760.04,749.44,749.44,88595299,VNIND,Công nghiệp
2025-02-11,750.97,753.97,749.18,753.97,80656358,VNIND,Công nghiệp
2025-02-12,754.97,760.96,754.74,757.54,101065937,VNIND,Công nghiệp
2025-02-13,757.99,764.19,757.73,764.19,86304599,VNIND,Công nghiệp
2025-02-14,764.42,768.29,762.53,762.96,104328977,VNIND,Công nghiệp
2025-02-17,763.54,768.42,762.6,763.1,128862240,VNIND,Công nghiệp
2025-02-18,764.15,768.66,762.78,766.48,111794210,VNIND,Công nghiệp
2025-02-19,767.19,776.87,766.48,776.87,154086828,VNIND,Công nghiệp
2025-02-20,780.27,780.63,773.88,774.54,105647325,VNIND,Công nghiệp
2025-02-21,773.97,777.48,770.86,776.07,110718107,VNIND,Công nghiệp
2025-02-24,773.94,775.54,770.18,775.54,128210674,VNIND,Công nghiệp
2025-02-25,777.59,778.36,771.56,775.79,121856387,VNIND,Công nghiệp
2025-02-26,776.05,778.66,774.55,775.72,131383607,VNIND,Công nghiệp
2025-02-27,775.99,779.08,770.62,779.08,155712224,VNIND,Công nghiệp
2025-02-28,779.81,780.7,773.42,775.63,121735015,VNIND,Công nghiệp
2025-03-03,774.56,779.12,773.43,777.16,108446706,VNIND,Công nghiệp
2025-03-04,774.76,779.53,767.78,776.41,126865091,VNIND,Công nghiệp
2025-03-05,775.27,777.33,766.5,766.5,100516753,VNIND,Công nghiệp
2025-03-06,768.2,774.54,767.44,774.54,196566423,VNIND,Công nghiệp
2025-03-07,776.61,779.02,772.68,773.33,137501994,VNIND,Công nghiệp
2025-03-10,775.18,776.98,771.4,774.11,158310649,VNIND,Công nghiệp
2025-03-11,766.9,775.43,766.05,775.43,147838850,VNIND,Công nghiệp
2025-03-12,776.82,776.95,769.81,771.18,102651268,VNIND,Công nghiệp
2025-03-13,771.99,772.53,758.22,759.55,175947350,VNIND,Công nghiệp
2025-03-14,758.84,761.64,754.67,755.03,129539686,VNIND,Công nghiệp
2025-03-17,758.05,760.38,754.87,758.71,110139696,VNIND,Công nghiệp
2025-03-18,761.25,764.88,758.36,759.36,121058745,VNIND,Công nghiệp
2025-03-19,760.12,760.24,752.55,756.3,87351917,VNIND,Công nghiệp
2025-03-20,759.97,759.99,748.98,756.62,120910820,VNIND,Công nghiệp
2025-03-21,756.49,757.8,754.43,754.68,91132111,VNIND,Công nghiệp
2025-03-24,754.63,754.81,747.49,752.64,84394277,VNIND,Công nghiệp
2025-03-25,753.14,758.64,751.31,754.34,106049067,VNIND,Công nghiệp
2025-03-26,756.39,760.01,750.32,752.56,78556213,VNIND,Công nghiệp
2025-03-27,752.7,754.84,750.58,753.14,69323042,VNIND,Công nghiệp
2025-03-28,754.82,755.6,748.85,750.67,105165294,VNIND,Công nghiệp
2025-03-31,747.36,748.4,741.03,746.59,105093358,VNIND,Công nghiệp
2025-04-01,748.66,750.46,746.04,750.31,84745918,VNIND,Công nghiệp
2025-04-02,752.44,754.99,750.22,750.92,109831153,VNIND,Công nghiệp
2025-04-03,720.06,723.94,699.74,700.21,199086378,VNIND,Công nghiệp
2025-04-04,681.0,681.0,655.55,676.13,212609195,VNIND,Công nghiệp
2025-04-08,650.82,652.34,629.94,632.88,105581441,VNIND,Công nghiệp
2025-04-09,618.31,618.31,593.75,600.31,175330873,VNIND,Công nghiệp
2025-04-10,641.01,641.65,640.92,641.33,49777348,VNIND,Công nghiệp
2025-04-11,652.22,665.35,637.61,664.73,212425492,VNIND,Công nghiệp
2025-04-14,671.25,677.85,665.21,677.85,132708815,VNIND,Công nghiệp
2025-04-15,671.8,682.01,657.9,671.49,159401802,VNIND,Công nghiệp
2025-04-16,668.76,677.18,664.84,665.79,103008603,VNIND,Công nghiệp
2025-04-17,660.28,680.08,660.28,680.08,104053550,VNIND,Công nghiệp
2025-04-18,688.97,696.64,685.94,687.14,144354575,VNIND,Công nghiệp
2025-04-21,686.89,691.59,676.01,681.82,119560442,VNIND,Công nghiệp
2025-04-22,676.92,679.13,640.76,668.48,221252495,VNIND,Công nghiệp
2025-04-23,674.58,685.17,674.58,682.98,107364130,VNIND,Công nghiệp
2025-04-24,687.08,691.74,679.75,690.02,108565656,VNIND,Công nghiệp
2025-04-25,690.61,702.01,688.95,702.01,117898351,VNIND,Công nghiệp
2025-04-28,704.09,704.09,694.77,697.63,78764643,VNIND,Công nghiệp
2025-04-29,699.7,704.33,696.22,700.54,81227602,VNIND,Công nghiệp
2025-05-05,700.54,719.86,700.54,719.18,96452264,VNIND,Công nghiệp
2025-05-06,719.18,725.83,713.81,715.87,110546355,VNIND,Công nghiệp
2025-05-07,715.87,724.88,714.65,720.74,108096131,VNIND,Công nghiệp
2025-05-08,720.74,727.38,719.59,726.94,123075238,VNIND,Công nghiệp
2025-05-09,726.94,731.44,723.86,726.23,132813817,VNIND,Công nghiệp
2025-05-12,726.23,730.94,724.13,730.64,104553972,VNIND,Công nghiệp
2025-05-13,730.64,739.35,730.64,736.72,111130429,VNIND,Công nghiệp
2025-05-14,736.72,743.13,736.25,742.82,101137437,VNIND,Công nghiệp
2025-05-15,742.82,744.34,733.21,739.09,138500618,VNIND,Công nghiệp
2025-05-16,739.09,744.99,734.45,738.68,113742603,VNIND,Công nghiệp
2025-05-19,738.68,742.9,733.39,736.74,122638412,VNIND,Công nghiệp
2025-05-20,736.74,744.92,731.28,743.59,118033025,VNIND,Công nghiệp
2025-05-21,743.59,753.82,739.56,753.77,179281196,VNIND,Công nghiệp
2025-05-22,753.77,760.52,744.65,745.73,188105898,VNIND,Công nghiệp
2025-05-23,745.73,754.06,744.71,753.51,113447948,VNIND,Công nghiệp
2025-05-26,753.51,771.53,741.98,771.53,189518996,VNIND,Công nghiệp
2025-05-27,771.53,789.59,771.03,789.33,186917195,VNIND,Công nghiệp
2025-05-28,789.33,795.91,777.91,782.5,151549602,VNIND,Công nghiệp
2025-05-29,782.5,787.39,776.14,781.0,161416922,VNIND,Công nghiệp
2025-05-30,781.0,782.17,766.14,770.63,136228706,VNIND,Công nghiệp
2025-06-02,770.63,780.43,763.76,780.32,122280177,VNIND,Công nghiệp
2025-06-03,780.32,788.13,779.28,785.63,135751386,VNIND,Công nghiệp
2025-06-04,785.63,795.18,783.2,791.06,142528681,VNIND,Công nghiệp
2025-06-05,791.06,795.08,783.67,789.38,142536679,VNIND,Công nghiệp
2025-06-06,789.38,792.07,779.16,781.88,155066718,VNIND,Công nghiệp
2025-06-09,781.88,782.5,764.52,767.06,126434577,VNIND,Công nghiệp
2025-06-10,767.06,774.81,760.55,769.88,107470379,VNIND,Công nghiệp
2025-06-11,769.88,775.04,763.14,767.15,91229667,VNIND,Công nghiệp
2025-06-12,767.15,773.37,767.15,771.9,90107091,VNIND,Công nghiệp
2025-06-13,771.9,771.9,749.84,759.58,176706464,VNIND,Công nghiệp
2025-06-16,759.58,772.34,757.73,772.34,89787857,VNIND,Công nghiệp
2025-06-17,772.34,776.38,768.91,772.85,96557369,VNIND,Công nghiệp
2025-06-18,772.85,779.55,770.43,772.29,111241112,VNIND,Công nghiệp
2025-06-19,772.29,773.62,766.03,770.78,81953156,VNIND,Công nghiệp
2025-06-20,770.78,777.82,770.24,773.14,105729799,VNIND,Công nghiệp
2025-06-23,773.14,773.14,766.29,771.3,115276600,VNIND,Công nghiệp
2025-06-24,771.3,780.22,771.3,776.44,128400431,VNIND,Công nghiệp
2025-06-25,776.44,782.64,773.55,775.16,108393903,VNIND,Công nghiệp
2025-06-26,775.16,778.55,770.97,777.8,112605283,VNIND,Công nghiệp
2025-06-30,783.4,790.59,778.88,787.47,98637644,VNIND,Công nghiệp
2025-07-01,787.47,793.93,782.47,786.28,140116579,VNIND,Công nghiệp
2025-07-02,786.28,794.11,785.74,794.06,116838060,VNIND,Công nghiệp
2025-07-03,794.06,805.41,790.12,799.09,209877856,VNIND,Công nghiệp
2025-07-04,799.09,807.01,799.09,805.16,154118169,VNIND,Công nghiệp
2025-07-07,805.16,811.01,801.82,806.7,170639845,VNIND,Công nghiệp
2025-07-08,806.7,821.57,806.7,821.46,172780212,VNIND,Công nghiệp
2025-07-09,821.46,824.69,814.77,818.23,177169557,VNIND,Công nghiệp
2025-07-10,818.23,825.07,818.23,823.06,172359758,VNIND,Công nghiệp
2025-07-11,823.06,827.02,818.04,823.48,159742342,VNIND,Công nghiệp
2025-07-14,823.48,829.52,812.21,829.11,194475327,VNIND,Công nghiệp
2025-07-15,829.11,835.84,827.44,827.44,197231762,VNIND,Công nghiệp
2025-07-16,827.44,836.06,826.77,833.91,228673630,VNIND,Công nghiệp
2025-07-17,833.91,848.2,833.91,839.9,266777031,VNIND,Công nghiệp
2025-07-18,839.9,849.58,836.78,840.02,228423515,VNIND,Công nghiệp
2025-07-21,840.02,852.66,840.02,841.39,215704185,VNIND,Công nghiệp
2025-07-22,841.39,864.54,838.05,864.54,220591792,VNIND,Công nghiệp
2025-07-23,864.54,890.94,864.54,883.83,269477350,VNIND,Công nghiệp
2025-07-24,883.83,897.62,882.74,897.39,198868340,VNIND,Công nghiệp
2025-07-25,897.39,927.23,897.39,927.23,284001748,VNIND,Công nghiệp
2025-07-28,927.23,960.66,927.23,958.92,290659626,VNIND,Công nghiệp
2025-07-29,958.92,972.79,905.72,905.72,495579533,VNIND,Công nghiệp
2025-07-30,905.72,926.8,903.4,924.07,248533602,VNIND,Công nghiệp
2025-07-31,924.07,939.69,910.46,935.64,282969802,VNIND,Công nghiệp
2025-08-01,935.64,939.05,919.81,921.59,270442661,VNIND,Công nghiệp
2025-08-04,921.59,941.74,915.58,941.74,188651724,VNIND,Công nghiệp
2025-08-05,941.74,966.86,915.58,941.26,378466015,VNIND,Công nghiệp
2025-08-06,941.26,951.15,939.48,951.15,160687172,VNIND,Công nghiệp
2025-08-07,951.15,960.25,946.78,956.09,255805614,VNIND,Công nghiệp
2025-08-08,956.09,966.41,947.98,963.07,254749477,VNIND,Công nghiệp
2025-08-11,963.07,986.3,963.07,978.44,243910505,VNIND,Công nghiệp
2025-08-12,978.44,993.99,975.65,991.2,344619568,VNIND,Công nghiệp
2025-08-13,1002.02,1002.26,978.64,996.37,289118673,VNIND,Công nghiệp
2025-08-14,1006.81,1012.72,999.67,1011.63,260980468,VNIND,Công nghiệp
2025-08-15,1014.62,1025.14,1002.51,1017.64,347023488,VNIND,Công nghiệp
2025-08-18,1022.85,1031.98,1017.56,1030.87,278648138,VNIND,Công nghiệp
2025-08-19,1051.59,1054.5,1027.81,1041.14,305864962,VNIND,Công nghiệp
2025-08-20,1046.6,1046.6,991.88,1023.42,376341939,VNIND,Công nghiệp
2025-08-21,1033.82,1033.82,1013.11,1016.5,212969183,VNIND,Công nghiệp
2025-08-22,1007.63,1007.63,971.92,985.06,298641694,VNIND,Công nghiệp
2025-08-25,993.55,996.38,960.56,962.92,192462737,VNIND,Công nghiệp
2025-08-26,959.5,994.4,958.4,994.4,180312758,VNIND,Công nghiệp
2025-08-27,1002.05,1005.29,990.9,996.94,175091698,VNIND,Công nghiệp
2025-08-28,1003.1,1012.57,998.99,1009.4,130716083,VNIND,Công nghiệp
2025-08-29,1014.71,1015.22,1000.49,1001.2,181007683,VNIND,Công nghiệp
2025-09-03,1005.11,1018.32,1002.02,1018.32,172228317,VNIND,Công nghiệp
2025-09-04,1028.29,1033.78,1018.15,1022.62,192788463,VNIND,Công nghiệp
2025-09-05,1028.22,1036.87,1009.06,1009.06,238798109,VNIND,Công nghiệp
2025-09-08,1006.39,1009.24,972.59,973.76,243934423,VNIND,Công nghiệp
2025-09-09,976.08,987.67,966.59,987.67,144889156,VNIND,Công nghiệp
2025-09-10,993.4,993.4,978.98,989.88,123617332,VNIND,Công nghiệp
2025-09-11,989.64,996.25,961.4,995.15,160415365,VNIND,Công nghiệp
2025-09-12,1002.38,1014.17,1001.37,1012.05,204881965,VNIND,Công nghiệp
2025-09-15,1018.99,1034.8,1015.42,1034.8,210784490,VNIND,Công nghiệp
2025-09-16,1043.38,1043.38,1016.48,1016.94,186492533,VNIND,Công nghiệp
2025-09-17,1014.72,1021.67,1003.36,1006.69,142398705,VNIND,Công nghiệp
2025-09-18,1008.8,1010.77,996.66,1006.28,126217177,VNIND,Công nghiệp
2025-09-19,1011.07,1014.62,996.57,1007.12,123031285,VNIND,Công nghiệp
2025-09-22,1009.39,1009.39,978.93,999.33,169072143,VNIND,Công nghiệp
2025-09-23,1001.83,1001.83,974.96,984.69,102543879,VNIND,Công nghiệp
2025-09-24,984.42,998.84,975.16,998.84,152578862,VNIND,Công nghiệp
2025-09-25,1004.63,1023.5,1003.65,1019.64,230553722,VNIND,Công nghiệp
2025-09-26,1023.56,1025.38,1009.33,1009.33,204048437,VNIND,Công nghiệp
2025-09-29,1010.16,1016.07,1000.57,1006.57,181585615,VNIND,Công nghiệp
2025-09-30,1008.94,1009.57,978.08,994.46,228416047,VNIND,Công nghiệp
2025-10-01,999.09,1001.75,992.25,994.18,112154319,VNIND,Công nghiệp
2025-10-02,998.31,998.31,973.89,975.54,134213403,VNIND,Công nghiệp
2025-10-03,971.94,972.05,961.63,962.48,144129974,VNIND,Công nghiệp
2025-10-06,971.29,997.84,968.74,997.84,122318651,VNIND,Công nghiệp
2025-10-07,1002.61,1002.61,979.47,983.48,122652169,VNIND,Công nghiệp
2025-10-08,995.32,995.32,977.42,989.38,165801859,VNIND,Công nghiệp
2025-10-09,996.3,998.76,988.99,995.49,133717208,VNIND,Công nghiệp
2025-10-10,1001.8,1011.59,1001.44,1008.95,178596275,VNIND,Công nghiệp
2025-10-13,1002.14,1027.74,995.62,1027.52,198712148,VNIND,Công nghiệp
2025-10-14,1040.8,1055.87,1036.92,1046.28,244126243,VNIND,Công nghiệp
2025-10-15,1055.44,1076.23,1054.76,1073.54,194237708,VNIND,Công nghiệp
2025-10-16,1082.19,1099.16,1076.75,1099.16,210470897,VNIND,Công nghiệp
2025-10-17,1103.12,1108.12,1088.08,1088.87,201114517,VNIND,Công nghiệp
2025-10-20,1086.72,1098.94,1031.79,1037.28,267848322,VNIND,Công nghiệp
2025-10-21,1034.57,1052.71,1016.1,1043.05,254716646,VNIND,Công nghiệp
2025-10-22,1052.74,1053.39,1019.63,1052.3,142909875,VNIND,Công nghiệp
2025-10-23,1053.97,1071.27,1050.47,1050.47,129717268,VNIND,Công nghiệp
2025-10-24,1047.14,1048.45,1024.57,1040.01,131754360,VNIND,Công nghiệp
2025-10-27,1049.29,1049.64,1009.64,1009.64,136170373,VNIND,Công nghiệp
2025-10-28,1004.29,1043.3,1004.21,1043.3,146676711,VNIND,Công nghiệp
2025-10-29,1050.66,1068.3,1048.67,1063.18,114278654,VNIND,Công nghiệp
2025-10-30,1065.12,1068.03,1048.8,1056.23,116462338,VNIND,Công nghiệp
2025-10-31,1055.32,1055.32,1025.89,1028.87,146879951,VNIND,Công nghiệp
2025-11-03,1029.76,1032.58,1005.31,1005.31,153106688,VNIND,Công nghiệp
2025-11-04,1002.63,1030.08,979.26,1028.79,181263281,VNIND,Công nghiệp
2025-11-05,1025.0,1025.0,1009.41,1015.02,74409640,VNIND,Công nghiệp
2025-11-06,1015.92,1022.21,1005.2,1011.62,94563259,VNIND,Công nghiệp
2025-11-07,1009.9,1010.76,977.68,984.68,98504254,VNIND,Công nghiệp
2025-11-10,982.27,985.27,963.66,963.66,100414747,VNIND,Công nghiệp
2025-11-11,967.53,972.09,952.93,972.09,98550366,VNIND,Công nghiệp
2025-11-12,976.9,997.83,972.16,997.83,109795286,VNIND,Công nghiệp
2025-11-13,999.77,1008.34,996.76,1001.23,103947105,VNIND,Công nghiệp
2025-11-14,998.11,1013.12,997.39,1008.4,104067698,VNIND,Công nghiệp
2025-11-17,1011.15,1023.63,1009.35,1023.63,108785424,VNIND,Công nghiệp
2025-11-18,1024.45,1026.75,1018.21,1023.94,103227466,VNIND,Công nghiệp
2025-11-19,1023.82,1024.24,1005.74,1013.3,109005585,VNIND,Công nghiệp
2025-11-20,1014.9,1024.67,1013.05,1023.08,80982731,VNIND,Công nghiệp
2025-11-21,1020.38,1026.78,1010.0,1025.51,85036604,VNIND,Công nghiệp
2025-11-24,1026.45,1031.9,1024.12,1028.78,68553302,VNIND,Công nghiệp
2025-11-25,1030.59,1044.96,1024.78,1039.88,106250105,VNIND,Công nghiệp
2025-11-26,1042.06,1059.64,1040.42,1053.28,116282098,VNIND,Công nghiệp
2025-11-27,1055.72,1056.31,1035.11,1044.35,102586025,VNIND,Công nghiệp
2025-11-28,1044.35,1048.6,1033.33,1039.94,109584186,VNIND,Công nghiệp
2025-12-01,1042.98,1051.48,1037.33,1039.5,82735736,VNIND,Công nghiệp
2025-12-02,1038.29,1054.52,1032.9,1054.52,100572359,VNIND,Công nghiệp
2025-12-03,1058.39,1058.39,1045.51,1056.78,87076411,VNIND,Công nghiệp
2025-12-04,1061.69,1061.69,1052.54,1053.72,104512445,VNIND,Công nghiệp
2025-12-05,1055.75,1056.39,1041.67,1046.81,99696103,VNIND,Công nghiệp
2025-12-08,1047.96,1048.44,1029.97,1033.25,115197942,VNIND,Công nghiệp
2025-12-09,1032.22,1032.39,1006.82,1021.62,129047968,VNIND,Công nghiệp
2025-12-10,1024.23,1024.23,999.21,1003.86,91330428,VNIND,Công nghiệp
2025-12-11,1003.87,1006.66,988.49,991.35,74937091,VNIND,Công nghiệp
2025-12-12,992.41,993.17,950.33,954.82,133624010,VNIND,Công nghiệp
2025-12-15,953.11,960.44,944.25,948.01,92715184,VNIND,Công nghiệp
2025-12-16,949.38,981.92,930.15,975.89,123309683,VNIND,Công nghiệp
2025-12-17,975.25,978.79,971.39,973.18,93990743,VNIND,Công nghiệp
2025-12-18,974.05,982.99,969.58,982.99,72670401,VNIND,Công nghiệp
2025-12-19,985.44,991.62,975.17,986.0,78776230,VNIND,Công nghiệp
2025-12-22,988.62,1010.17,986.71,1010.03,84169200,VNIND,Công nghiệp
2025-12-23,1012.49,1013.58,1001.31,1005.56,115356491,VNIND,Công nghiệp
2025-12-24,1006.3,1006.3,994.52,998.05,78910352,VNIND,Công nghiệp
2025-12-25,996.63,1012.53,994.58,1003.33,109699722,VNIND,Công nghiệp
2025-12-26,995.12,999.45,975.36,994.15,105908933,VNIND,Công nghiệp
2025-12-29,996.51,1006.56,995.14,1004.89,75072004,VNIND,Công nghiệp
2025-12-30,1005.05,1006.09,992.07,1000.87,79304118,VNIND,Công nghiệp
2025-12-31,1000.77,1001.64,992.19,999.36,101818955,VNIND,Công nghiệp
2026-01-05,998.65,998.95,974.81,982.72,105829199,VNIND,Công nghiệp
2026-01-06,984.16,994.05,978.9,987.1,122571710,VNIND,Công nghiệp
2026-01-07,991.57,997.04,983.11,996.49,93008452,VNIND,Công nghiệp
2026-01-08,999.94,999.94,972.02,981.16,116028435,VNIND,Công nghiệp
2026-01-09,982.33,983.19,946.64,956.65,184021768,VNIND,Công nghiệp
2026-01-12,958.67,978.85,946.15,970.57,132367473,VNIND,Công nghiệp
2026-01-13,978.5,990.7,968.08,985.41,158238663,VNIND,Công nghiệp
2026-01-14,987.49,989.72,971.3,977.65,161395353,VNIND,Công nghiệp
2026-01-15,979.22,981.5,966.71,976.82,123294931,VNIND,Công nghiệp
2026-01-16,981.21,986.07,971.73,974.13,113183514,VNIND,Công nghiệp
2026-01-19,976.79,987.52,974.43,978.23,98279375,VNIND,Công nghiệp
2026-01-20,983.59,984.24,973.25,977.33,138169328,VNIND,Công nghiệp
2026-01-21,975.64,977.4,953.62,961.16,136348575,VNIND,Công nghiệp
2026-01-22,966.89,978.13,965.45,974.72,128180297,VNIND,Công nghiệp
2026-01-23,977.56,977.56,958.2,972.06,104009380,VNIND,Công nghiệp
2026-01-26,968.71,969.39,927.57,928.94,143084705,VNIND,Công nghiệp
2026-01-27,927.96,933.23,923.08,927.91,113107080,VNIND,Công nghiệp
2026-01-28,931.31,934.53,906.92,920.03,108237902,VNIND,Công nghiệp
2026-01-29,924.15,927.7,909.21,917.95,85361372,VNIND,Công nghiệp
2026-01-30,922.92,930.63,915.15,930.35,108011722,VNIND,Công nghiệp
2026-02-02,934.28,935.39,907.52,926.96,119495921,VNIND,Công nghiệp
2026-02-03,932.28,947.97,930.09,947.97,129915314,VNIND,Công nghiệp
2026-02-04,950.41,950.69,939.03,946.89,128044050,VNIND,Công nghiệp
2026-02-05,947.72,949.53,933.04,933.04,90975658,VNIND,Công nghiệp
2026-02-06,925.14,925.35,911.09,912.81,134096920,VNIND,Công nghiệp
2026-02-09,919.66,920.15,904.63,907.2,69530338,VNIND,Công nghiệp
2026-02-10,906.58,908.37,895.34,902.94,78035084,VNIND,Công nghiệp
2026-02-11,904.94,929.07,902.76,929.07,107378401,VNIND,Công nghiệp
2026-02-12,931.88,934.3,927.52,933.24,67010321,VNIND,Công nghiệp
2026-02-13,932.68,946.51,929.84,945.4,93684504,VNIND,Công nghiệp
2026-02-23,949.43,972.13,947.96,972.13,116826139,VNIND,Công nghiệp
2026-02-24,972.44,987.06,966.53,987.06,111959534,VNIND,Công nghiệp
2026-02-25,983.84,987.21,972.46,972.46,121588209,VNIND,Công nghiệp
2026-02-26,973.05,980.84,967.09,979.98,116133670,VNIND,Công nghiệp
2026-02-27,985.15,985.83,972.94,982.13,129507987,VNIND,Công nghiệp
2026-03-02,976.63,979.66,959.46,961.06,221163616,VNIND,Công nghiệp
2026-03-03,965.4,966.88,952.08,953.57,158213876,VNIND,Công nghiệp
2026-03-04,953.97,954.4,910.71,929.62,197830019,VNIND,Công nghiệp
2026-03-05,938.25,942.32,919.4,920.47,123941819,VNIND,Công nghiệp
2026-03-06,920.56,920.77,906.68,911.55,111577691,VNIND,Công nghiệp
2026-03-09,905.33,905.33,849.17,857.05,119417127,VNIND,Công nghiệp
2026-03-10,860.68,874.32,844.76,856.41,169523928,VNIND,Công nghiệp
2026-03-11,861.93,897.29,861.28,897.29,108066569,VNIND,Công nghiệp
2026-03-12,893.22,906.43,883.25,896.68,133091357,VNIND,Công nghiệp
2026-03-13,892.45,907.65,891.1,902.58,152718338,VNIND,Công nghiệp
2026-03-16,906.18,908.55,887.75,897.32,112873690,VNIND,Công nghiệp
2026-03-17,903.61,910.8,900.31,903.7,103338812,VNIND,Công nghiệp
2026-03-18,907.0,917.54,900.8,914.91,101748636,VNIND,Công nghiệp
2026-03-19,902.36,912.62,897.85,909.11,103895078,VNIND,Công nghiệp
2026-03-20,908.33,915.74,890.33,905.26,111537482,VNIND,Công nghiệp
2026-03-23,890.93,892.07,859.38,862.18,135447892,VNIND,Công nghiệp
2026-03-24,877.47,886.46,867.43,886.46,121151701,VNIND,Công nghiệp
2026-03-25,893.47,917.9,893.19,917.33,146458318,VNIND,Công nghiệp
2026-03-26,922.77,922.77,910.27,920.54,134379313,VNIND,Công nghiệp
2026-03-27,920.7,938.25,917.21,937.49,156828981,VNIND,Công nghiệp
2026-03-30,922.95,945.45,917.16,933.69,125299594,VNIND,Công nghiệp
2026-03-31,940.48,948.88,937.08,943.05,133748353,VNIND,Công nghiệp
2026-04-01,956.99,958.57,944.97,952.77,123320502,VNIND,Công nghiệp
2026-04-02,951.51,951.51,930.5,939.59,109476274,VNIND,Công nghiệp
2026-04-03,939.9,940.28,913.98,915.46,120858720,VNIND,Công nghiệp
2026-04-06,914.24,923.8,907.05,911.99,97914130,VNIND,Công nghiệp
2026-04-07,917.69,920.92,904.79,917.3,78472547,VNIND,Công nghiệp
2026-04-08,935.57,956.84,935.1,956.84,165012634,VNIND,Công nghiệp
2026-04-09,953.99,961.13,945.21,954.17,188889940,VNIND,Công nghiệp
2026-04-10,960.65,963.15,949.22,951.55,114285228,VNIND,Công nghiệp
2026-04-13,942.98,960.66,940.63,960.08,151051897,VNIND,Công nghiệp
2026-04-14,967.97,972.02,958.22,962.85,123088616,VNIND,Công nghiệp
2026-04-15,968.17,975.12,962.51,966.45,130870913,VNIND,Công nghiệp
2026-04-16,965.03,965.24,950.13,962.28,130877569,VNIND,Công nghiệp
2026-04-17,966.31,966.31,954.71,956.52,79108510,VNIND,Công nghiệp
2026-04-20,958.22,969.3,956.65,962.95,80708111,VNIND,Công nghiệp
2026-04-21,965.72,971.07,953.86,954.22,95694515,VNIND,Công nghiệp
2026-04-22,955.67,957.29,947.28,953.44,149512753,VNIND,Công nghiệp
2026-04-23,955.49,957.65,930.26,946.56,145959332,VNIND,Công nghiệp
2026-04-24,946.06,953.73,938.21,953.73,89028615,VNIND,Công nghiệp
2026-04-28,953.07,954.99,942.98,943.02,88066136,VNIND,Công nghiệp
2026-04-29,942.09,949.21,935.73,946.55,154205973,VNIND,Công nghiệp
2026-05-04,950.9,954.56,943.05,947.18,126869077,VNIND,Công nghiệp
2026-05-05,950.27,953.23,943.92,950.09,116227010,VNIND,Công nghiệp
2026-05-06,954.48,970.99,951.95,966.93,89357538,VNIND,Công nghiệp
2026-05-07,974.38,985.16,972.83,972.83,171755960,VNIND,Công nghiệp
2026-05-08,974.85,977.42,966.49,973.1,165086274,VNIND,Công nghiệp
2026-05-11,978.03,981.18,969.1,971.3,183200995,VNIND,Công nghiệp
2026-05-12,973.41,978.38,968.26,978.38,106555284,VNIND,Công nghiệp
2026-05-13,979.3,984.57,966.69,977.67,134240848,VNIND,Công nghiệp
2026-05-14,979.17,983.18,972.47,976.71,98798686,VNIND,Công nghiệp
2026-05-15,978.87,979.16,967.39,968.99,99595648,VNIND,Công nghiệp
2026-05-18,964.83,967.02,957.49,966.71,135453181,VNIND,Công nghiệp
2026-05-19,970.84,974.87,962.2,969.03,130102776,VNIND,Công nghiệp
2026-05-20,970.87,971.14,930.69,955.02,167582110,VNIND,Công nghiệp
2026-05-21,957.48,957.48,941.9,947.34,92964111,VNIND,Công nghiệp
2026-05-22,946.66,946.66,927.97,932.53,104727889,VNIND,Công nghiệp
2026-05-25,934.18,944.62,932.71,941.09,64742768,VNIND,Công nghiệp
2026-05-26,942.36,945.43,938.59,943.58,88785919,VNIND,Công nghiệp
2026-05-27,946.03,948.21,936.58,940.67,68634844,VNIND,Công nghiệp
2026-05-28,940.71,940.92,923.24,923.24,87224853,VNIND,Công nghiệp
2026-05-29,923.28,925.1,915.92,916.38,80125643,VNIND,Công nghiệp
2026-06-01,920.08,922.77,914.02,919.77,70302454,VNIND,Công nghiệp
2026-06-02,920.67,920.95,901.15,905.53,101196736,VNIND,Công nghiệp
2026-06-03,905.37,912.7,901.36,910.85,61643499,VNIND,Công nghiệp
2026-06-04,911.23,921.97,906.03,921.28,78072341,VNIND,Công nghiệp
2026-06-05,924.75,926.48,914.04,926.48,53250806,VNIND,Công nghiệp
2026-06-08,915.9,916.7,902.73,905.8,77512186,VNIND,Công nghiệp
2026-06-09,907.65,909.24,899.34,909.24,48473673,VNIND,Công nghiệp
2026-06-10,908.66,921.88,907.34,920.93,128242940,VNIND,Công nghiệp
2026-06-11,916.24,917.94,911.05,911.62,50864699,VNIND,Công nghiệp
2026-06-12,916.6,920.26,905.82,909.62,64545982,VNIND,Công nghiệp
2026-06-15,917.82,928.68,916.52,928.55,80694309,VNIND,Công nghiệp
2026-06-16,935.81,935.81,924.59,929.95,70117174,VNIND,Công nghiệp
2026-06-17,930.32,942.59,929.53,942.02,102662873,VNIND,Công nghiệp
2026-06-18,942.44,942.44,927.43,927.43,102205156,VNIND,Công nghiệp
2026-06-19,928.69,933.24,912.55,922.93,81346752,VNIND,Công nghiệp
2026-06-22,924.46,925.95,916.19,923.68,60727212,VNIND,Công nghiệp
2026-06-23,926.64,928.07,911.62,912.42,79693290,VNIND,Công nghiệp
2026-06-24,912.98,913.0,900.21,908.93,67530012,VNIND,Công nghiệp
2026-06-25,910.31,913.75,904.03,905.77,46543395,VNIND,Công nghiệp
2026-06-26,904.08,907.54,900.57,905.21,51028999,VNIND,Công nghiệp
2026-06-29,906.19,913.47,903.68,913.47,66024670,VNIND,Công nghiệp
2026-06-30,915.34,923.49,912.96,919.28,82560975,VNIND,Công nghiệp
2026-07-01,919.99,920.6,915.73,919.13,50547786,VNIND,Công nghiệp
2026-07-02,921.91,923.39,915.74,918.05,62818648,VNIND,Công nghiệp
2026-07-03,917.64,917.64,907.52,915.37,86671249,VNIND,Công nghiệp
2026-07-06,915.66,916.31,882.88,893.17,126248708,VNIND,Công nghiệp
2026-07-07,892.08,897.53,887.7,896.48,69242364,VNIND,Công nghiệp
2026-07-08,895.71,898.02,891.25,897.73,70018985,VNIND,Công nghiệp
2026-07-09,893.57,894.34,884.19,884.32,104339829,VNIND,Công nghiệp
2026-07-10,881.73,886.34,873.15,876.8,67488150,VNIND,Công nghiệp
2026-07-13,875.49,876.29,856.19,866.59,93433076,VNIND,Công nghiệp
2026-07-14,861.89,872.59,859.87,872.23,64432646,VNIND,Công nghiệp
2026-07-15,872.9,872.9,852.25,854.75,70963611,VNIND,Công nghiệp
2026-07-16,853.41,861.51,834.27,861.51,88950104,VNIND,Công nghiệp
2026-07-17,861.5,861.5,844.76,848.3,46194120,VNIND,Công nghiệp
2026-07-20,842.64,843.63,815.12,821.28,111594762,VNIND,Công nghiệp
2026-07-21,815.72,825.52,807.37,809.8,74311309,VNIND,Công nghiệp
2026-07-22,808.8,814.33,786.66,786.66,108281388,VNIND,Công nghiệp
2026-07-23,785.21,799.76,768.22,798.79,109038616,VNIND,Công nghiệp
2026-07-24,793.21,795.5,787.84,790.8,76998583,VNIND,Công nghiệp
2026-07-27,792.12,794.01,768.39,769.89,98036679,VNIND,Công nghiệp
2026-07-28,760.73,780.76,758.96,773.24,121761541,VNIND,Công nghiệp
2026-07-29,773.87,777.4,763.96,777.4,67173066,VNIND,Công nghiệp
2026-07-30,777.66,800.08,776.72,795.85,127274418,VNIND,Công nghiệp
2026-07-31,801.86,803.42,778.84,798.83,100568629,VNIND,Công nghiệp
2026-08-03,800.72,819.57,799.78,815.5,98627675,VNIND,Công nghiệp
2026-08-04,817.15,823.95,811.04,823.95,92612434,VNIND,Công nghiệp
2026-08-05,828.2,829.64,820.19,821.24,93015473,VNIND,Công nghiệp
2026-08-06,822.52,822.82,816.09,818.38,74950425,VNIND,Công nghiệp
2026-08-07,817.26,824.99,815.82,817.66,61591264,VNIND,Công nghiệp
2026-08-10,823.27,838.14,823.02,834.17,85839087,VNIND,Công nghiệp
2026-08-11,836.01,839.01,831.88,836.44,72172905,VNIND,Công nghiệp
2026-08-12,837.49,844.2,835.16,837.29,79931920,VNIND,Công nghiệp
2026-08-13,839.96,840.46,826.26,826.56,84503031,VNIND,Công nghiệp
2026-08-14,824.87,829.87,814.23,819.06,96175834,VNIND,Công nghiệp
2026-08-17,816.82,823.3,813.71,821.86,80057139,VNIND,Công nghiệp
2026-08-18,823.71,830.0,818.44,821.14,75108147,VNIND,Công nghiệp
2026-08-19,822.26,823.58,813.4,815.85,67605712,VNIND,Công nghiệp
2026-08-20,819.22,820.95,810.17,811.48,79256533,VNIND,Công nghiệp
