time,open,high,low,close,volume,symbol,name
2020-01-02,1130.49,1144.24,1125.25,1136.3,1487170,VNIT,Công nghệ thông tin
2020-01-03,1141.79,1145.55,1114.46,1118.06,2522790,VNIT,Công nghệ thông tin
2020-01-06,1108.87,1118.14,1104.99,1107.14,1475720,VNIT,Công nghệ thông tin
2020-01-07,1107.73,1127.13,1107.16,1127.13,1236990,VNIT,Công nghệ thông tin
2020-01-08,1127.13,1127.13,1102.63,1102.82,2336520,VNIT,Công nghệ thông tin
2020-01-09,1115.88,1119.61,1108.04,1117.13,1447630,VNIT,Công nghệ thông tin
2020-01-10,1117.17,1121.5,1108.43,1115.69,1538330,VNIT,Công nghệ thông tin
2020-01-13,1113.86,1117.38,1106.09,1108.31,1355120,VNIT,Công nghệ thông tin
2020-01-14,1108.35,1114.14,1106.4,1106.4,1263930,VNIT,Công nghệ thông tin
2020-01-15,1105.18,1108.87,1103.03,1107.16,1605240,VNIT,Công nghệ thông tin
2020-01-16,1107.04,1128.29,1106.89,1125.31,2354350,VNIT,Công nghệ thông tin
2020-01-17,1125.31,1127.25,1106.7,1118.15,2141200,VNIT,Công nghệ thông tin
2020-01-20,1116.39,1125.09,1109.83,1114.46,1583570,VNIT,Công nghệ thông tin
2020-01-21,1113.87,1125.53,1079.09,1079.09,4920830,VNIT,Công nghệ thông tin
2020-01-22,1070.0,1098.32,1064.44,1098.32,3640370,VNIT,Công nghệ thông tin
2020-01-30,1076.35,1085.27,1048.37,1063.16,3374470,VNIT,Công nghệ thông tin
2020-01-31,1050.35,1066.86,1011.62,1011.62,4649350,VNIT,Công nghệ thông tin
2020-02-03,1011.48,1017.44,953.12,999.41,4306030,VNIT,Công nghệ thông tin
2020-02-04,1015.52,1017.37,990.56,1006.48,2068980,VNIT,Công nghệ thông tin
2020-02-05,1014.11,1024.21,1009.12,1009.12,2053220,VNIT,Công nghệ thông tin
2020-02-06,1009.12,1040.01,1006.08,1040.01,2191970,VNIT,Công nghệ thông tin
2020-02-07,1041.35,1041.35,1025.95,1034.9,1720510,VNIT,Công nghệ thông tin
2020-02-10,1018.25,1029.77,1013.09,1022.6,1616400,VNIT,Công nghệ thông tin
2020-02-11,1028.09,1042.93,1024.15,1040.95,1759000,VNIT,Công nghệ thông tin
2020-02-12,1044.64,1061.19,1043.08,1050.08,1777580,VNIT,Công nghệ thông tin
2020-02-13,1048.15,1055.32,1042.06,1053.36,1710050,VNIT,Công nghệ thông tin
2020-02-14,1049.79,1060.23,1048.61,1060.23,2333960,VNIT,Công nghệ thông tin
2020-02-17,1062.51,1062.51,1051.53,1055.04,2188240,VNIT,Công nghệ thông tin
2020-02-18,1059.09,1088.05,1056.8,1088.05,2355250,VNIT,Công nghệ thông tin
2020-02-19,1085.98,1092.37,1078.91,1082.57,1534290,VNIT,Công nghệ thông tin
2020-02-20,1091.68,1097.26,1078.67,1084.87,1957770,VNIT,Công nghệ thông tin
2020-02-21,1084.94,1087.34,1065.11,1065.11,2249950,VNIT,Công nghệ thông tin
2020-02-24,1061.95,1061.95,1020.35,1020.35,2923950,VNIT,Công nghệ thông tin
2020-02-25,1012.79,1048.27,1010.72,1048.27,2393100,VNIT,Công nghệ thông tin
2020-02-26,1036.72,1069.31,1029.07,1064.96,3742020,VNIT,Công nghệ thông tin
2020-02-27,1065.03,1093.05,1058.38,1084.26,3470370,VNIT,Công nghệ thông tin
2020-02-28,1084.11,1084.11,1057.08,1066.24,2732290,VNIT,Công nghệ thông tin
2020-03-02,1066.17,1086.21,1061.04,1076.99,2345440,VNIT,Công nghệ thông tin
2020-03-03,1086.09,1100.08,1076.99,1082.82,1898750,VNIT,Công nghệ thông tin
2020-03-04,1081.88,1081.88,1063.96,1075.73,2306180,VNIT,Công nghệ thông tin
2020-03-05,1075.8,1083.19,1058.5,1058.79,1870640,VNIT,Công nghệ thông tin
2020-03-06,1051.41,1054.1,1038.52,1048.27,2301570,VNIT,Công nghệ thông tin
2020-03-09,1047.93,1047.93,976.37,976.37,5356290,VNIT,Công nghệ thông tin
2020-03-10,974.56,1008.78,974.56,1002.67,2947000,VNIT,Công nghệ thông tin
2020-03-11,1008.62,1017.33,958.65,982.12,3602700,VNIT,Công nghệ thông tin
2020-03-12,942.08,951.4,914.43,928.99,4465460,VNIT,Công nghệ thông tin
2020-03-13,901.89,960.73,872.53,927.54,4059180,VNIT,Công nghệ thông tin
2020-03-16,927.54,955.47,914.72,916.31,2726480,VNIT,Công nghệ thông tin
2020-03-17,902.99,932.6,893.89,932.34,3088630,VNIT,Công nghệ thông tin
2020-03-18,934.49,945.34,929.4,930.44,2313390,VNIT,Công nghệ thông tin
2020-03-19,929.89,929.89,915.33,916.74,1792210,VNIT,Công nghệ thông tin
2020-03-20,925.91,927.55,910.72,916.67,1776520,VNIT,Công nghệ thông tin
2020-03-23,886.61,896.48,853.25,853.25,3201310,VNIT,Công nghệ thông tin
2020-03-24,864.13,864.74,837.18,854.7,2687180,VNIT,Công nghệ thông tin
2020-03-25,882.0,891.83,868.56,884.97,2733890,VNIT,Công nghệ thông tin
2020-03-26,875.87,882.87,852.21,852.21,2814490,VNIT,Công nghệ thông tin
2020-03-27,850.8,854.51,827.82,832.23,3176130,VNIT,Công nghệ thông tin
2020-03-30,831.96,831.96,774.99,781.92,2584340,VNIT,Công nghệ thông tin
2020-03-31,803.76,818.88,775.69,794.12,2098740,VNIT,Công nghệ thông tin
2020-04-01,794.19,833.68,788.06,816.97,1801910,VNIT,Công nghệ thông tin
2020-04-03,829.71,861.17,824.36,861.0,2820990,VNIT,Công nghệ thông tin
2020-04-06,886.69,916.89,879.68,916.66,3241810,VNIT,Công nghệ thông tin
2020-04-07,918.67,919.75,898.24,915.93,3117070,VNIT,Công nghệ thông tin
2020-04-08,894.09,909.99,885.41,906.99,2265140,VNIT,Công nghệ thông tin
2020-04-09,907.32,921.04,907.32,912.08,2333870,VNIT,Công nghệ thông tin
2020-04-10,907.17,910.32,889.71,899.2,2335040,VNIT,Công nghệ thông tin
2020-04-13,899.02,910.83,893.49,901.06,1771750,VNIT,Công nghệ thông tin
2020-04-14,921.82,957.11,916.36,957.11,4565530,VNIT,Công nghệ thông tin
2020-04-15,975.59,982.39,964.69,969.33,2597510,VNIT,Công nghệ thông tin
2020-04-16,969.53,982.67,955.02,974.04,1930840,VNIT,Công nghệ thông tin
2020-04-17,990.42,993.74,973.64,992.15,3311860,VNIT,Công nghệ thông tin
2020-04-20,1005.03,1007.8,983.94,994.5,2833310,VNIT,Công nghệ thông tin
2020-04-21,994.5,994.5,947.33,954.53,4428870,VNIT,Công nghệ thông tin
2020-04-22,954.53,990.23,943.56,988.41,2943670,VNIT,Công nghệ thông tin
2020-04-23,990.84,1011.5,987.79,988.09,1853280,VNIT,Công nghệ thông tin
2020-04-24,988.42,991.67,970.79,988.42,1744520,VNIT,Công nghệ thông tin
2020-04-27,982.37,997.94,977.56,982.03,1831780,VNIT,Công nghệ thông tin
2020-04-28,982.35,982.91,971.69,981.61,1406380,VNIT,Công nghệ thông tin
2020-04-29,981.76,993.9,977.98,984.81,2607480,VNIT,Công nghệ thông tin
2020-05-04,973.93,987.02,970.29,979.27,1903930,VNIT,Công nghệ thông tin
2020-05-05,979.4,988.5,978.16,986.47,1083160,VNIT,Công nghệ thông tin
2020-05-06,988.25,1026.87,987.94,1023.74,4359630,VNIT,Công nghệ thông tin
2020-05-07,1024.07,1035.48,1015.23,1035.32,2833810,VNIT,Công nghệ thông tin
2020-05-08,1035.46,1064.63,1035.46,1038.25,4335840,VNIT,Công nghệ thông tin
2020-05-11,1038.51,1051.35,1031.03,1044.68,2964350,VNIT,Công nghệ thông tin
2020-05-12,1044.68,1052.41,1036.73,1052.41,3476870,VNIT,Công nghệ thông tin
2020-05-13,1052.38,1100.1,1052.38,1096.11,7693630,VNIT,Công nghệ thông tin
2020-05-14,1095.31,1096.11,1076.85,1081.19,3054400,VNIT,Công nghệ thông tin
2020-05-15,1072.89,1084.93,1059.85,1066.65,2948480,VNIT,Công nghệ thông tin
2020-05-18,1066.65,1074.09,1053.59,1074.09,2675480,VNIT,Công nghệ thông tin
2020-05-19,1074.48,1101.19,1074.48,1092.95,3417790,VNIT,Công nghệ thông tin
2020-05-20,1083.12,1092.95,1078.1,1084.95,1693170,VNIT,Công nghệ thông tin
2020-05-21,1084.35,1093.47,1083.34,1093.08,2510780,VNIT,Công nghệ thông tin
2020-05-22,1093.28,1093.28,1074.85,1074.85,2136330,VNIT,Công nghệ thông tin
2020-05-25,1074.85,1078.47,1061.19,1075.3,2562290,VNIT,Công nghệ thông tin
2020-05-26,1075.43,1082.8,1073.26,1082.8,2028470,VNIT,Công nghệ thông tin
2020-05-27,1082.87,1095.66,1065.18,1065.18,2646810,VNIT,Công nghệ thông tin
2020-05-28,1065.13,1077.6,1064.87,1065.26,1582690,VNIT,Công nghệ thông tin
2020-05-29,1065.34,1068.03,1055.07,1064.29,1733600,VNIT,Công nghệ thông tin
2020-06-01,1064.29,1072.81,1064.27,1071.56,1810030,VNIT,Công nghệ thông tin
2020-06-02,1071.76,1073.92,1064.54,1064.54,2089500,VNIT,Công nghệ thông tin
2020-06-03,1064.79,1084.76,1062.64,1079.61,2718110,VNIT,Công nghệ thông tin
2020-06-04,1082.31,1085.97,1076.19,1076.19,2291570,VNIT,Công nghệ thông tin
2020-06-05,1076.19,1083.66,1071.94,1083.21,2283800,VNIT,Công nghệ thông tin
2020-06-08,1083.31,1112.29,1083.31,1100.17,5283160,VNIT,Công nghệ thông tin
2020-06-09,1105.4,1107.8,1092.37,1093.45,2541220,VNIT,Công nghệ thông tin
2020-06-10,1093.45,1094.5,1081.5,1089.4,2268760,VNIT,Công nghệ thông tin
2020-06-11,1089.8,1089.84,1026.5,1026.5,5608480,VNIT,Công nghệ thông tin
2020-06-12,1025.03,1048.53,1002.86,1048.53,4409190,VNIT,Công nghệ thông tin
2020-06-15,1069.52,1069.65,1023.38,1025.33,2405640,VNIT,Công nghệ thông tin
2020-06-16,1025.86,1043.32,1025.86,1038.8,1614940,VNIT,Công nghệ thông tin
2020-06-17,1040.34,1043.55,1032.27,1035.12,1551740,VNIT,Công nghệ thông tin
2020-06-18,1034.81,1043.07,1030.9,1043.07,2105430,VNIT,Công nghệ thông tin
2020-06-19,1043.07,1054.07,1043.07,1054.07,1909760,VNIT,Công nghệ thông tin
2020-06-22,1054.14,1056.02,1051.11,1055.96,1495570,VNIT,Công nghệ thông tin
2020-06-23,1074.36,1084.94,1050.61,1067.27,2574750,VNIT,Công nghệ thông tin
2020-06-24,1074.59,1076.15,1058.33,1061.35,1414950,VNIT,Công nghệ thông tin
2020-06-25,1059.61,1060.93,1047.86,1052.65,1671870,VNIT,Công nghệ thông tin
2020-06-26,1052.65,1059.49,1049.63,1054.18,1398600,VNIT,Công nghệ thông tin
2020-06-29,1047.38,1047.83,1030.01,1035.21,2175670,VNIT,Công nghệ thông tin
2020-06-30,1038.31,1044.31,1022.95,1028.97,2611180,VNIT,Công nghệ thông tin
2020-07-01,1029.83,1044.62,1028.97,1042.45,1582670,VNIT,Công nghệ thông tin
2020-07-02,1046.37,1046.44,1038.34,1043.46,1271930,VNIT,Công nghệ thông tin
2020-07-03,1043.6,1050.49,1040.5,1043.1,1089410,VNIT,Công nghệ thông tin
2020-07-06,1048.11,1057.45,1044.45,1054.14,1915060,VNIT,Công nghệ thông tin
2020-07-07,1059.52,1077.99,1058.7,1068.13,3375940,VNIT,Công nghệ thông tin
2020-07-08,1068.13,1077.02,1064.63,1071.2,2041370,VNIT,Công nghệ thông tin
2020-07-09,1075.33,1087.36,1073.1,1087.35,3162230,VNIT,Công nghệ thông tin
2020-07-10,1082.52,1086.14,1069.31,1077.17,1869090,VNIT,Công nghệ thông tin
2020-07-13,1081.25,1100.0,1074.93,1092.98,3337310,VNIT,Công nghệ thông tin
2020-07-14,1092.98,1096.39,1084.17,1091.08,2701160,VNIT,Công nghệ thông tin
2020-07-15,1091.08,1100.3,1088.03,1092.02,2203130,VNIT,Công nghệ thông tin
2020-07-16,1091.01,1094.57,1087.65,1091.76,1518540,VNIT,Công nghệ thông tin
2020-07-17,1089.6,1089.86,1081.89,1081.89,1987360,VNIT,Công nghệ thông tin
2020-07-20,1082.42,1084.52,1066.73,1067.41,2880270,VNIT,Công nghệ thông tin
2020-07-21,1069.88,1079.21,1063.93,1077.02,1978620,VNIT,Công nghệ thông tin
2020-07-22,1077.69,1081.91,1065.21,1068.26,1340220,VNIT,Công nghệ thông tin
2020-07-23,1067.65,1074.41,1059.86,1074.41,1503560,VNIT,Công nghệ thông tin
2020-07-24,1066.74,1069.95,1023.57,1031.0,4430060,VNIT,Công nghệ thông tin
2020-07-27,1010.2,1030.85,979.2,981.95,4325190,VNIT,Công nghệ thông tin
2020-07-28,997.45,1030.06,992.41,1028.03,2620780,VNIT,Công nghệ thông tin
2020-07-29,996.5,1011.05,985.4,1002.58,2535420,VNIT,Công nghệ thông tin
2020-07-30,1003.11,1015.89,1002.58,1015.89,1239500,VNIT,Công nghệ thông tin
2020-07-31,1015.89,1016.27,991.05,1001.23,1852810,VNIT,Công nghệ thông tin
2020-08-03,1003.63,1032.52,1003.63,1032.52,2073000,VNIT,Công nghệ thông tin
2020-08-04,1032.92,1052.98,1032.92,1048.32,1666040,VNIT,Công nghệ thông tin
2020-08-05,1048.39,1061.91,1042.5,1059.28,2363230,VNIT,Công nghệ thông tin
2020-08-06,1058.96,1064.65,1053.13,1054.96,1751130,VNIT,Công nghệ thông tin
2020-08-07,1055.4,1076.2,1055.4,1061.26,2083830,VNIT,Công nghệ thông tin
2020-08-10,1061.92,1076.77,1061.66,1064.37,1879630,VNIT,Công nghệ thông tin
2020-08-11,1064.64,1069.98,1059.25,1060.02,1921610,VNIT,Công nghệ thông tin
2020-08-12,1059.88,1070.03,1058.15,1070.03,1726800,VNIT,Công nghệ thông tin
2020-08-13,1070.03,1079.39,1070.48,1079.39,1664570,VNIT,Công nghệ thông tin
2020-08-14,1079.54,1084.84,1067.99,1076.14,2459840,VNIT,Công nghệ thông tin
2020-08-17,1076.14,1076.14,1047.71,1058.83,1671850,VNIT,Công nghệ thông tin
2020-08-18,1059.11,1062.42,1054.85,1056.4,1270100,VNIT,Công nghệ thông tin
2020-08-19,1057.67,1064.23,1053.89,1059.81,2583520,VNIT,Công nghệ thông tin
2020-08-20,1060.21,1074.12,1060.21,1065.94,3066230,VNIT,Công nghệ thông tin
2020-08-21,1067.27,1076.83,1067.27,1073.87,1828010,VNIT,Công nghệ thông tin
2020-08-24,1075.07,1100.61,1075.07,1098.74,4857300,VNIT,Công nghệ thông tin
2020-08-25,1098.74,1108.46,1098.74,1105.77,4174790,VNIT,Công nghệ thông tin
2020-08-26,1105.77,1105.94,1091.62,1098.01,2056190,VNIT,Công nghệ thông tin
2020-08-27,1098.21,1136.66,1095.04,1131.7,5391970,VNIT,Công nghệ thông tin
2020-08-28,1149.24,1156.51,1131.19,1131.19,5649380,VNIT,Công nghệ thông tin
2020-08-31,1131.19,1140.39,1118.13,1121.41,5230130,VNIT,Công nghệ thông tin
2020-09-01,1123.42,1144.07,1117.46,1132.65,3375900,VNIT,Công nghệ thông tin
2020-09-03,1132.92,1146.07,1131.97,1143.45,3382580,VNIT,Công nghệ thông tin
2020-09-04,1141.98,1141.98,1122.69,1133.64,2989750,VNIT,Công nghệ thông tin
2020-09-07,1133.63,1133.83,1101.28,1101.74,3368760,VNIT,Công nghệ thông tin
2020-09-08,1101.74,1124.35,1101.14,1124.35,2470410,VNIT,Công nghệ thông tin
2020-09-09,1106.57,1126.4,1104.52,1120.21,2914590,VNIT,Công nghệ thông tin
2020-09-10,1120.35,1133.01,1117.64,1119.51,1951110,VNIT,Công nghệ thông tin
2020-09-11,1115.32,1121.98,1112.32,1120.67,1921980,VNIT,Công nghệ thông tin
2020-09-14,1122.79,1128.37,1120.02,1124.46,2203150,VNIT,Công nghệ thông tin
2020-09-15,1138.1,1139.74,1125.13,1139.74,3148100,VNIT,Công nghệ thông tin
2020-09-16,1139.74,1156.5,1139.74,1148.5,3342750,VNIT,Công nghệ thông tin
2020-09-17,1144.25,1149.1,1136.29,1137.66,2655150,VNIT,Công nghệ thông tin
2020-09-18,1137.66,1167.17,1137.66,1162.6,3946790,VNIT,Công nghệ thông tin
2020-09-21,1162.6,1173.2,1162.6,1164.0,2456810,VNIT,Công nghệ thông tin
2020-09-22,1164.0,1166.35,1153.07,1164.08,2383030,VNIT,Công nghệ thông tin
2020-09-23,1166.52,1170.71,1156.01,1162.12,2517890,VNIT,Công nghệ thông tin
2020-09-24,1153.39,1160.64,1142.93,1149.03,2487980,VNIT,Công nghệ thông tin
2020-09-25,1148.76,1155.66,1137.3,1154.85,1956650,VNIT,Công nghệ thông tin
2020-09-28,1157.3,1166.62,1150.34,1162.88,2182840,VNIT,Công nghệ thông tin
2020-09-29,1167.4,1169.49,1141.41,1141.41,2649870,VNIT,Công nghệ thông tin
2020-09-30,1141.26,1146.28,1131.32,1137.62,3065360,VNIT,Công nghệ thông tin
2020-10-01,1142.96,1154.66,1142.96,1154.66,1638940,VNIT,Công nghệ thông tin
2020-10-02,1155.02,1161.88,1123.98,1143.66,2690760,VNIT,Công nghệ thông tin
2020-10-05,1143.06,1153.46,1134.35,1147.61,2332140,VNIT,Công nghệ thông tin
2020-10-06,1147.61,1156.14,1144.88,1147.48,1947750,VNIT,Công nghệ thông tin
2020-10-07,1148.02,1152.98,1141.19,1146.17,2266960,VNIT,Công nghệ thông tin
2020-10-08,1146.51,1168.87,1143.45,1160.7,3717870,VNIT,Công nghệ thông tin
2020-10-09,1160.57,1162.7,1153.5,1154.13,1748200,VNIT,Công nghệ thông tin
2020-10-12,1154.27,1166.44,1148.43,1154.13,2136250,VNIT,Công nghệ thông tin
2020-10-13,1154.56,1157.13,1146.0,1149.89,1801600,VNIT,Công nghệ thông tin
2020-10-14,1150.49,1163.9,1145.17,1155.24,2988740,VNIT,Công nghệ thông tin
2020-10-15,1155.71,1164.58,1150.48,1160.36,2546520,VNIT,Công nghệ thông tin
2020-10-16,1160.78,1212.8,1153.62,1202.55,6303070,VNIT,Công nghệ thông tin
2020-10-19,1202.55,1216.34,1200.37,1200.51,2248640,VNIT,Công nghệ thông tin
2020-10-20,1205.29,1205.29,1188.47,1202.78,2387270,VNIT,Công nghệ thông tin
2020-10-21,1203.32,1230.25,1193.18,1193.57,3900220,VNIT,Công nghệ thông tin
2020-10-22,1193.57,1218.73,1188.51,1218.58,2758650,VNIT,Công nghệ thông tin
2020-10-23,1222.91,1227.46,1209.38,1216.78,3061480,VNIT,Công nghệ thông tin
2020-10-26,1216.85,1229.05,1192.71,1192.71,4335240,VNIT,Công nghệ thông tin
2020-10-27,1192.71,1201.15,1177.74,1177.74,3500120,VNIT,Công nghệ thông tin
2020-10-28,1179.73,1184.0,1147.45,1147.45,4130350,VNIT,Công nghệ thông tin
2020-10-29,1146.25,1162.02,1137.49,1153.08,3777640,VNIT,Công nghệ thông tin
2020-10-30,1153.88,1166.84,1144.1,1165.16,1788830,VNIT,Công nghệ thông tin
2020-11-02,1165.36,1170.84,1158.97,1170.66,1295930,VNIT,Công nghệ thông tin
2020-11-03,1174.84,1198.64,1172.93,1196.73,3788120,VNIT,Công nghệ thông tin
2020-11-04,1201.0,1209.05,1191.23,1202.9,2431530,VNIT,Công nghệ thông tin
2020-11-05,1202.91,1211.07,1181.0,1181.0,1776540,VNIT,Công nghệ thông tin
2020-11-06,1189.29,1200.41,1184.88,1192.27,1889260,VNIT,Công nghệ thông tin
2020-11-09,1201.56,1215.42,1199.76,1215.42,2786080,VNIT,Công nghệ thông tin
2020-11-10,1216.21,1228.93,1209.03,1209.03,2492000,VNIT,Công nghệ thông tin
2020-11-11,1217.59,1217.59,1200.61,1207.17,2309070,VNIT,Công nghệ thông tin
2020-11-12,1206.9,1220.69,1206.56,1220.69,1892660,VNIT,Công nghệ thông tin
2020-11-13,1227.68,1228.89,1219.63,1225.4,1788110,VNIT,Công nghệ thông tin
2020-11-16,1229.94,1237.86,1212.58,1212.58,4364300,VNIT,Công nghệ thông tin
2020-11-17,1213.22,1230.31,1206.88,1228.36,3072840,VNIT,Công nghệ thông tin
2020-11-18,1228.35,1235.06,1221.35,1227.21,2189830,VNIT,Công nghệ thông tin
2020-11-19,1227.21,1264.78,1227.21,1251.71,6117800,VNIT,Công nghệ thông tin
2020-11-20,1254.56,1269.04,1251.79,1257.72,3405170,VNIT,Công nghệ thông tin
2020-11-23,1257.8,1281.17,1245.72,1274.98,3488080,VNIT,Công nghệ thông tin
2020-11-24,1275.11,1286.61,1256.34,1267.93,4059020,VNIT,Công nghệ thông tin
2020-11-25,1267.99,1282.63,1260.66,1260.66,2583310,VNIT,Công nghệ thông tin
2020-11-26,1260.12,1277.26,1250.97,1271.63,2490630,VNIT,Công nghệ thông tin
2020-11-27,1275.81,1282.32,1269.54,1281.81,2602300,VNIT,Công nghệ thông tin
2020-11-30,1281.67,1292.12,1264.28,1264.28,3158870,VNIT,Công nghệ thông tin
2020-12-01,1255.92,1263.57,1251.02,1259.91,3924810,VNIT,Công nghệ thông tin
2020-12-02,1259.78,1270.18,1253.58,1265.45,3237160,VNIT,Công nghệ thông tin
2020-12-03,1265.45,1269.86,1256.63,1267.61,2609620,VNIT,Công nghệ thông tin
2020-12-04,1268.01,1273.56,1263.05,1269.35,2071570,VNIT,Công nghệ thông tin
2020-12-07,1269.35,1275.57,1266.63,1270.56,2391870,VNIT,Công nghệ thông tin
2020-12-08,1270.85,1290.75,1267.56,1282.13,3292510,VNIT,Công nghệ thông tin
2020-12-09,1284.22,1315.37,1281.56,1308.66,3861260,VNIT,Công nghệ thông tin
2020-12-10,1308.6,1312.3,1286.64,1286.64,2964070,VNIT,Công nghệ thông tin
2020-12-11,1286.64,1298.2,1282.31,1298.2,2474300,VNIT,Công nghệ thông tin
2020-12-14,1298.29,1316.85,1296.14,1303.68,2307580,VNIT,Công nghệ thông tin
2020-12-15,1309.96,1309.96,1290.4,1292.79,3451780,VNIT,Công nghệ thông tin
2020-12-16,1293.73,1310.81,1293.73,1301.8,2968270,VNIT,Công nghệ thông tin
2020-12-17,1297.62,1299.4,1277.85,1289.25,5048860,VNIT,Công nghệ thông tin
2020-12-18,1289.25,1300.18,1289.25,1297.32,2339590,VNIT,Công nghệ thông tin
2020-12-21,1297.32,1317.38,1297.32,1309.86,3227890,VNIT,Công nghệ thông tin
2020-12-22,1309.52,1330.98,1303.13,1322.64,3404980,VNIT,Công nghệ thông tin
2020-12-23,1326.89,1332.79,1306.03,1310.84,2649230,VNIT,Công nghệ thông tin
2020-12-24,1312.57,1318.91,1286.33,1301.38,3484870,VNIT,Công nghệ thông tin
2020-12-25,1301.46,1314.74,1293.99,1314.74,2384880,VNIT,Công nghệ thông tin
2020-12-28,1321.01,1335.69,1313.87,1323.55,3240230,VNIT,Công nghệ thông tin
2020-12-29,1323.55,1342.79,1316.99,1338.48,3173810,VNIT,Công nghệ thông tin
2020-12-30,1339.36,1345.63,1332.05,1332.09,2753270,VNIT,Công nghệ thông tin
2020-12-31,1332.09,1359.77,1332.09,1357.02,2942670,VNIT,Công nghệ thông tin
2021-01-04,1357.02,1381.65,1357.02,1381.6,3295600,VNIT,Công nghệ thông tin
2021-01-05,1381.58,1448.22,1375.06,1432.29,3897900,VNIT,Công nghệ thông tin
2021-01-06,1432.29,1449.43,1421.55,1424.76,3203000,VNIT,Công nghệ thông tin
2021-01-07,1428.95,1435.53,1412.73,1426.67,3727600,VNIT,Công nghệ thông tin
2021-01-08,1426.39,1452.42,1426.39,1443.46,3713000,VNIT,Công nghệ thông tin
2021-01-11,1443.46,1475.36,1443.46,1475.36,2842800,VNIT,Công nghệ thông tin
2021-01-12,1475.42,1502.6,1467.26,1498.17,3164800,VNIT,Công nghệ thông tin
2021-01-13,1498.17,1530.78,1498.17,1512.5,4042600,VNIT,Công nghệ thông tin
2021-01-14,1512.5,1520.94,1499.22,1509.86,3417100,VNIT,Công nghệ thông tin
2021-01-15,1509.86,1523.23,1509.86,1515.21,2779700,VNIT,Công nghệ thông tin
2021-01-18,1515.07,1523.74,1506.09,1506.51,2301300,VNIT,Công nghệ thông tin
2021-01-19,1505.24,1505.24,1402.0,1408.28,4768700,VNIT,Công nghệ thông tin
2021-01-20,1422.91,1438.48,1378.41,1434.75,4854000,VNIT,Công nghệ thông tin
2021-01-21,1435.89,1491.52,1434.84,1487.6,3054400,VNIT,Công nghệ thông tin
2021-01-22,1488.03,1529.17,1483.72,1515.32,3036600,VNIT,Công nghệ thông tin
2021-01-25,1515.32,1540.63,1501.37,1516.13,3788600,VNIT,Công nghệ thông tin
2021-01-26,1526.59,1526.59,1481.9,1490.47,3246700,VNIT,Công nghệ thông tin
2021-01-27,1490.47,1493.09,1422.31,1422.41,3195200,VNIT,Công nghệ thông tin
2021-01-28,1421.66,1421.66,1323.09,1323.09,6072700,VNIT,Công nghệ thông tin
2021-01-29,1322.4,1414.24,1322.4,1413.53,3980100,VNIT,Công nghệ thông tin
2021-02-01,1414.13,1468.91,1406.07,1428.98,2893500,VNIT,Công nghệ thông tin
2021-02-02,1420.59,1486.38,1419.71,1486.38,4196000,VNIT,Công nghệ thông tin
2021-02-03,1487.78,1585.48,1486.38,1570.86,4753900,VNIT,Công nghệ thông tin
2021-02-04,1570.86,1637.7,1570.86,1626.13,4908700,VNIT,Công nghệ thông tin
2021-02-05,1637.43,1645.89,1614.99,1638.05,3237000,VNIT,Công nghệ thông tin
2021-02-08,1638.05,1638.05,1565.35,1597.53,4914400,VNIT,Công nghệ thông tin
2021-02-09,1600.56,1674.09,1579.67,1674.09,5192700,VNIT,Công nghệ thông tin
2021-02-17,1675.65,1772.29,1675.65,1749.19,3963300,VNIT,Công nghệ thông tin
2021-02-18,1749.52,1757.14,1731.27,1757.14,3651100,VNIT,Công nghệ thông tin
2021-02-19,1757.14,1757.14,1710.05,1723.07,4360300,VNIT,Công nghệ thông tin
2021-02-22,1723.13,1743.55,1712.66,1728.74,3054800,VNIT,Công nghệ thông tin
2021-02-23,1719.42,1733.93,1683.44,1702.63,4036300,VNIT,Công nghệ thông tin
2021-02-24,1703.1,1725.37,1687.71,1698.59,3021200,VNIT,Công nghệ thông tin
2021-02-25,1698.59,1718.17,1688.49,1716.79,2669700,VNIT,Công nghệ thông tin
2021-02-26,1715.46,1720.52,1688.92,1716.19,2434900,VNIT,Công nghệ thông tin
2021-03-01,1716.96,1758.26,1716.96,1756.57,3043600,VNIT,Công nghệ thông tin
2021-03-02,1777.55,1777.95,1739.1,1758.98,2590600,VNIT,Công nghệ thông tin
2021-03-03,1759.25,1763.29,1747.13,1753.89,2486800,VNIT,Công nghệ thông tin
2021-03-04,1753.89,1756.11,1696.78,1715.5,3823900,VNIT,Công nghệ thông tin
2021-03-05,1715.5,1720.55,1686.7,1720.55,3482600,VNIT,Công nghệ thông tin
2021-03-08,1721.71,1733.88,1711.01,1719.65,2555100,VNIT,Công nghệ thông tin
2021-03-09,1702.61,1719.65,1691.08,1704.02,3415200,VNIT,Công nghệ thông tin
2021-03-10,1704.29,1755.94,1704.29,1734.49,5212500,VNIT,Công nghệ thông tin
2021-03-11,1734.81,1749.98,1730.08,1741.9,2965700,VNIT,Công nghệ thông tin
2021-03-12,1744.82,1752.05,1735.37,1740.1,4153400,VNIT,Công nghệ thông tin
2021-03-15,1742.43,1766.6,1738.68,1745.55,4156300,VNIT,Công nghệ thông tin
2021-03-16,1745.91,1857.76,1745.91,1847.64,7435600,VNIT,Công nghệ thông tin
2021-03-17,1843.44,1855.81,1824.75,1843.06,3291900,VNIT,Công nghệ thông tin
2021-03-18,1847.25,1847.25,1824.4,1845.5,4035100,VNIT,Công nghệ thông tin
2021-03-19,1844.43,1844.43,1810.54,1818.61,3599900,VNIT,Công nghệ thông tin
2021-03-22,1812.32,1812.92,1785.88,1797.83,3760800,VNIT,Công nghệ thông tin
2021-03-23,1797.83,1825.34,1784.38,1795.41,4096100,VNIT,Công nghệ thông tin
2021-03-24,1793.67,1797.25,1742.53,1760.37,3720000,VNIT,Công nghệ thông tin
2021-03-25,1755.42,1767.2,1745.06,1745.68,3458100,VNIT,Công nghệ thông tin
2021-03-26,1744.0,1747.73,1696.75,1732.06,4115700,VNIT,Công nghệ thông tin
2021-03-29,1732.12,1779.67,1732.12,1769.49,2937700,VNIT,Công nghệ thông tin
2021-03-30,1769.49,1775.39,1755.65,1757.98,2182000,VNIT,Công nghệ thông tin
2021-03-31,1757.98,1778.04,1746.61,1768.29,2417500,VNIT,Công nghệ thông tin
2021-04-01,1768.16,1812.95,1768.16,1812.94,3223400,VNIT,Công nghệ thông tin
2021-04-02,1813.01,1831.87,1813.01,1815.36,3052500,VNIT,Công nghệ thông tin
2021-04-05,1815.36,1829.13,1795.03,1811.67,3232700,VNIT,Công nghệ thông tin
2021-04-06,1811.22,1818.65,1800.73,1810.04,2396300,VNIT,Công nghệ thông tin
2021-04-07,1807.98,1815.82,1805.03,1813.27,2171900,VNIT,Công nghệ thông tin
2021-04-08,1824.89,1829.89,1809.19,1811.54,2374500,VNIT,Công nghệ thông tin
2021-04-09,1817.83,1881.86,1817.83,1864.27,4789200,VNIT,Công nghệ thông tin
2021-04-12,1864.14,1870.38,1849.77,1862.27,3002000,VNIT,Công nghệ thông tin
2021-04-13,1859.19,1864.76,1830.08,1830.8,2930300,VNIT,Công nghệ thông tin
2021-04-14,1830.8,1838.89,1812.69,1838.82,3379000,VNIT,Công nghệ thông tin
2021-04-15,1838.56,1842.89,1815.27,1816.1,3509600,VNIT,Công nghệ thông tin
2021-04-16,1811.91,1840.24,1790.58,1806.84,3116900,VNIT,Công nghệ thông tin
2021-04-19,1813.14,1846.95,1803.72,1846.91,3318400,VNIT,Công nghệ thông tin
2021-04-20,1847.56,1916.15,1847.16,1874.73,5645600,VNIT,Công nghệ thông tin
2021-04-22,1874.27,1895.06,1811.42,1811.42,3150300,VNIT,Công nghệ thông tin
2021-04-23,1811.42,1874.42,1804.34,1874.42,4139100,VNIT,Công nghệ thông tin
2021-04-26,1874.42,1874.53,1818.77,1829.71,3372100,VNIT,Công nghệ thông tin
2021-04-27,1816.55,1836.73,1808.7,1819.25,1761300,VNIT,Công nghệ thông tin
2021-04-28,1820.52,1833.96,1807.93,1823.31,1782400,VNIT,Công nghệ thông tin
2021-04-29,1823.31,1846.43,1823.31,1827.67,2810700,VNIT,Công nghệ thông tin
2021-05-04,1807.48,1883.39,1806.41,1874.1,3300100,VNIT,Công nghệ thông tin
2021-05-05,1874.1,1907.68,1869.07,1873.76,3087600,VNIT,Công nghệ thông tin
2021-05-06,1873.69,1886.57,1860.69,1869.97,2840100,VNIT,Công nghệ thông tin
2021-05-07,1870.2,1897.63,1860.93,1877.25,3455200,VNIT,Công nghệ thông tin
2021-05-10,1879.35,1938.36,1877.0,1934.65,5219100,VNIT,Công nghệ thông tin
2021-05-11,1938.84,1955.95,1926.48,1926.48,3429300,VNIT,Công nghệ thông tin
2021-05-12,1922.29,1932.26,1909.9,1932.26,2709100,VNIT,Công nghệ thông tin
2021-05-13,1923.88,1931.04,1901.17,1901.17,3474300,VNIT,Công nghệ thông tin
2021-05-14,1900.42,1947.27,1900.42,1925.46,3038800,VNIT,Công nghệ thông tin
2021-05-17,1925.7,1961.14,1925.46,1942.56,2333300,VNIT,Công nghệ thông tin
2021-05-18,1956.88,1979.15,1956.88,1973.15,2924600,VNIT,Công nghệ thông tin
2021-05-19,1973.26,2057.32,1968.66,2053.42,3485100,VNIT,Công nghệ thông tin
2021-05-20,2051.78,2154.51,2046.28,2154.51,4165000,VNIT,Công nghệ thông tin
2021-05-21,2154.51,2176.92,2098.16,2114.94,4134700,VNIT,Công nghệ thông tin
2021-05-24,2114.94,2117.32,2079.0,2115.38,3997600,VNIT,Công nghệ thông tin
2021-05-25,2115.38,2147.49,2102.66,2122.09,3035500,VNIT,Công nghệ thông tin
2021-05-26,2122.09,2156.1,2119.05,2152.48,2874800,VNIT,Công nghệ thông tin
2021-05-27,2152.59,2154.2,2116.22,2116.22,2629300,VNIT,Công nghệ thông tin
2021-05-28,2116.1,2141.66,2114.23,2135.03,3005400,VNIT,Công nghệ thông tin
2021-05-31,2133.75,2197.3,2130.18,2194.95,4110200,VNIT,Công nghệ thông tin
2021-06-01,2194.55,2277.96,2193.97,2243.88,4097900,VNIT,Công nghệ thông tin
2021-06-02,2242.96,2247.24,2192.34,2204.58,3607800,VNIT,Công nghệ thông tin
2021-06-03,2192.53,2204.58,2179.55,2196.76,4402700,VNIT,Công nghệ thông tin
2021-06-04,2197.17,2197.17,2160.34,2184.03,4899400,VNIT,Công nghệ thông tin
2021-06-07,2184.03,2184.6,2113.05,2133.38,4923500,VNIT,Công nghệ thông tin
2021-06-08,2133.23,2135.04,2078.51,2083.45,4704100,VNIT,Công nghệ thông tin
2021-06-09,2082.88,2115.38,2050.31,2106.86,4898100,VNIT,Công nghệ thông tin
2021-06-10,2106.43,2126.35,2091.81,2116.63,4632600,VNIT,Công nghệ thông tin
2021-06-11,2116.69,2166.17,2104.47,2159.19,3671200,VNIT,Công nghệ thông tin
2021-06-14,2159.48,2182.29,2147.2,2166.26,3500000,VNIT,Công nghệ thông tin
2021-06-15,2166.26,2183.26,2152.22,2152.37,3668200,VNIT,Công nghệ thông tin
2021-06-16,2152.52,2184.18,2145.82,2149.99,3778000,VNIT,Công nghệ thông tin
2021-06-17,2125.58,2150.84,2124.87,2138.67,3472600,VNIT,Công nghệ thông tin
2021-06-18,2138.67,2179.33,2138.67,2169.18,3014200,VNIT,Công nghệ thông tin
2021-06-21,2169.18,2228.86,2153.97,2210.57,4673400,VNIT,Công nghệ thông tin
2021-06-22,2210.57,2232.86,2203.92,2204.82,3269300,VNIT,Công nghệ thông tin
2021-06-23,2202.15,2209.25,2171.95,2190.33,2741900,VNIT,Công nghệ thông tin
2021-06-24,2190.33,2191.04,2166.91,2187.01,2729400,VNIT,Công nghệ thông tin
2021-06-25,2187.01,2204.83,2176.92,2202.55,2773200,VNIT,Công nghệ thông tin
2021-06-28,2222.19,2225.42,2209.85,2213.17,3006200,VNIT,Công nghệ thông tin
2021-06-29,2234.87,2293.38,2227.58,2282.75,5573300,VNIT,Công nghệ thông tin
2021-06-30,2282.75,2294.86,2269.49,2273.54,2919800,VNIT,Công nghệ thông tin
2021-07-01,2275.95,2297.06,2274.02,2296.79,2801300,VNIT,Công nghệ thông tin
2021-07-02,2306.73,2381.43,2298.48,2371.55,4847600,VNIT,Công nghệ thông tin
2021-07-05,2394.01,2430.19,2350.44,2394.01,3651100,VNIT,Công nghệ thông tin
2021-07-06,2394.01,2403.38,2248.13,2248.13,3785700,VNIT,Công nghệ thông tin
2021-07-07,2248.49,2348.76,2196.9,2336.76,5999500,VNIT,Công nghệ thông tin
2021-07-08,2336.53,2340.9,2303.65,2325.8,4002000,VNIT,Công nghệ thông tin
2021-07-09,2323.84,2381.6,2303.23,2323.79,3941100,VNIT,Công nghệ thông tin
2021-07-12,2298.47,2320.67,2165.91,2229.51,7915600,VNIT,Công nghệ thông tin
2021-07-13,2248.84,2258.99,2208.4,2250.79,2800700,VNIT,Công nghệ thông tin
2021-07-14,2264.66,2264.66,2188.58,2203.49,3651800,VNIT,Công nghệ thông tin
2021-07-15,2189.99,2237.96,2189.5,2209.99,4199700,VNIT,Công nghệ thông tin
2021-07-16,2222.65,2271.29,2208.93,2242.16,2746200,VNIT,Công nghệ thông tin
2021-07-19,2198.83,2228.5,2178.88,2185.01,4045700,VNIT,Công nghệ thông tin
2021-07-20,2188.99,2238.06,2165.37,2238.06,3153800,VNIT,Công nghệ thông tin
2021-07-21,2239.38,2265.75,2223.93,2239.34,3785500,VNIT,Công nghệ thông tin
2021-07-22,2233.27,2314.41,2232.84,2312.14,5241600,VNIT,Công nghệ thông tin
2021-07-23,2312.02,2394.91,2296.03,2335.86,7303800,VNIT,Công nghệ thông tin
2021-07-26,2328.63,2426.49,2328.63,2422.21,6983400,VNIT,Công nghệ thông tin
2021-07-27,2445.18,2452.88,2393.73,2411.99,5913300,VNIT,Công nghệ thông tin
2021-07-28,2401.93,2418.34,2373.52,2380.36,5114400,VNIT,Công nghệ thông tin
2021-07-29,2379.95,2430.04,2373.07,2418.86,4738000,VNIT,Công nghệ thông tin
2021-07-30,2422.76,2456.38,2409.12,2437.88,6024800,VNIT,Công nghệ thông tin
2021-08-02,2437.5,2503.32,2437.5,2480.39,6186000,VNIT,Công nghệ thông tin
2021-08-03,2485.47,2495.38,2463.98,2491.29,5438000,VNIT,Công nghệ thông tin
2021-08-04,2495.05,2505.0,2468.15,2486.03,3904900,VNIT,Công nghệ thông tin
2021-08-05,2476.06,2517.86,2467.17,2508.85,3867700,VNIT,Công nghệ thông tin
2021-08-06,2513.67,2526.96,2493.03,2509.93,5705400,VNIT,Công nghệ thông tin
2021-08-09,2519.54,2540.43,2494.46,2537.53,4293200,VNIT,Công nghệ thông tin
2021-08-10,2563.83,2565.76,2540.64,2546.64,3823400,VNIT,Công nghệ thông tin
2021-08-11,2548.8,2548.8,2503.03,2503.03,6472800,VNIT,Công nghệ thông tin
2021-08-12,2492.37,2500.39,2438.26,2444.54,9682400,VNIT,Công nghệ thông tin
2021-08-13,2429.09,2474.29,2423.39,2474.29,5046200,VNIT,Công nghệ thông tin
2021-08-16,2476.45,2480.01,2461.34,2470.16,4077700,VNIT,Công nghệ thông tin
2021-08-17,2458.79,2471.26,2443.38,2451.66,3716300,VNIT,Công nghệ thông tin
2021-08-18,2451.39,2475.71,2449.65,2455.32,2914000,VNIT,Công nghệ thông tin
2021-08-19,2478.39,2478.39,2449.29,2467.59,3858100,VNIT,Công nghệ thông tin
2021-08-20,2468.69,2473.36,2386.25,2431.23,7014000,VNIT,Công nghệ thông tin
2021-08-23,2426.13,2426.99,2394.5,2394.66,5740700,VNIT,Công nghệ thông tin
2021-08-24,2418.07,2430.62,2373.83,2420.95,5120700,VNIT,Công nghệ thông tin
2021-08-25,2428.53,2428.8,2391.69,2417.36,2986400,VNIT,Công nghệ thông tin
2021-08-26,2421.34,2443.55,2399.94,2406.93,3032200,VNIT,Công nghệ thông tin
2021-08-27,2396.32,2421.7,2386.27,2421.7,2974200,VNIT,Công nghệ thông tin
2021-08-30,2448.34,2449.39,2426.64,2427.66,3059500,VNIT,Công nghệ thông tin
2021-08-31,2430.43,2453.09,2421.93,2436.85,3807600,VNIT,Công nghệ thông tin
2021-09-01,2430.9,2449.46,2428.48,2434.65,2415300,VNIT,Công nghệ thông tin
2021-09-06,2434.49,2505.73,2434.49,2505.73,4718700,VNIT,Công nghệ thông tin
2021-09-07,2514.65,2522.26,2475.04,2475.04,3703100,VNIT,Công nghệ thông tin
2021-09-08,2477.01,2493.52,2457.35,2464.83,2610400,VNIT,Công nghệ thông tin
2021-09-09,2464.5,2488.06,2456.73,2473.57,2425600,VNIT,Công nghệ thông tin
2021-09-10,2480.64,2502.73,2479.61,2491.32,3193000,VNIT,Công nghệ thông tin
2021-09-13,2498.34,2508.66,2486.19,2493.54,3089800,VNIT,Công nghệ thông tin
2021-09-14,2506.76,2550.91,2501.82,2531.56,4892800,VNIT,Công nghệ thông tin
2021-09-15,2539.91,2560.53,2526.43,2542.42,3673000,VNIT,Công nghệ thông tin
2021-09-16,2551.96,2562.53,2529.91,2543.17,4326800,VNIT,Công nghệ thông tin
2021-09-17,2558.7,2595.95,2556.31,2576.64,4809800,VNIT,Công nghệ thông tin
2021-09-20,2589.04,2589.04,2546.49,2552.02,3862700,VNIT,Công nghệ thông tin
2021-09-21,2519.62,2539.33,2497.84,2529.21,4189500,VNIT,Công nghệ thông tin
2021-09-22,2526.86,2531.64,2508.98,2526.55,3020200,VNIT,Công nghệ thông tin
2021-09-23,2528.26,2543.74,2519.34,2520.31,3242800,VNIT,Công nghệ thông tin
2021-09-24,2523.37,2524.56,2507.31,2508.66,2876600,VNIT,Công nghệ thông tin
2021-09-27,2513.16,2528.14,2484.23,2484.23,3435000,VNIT,Công nghệ thông tin
2021-09-28,2468.46,2514.24,2459.82,2514.24,2953900,VNIT,Công nghệ thông tin
2021-09-29,2512.55,2519.38,2490.35,2513.97,2016800,VNIT,Công nghệ thông tin
2021-09-30,2521.13,2537.04,2519.14,2519.14,3025400,VNIT,Công nghệ thông tin
2021-10-01,2516.01,2525.06,2507.82,2517.76,2456400,VNIT,Công nghệ thông tin
2021-10-04,2520.93,2571.27,2506.97,2553.54,3279900,VNIT,Công nghệ thông tin
2021-10-05,2564.04,2585.59,2548.55,2548.9,3471800,VNIT,Công nghệ thông tin
2021-10-06,2552.01,2556.79,2531.32,2552.07,3586500,VNIT,Công nghệ thông tin
2021-10-07,2567.95,2570.62,2547.2,2552.59,3435000,VNIT,Công nghệ thông tin
2021-10-08,2564.88,2671.56,2554.11,2661.39,10096300,VNIT,Công nghệ thông tin
2021-10-11,2663.94,2673.83,2646.04,2667.42,3624900,VNIT,Công nghệ thông tin
2021-10-12,2665.32,2667.42,2644.87,2661.97,3580000,VNIT,Công nghệ thông tin
2021-10-13,2661.44,2718.71,2648.84,2670.18,4906600,VNIT,Công nghệ thông tin
2021-10-14,2670.99,2686.75,2649.64,2655.79,3441100,VNIT,Công nghệ thông tin
2021-10-15,2671.69,2689.56,2647.46,2660.4,3505200,VNIT,Công nghệ thông tin
2021-10-18,2664.76,2686.62,2652.59,2658.15,3596000,VNIT,Công nghệ thông tin
2021-10-19,2656.31,2667.46,2649.5,2650.32,3214900,VNIT,Công nghệ thông tin
2021-10-20,2653.37,2670.17,2602.94,2623.24,3116400,VNIT,Công nghệ thông tin
2021-10-21,2643.18,2646.39,2601.94,2601.94,4274800,VNIT,Công nghệ thông tin
2021-10-22,2609.11,2619.02,2582.2,2587.02,3576000,VNIT,Công nghệ thông tin
2021-10-25,2583.96,2587.02,2555.89,2555.89,4870300,VNIT,Công nghệ thông tin
2021-10-26,2558.78,2603.78,2540.46,2603.78,2547700,VNIT,Công nghệ thông tin
2021-10-27,2600.13,2642.3,2593.78,2642.3,4488900,VNIT,Công nghệ thông tin
2021-10-28,2639.09,2646.7,2618.46,2637.16,2853300,VNIT,Công nghệ thông tin
2021-10-29,2639.1,2639.6,2609.17,2609.58,3594600,VNIT,Công nghệ thông tin
2021-11-01,2625.43,2625.43,2577.47,2585.44,4823200,VNIT,Công nghệ thông tin
2021-11-02,2578.96,2611.13,2576.3,2590.57,3654100,VNIT,Công nghệ thông tin
2021-11-03,2593.26,2604.08,2564.17,2585.16,4598400,VNIT,Công nghệ thông tin
2021-11-04,2585.36,2600.59,2576.07,2584.42,2961300,VNIT,Công nghệ thông tin
2021-11-05,2589.16,2629.36,2583.12,2627.54,3466300,VNIT,Công nghệ thông tin
2021-11-08,2624.84,2647.74,2618.79,2621.07,2749500,VNIT,Công nghệ thông tin
2021-11-09,2623.45,2626.78,2593.96,2597.91,2695900,VNIT,Công nghệ thông tin
2021-11-10,2598.53,2609.25,2582.25,2609.25,2709100,VNIT,Công nghệ thông tin
2021-11-11,2608.83,2618.42,2573.21,2582.02,4248800,VNIT,Công nghệ thông tin
2021-11-12,2585.58,2633.88,2579.41,2632.17,4622600,VNIT,Công nghệ thông tin
2021-11-15,2645.71,2646.52,2621.13,2628.31,5047600,VNIT,Công nghệ thông tin
2021-11-16,2634.35,2690.43,2620.91,2662.95,5315500,VNIT,Công nghệ thông tin
2021-11-17,2665.21,2666.0,2649.84,2662.31,2313500,VNIT,Công nghệ thông tin
2021-11-18,2665.79,2675.12,2634.45,2634.45,3811300,VNIT,Công nghệ thông tin
2021-11-19,2665.31,2666.47,2594.26,2613.42,4607000,VNIT,Công nghệ thông tin
2021-11-22,2612.8,2634.62,2604.5,2608.21,3531200,VNIT,Công nghệ thông tin
2021-11-23,2596.7,2638.33,2594.96,2638.33,2220600,VNIT,Công nghệ thông tin
2021-11-24,2643.09,2681.4,2633.36,2677.45,3615400,VNIT,Công nghệ thông tin
2021-11-25,2684.69,2764.36,2677.45,2726.6,6348100,VNIT,Công nghệ thông tin
2021-11-26,2731.63,2748.25,2691.63,2693.29,3119000,VNIT,Công nghệ thông tin
2021-11-29,2651.31,2691.62,2651.31,2674.06,2958200,VNIT,Công nghệ thông tin
2021-11-30,2676.34,2686.05,2633.92,2636.36,3753400,VNIT,Công nghệ thông tin
2021-12-01,2644.41,2671.74,2620.4,2664.47,2473100,VNIT,Công nghệ thông tin
2021-12-02,2655.87,2666.8,2637.17,2637.17,1610100,VNIT,Công nghệ thông tin
2021-12-03,2655.15,2655.15,2587.82,2587.82,3112400,VNIT,Công nghệ thông tin
2021-12-06,2588.93,2612.81,2548.56,2558.24,3432500,VNIT,Công nghệ thông tin
2021-12-07,2570.37,2608.87,2561.94,2608.87,2507300,VNIT,Công nghệ thông tin
2021-12-08,2625.57,2625.57,2582.77,2594.13,1953700,VNIT,Công nghệ thông tin
2021-12-09,2582.29,2635.07,2580.48,2635.07,1716600,VNIT,Công nghệ thông tin
2021-12-10,2620.72,2635.07,2597.13,2606.95,2552800,VNIT,Công nghệ thông tin
2021-12-13,2627.15,2627.15,2601.76,2609.34,2892900,VNIT,Công nghệ thông tin
2021-12-14,2604.15,2613.3,2589.11,2595.21,2781400,VNIT,Công nghệ thông tin
2021-12-15,2593.46,2611.75,2592.13,2599.39,1632000,VNIT,Công nghệ thông tin
2021-12-16,2627.48,2629.87,2589.41,2589.41,3437500,VNIT,Công nghệ thông tin
2021-12-17,2590.02,2627.05,2589.16,2614.56,2210800,VNIT,Công nghệ thông tin
2021-12-20,2618.12,2618.12,2587.26,2596.75,1767500,VNIT,Công nghệ thông tin
2021-12-21,2592.83,2597.61,2575.63,2577.96,2663100,VNIT,Công nghệ thông tin
2021-12-22,2573.97,2582.9,2559.37,2570.24,3354700,VNIT,Công nghệ thông tin
2021-12-23,2568.98,2570.67,2520.18,2520.99,3110500,VNIT,Công nghệ thông tin
2021-12-24,2534.73,2559.39,2515.94,2543.88,2156200,VNIT,Công nghệ thông tin
2021-12-27,2551.28,2585.33,2538.56,2574.59,2169400,VNIT,Công nghệ thông tin
2021-12-28,2575.75,2586.97,2562.1,2572.99,1379500,VNIT,Công nghệ thông tin
2021-12-29,2579.0,2580.39,2548.04,2548.04,1590500,VNIT,Công nghệ thông tin
2021-12-30,2550.6,2560.22,2542.71,2543.03,1462600,VNIT,Công nghệ thông tin
2021-12-31,2547.72,2566.59,2528.04,2528.04,2263400,VNIT,Công nghệ thông tin
2022-01-04,2528.04,2560.9,2528.04,2545.62,2740900,VNIT,Công nghệ thông tin
2022-01-05,2551.44,2561.46,2545.59,2547.13,2138200,VNIT,Công nghệ thông tin
2022-01-06,2546.09,2557.65,2539.04,2539.04,2038100,VNIT,Công nghệ thông tin
2022-01-07,2528.4,2544.21,2526.67,2538.18,2039100,VNIT,Công nghệ thông tin
2022-01-10,2533.27,2538.8,2494.31,2495.61,2891500,VNIT,Công nghệ thông tin
2022-01-11,2494.46,2499.4,2421.17,2430.13,3369200,VNIT,Công nghệ thông tin
2022-01-12,2417.91,2455.23,2403.18,2433.53,2554300,VNIT,Công nghệ thông tin
2022-01-13,2467.11,2509.95,2440.79,2494.23,2379300,VNIT,Công nghệ thông tin
2022-01-14,2484.91,2495.71,2462.15,2476.77,1113600,VNIT,Công nghệ thông tin
2022-01-17,2456.05,2470.25,2407.58,2407.58,2349000,VNIT,Công nghệ thông tin
2022-01-18,2388.23,2419.25,2369.73,2373.04,1902400,VNIT,Công nghệ thông tin
2022-01-19,2370.45,2399.59,2370.38,2380.05,1372500,VNIT,Công nghệ thông tin
2022-01-20,2381.54,2432.98,2377.28,2382.77,2962200,VNIT,Công nghệ thông tin
2022-01-21,2379.29,2398.43,2354.82,2356.49,2711800,VNIT,Công nghệ thông tin
2022-01-24,2352.51,2354.16,2266.05,2272.07,4300700,VNIT,Công nghệ thông tin
2022-01-25,2265.14,2334.55,2246.48,2310.61,2306400,VNIT,Công nghệ thông tin
2022-01-26,2314.14,2326.39,2290.02,2309.42,1770400,VNIT,Công nghệ thông tin
2022-01-27,2301.03,2323.88,2290.14,2304.82,1795200,VNIT,Công nghệ thông tin
2022-01-28,2308.77,2403.12,2304.82,2403.12,2337500,VNIT,Công nghệ thông tin
2022-02-07,2423.94,2430.81,2399.87,2417.63,1241300,VNIT,Công nghệ thông tin
2022-02-08,2419.72,2472.17,2415.49,2442.67,1529700,VNIT,Công nghệ thông tin
2022-02-09,2473.34,2473.34,2442.93,2447.48,1616800,VNIT,Công nghệ thông tin
2022-02-10,2469.09,2476.97,2436.63,2476.97,1610300,VNIT,Công nghệ thông tin
2022-02-11,2460.55,2483.95,2458.0,2469.34,1238400,VNIT,Công nghệ thông tin
2022-02-14,2447.47,2468.42,2437.85,2454.57,1573600,VNIT,Công nghệ thông tin
2022-02-15,2455.52,2475.48,2445.57,2464.77,1392600,VNIT,Công nghệ thông tin
2022-02-16,2479.37,2500.65,2468.1,2469.4,1131400,VNIT,Công nghệ thông tin
2022-02-17,2471.3,2503.5,2460.2,2503.5,1207000,VNIT,Công nghệ thông tin
2022-02-18,2491.38,2500.98,2479.71,2491.98,1633800,VNIT,Công nghệ thông tin
2022-02-21,2494.42,2536.12,2490.69,2523.33,2004100,VNIT,Công nghệ thông tin
2022-02-22,2523.05,2523.05,2483.23,2506.72,2521400,VNIT,Công nghệ thông tin
2022-02-23,2498.29,2531.96,2498.19,2509.16,1724200,VNIT,Công nghệ thông tin
2022-02-24,2508.25,2524.97,2430.17,2484.7,2580700,VNIT,Công nghệ thông tin
2022-02-25,2494.52,2525.11,2491.23,2503.42,2722400,VNIT,Công nghệ thông tin
2022-02-28,2510.01,2536.76,2505.47,2529.67,2080200,VNIT,Công nghệ thông tin
2022-03-01,2546.51,2546.51,2518.08,2538.35,2421400,VNIT,Công nghệ thông tin
2022-03-02,2525.59,2534.51,2515.38,2525.82,1965400,VNIT,Công nghệ thông tin
2022-03-03,2528.37,2550.9,2526.28,2533.92,1670400,VNIT,Công nghệ thông tin
2022-03-04,2530.45,2542.03,2520.66,2533.64,2505500,VNIT,Công nghệ thông tin
2022-03-07,2521.76,2539.49,2497.42,2537.69,2985100,VNIT,Công nghệ thông tin
2022-03-08,2532.31,2575.65,2509.62,2559.38,4000500,VNIT,Công nghệ thông tin
2022-03-09,2555.48,2600.52,2555.48,2574.68,3401800,VNIT,Công nghệ thông tin
2022-03-10,2598.27,2598.27,2558.39,2560.3,2368500,VNIT,Công nghệ thông tin
2022-03-11,2558.35,2562.04,2510.56,2524.8,3817000,VNIT,Công nghệ thông tin
2022-03-14,2520.68,2520.68,2453.45,2482.97,3289500,VNIT,Công nghệ thông tin
2022-03-15,2481.88,2481.88,2429.08,2461.11,3122700,VNIT,Công nghệ thông tin
2022-03-16,2465.29,2497.36,2450.64,2482.27,2420800,VNIT,Công nghệ thông tin
2022-03-17,2488.81,2526.38,2486.41,2509.44,3452700,VNIT,Công nghệ thông tin
2022-03-18,2537.17,2627.16,2537.17,2584.09,4122200,VNIT,Công nghệ thông tin
2022-03-21,2586.48,2604.99,2579.77,2591.2,3037900,VNIT,Công nghệ thông tin
2022-03-22,2606.27,2624.06,2586.22,2606.93,3494100,VNIT,Công nghệ thông tin
2022-03-23,2608.67,2642.33,2605.06,2623.12,4292800,VNIT,Công nghệ thông tin
2022-03-24,2612.45,2645.34,2599.68,2613.89,3370800,VNIT,Công nghệ thông tin
2022-03-25,2620.32,2631.5,2613.39,2619.96,3048900,VNIT,Công nghệ thông tin
2022-03-28,2619.68,2697.71,2607.85,2685.98,4881400,VNIT,Công nghệ thông tin
2022-03-29,2695.99,2848.16,2695.99,2847.4,11221800,VNIT,Công nghệ thông tin
2022-03-30,2872.73,2912.39,2840.13,2882.96,7679000,VNIT,Công nghệ thông tin
2022-03-31,2871.33,2995.97,2852.16,2903.54,5853800,VNIT,Công nghệ thông tin
2022-04-01,2896.12,3008.21,2875.66,3008.21,6092600,VNIT,Công nghệ thông tin
2022-04-04,3057.31,3072.45,2964.64,2964.64,4567800,VNIT,Công nghệ thông tin
2022-04-05,2957.45,3018.85,2957.04,2960.01,5884900,VNIT,Công nghệ thông tin
2022-04-06,2946.18,3084.47,2946.08,3060.16,6829400,VNIT,Công nghệ thông tin
2022-04-07,3077.97,3156.32,3023.28,3051.31,7958000,VNIT,Công nghệ thông tin
2022-04-08,3048.65,3065.15,2931.84,2931.84,7120100,VNIT,Công nghệ thông tin
2022-04-12,2945.75,2996.57,2879.22,2955.68,5338900,VNIT,Công nghệ thông tin
2022-04-13,2962.75,3093.57,2958.71,3093.57,4919000,VNIT,Công nghệ thông tin
2022-04-14,3098.17,3200.03,3096.54,3141.47,5854500,VNIT,Công nghệ thông tin
2022-04-15,3105.73,3176.43,3082.02,3108.74,5243700,VNIT,Công nghệ thông tin
2022-04-18,3107.65,3215.26,3083.59,3140.49,9630800,VNIT,Công nghệ thông tin
2022-04-19,3166.5,3184.23,3052.39,3052.39,7670200,VNIT,Công nghệ thông tin
2022-04-20,3051.65,3076.08,2980.82,3042.53,5774000,VNIT,Công nghệ thông tin
2022-04-21,3018.89,3146.15,3010.03,3045.98,7526700,VNIT,Công nghệ thông tin
2022-04-22,3054.56,3089.96,2877.2,3003.28,9894200,VNIT,Công nghệ thông tin
2022-04-25,2970.31,2994.85,2795.1,2795.1,7078100,VNIT,Công nghệ thông tin
2022-04-26,2723.04,2832.43,2619.89,2813.61,8531800,VNIT,Công nghệ thông tin
2022-04-27,2767.28,2815.11,2716.68,2790.53,3797300,VNIT,Công nghệ thông tin
2022-04-28,2792.42,2881.6,2778.81,2852.84,3569500,VNIT,Công nghệ thông tin
2022-04-29,2854.36,2897.6,2820.7,2847.51,5759400,VNIT,Công nghệ thông tin
2022-05-04,2844.69,2868.73,2822.47,2830.71,2891900,VNIT,Công nghệ thông tin
2022-05-05,2835.34,2854.28,2758.12,2832.37,3719100,VNIT,Công nghệ thông tin
2022-05-06,2763.54,2805.38,2706.39,2706.39,4454800,VNIT,Công nghệ thông tin
2022-05-09,2657.44,2674.53,2541.67,2541.67,6248600,VNIT,Công nghệ thông tin
2022-05-10,2529.86,2651.89,2475.29,2646.33,5336800,VNIT,Công nghệ thông tin
2022-05-11,2637.6,2730.08,2604.32,2730.08,2932500,VNIT,Công nghệ thông tin
2022-05-12,2667.02,2727.47,2548.16,2560.69,4136900,VNIT,Công nghệ thông tin
2022-05-13,2565.23,2631.89,2485.28,2497.32,6309700,VNIT,Công nghệ thông tin
2022-05-16,2596.16,2597.91,2473.61,2473.61,3321300,VNIT,Công nghệ thông tin
2022-05-17,2468.24,2645.09,2447.67,2645.09,3353000,VNIT,Công nghệ thông tin
2022-05-18,2654.77,2663.21,2603.95,2610.52,2934100,VNIT,Công nghệ thông tin
2022-05-19,2539.78,2609.21,2539.78,2590.46,2381200,VNIT,Công nghệ thông tin
2022-05-20,2607.37,2639.38,2587.25,2607.36,2539700,VNIT,Công nghệ thông tin
2022-05-23,2624.95,2624.96,2567.3,2581.63,2312200,VNIT,Công nghệ thông tin
2022-05-24,2581.78,2626.36,2572.5,2626.18,2503800,VNIT,Công nghệ thông tin
2022-05-25,2661.59,2806.54,2638.19,2806.54,5005400,VNIT,Công nghệ thông tin
2022-05-26,2816.31,2862.93,2797.79,2824.78,2665500,VNIT,Công nghệ thông tin
2022-05-27,2824.98,2987.13,2821.56,2984.4,5048000,VNIT,Công nghệ thông tin
2022-05-30,2984.47,2996.26,2917.23,2972.57,3740400,VNIT,Công nghệ thông tin
2022-05-31,2972.3,2972.41,2876.07,2939.16,3317000,VNIT,Công nghệ thông tin
2022-06-01,2939.26,3009.06,2935.06,2982.83,2888400,VNIT,Công nghệ thông tin
2022-06-02,3012.1,3062.91,2966.33,2980.49,3850300,VNIT,Công nghệ thông tin
2022-06-03,2978.53,3041.06,2958.31,3041.06,3045200,VNIT,Công nghệ thông tin
2022-06-06,3039.85,3090.02,3002.82,3017.78,3933200,VNIT,Công nghệ thông tin
2022-06-07,3008.26,3079.47,2899.52,3079.47,4961500,VNIT,Công nghệ thông tin
2022-06-08,3093.01,3133.39,3062.59,3080.22,4999900,VNIT,Công nghệ thông tin
2022-06-09,3096.55,3101.56,3039.48,3087.91,2605400,VNIT,Công nghệ thông tin
2022-06-10,3041.81,3070.16,2949.68,2949.68,4458200,VNIT,Công nghệ thông tin
2022-06-13,2840.88,2909.03,2768.01,2773.19,5356600,VNIT,Công nghệ thông tin
2022-06-14,2754.55,2878.91,2741.46,2850.18,4148300,VNIT,Công nghệ thông tin
2022-06-15,2895.17,2895.17,2813.6,2892.33,3092700,VNIT,Công nghệ thông tin
2022-06-16,2908.83,2997.89,2886.86,2945.16,3549100,VNIT,Công nghệ thông tin
2022-06-17,2884.47,2960.74,2846.91,2940.3,3885200,VNIT,Công nghệ thông tin
2022-06-20,2969.14,3013.68,2909.58,2930.36,3639000,VNIT,Công nghệ thông tin
2022-06-21,2944.88,2981.46,2839.06,2842.67,3322400,VNIT,Công nghệ thông tin
2022-06-22,2848.24,2888.58,2693.77,2698.67,4511700,VNIT,Công nghệ thông tin
2022-06-23,2698.53,2763.81,2668.38,2737.26,2923800,VNIT,Công nghệ thông tin
2022-06-24,2757.03,2800.8,2744.49,2744.49,1511600,VNIT,Công nghệ thông tin
2022-06-27,2762.1,2818.35,2759.21,2779.9,1918700,VNIT,Công nghệ thông tin
2022-06-28,2851.67,2879.88,2795.9,2870.74,3179800,VNIT,Công nghệ thông tin
2022-06-29,2847.8,2873.78,2817.38,2870.51,1971200,VNIT,Công nghệ thông tin
2022-06-30,2857.23,2865.51,2759.55,2759.55,2436600,VNIT,Công nghệ thông tin
2022-07-01,2785.27,2828.93,2709.95,2813.66,2830900,VNIT,Công nghệ thông tin
2022-07-04,2822.26,2827.81,2747.93,2767.39,1623400,VNIT,Công nghệ thông tin
2022-07-05,2797.71,2797.71,2716.77,2716.77,2829300,VNIT,Công nghệ thông tin
2022-07-06,2707.89,2721.04,2646.88,2649.17,3308700,VNIT,Công nghệ thông tin
2022-07-07,2662.33,2686.07,2641.31,2644.8,2007000,VNIT,Công nghệ thông tin
2022-07-08,2668.15,2672.98,2645.81,2662.15,1368700,VNIT,Công nghệ thông tin
2022-07-11,2684.05,2684.05,2627.73,2627.73,2110400,VNIT,Công nghệ thông tin
2022-07-12,2628.56,2656.4,2625.68,2656.4,1119400,VNIT,Công nghệ thông tin
2022-07-13,2671.7,2671.7,2627.46,2627.46,1638200,VNIT,Công nghệ thông tin
2022-07-14,2634.93,2653.98,2617.34,2633.02,1394700,VNIT,Công nghệ thông tin
2022-07-15,2667.6,2667.6,2609.23,2612.04,2018600,VNIT,Công nghệ thông tin
2022-07-18,2629.35,2676.76,2617.39,2642.51,1999500,VNIT,Công nghệ thông tin
2022-07-19,2638.95,2642.82,2613.75,2642.82,1772700,VNIT,Công nghệ thông tin
2022-07-20,2703.1,2737.35,2674.26,2709.88,4056000,VNIT,Công nghệ thông tin
2022-07-21,2742.72,2746.67,2701.8,2721.45,2966000,VNIT,Công nghệ thông tin
2022-07-22,2763.31,2763.6,2717.17,2717.17,1955200,VNIT,Công nghệ thông tin
2022-07-25,2714.19,2749.63,2714.19,2722.53,3002900,VNIT,Công nghệ thông tin
2022-07-26,2739.08,2739.08,2705.85,2709.48,1900000,VNIT,Công nghệ thông tin
2022-07-27,2701.77,2721.06,2694.79,2721.06,1135600,VNIT,Công nghệ thông tin
2022-07-28,2722.88,2742.96,2669.56,2711.46,2346600,VNIT,Công nghệ thông tin
2022-07-29,2718.31,2718.31,2666.62,2666.62,2580500,VNIT,Công nghệ thông tin
2022-08-01,2667.93,2691.21,2654.98,2691.21,2955000,VNIT,Công nghệ thông tin
2022-08-02,2689.01,2722.47,2674.16,2719.14,2518700,VNIT,Công nghệ thông tin
2022-08-03,2715.58,2723.0,2692.18,2714.02,2988300,VNIT,Công nghệ thông tin
2022-08-04,2723.29,2777.53,2717.78,2759.3,4649800,VNIT,Công nghệ thông tin
2022-08-05,2756.77,2791.8,2742.73,2750.47,2495500,VNIT,Công nghệ thông tin
2022-08-08,2749.81,2768.54,2735.04,2761.79,2503400,VNIT,Công nghệ thông tin
2022-08-09,2760.86,2801.8,2752.45,2766.06,4383900,VNIT,Công nghệ thông tin
2022-08-10,2770.07,2776.84,2755.97,2755.99,2305400,VNIT,Công nghệ thông tin
2022-08-11,2765.12,2782.27,2745.86,2756.61,3796700,VNIT,Công nghệ thông tin
2022-08-12,2756.36,2780.07,2747.76,2780.07,2868600,VNIT,Công nghệ thông tin
2022-08-15,2783.85,2865.88,2783.85,2865.88,4776500,VNIT,Công nghệ thông tin
2022-08-16,2868.98,2886.95,2846.19,2864.07,2554800,VNIT,Công nghệ thông tin
2022-08-17,2870.95,2874.16,2839.28,2852.95,2717000,VNIT,Công nghệ thông tin
2022-08-18,2840.4,2891.2,2837.56,2850.17,3614800,VNIT,Công nghệ thông tin
2022-08-19,2843.43,2859.96,2787.76,2809.36,2974200,VNIT,Công nghệ thông tin
2022-08-22,2808.7,2825.43,2779.57,2810.05,2792900,VNIT,Công nghệ thông tin
2022-08-23,2784.0,2815.18,2784.0,2815.18,1914200,VNIT,Công nghệ thông tin
2022-08-24,2801.17,2811.23,2788.04,2791.86,1953200,VNIT,Công nghệ thông tin
2022-08-25,2794.33,2806.48,2780.96,2791.2,2199300,VNIT,Công nghệ thông tin
2022-08-26,2794.34,2835.42,2789.88,2813.85,3164200,VNIT,Công nghệ thông tin
2022-08-29,2803.55,2803.82,2731.45,2789.61,3701800,VNIT,Công nghệ thông tin
2022-08-30,2792.77,2809.38,2776.04,2787.47,2458000,VNIT,Công nghệ thông tin
2022-08-31,2766.13,2807.26,2765.85,2792.63,3650100,VNIT,Công nghệ thông tin
2022-09-05,2789.41,2796.59,2773.62,2784.31,3249300,VNIT,Công nghệ thông tin
2022-09-06,2778.8,2794.87,2778.68,2782.48,3376300,VNIT,Công nghệ thông tin
2022-09-07,2774.2,2785.45,2718.4,2718.4,4881800,VNIT,Công nghệ thông tin
2022-09-08,2726.05,2757.15,2713.23,2732.25,3009300,VNIT,Công nghệ thông tin
2022-09-09,2741.49,2753.88,2732.92,2738.0,2706300,VNIT,Công nghệ thông tin
2022-09-12,2766.17,2776.96,2746.54,2762.76,4365811,VNIT,Công nghệ thông tin
2022-09-13,2775.16,2782.08,2755.24,2761.81,3208200,VNIT,Công nghệ thông tin
2022-09-14,2724.15,2760.25,2724.15,2746.38,2972200,VNIT,Công nghệ thông tin
2022-09-15,2762.12,2763.48,2741.12,2741.12,2480000,VNIT,Công nghệ thông tin
2022-09-16,2742.19,2749.65,2699.69,2699.69,2750500,VNIT,Công nghệ thông tin
2022-09-19,2699.79,2720.78,2667.06,2699.42,4915000,VNIT,Công nghệ thông tin
2022-09-20,2704.39,2724.09,2676.44,2715.51,1914800,VNIT,Công nghệ thông tin
2022-09-21,2712.08,2713.78,2681.33,2681.33,1730700,VNIT,Công nghệ thông tin
2022-09-22,2669.18,2706.2,2666.08,2703.13,2493000,VNIT,Công nghệ thông tin
2022-09-23,2709.36,2709.36,2679.77,2685.03,1882300,VNIT,Công nghệ thông tin
2022-09-26,2652.21,2667.76,2606.33,2640.42,4596200,VNIT,Công nghệ thông tin
2022-09-27,2652.79,2652.79,2606.19,2606.19,2225000,VNIT,Công nghệ thông tin
2022-09-28,2594.54,2602.94,2521.29,2521.29,3545439,VNIT,Công nghệ thông tin
2022-09-29,2576.55,2588.82,2492.23,2492.23,2585221,VNIT,Công nghệ thông tin
2022-09-30,2489.91,2604.92,2478.32,2598.37,3446885,VNIT,Công nghệ thông tin
2022-10-03,2570.94,2588.56,2461.82,2478.71,2641398,VNIT,Công nghệ thông tin
2022-10-04,2510.28,2536.87,2477.55,2486.12,3239253,VNIT,Công nghệ thông tin
2022-10-05,2534.85,2556.5,2521.08,2525.63,1998000,VNIT,Công nghệ thông tin
2022-10-06,2539.97,2540.36,2461.12,2461.35,2526754,VNIT,Công nghệ thông tin
2022-10-07,2450.17,2450.17,2377.05,2377.05,3627927,VNIT,Công nghệ thông tin
2022-10-10,2354.77,2433.68,2323.76,2391.03,2876402,VNIT,Công nghệ thông tin
2022-10-11,2395.79,2396.07,2298.59,2298.59,3458175,VNIT,Công nghệ thông tin
2022-10-12,2300.64,2378.11,2300.64,2352.65,3050831,VNIT,Công nghệ thông tin
2022-10-13,2354.77,2373.1,2322.39,2373.1,2132004,VNIT,Công nghệ thông tin
2022-10-14,2419.52,2423.01,2389.88,2412.37,3353305,VNIT,Công nghệ thông tin
2022-10-17,2393.64,2407.47,2365.51,2405.61,2111126,VNIT,Công nghệ thông tin
2022-10-18,2416.43,2451.22,2408.9,2431.53,2203552,VNIT,Công nghệ thông tin
2022-10-19,2434.06,2474.97,2427.71,2452.09,2129478,VNIT,Công nghệ thông tin
2022-10-20,2462.54,2538.29,2445.63,2515.13,2740663,VNIT,Công nghệ thông tin
2022-10-21,2513.51,2514.62,2387.59,2387.59,4406144,VNIT,Công nghệ thông tin
2022-10-24,2387.91,2402.7,2286.3,2290.01,3890483,VNIT,Công nghệ thông tin
2022-10-25,2299.92,2398.72,2283.66,2360.59,3586829,VNIT,Công nghệ thông tin
2022-10-26,2401.05,2401.05,2348.46,2379.39,1578906,VNIT,Công nghệ thông tin
2022-10-27,2388.84,2459.3,2372.61,2447.04,2432854,VNIT,Công nghệ thông tin
2022-10-28,2462.4,2462.83,2409.89,2418.03,2219713,VNIT,Công nghệ thông tin
2022-10-31,2418.03,2442.99,2368.91,2431.64,2355728,VNIT,Công nghệ thông tin
2022-11-01,2454.4,2469.16,2412.74,2422.12,1513128,VNIT,Công nghệ thông tin
2022-11-02,2412.54,2431.32,2378.57,2378.57,2421391,VNIT,Công nghệ thông tin
2022-11-03,2388.54,2427.57,2363.16,2379.73,1494746,VNIT,Công nghệ thông tin
2022-11-04,2375.25,2376.92,2289.58,2329.16,3877146,VNIT,Công nghệ thông tin
2022-11-07,2320.94,2359.14,2305.17,2305.28,3443219,VNIT,Công nghệ thông tin
2022-11-08,2270.08,2347.64,2268.18,2330.82,2196940,VNIT,Công nghệ thông tin
2022-11-09,2336.15,2366.73,2328.63,2345.64,1737985,VNIT,Công nghệ thông tin
2022-11-10,2329.38,2329.77,2189.67,2303.99,3273232,VNIT,Công nghệ thông tin
2022-11-11,2306.05,2322.69,2267.71,2290.78,3432890,VNIT,Công nghệ thông tin
2022-11-14,2282.6,2282.6,2197.54,2224.32,2223053,VNIT,Công nghệ thông tin
2022-11-15,2193.06,2193.06,2070.27,2070.38,4093084,VNIT,Công nghệ thông tin
2022-11-16,1928.25,2186.63,1927.03,2180.2,6624167,VNIT,Công nghệ thông tin
2022-11-17,2184.27,2267.2,2062.68,2235.53,2566190,VNIT,Công nghệ thông tin
2022-11-18,2212.12,2264.67,2175.83,2256.82,3038931,VNIT,Công nghệ thông tin
2022-11-21,2199.16,2268.14,2193.91,2208.68,2366707,VNIT,Công nghệ thông tin
2022-11-22,2208.77,2268.15,2173.78,2214.62,3503463,VNIT,Công nghệ thông tin
2022-11-23,2203.24,2232.18,2187.51,2213.32,1206194,VNIT,Công nghệ thông tin
2022-11-24,2189.89,2226.75,2176.55,2207.75,2074318,VNIT,Công nghệ thông tin
2022-11-25,2212.25,2255.18,2209.64,2255.18,2280915,VNIT,Công nghệ thông tin
2022-11-28,2271.31,2337.04,2268.56,2331.41,3565916,VNIT,Công nghệ thông tin
2022-11-29,2352.64,2352.64,2296.31,2342.76,3282327,VNIT,Công nghệ thông tin
2022-11-30,2355.34,2370.9,2327.44,2362.72,2405234,VNIT,Công nghệ thông tin
2022-12-01,2386.15,2404.7,2351.25,2369.42,4020906,VNIT,Công nghệ thông tin
2022-12-02,2361.1,2459.38,2342.59,2453.79,4994215,VNIT,Công nghệ thông tin
2022-12-05,2472.76,2498.37,2450.78,2478.77,2985455,VNIT,Công nghệ thông tin
2022-12-06,2472.67,2491.35,2400.14,2400.14,3759932,VNIT,Công nghệ thông tin
2022-12-07,2394.41,2411.41,2357.32,2405.11,2609466,VNIT,Công nghệ thông tin
2022-12-08,2421.08,2482.05,2387.84,2430.06,2606500,VNIT,Công nghệ thông tin
2022-12-09,2413.06,2456.61,2405.51,2456.61,1785015,VNIT,Công nghệ thông tin
2022-12-12,2447.26,2467.53,2406.61,2423.83,2560542,VNIT,Công nghệ thông tin
2022-12-13,2400.97,2434.98,2374.14,2434.98,2159513,VNIT,Công nghệ thông tin
2022-12-14,2435.35,2445.15,2403.12,2407.01,2061558,VNIT,Công nghệ thông tin
2022-12-15,2408.41,2460.14,2408.41,2449.34,2236419,VNIT,Công nghệ thông tin
2022-12-16,2427.77,2461.07,2410.46,2456.44,2333667,VNIT,Công nghệ thông tin
2022-12-19,2455.61,2469.22,2413.34,2413.34,2488835,VNIT,Công nghệ thông tin
2022-12-20,2432.13,2432.13,2369.12,2405.02,2619035,VNIT,Công nghệ thông tin
2022-12-21,2423.64,2429.33,2370.45,2417.73,1932088,VNIT,Công nghệ thông tin
2022-12-22,2421.99,2429.95,2385.0,2421.19,1538981,VNIT,Công nghệ thông tin
2022-12-23,2398.3,2443.55,2392.54,2443.23,1905058,VNIT,Công nghệ thông tin
2022-12-26,2434.62,2443.23,2385.18,2385.18,1620959,VNIT,Công nghệ thông tin
2022-12-27,2385.19,2420.51,2378.41,2396.0,1713547,VNIT,Công nghệ thông tin
2022-12-28,2410.85,2410.85,2381.73,2401.82,1180276,VNIT,Công nghệ thông tin
2022-12-29,2398.11,2410.9,2383.41,2387.95,1197132,VNIT,Công nghệ thông tin
2022-12-30,2386.18,2409.03,2376.9,2409.03,1040753,VNIT,Công nghệ thông tin
2023-01-03,2410.1,2508.16,2407.22,2508.16,2559148,VNIT,Công nghệ thông tin
2023-01-04,2533.46,2539.19,2482.45,2507.57,1468800,VNIT,Công nghệ thông tin
2023-01-05,2514.87,2550.78,2514.62,2524.37,1877448,VNIT,Công nghệ thông tin
2023-01-06,2519.37,2539.18,2505.24,2512.07,1652966,VNIT,Công nghệ thông tin
2023-01-09,2513.86,2531.07,2496.86,2510.21,1095886,VNIT,Công nghệ thông tin
2023-01-10,2526.18,2541.7,2504.86,2519.14,1593189,VNIT,Công nghệ thông tin
2023-01-11,2517.8,2551.75,2517.21,2532.13,1874666,VNIT,Công nghệ thông tin
2023-01-12,2535.19,2550.37,2507.23,2525.84,1174911,VNIT,Công nghệ thông tin
2023-01-13,2518.03,2539.32,2504.8,2504.8,1410700,VNIT,Công nghệ thông tin
2023-01-16,2508.93,2532.4,2492.34,2525.48,1198663,VNIT,Công nghệ thông tin
2023-01-17,2538.13,2563.88,2531.78,2563.88,1797086,VNIT,Công nghệ thông tin
2023-01-18,2567.32,2613.71,2559.16,2613.71,2879559,VNIT,Công nghệ thông tin
2023-01-19,2603.25,2636.6,2597.95,2631.82,3106750,VNIT,Công nghệ thông tin
2023-01-27,2640.0,2684.31,2639.1,2639.1,2761323,VNIT,Công nghệ thông tin
2023-01-30,2644.73,2648.84,2627.58,2628.01,2566144,VNIT,Công nghệ thông tin
2023-01-31,2622.06,2627.82,2568.2,2626.47,3001774,VNIT,Công nghệ thông tin
2023-02-01,2643.38,2643.38,2569.59,2572.74,2921361,VNIT,Công nghệ thông tin
2023-02-02,2574.77,2582.98,2551.22,2568.81,2220517,VNIT,Công nghệ thông tin
2023-02-03,2572.12,2572.19,2520.24,2520.24,2385822,VNIT,Công nghệ thông tin
2023-02-06,2517.08,2562.29,2510.31,2530.27,1610746,VNIT,Công nghệ thông tin
2023-02-07,2530.27,2574.7,2529.85,2533.39,2278079,VNIT,Công nghệ thông tin
2023-02-08,2538.5,2565.47,2531.84,2551.04,1816946,VNIT,Công nghệ thông tin
2023-02-09,2545.76,2561.19,2533.72,2534.24,1567374,VNIT,Công nghệ thông tin
2023-02-10,2546.0,2546.0,2521.79,2530.16,1699655,VNIT,Công nghệ thông tin
2023-02-13,2530.16,2541.18,2501.28,2528.47,1714816,VNIT,Công nghệ thông tin
2023-02-14,2529.53,2535.71,2513.17,2531.86,1176909,VNIT,Công nghệ thông tin
2023-02-15,2524.03,2565.43,2517.54,2556.13,1337055,VNIT,Công nghệ thông tin
2023-02-16,2556.43,2567.98,2533.43,2558.24,1065574,VNIT,Công nghệ thông tin
2023-02-17,2543.01,2556.61,2536.95,2556.61,1599676,VNIT,Công nghệ thông tin
2023-02-20,2558.01,2596.88,2550.37,2595.5,2552609,VNIT,Công nghệ thông tin
2023-02-21,2596.97,2624.53,2590.91,2598.05,2799890,VNIT,Công nghệ thông tin
2023-02-22,2597.22,2597.22,2564.27,2564.27,2442718,VNIT,Công nghệ thông tin
2023-02-23,2560.69,2562.36,2522.11,2552.57,2664091,VNIT,Công nghệ thông tin
2023-02-24,2543.81,2549.31,2518.27,2531.2,1216680,VNIT,Công nghệ thông tin
2023-02-27,2527.73,2527.73,2498.4,2508.92,2345270,VNIT,Công nghệ thông tin
2023-02-28,2504.64,2520.5,2484.39,2513.88,1990574,VNIT,Công nghệ thông tin
2023-03-01,2486.4,2518.5,2460.84,2518.45,2351170,VNIT,Công nghệ thông tin
2023-03-02,2504.25,2516.71,2492.8,2501.22,1094761,VNIT,Công nghệ thông tin
2023-03-03,2500.46,2500.6,2454.56,2454.56,1555550,VNIT,Công nghệ thông tin
2023-03-06,2447.21,2495.05,2445.83,2445.83,1637535,VNIT,Công nghệ thông tin
2023-03-07,2473.19,2493.02,2459.48,2460.68,1974965,VNIT,Công nghệ thông tin
2023-03-08,2449.6,2481.0,2449.54,2481.0,2476356,VNIT,Công nghệ thông tin
2023-03-09,2482.54,2520.84,2476.16,2519.21,2641601,VNIT,Công nghệ thông tin
2023-03-10,2506.87,2512.42,2472.07,2487.81,2297108,VNIT,Công nghệ thông tin
2023-03-13,2461.38,2482.74,2452.6,2467.56,2065777,VNIT,Công nghệ thông tin
2023-03-14,2468.41,2471.94,2450.09,2454.39,1972285,VNIT,Công nghệ thông tin
2023-03-15,2459.64,2513.29,2459.64,2513.29,2086783,VNIT,Công nghệ thông tin
2023-03-16,2496.81,2496.81,2448.41,2472.65,1660530,VNIT,Công nghệ thông tin
2023-03-17,2485.31,2495.36,2456.48,2467.65,1166231,VNIT,Công nghệ thông tin
2023-03-20,2471.1,2476.31,2422.38,2423.01,1867420,VNIT,Công nghệ thông tin
2023-03-21,2453.26,2456.0,2406.08,2438.7,2039143,VNIT,Công nghệ thông tin
2023-03-22,2442.89,2449.19,2423.01,2445.3,2475921,VNIT,Công nghệ thông tin
2023-03-23,2440.94,2445.88,2417.71,2433.09,1238851,VNIT,Công nghệ thông tin
2023-03-24,2442.99,2457.94,2432.46,2449.84,1360080,VNIT,Công nghệ thông tin
2023-03-27,2450.11,2465.95,2446.75,2462.97,1960694,VNIT,Công nghệ thông tin
2023-03-28,2466.46,2466.73,2417.39,2464.93,2949833,VNIT,Công nghệ thông tin
2023-03-29,2465.38,2467.98,2444.5,2455.67,2990411,VNIT,Công nghệ thông tin
2023-03-30,2455.25,2465.63,2444.58,2453.28,6893318,VNIT,Công nghệ thông tin
2023-03-31,2453.39,2467.31,2445.3,2451.99,3559121,VNIT,Công nghệ thông tin
2023-04-03,2462.31,2508.85,2454.04,2508.85,3664976,VNIT,Công nghệ thông tin
2023-04-04,2507.84,2510.59,2487.64,2502.71,4607788,VNIT,Công nghệ thông tin
2023-04-05,2503.35,2510.22,2478.92,2510.22,3552068,VNIT,Công nghệ thông tin
2023-04-06,2513.71,2536.61,2496.36,2497.67,3316581,VNIT,Công nghệ thông tin
2023-04-07,2494.34,2509.16,2485.6,2502.89,2053442,VNIT,Công nghệ thông tin
2023-04-10,2519.91,2519.91,2496.08,2503.14,4889596,VNIT,Công nghệ thông tin
2023-04-11,2501.92,2510.82,2495.45,2505.45,3501568,VNIT,Công nghệ thông tin
2023-04-12,2504.56,2509.68,2492.67,2503.76,2791705,VNIT,Công nghệ thông tin
2023-04-13,2504.69,2507.71,2475.56,2484.63,2830762,VNIT,Công nghệ thông tin
2023-04-14,2494.26,2496.99,2473.15,2480.78,2618193,VNIT,Công nghệ thông tin
2023-04-17,2479.95,2483.7,2462.08,2479.87,2121316,VNIT,Công nghệ thông tin
2023-04-18,2481.9,2495.48,2472.1,2478.22,2950105,VNIT,Công nghệ thông tin
2023-04-19,2488.66,2488.66,2477.26,2480.02,5449667,VNIT,Công nghệ thông tin
2023-04-20,2494.69,2494.69,2474.06,2480.9,2166027,VNIT,Công nghệ thông tin
2023-04-21,2499.77,2500.05,2475.93,2476.87,2656782,VNIT,Công nghệ thông tin
2023-04-24,2484.59,2512.4,2464.1,2469.13,3545487,VNIT,Công nghệ thông tin
2023-04-25,2470.66,2476.21,2441.19,2445.34,2539778,VNIT,Công nghệ thông tin
2023-04-26,2435.9,2447.3,2422.71,2444.86,2123959,VNIT,Công nghệ thông tin
2023-04-27,2439.09,2459.37,2439.09,2444.24,1383523,VNIT,Công nghệ thông tin
2023-04-28,2459.23,2459.51,2424.03,2424.03,2978946,VNIT,Công nghệ thông tin
2023-05-04,2432.25,2457.95,2429.5,2451.77,2182026,VNIT,Công nghệ thông tin
2023-05-05,2456.0,2456.26,2442.62,2448.79,1635665,VNIT,Công nghệ thông tin
2023-05-08,2452.71,2462.52,2448.54,2449.99,2747427,VNIT,Công nghệ thông tin
2023-05-09,2453.15,2486.2,2452.87,2462.68,1824061,VNIT,Công nghệ thông tin
2023-05-10,2465.65,2483.57,2465.65,2468.76,2545340,VNIT,Công nghệ thông tin
2023-05-11,2473.23,2486.98,2468.16,2471.15,2679068,VNIT,Công nghệ thông tin
2023-05-12,2477.14,2510.57,2460.81,2510.57,3289818,VNIT,Công nghệ thông tin
2023-05-15,2510.57,2548.89,2510.57,2522.82,3174142,VNIT,Công nghệ thông tin
2023-05-16,2523.1,2542.09,2515.64,2535.18,3093680,VNIT,Công nghệ thông tin
2023-05-17,2547.47,2569.93,2524.47,2535.19,2395083,VNIT,Công nghệ thông tin
2023-05-18,2544.12,2578.97,2532.38,2576.33,2710461,VNIT,Công nghệ thông tin
2023-05-19,2580.1,2587.35,2543.26,2573.33,2063778,VNIT,Công nghệ thông tin
2023-05-22,2573.57,2574.55,2551.15,2567.43,2588645,VNIT,Công nghệ thông tin
2023-05-23,2566.59,2566.59,2533.91,2551.53,2120540,VNIT,Công nghệ thông tin
2023-05-24,2552.74,2554.64,2526.35,2530.42,2320024,VNIT,Công nghệ thông tin
2023-05-25,2527.12,2588.83,2521.35,2583.77,3149578,VNIT,Công nghệ thông tin
2023-05-26,2584.65,2589.36,2560.69,2581.15,1596883,VNIT,Công nghệ thông tin
2023-05-29,2593.24,2599.23,2577.67,2585.31,3005985,VNIT,Công nghệ thông tin
2023-05-30,2582.14,2640.29,2582.14,2615.12,5639314,VNIT,Công nghệ thông tin
2023-05-31,2621.39,2621.39,2587.85,2616.8,2917106,VNIT,Công nghệ thông tin
2023-06-01,2614.45,2614.45,2588.96,2601.97,3059877,VNIT,Công nghệ thông tin
2023-06-02,2602.91,2627.63,2590.19,2614.23,3662618,VNIT,Công nghệ thông tin
2023-06-05,2619.42,2660.65,2615.37,2654.59,4377621,VNIT,Công nghệ thông tin
2023-06-06,2666.65,2666.65,2645.54,2665.89,2913467,VNIT,Công nghệ thông tin
2023-06-07,2654.46,2669.34,2636.88,2658.21,3933728,VNIT,Công nghệ thông tin
2023-06-08,2650.38,2656.66,2610.66,2612.88,3612304,VNIT,Công nghệ thông tin
2023-06-09,2631.6,2647.16,2613.16,2647.16,3294918,VNIT,Công nghệ thông tin
2023-06-12,2646.62,2663.59,2619.96,2663.59,4991964,VNIT,Công nghệ thông tin
2023-06-13,2650.44,2662.65,2644.69,2647.22,3391331,VNIT,Công nghệ thông tin
2023-06-14,2644.61,2659.6,2636.47,2638.88,3535441,VNIT,Công nghệ thông tin
2023-06-15,2633.11,2643.18,2619.95,2635.27,3238220,VNIT,Công nghệ thông tin
2023-06-16,2636.64,2698.04,2615.02,2646.06,4657594,VNIT,Công nghệ thông tin
2023-06-19,2652.76,2674.43,2647.84,2654.99,2745227,VNIT,Công nghệ thông tin
2023-06-20,2662.76,2687.33,2654.1,2681.49,2563923,VNIT,Công nghệ thông tin
2023-06-21,2681.49,2705.79,2677.79,2689.95,3574651,VNIT,Công nghệ thông tin
2023-06-22,2698.78,2711.57,2656.63,2682.72,3454926,VNIT,Công nghệ thông tin
2023-06-23,2686.1,2686.1,2659.14,2669.0,2968700,VNIT,Công nghệ thông tin
2023-06-26,2670.93,2700.28,2653.32,2700.28,4847508,VNIT,Công nghệ thông tin
2023-06-27,2701.02,2741.03,2700.76,2741.03,3743480,VNIT,Công nghệ thông tin
2023-06-28,2740.52,2752.62,2727.98,2730.59,2601698,VNIT,Công nghệ thông tin
2023-06-29,2730.86,2734.02,2709.82,2709.82,3048050,VNIT,Công nghệ thông tin
2023-06-30,2710.28,2717.46,2698.24,2698.24,3217255,VNIT,Công nghệ thông tin
2023-07-03,2714.33,2721.46,2697.99,2710.53,2227406,VNIT,Công nghệ thông tin
2023-07-04,2710.76,2729.84,2704.32,2729.84,3261295,VNIT,Công nghệ thông tin
2023-07-05,2713.09,2760.39,2705.16,2705.16,6167779,VNIT,Công nghệ thông tin
2023-07-06,2705.16,2718.44,2675.62,2697.67,4713274,VNIT,Công nghệ thông tin
2023-07-07,2683.69,2729.37,2683.69,2729.37,5104437,VNIT,Công nghệ thông tin
2023-07-10,2733.12,2752.49,2721.48,2734.7,5139658,VNIT,Công nghệ thông tin
2023-07-11,2734.32,2740.94,2723.68,2727.68,5112908,VNIT,Công nghệ thông tin
2023-07-12,2728.23,2754.39,2725.25,2739.94,4342162,VNIT,Công nghệ thông tin
2023-07-13,2757.17,2762.74,2742.4,2761.82,3968901,VNIT,Công nghệ thông tin
2023-07-14,2773.28,2843.71,2773.28,2843.71,5461747,VNIT,Công nghệ thông tin
2023-07-17,2867.87,2875.43,2850.57,2865.53,3542012,VNIT,Công nghệ thông tin
2023-07-18,2865.28,2865.28,2833.11,2854.98,4363170,VNIT,Công nghệ thông tin
2023-07-19,2849.08,2861.96,2839.68,2848.98,2800550,VNIT,Công nghệ thông tin
2023-07-20,2852.44,2942.05,2847.66,2913.61,6586198,VNIT,Công nghệ thông tin
2023-07-21,2893.97,2946.6,2891.11,2946.6,4982639,VNIT,Công nghệ thông tin
2023-07-24,2947.15,2956.89,2929.58,2945.35,3893181,VNIT,Công nghệ thông tin
2023-07-25,2943.84,2983.64,2942.77,2951.71,4308217,VNIT,Công nghệ thông tin
2023-07-26,2948.57,2994.42,2942.26,2994.42,4325515,VNIT,Công nghệ thông tin
2023-07-27,2999.85,3054.8,2999.58,3033.59,4326937,VNIT,Công nghệ thông tin
2023-07-28,3026.68,3056.57,3012.94,3056.57,4128414,VNIT,Công nghệ thông tin
2023-07-31,3065.93,3101.97,3055.53,3100.67,5167935,VNIT,Công nghệ thông tin
2023-08-01,3103.61,3115.54,3062.17,3062.17,3877825,VNIT,Công nghệ thông tin
2023-08-02,3062.17,3073.18,3032.64,3032.64,4518871,VNIT,Công nghệ thông tin
2023-08-03,3041.01,3062.43,3011.85,3044.46,6107885,VNIT,Công nghệ thông tin
2023-08-04,3045.01,3071.76,3032.96,3032.96,3491450,VNIT,Công nghệ thông tin
2023-08-07,3033.52,3073.36,3032.73,3073.36,3442506,VNIT,Công nghệ thông tin
2023-08-08,3055.38,3076.63,3046.28,3060.82,2971116,VNIT,Công nghệ thông tin
2023-08-09,3051.92,3076.22,3021.59,3026.93,3278356,VNIT,Công nghệ thông tin
2023-08-10,3026.83,3032.13,2992.7,2992.7,3086567,VNIT,Công nghệ thông tin
2023-08-11,2986.22,3016.07,2962.21,2984.41,5201515,VNIT,Công nghệ thông tin
2023-08-14,2987.81,3025.57,2983.0,3006.73,3718333,VNIT,Công nghệ thông tin
2023-08-15,3009.94,3060.2,2972.33,3052.22,3666807,VNIT,Công nghệ thông tin
2023-08-16,3025.66,3090.52,3022.79,3086.33,4552221,VNIT,Công nghệ thông tin
2023-08-17,3086.64,3155.27,3082.22,3117.11,6550500,VNIT,Công nghệ thông tin
2023-08-18,3101.44,3177.09,3047.16,3089.43,8803226,VNIT,Công nghệ thông tin
2023-08-21,3094.77,3129.7,3084.88,3100.77,4932100,VNIT,Công nghệ thông tin
2023-08-22,3116.6,3133.16,3004.7,3133.16,6531847,VNIT,Công nghệ thông tin
2023-08-23,3130.9,3142.53,3071.75,3132.61,3417829,VNIT,Công nghệ thông tin
2023-08-24,3096.23,3256.53,3085.76,3256.53,9214674,VNIT,Công nghệ thông tin
2023-08-25,3255.6,3293.76,3225.0,3279.61,5869481,VNIT,Công nghệ thông tin
2023-08-28,3328.09,3404.9,3293.9,3398.67,6767832,VNIT,Công nghệ thông tin
2023-08-29,3398.86,3399.58,3355.57,3386.4,4558467,VNIT,Công nghệ thông tin
2023-08-30,3373.62,3542.33,3370.58,3489.34,5188007,VNIT,Công nghệ thông tin
2023-08-31,3490.36,3520.58,3472.38,3492.67,3905330,VNIT,Công nghệ thông tin
2023-09-05,3506.18,3559.54,3495.59,3498.98,3890260,VNIT,Công nghệ thông tin
2023-09-06,3515.89,3573.59,3481.36,3573.59,4806949,VNIT,Công nghệ thông tin
2023-09-07,3575.54,3633.58,3522.16,3531.88,6128344,VNIT,Công nghệ thông tin
2023-09-08,3518.17,3553.2,3503.47,3526.46,4635780,VNIT,Công nghệ thông tin
2023-09-11,3529.49,3578.57,3453.02,3519.36,8254533,VNIT,Công nghệ thông tin
2023-09-12,3518.34,3576.0,3517.64,3576.0,5455213,VNIT,Công nghệ thông tin
2023-09-13,3579.65,3581.8,3523.24,3543.87,6410837,VNIT,Công nghệ thông tin
2023-09-14,3543.87,3543.87,3454.31,3468.14,6328468,VNIT,Công nghệ thông tin
2023-09-15,3472.65,3527.46,3442.55,3519.56,4337451,VNIT,Công nghệ thông tin
2023-09-18,3498.54,3499.64,3454.28,3496.16,4081013,VNIT,Công nghệ thông tin
2023-09-19,3494.95,3552.11,3458.78,3552.11,6145791,VNIT,Công nghệ thông tin
2023-09-20,3570.37,3600.57,3556.08,3560.87,5236273,VNIT,Công nghệ thông tin
2023-09-21,3559.22,3572.9,3484.55,3499.56,5666057,VNIT,Công nghệ thông tin
2023-09-22,3437.15,3498.92,3348.9,3487.57,10885210,VNIT,Công nghệ thông tin
2023-09-25,3490.77,3516.43,3395.08,3395.08,5349960,VNIT,Công nghệ thông tin
2023-09-26,3386.25,3437.94,3355.59,3367.66,4805625,VNIT,Công nghệ thông tin
2023-09-27,3383.7,3404.9,3260.59,3404.9,6419537,VNIT,Công nghệ thông tin
2023-09-28,3402.31,3402.69,3303.07,3392.95,3610475,VNIT,Công nghệ thông tin
2023-09-29,3393.04,3426.16,3355.69,3355.69,3936701,VNIT,Công nghệ thông tin
2023-10-02,3377.72,3389.78,3329.68,3369.14,2214152,VNIT,Công nghệ thông tin
2023-10-03,3334.02,3372.74,3299.85,3322.91,6242937,VNIT,Công nghệ thông tin
2023-10-04,3317.02,3365.93,3286.32,3338.3,3475902,VNIT,Công nghệ thông tin
2023-10-05,3351.39,3364.19,3306.03,3306.16,2752302,VNIT,Công nghệ thông tin
2023-10-06,3302.01,3352.4,3287.63,3351.68,3075266,VNIT,Công nghệ thông tin
2023-10-09,3341.81,3451.26,3335.18,3451.26,5548160,VNIT,Công nghệ thông tin
2023-10-10,3480.57,3507.78,3445.11,3475.1,5484712,VNIT,Công nghệ thông tin
2023-10-11,3459.7,3531.22,3459.7,3503.25,4849370,VNIT,Công nghệ thông tin
2023-10-12,3505.16,3534.19,3470.41,3490.0,5261340,VNIT,Công nghệ thông tin
2023-10-13,3473.23,3483.91,3445.45,3479.09,4587147,VNIT,Công nghệ thông tin
2023-10-16,3500.02,3564.96,3488.68,3493.34,7316516,VNIT,Công nghệ thông tin
2023-10-17,3527.87,3527.87,3357.72,3357.72,5628975,VNIT,Công nghệ thông tin
2023-10-18,3421.88,3421.88,3279.04,3357.52,9786754,VNIT,Công nghệ thông tin
2023-10-19,3390.34,3398.18,3316.61,3317.4,5173804,VNIT,Công nghệ thông tin
2023-10-20,3314.92,3353.56,3249.21,3349.74,5271610,VNIT,Công nghệ thông tin
2023-10-23,3377.73,3377.73,3271.2,3279.98,3325116,VNIT,Công nghệ thông tin
2023-10-24,3280.55,3324.55,3270.59,3314.69,2809112,VNIT,Công nghệ thông tin
2023-10-25,3311.22,3341.94,3279.0,3279.0,3197997,VNIT,Công nghệ thông tin
2023-10-26,3188.31,3242.52,3104.01,3126.17,9020082,VNIT,Công nghệ thông tin
2023-10-27,3150.87,3168.41,3099.69,3129.55,3852096,VNIT,Công nghệ thông tin
2023-10-30,3128.07,3130.12,3051.95,3051.95,3580803,VNIT,Công nghệ thông tin
2023-10-31,3053.23,3060.88,2973.45,2974.56,6073913,VNIT,Công nghệ thông tin
2023-11-01,2972.69,3060.64,2957.02,3060.64,4637316,VNIT,Công nghệ thông tin
2023-11-02,3060.73,3191.86,3060.73,3191.86,4333809,VNIT,Công nghệ thông tin
2023-11-03,3193.84,3201.41,3126.69,3126.69,6956451,VNIT,Công nghệ thông tin
2023-11-06,3168.37,3190.05,3153.58,3177.86,2408945,VNIT,Công nghệ thông tin
2023-11-07,3177.48,3189.21,3159.07,3172.86,2798845,VNIT,Công nghệ thông tin
2023-11-08,3168.93,3326.1,3163.27,3326.1,4661270,VNIT,Công nghệ thông tin
2023-11-09,3309.76,3350.35,3299.86,3324.28,4279550,VNIT,Công nghệ thông tin
2023-11-10,3289.68,3331.85,3281.61,3287.35,4415567,VNIT,Công nghệ thông tin
2023-11-13,3286.88,3306.74,3253.56,3286.15,2920824,VNIT,Công nghệ thông tin
2023-11-14,3308.87,3355.46,3283.22,3327.85,3546192,VNIT,Công nghệ thông tin
2023-11-15,3370.13,3373.44,3309.14,3322.73,3794489,VNIT,Công nghệ thông tin
2023-11-16,3316.83,3346.85,3297.6,3346.85,3789335,VNIT,Công nghệ thông tin
2023-11-17,3361.43,3365.16,3263.42,3277.11,6157873,VNIT,Công nghệ thông tin
2023-11-20,3244.33,3334.58,3212.75,3269.88,3575221,VNIT,Công nghệ thông tin
2023-11-21,3271.08,3319.44,3271.08,3319.44,4196987,VNIT,Công nghệ thông tin
2023-11-22,3323.27,3360.74,3320.34,3356.88,5344988,VNIT,Công nghệ thông tin
2023-11-23,3367.3,3381.72,3269.23,3269.23,4569272,VNIT,Công nghệ thông tin
2023-11-24,3270.22,3310.47,3251.35,3288.02,4886629,VNIT,Công nghệ thông tin
2023-11-27,3294.16,3294.16,3249.19,3268.9,3105232,VNIT,Công nghệ thông tin
2023-11-28,3272.74,3307.04,3236.55,3281.94,2958845,VNIT,Công nghệ thông tin
2023-11-29,3299.47,3316.27,3283.35,3306.68,3199543,VNIT,Công nghệ thông tin
2023-11-30,3297.37,3369.04,3293.46,3310.92,4117044,VNIT,Công nghệ thông tin
2023-12-01,3321.6,3344.12,3286.97,3329.73,2995169,VNIT,Công nghệ thông tin
2023-12-04,3338.63,3389.0,3337.62,3374.08,6910535,VNIT,Công nghệ thông tin
2023-12-05,3379.84,3446.89,3376.52,3409.63,6151519,VNIT,Công nghệ thông tin
2023-12-06,3417.66,3430.15,3389.98,3425.39,4852446,VNIT,Công nghệ thông tin
2023-12-07,3430.53,3437.39,3346.27,3398.79,6838849,VNIT,Công nghệ thông tin
2023-12-08,3399.98,3428.54,3372.07,3396.69,4403229,VNIT,Công nghệ thông tin
2023-12-11,3435.57,3445.79,3406.33,3422.74,2733951,VNIT,Công nghệ thông tin
2023-12-12,3435.36,3481.17,3431.51,3481.08,5836402,VNIT,Công nghệ thông tin
2023-12-13,3481.19,3501.09,3423.95,3423.95,4415729,VNIT,Công nghệ thông tin
2023-12-14,3444.25,3464.67,3422.85,3452.72,4236585,VNIT,Công nghệ thông tin
2023-12-15,3452.75,3456.62,3414.44,3454.92,3101759,VNIT,Công nghệ thông tin
2023-12-18,3448.28,3455.24,3369.07,3378.57,3239297,VNIT,Công nghệ thông tin
2023-12-19,3374.62,3401.55,3363.94,3401.55,2272528,VNIT,Công nghệ thông tin
2023-12-20,3401.55,3417.0,3385.81,3407.45,2334597,VNIT,Công nghệ thông tin
2023-12-21,3399.5,3421.38,3381.76,3421.38,2525665,VNIT,Công nghệ thông tin
2023-12-22,3421.38,3423.29,3397.47,3406.72,2982172,VNIT,Công nghệ thông tin
2023-12-25,3416.07,3463.41,3413.47,3459.29,4286198,VNIT,Công nghệ thông tin
2023-12-26,3461.79,3548.63,3461.79,3500.95,5421567,VNIT,Công nghệ thông tin
2023-12-27,3508.57,3520.51,3488.96,3490.75,3540122,VNIT,Công nghệ thông tin
2023-12-28,3493.9,3494.02,3469.21,3480.26,3433214,VNIT,Công nghệ thông tin
2023-12-29,3478.57,3494.91,3464.34,3469.99,4438380,VNIT,Công nghệ thông tin
2024-01-02,3497.28,3497.28,3456.12,3464.76,3308628,VNIT,Công nghệ thông tin
2024-01-03,3467.8,3493.21,3447.24,3488.96,7944040,VNIT,Công nghệ thông tin
2024-01-04,3490.2,3557.61,3483.08,3515.32,5784184,VNIT,Công nghệ thông tin
2024-01-05,3521.17,3527.52,3493.05,3521.41,4274924,VNIT,Công nghệ thông tin
2024-01-08,3522.42,3548.89,3509.04,3517.5,4831583,VNIT,Công nghệ thông tin
2024-01-09,3517.61,3517.65,3490.68,3491.0,2959074,VNIT,Công nghệ thông tin
2024-01-10,3492.09,3500.1,3415.69,3424.18,6327434,VNIT,Công nghệ thông tin
2024-01-11,3423.93,3447.14,3423.06,3433.94,3188989,VNIT,Công nghệ thông tin
2024-01-12,3425.7,3453.22,3400.21,3421.57,5446528,VNIT,Công nghệ thông tin
2024-01-15,3420.87,3463.35,3420.87,3443.09,3896901,VNIT,Công nghệ thông tin
2024-01-16,3418.74,3457.29,3418.74,3457.29,3001477,VNIT,Công nghệ thông tin
2024-01-17,3455.2,3466.44,3434.07,3453.3,3315760,VNIT,Công nghệ thông tin
2024-01-18,3452.6,3463.41,3435.39,3450.64,3109457,VNIT,Công nghệ thông tin
2024-01-19,3458.44,3494.91,3455.97,3474.94,5078735,VNIT,Công nghệ thông tin
2024-01-22,3475.47,3492.05,3455.77,3477.28,3652118,VNIT,Công nghệ thông tin
2024-01-23,3467.33,3477.36,3439.93,3447.02,3194040,VNIT,Công nghệ thông tin
2024-01-24,3452.16,3452.44,3422.4,3424.47,4510183,VNIT,Công nghệ thông tin
2024-01-25,3427.79,3448.03,3417.8,3431.54,2643997,VNIT,Công nghệ thông tin
2024-01-26,3444.05,3468.13,3437.42,3458.78,2360917,VNIT,Công nghệ thông tin
2024-01-29,3461.98,3466.58,3437.86,3459.3,3223835,VNIT,Công nghệ thông tin
2024-01-30,3459.26,3459.35,3441.74,3451.79,3387794,VNIT,Công nghệ thông tin
2024-01-31,3451.55,3465.21,3445.27,3452.42,3816229,VNIT,Công nghệ thông tin
2024-02-01,3456.88,3598.58,3451.61,3598.58,11936688,VNIT,Công nghệ thông tin
2024-02-02,3610.11,3676.33,3609.83,3671.99,6753168,VNIT,Công nghệ thông tin
2024-02-05,3672.45,3741.13,3668.85,3722.19,4998621,VNIT,Công nghệ thông tin
2024-02-06,3720.55,3770.15,3700.81,3741.23,4395300,VNIT,Công nghệ thông tin
2024-02-07,3761.13,3769.37,3734.15,3766.32,4416441,VNIT,Công nghệ thông tin
2024-02-15,3765.74,3786.9,3732.36,3741.23,6222209,VNIT,Công nghệ thông tin
2024-02-16,3741.86,3776.24,3733.32,3776.24,4185809,VNIT,Công nghệ thông tin
2024-02-19,3790.02,3839.09,3773.36,3773.36,4903579,VNIT,Công nghệ thông tin
2024-02-20,3780.41,3780.41,3736.62,3746.27,5174836,VNIT,Công nghệ thông tin
2024-02-21,3736.81,3832.69,3719.27,3800.45,5374534,VNIT,Công nghệ thông tin
2024-02-22,3800.45,3803.01,3754.17,3755.25,4004627,VNIT,Công nghệ thông tin
2024-02-23,3785.26,3821.5,3708.58,3726.52,8210675,VNIT,Công nghệ thông tin
2024-02-26,3725.39,3864.7,3717.92,3864.7,6872723,VNIT,Công nghệ thông tin
2024-02-27,3883.18,3916.91,3847.45,3865.06,6915507,VNIT,Công nghệ thông tin
2024-02-28,3868.98,3883.96,3809.48,3883.96,5765784,VNIT,Công nghệ thông tin
2024-02-29,3875.42,3914.81,3855.34,3900.73,5855694,VNIT,Công nghệ thông tin
2024-03-01,3907.36,3988.98,3904.69,3974.41,13515741,VNIT,Công nghệ thông tin
2024-03-04,3983.55,4007.5,3977.14,3992.47,6173254,VNIT,Công nghệ thông tin
2024-03-05,3991.41,3995.9,3944.07,3970.22,7827555,VNIT,Công nghệ thông tin
2024-03-06,3947.41,3961.64,3887.45,3911.77,8013338,VNIT,Công nghệ thông tin
2024-03-07,3912.44,4060.28,3880.12,3984.05,7698577,VNIT,Công nghệ thông tin
2024-03-08,3986.11,4029.48,3927.14,3946.4,11620944,VNIT,Công nghệ thông tin
2024-03-11,3948.09,4064.29,3941.22,3943.0,8680129,VNIT,Công nghệ thông tin
2024-03-12,3942.66,4070.73,3942.66,4023.39,11246038,VNIT,Công nghệ thông tin
2024-03-13,4024.2,4203.36,4024.2,4203.36,12710348,VNIT,Công nghệ thông tin
2024-03-14,4203.36,4253.35,4156.24,4201.5,9604714,VNIT,Công nghệ thông tin
2024-03-15,4194.47,4194.63,4117.25,4177.24,9249591,VNIT,Công nghệ thông tin
2024-03-18,4177.13,4177.13,3997.97,4064.74,17670363,VNIT,Công nghệ thông tin
2024-03-19,4067.82,4067.82,4000.15,4026.94,6951799,VNIT,Công nghệ thông tin
2024-03-20,4037.09,4131.98,4002.47,4114.84,6936758,VNIT,Công nghệ thông tin
2024-03-21,4139.88,4171.88,4116.71,4171.88,8618904,VNIT,Công nghệ thông tin
2024-03-22,4176.55,4176.55,4116.38,4130.97,6632098,VNIT,Công nghệ thông tin
2024-03-25,4130.97,4137.31,4085.26,4092.62,6290581,VNIT,Công nghệ thông tin
2024-03-26,4092.38,4144.53,4077.9,4128.28,5348094,VNIT,Công nghệ thông tin
2024-03-27,4128.28,4141.85,4099.23,4137.56,4462740,VNIT,Công nghệ thông tin
2024-03-28,4163.82,4212.2,4143.58,4201.33,5821266,VNIT,Công nghệ thông tin
2024-03-29,4180.94,4206.91,4169.05,4181.69,4881658,VNIT,Công nghệ thông tin
2024-04-01,4165.8,4218.82,4139.41,4191.92,5819704,VNIT,Công nghệ thông tin
2024-04-02,4145.57,4203.31,4144.93,4203.31,6388091,VNIT,Công nghệ thông tin
2024-04-03,4173.68,4206.68,4141.93,4141.93,8325897,VNIT,Công nghệ thông tin
2024-04-04,4142.39,4171.77,4112.2,4112.2,7519826,VNIT,Công nghệ thông tin
2024-04-05,4078.72,4138.69,4066.63,4098.69,7770239,VNIT,Công nghệ thông tin
2024-04-08,4095.98,4098.45,4048.15,4048.15,6935243,VNIT,Công nghệ thông tin
2024-04-09,4048.4,4080.92,4045.84,4072.96,4503138,VNIT,Công nghệ thông tin
2024-04-10,4092.49,4160.05,4084.91,4099.76,4014671,VNIT,Công nghệ thông tin
2024-04-11,4098.34,4150.44,4081.19,4136.87,3888894,VNIT,Công nghệ thông tin
2024-04-12,4139.78,4172.91,4114.66,4161.91,3388745,VNIT,Công nghệ thông tin
2024-04-15,4162.38,4162.38,4008.33,4009.82,8562715,VNIT,Công nghệ thông tin
2024-04-16,4008.84,4055.52,3988.99,4055.02,8889386,VNIT,Công nghệ thông tin
2024-04-17,4054.9,4059.51,3997.67,4001.99,4875783,VNIT,Công nghệ thông tin
2024-04-19,3999.89,3999.89,3896.82,3896.82,11112138,VNIT,Công nghệ thông tin
2024-04-22,3936.14,3986.27,3901.16,3950.59,4695845,VNIT,Công nghệ thông tin
2024-04-23,3951.36,4049.68,3940.16,4011.75,8091816,VNIT,Công nghệ thông tin
2024-04-24,4060.37,4288.97,4047.11,4288.97,13814005,VNIT,Công nghệ thông tin
2024-04-25,4368.88,4555.91,4345.32,4389.0,9003926,VNIT,Công nghệ thông tin
2024-04-26,4378.68,4464.42,4355.62,4392.0,6089839,VNIT,Công nghệ thông tin
2024-05-02,4415.97,4592.52,4404.09,4532.05,6788745,VNIT,Công nghệ thông tin
2024-05-03,4532.99,4571.01,4473.52,4482.0,6143305,VNIT,Công nghệ thông tin
2024-05-06,4503.64,4549.36,4438.35,4549.36,6262479,VNIT,Công nghệ thông tin
2024-05-07,4566.38,4689.09,4541.88,4677.47,7202547,VNIT,Công nghệ thông tin
2024-05-08,4634.95,4679.11,4621.09,4679.11,8643474,VNIT,Công nghệ thông tin
2024-05-09,4677.06,4749.2,4650.8,4664.34,6367404,VNIT,Công nghệ thông tin
2024-05-10,4707.7,4734.79,4631.68,4696.48,12846223,VNIT,Công nghệ thông tin
2024-05-13,4702.74,4717.57,4615.67,4650.46,6722156,VNIT,Công nghệ thông tin
2024-05-14,4661.77,4727.59,4655.82,4693.69,8712576,VNIT,Công nghệ thông tin
2024-05-15,4733.53,4832.89,4724.35,4816.47,10853107,VNIT,Công nghệ thông tin
2024-05-16,4870.96,4916.09,4816.94,4852.55,11166125,VNIT,Công nghệ thông tin
2024-05-17,4854.21,4874.96,4803.16,4831.45,10881989,VNIT,Công nghệ thông tin
2024-05-20,4857.0,4883.03,4776.51,4776.51,9620050,VNIT,Công nghệ thông tin
2024-05-21,4810.28,4885.07,4791.38,4885.07,10984226,VNIT,Công nghệ thông tin
2024-05-22,4950.24,5006.26,4880.83,4946.72,10576291,VNIT,Công nghệ thông tin
2024-05-23,4929.72,4948.35,4846.77,4938.94,11802521,VNIT,Công nghệ thông tin
2024-05-24,4937.37,4949.33,4690.57,4739.6,22580517,VNIT,Công nghệ thông tin
2024-05-27,4778.55,4796.67,4689.54,4767.37,9719302,VNIT,Công nghệ thông tin
2024-05-28,4810.33,4919.41,4780.35,4919.41,9958621,VNIT,Công nghệ thông tin
2024-05-29,4923.76,4957.55,4840.66,4867.52,11424089,VNIT,Công nghệ thông tin
2024-05-30,4798.75,4843.94,4734.42,4843.94,12626004,VNIT,Công nghệ thông tin
2024-05-31,4846.49,4905.62,4811.85,4838.39,9110749,VNIT,Công nghệ thông tin
2024-06-03,4855.93,4951.72,4846.9,4924.9,17721803,VNIT,Công nghệ thông tin
2024-06-04,5002.4,5016.61,4965.72,5005.74,14225383,VNIT,Công nghệ thông tin
2024-06-05,5008.09,5202.01,5008.09,5032.1,13145226,VNIT,Công nghệ thông tin
2024-06-06,5043.56,5086.65,4988.31,5018.24,11068658,VNIT,Công nghệ thông tin
2024-06-07,5021.19,5099.43,5021.19,5099.43,8482787,VNIT,Công nghệ thông tin
2024-06-10,5153.69,5200.52,5134.33,5167.72,8299061,VNIT,Công nghệ thông tin
2024-06-11,5178.3,5249.33,5135.55,5249.33,12799309,VNIT,Công nghệ thông tin
2024-06-12,5268.7,5455.66,5268.17,5431.52,18127586,VNIT,Công nghệ thông tin
2024-06-13,5435.17,5501.06,5356.08,5356.08,14590341,VNIT,Công nghệ thông tin
2024-06-14,5360.39,5463.79,5317.98,5387.45,19449935,VNIT,Công nghệ thông tin
2024-06-17,5392.23,5406.71,5287.15,5293.93,13900683,VNIT,Công nghệ thông tin
2024-06-18,5301.54,5331.89,5264.24,5264.24,13154536,VNIT,Công nghệ thông tin
2024-06-19,5271.81,5451.11,5213.7,5402.98,15860579,VNIT,Công nghệ thông tin
2024-06-20,5461.79,5563.35,5421.09,5471.91,14397049,VNIT,Công nghệ thông tin
2024-06-21,5493.64,5584.15,5471.24,5584.15,16407000,VNIT,Công nghệ thông tin
2024-06-24,5542.05,5545.75,5408.22,5409.39,22290733,VNIT,Công nghệ thông tin
2024-06-25,5366.67,5367.71,5265.65,5322.46,19776363,VNIT,Công nghệ thông tin
2024-06-26,5364.2,5394.9,5294.23,5394.9,11810673,VNIT,Công nghệ thông tin
2024-06-27,5375.04,5477.86,5355.57,5428.83,9246171,VNIT,Công nghệ thông tin
2024-06-28,5429.44,5429.7,5327.49,5330.86,12852758,VNIT,Công nghệ thông tin
2024-07-01,5331.12,5331.12,5254.9,5268.29,10117997,VNIT,Công nghệ thông tin
2024-07-02,5270.02,5404.82,5228.25,5249.68,9734137,VNIT,Công nghệ thông tin
2024-07-03,5249.95,5430.86,5249.95,5363.84,10755392,VNIT,Công nghệ thông tin
2024-07-04,5404.98,5549.2,5404.98,5549.2,11967947,VNIT,Công nghệ thông tin
2024-07-05,5562.94,5700.05,5562.68,5661.57,12133421,VNIT,Công nghệ thông tin
2024-07-08,5658.72,5700.5,5618.9,5695.96,10493782,VNIT,Công nghệ thông tin
2024-07-09,5677.54,5685.64,5556.66,5620.16,14927287,VNIT,Công nghệ thông tin
2024-07-10,5565.79,5603.68,5488.34,5488.34,12544294,VNIT,Công nghệ thông tin
2024-07-11,5497.99,5546.16,5430.54,5449.7,10818087,VNIT,Công nghệ thông tin
2024-07-12,5418.88,5564.37,5418.88,5477.08,9971916,VNIT,Công nghệ thông tin
2024-07-15,5477.08,5515.71,5412.4,5430.08,6293243,VNIT,Công nghệ thông tin
2024-07-16,5430.08,5486.77,5423.96,5470.81,8258270,VNIT,Công nghệ thông tin
2024-07-17,5471.64,5476.83,5299.13,5378.42,14740709,VNIT,Công nghệ thông tin
2024-07-18,5359.72,5360.96,5226.92,5235.48,16167729,VNIT,Công nghệ thông tin
2024-07-19,5262.67,5288.37,5162.59,5163.65,13591434,VNIT,Công nghệ thông tin
2024-07-22,5154.55,5154.55,5055.95,5085.12,10838401,VNIT,Công nghệ thông tin
2024-07-23,5119.28,5217.73,5114.91,5123.26,12018889,VNIT,Công nghệ thông tin
2024-07-24,5116.12,5157.38,5050.29,5134.34,11377856,VNIT,Công nghệ thông tin
2024-07-25,5061.09,5115.11,5058.58,5097.1,5143328,VNIT,Công nghệ thông tin
2024-07-26,5132.47,5220.62,5078.91,5220.62,7209207,VNIT,Công nghệ thông tin
2024-07-29,5301.38,5322.37,5260.32,5260.32,7944791,VNIT,Công nghệ thông tin
2024-07-30,5260.32,5279.26,5176.91,5217.13,5218475,VNIT,Công nghệ thông tin
2024-07-31,5188.7,5239.72,5167.51,5237.51,5338435,VNIT,Công nghệ thông tin
2024-08-01,5281.03,5281.03,5044.42,5069.41,12543580,VNIT,Công nghệ thông tin
2024-08-02,5066.04,5080.87,4923.2,5019.89,13096434,VNIT,Công nghệ thông tin
2024-08-05,4962.84,5003.75,4777.72,4822.7,15749401,VNIT,Công nghệ thông tin
2024-08-06,4880.64,4954.69,4879.86,4915.81,10041503,VNIT,Công nghệ thông tin
2024-08-07,4925.26,4963.45,4887.93,4963.45,4867313,VNIT,Công nghệ thông tin
2024-08-08,4947.71,4978.74,4914.74,4934.88,5501254,VNIT,Công nghệ thông tin
2024-08-09,4962.28,5157.46,4962.28,5157.46,9476424,VNIT,Công nghệ thông tin
2024-08-12,5160.74,5285.65,5130.31,5279.79,8934129,VNIT,Công nghệ thông tin
2024-08-13,5269.41,5285.99,5203.23,5267.58,6933800,VNIT,Công nghệ thông tin
2024-08-14,5308.19,5333.74,5256.32,5256.32,5371558,VNIT,Công nghệ thông tin
2024-08-15,5241.73,5256.19,5201.71,5221.49,4831838,VNIT,Công nghệ thông tin
2024-08-16,5239.01,5320.33,5239.01,5307.18,8882238,VNIT,Công nghệ thông tin
2024-08-19,5327.85,5341.26,5288.93,5307.03,4836391,VNIT,Công nghệ thông tin
2024-08-20,5315.73,5384.4,5315.04,5346.23,6439849,VNIT,Công nghệ thông tin
2024-08-21,5313.29,5436.84,5312.68,5423.93,9788300,VNIT,Công nghệ thông tin
2024-08-22,5456.18,5464.67,5427.63,5441.26,6198026,VNIT,Công nghệ thông tin
2024-08-23,5436.94,5436.94,5383.67,5412.87,5628565,VNIT,Công nghệ thông tin
2024-08-26,5420.81,5428.37,5345.28,5345.28,5710887,VNIT,Công nghệ thông tin
2024-08-27,5334.24,5385.35,5300.62,5381.61,4554717,VNIT,Công nghệ thông tin
2024-08-28,5401.62,5459.7,5397.04,5411.0,4343509,VNIT,Công nghệ thông tin
2024-08-29,5392.14,5430.58,5369.03,5429.15,4336105,VNIT,Công nghệ thông tin
2024-08-30,5423.12,5475.84,5403.3,5472.81,5114939,VNIT,Công nghệ thông tin
2024-09-04,5399.08,5403.52,5343.03,5403.52,6475167,VNIT,Công nghệ thông tin
2024-09-05,5404.61,5404.61,5279.23,5310.43,11231631,VNIT,Công nghệ thông tin
2024-09-06,5306.69,5397.44,5299.39,5368.03,5486030,VNIT,Công nghệ thông tin
2024-09-09,5317.48,5337.25,5291.48,5336.25,5563470,VNIT,Công nghệ thông tin
2024-09-10,5324.96,5326.66,5267.91,5282.56,6923077,VNIT,Công nghệ thông tin
2024-09-11,5283.87,5330.66,5273.9,5305.34,5347677,VNIT,Công nghệ thông tin
2024-09-12,5323.38,5378.1,5323.38,5368.24,6497234,VNIT,Công nghệ thông tin
2024-09-13,5368.01,5410.53,5357.76,5395.04,4960404,VNIT,Công nghệ thông tin
2024-09-16,5348.16,5393.93,5320.38,5320.59,3120299,VNIT,Công nghệ thông tin
2024-09-17,5321.95,5392.63,5321.95,5392.63,4184406,VNIT,Công nghệ thông tin
2024-09-18,5397.11,5489.0,5393.04,5464.16,8731982,VNIT,Công nghệ thông tin
2024-09-19,5476.54,5509.66,5451.93,5486.55,6757382,VNIT,Công nghệ thông tin
2024-09-20,5525.2,5559.95,5481.24,5491.97,6318247,VNIT,Công nghệ thông tin
2024-09-23,5515.53,5515.53,5416.2,5439.11,4010670,VNIT,Công nghệ thông tin
2024-09-24,5439.32,5465.74,5428.21,5460.53,3147507,VNIT,Công nghệ thông tin
2024-09-25,5453.98,5473.79,5426.17,5472.65,6761511,VNIT,Công nghệ thông tin
2024-09-26,5474.32,5478.1,5437.37,5451.46,4707379,VNIT,Công nghệ thông tin
2024-09-27,5452.47,5457.56,5419.8,5444.82,6174191,VNIT,Công nghệ thông tin
2024-09-30,5444.22,5454.41,5401.14,5454.41,4764362,VNIT,Công nghệ thông tin
2024-10-01,5464.15,5524.55,5463.84,5513.23,7857720,VNIT,Công nghệ thông tin
2024-10-02,5470.37,5508.93,5470.37,5488.77,3817182,VNIT,Công nghệ thông tin
2024-10-03,5491.37,5513.38,5432.03,5432.03,4915166,VNIT,Công nghệ thông tin
2024-10-04,5443.11,5463.25,5412.33,5433.7,2918866,VNIT,Công nghệ thông tin
2024-10-07,5438.66,5465.79,5412.8,5431.62,2612809,VNIT,Công nghệ thông tin
2024-10-08,5431.22,5467.12,5408.4,5416.22,4789904,VNIT,Công nghệ thông tin
2024-10-09,5435.25,5496.29,5435.25,5482.93,3986764,VNIT,Công nghệ thông tin
2024-10-10,5484.5,5740.69,5484.5,5728.02,14829095,VNIT,Công nghệ thông tin
2024-10-11,5740.06,5770.41,5648.76,5648.76,5218976,VNIT,Công nghệ thông tin
2024-10-14,5650.67,5705.47,5553.6,5572.46,7737035,VNIT,Công nghệ thông tin
2024-10-15,5572.19,5609.91,5529.93,5544.78,4722005,VNIT,Công nghệ thông tin
2024-10-16,5544.07,5551.63,5507.94,5522.05,4248089,VNIT,Công nghệ thông tin
2024-10-17,5530.53,5553.41,5490.07,5550.8,3795890,VNIT,Công nghệ thông tin
2024-10-18,5565.62,5579.98,5535.67,5547.09,3931771,VNIT,Công nghệ thông tin
2024-10-21,5547.09,5574.22,5493.44,5493.44,4910501,VNIT,Công nghệ thông tin
2024-10-22,5493.46,5499.64,5384.84,5391.65,9619914,VNIT,Công nghệ thông tin
2024-10-23,5384.35,5452.4,5372.65,5430.59,5494021,VNIT,Công nghệ thông tin
2024-10-24,5430.72,5435.68,5415.13,5429.5,4515010,VNIT,Công nghệ thông tin
2024-10-25,5429.76,5442.3,5402.58,5416.87,3140752,VNIT,Công nghệ thông tin
2024-10-28,5421.52,5457.76,5403.62,5453.28,2895386,VNIT,Công nghệ thông tin
2024-10-29,5473.33,5481.7,5453.89,5480.09,4905402,VNIT,Công nghệ thông tin
2024-10-30,5482.7,5497.64,5471.64,5497.64,3920002,VNIT,Công nghệ thông tin
2024-10-31,5498.3,5501.42,5474.17,5495.84,2758425,VNIT,Công nghệ thông tin
2024-11-01,5427.0,5460.65,5407.11,5441.61,5082914,VNIT,Công nghệ thông tin
2024-11-04,5441.35,5441.7,5366.88,5374.45,6276662,VNIT,Công nghệ thông tin
2024-11-05,5380.05,5418.4,5352.56,5363.91,3751160,VNIT,Công nghệ thông tin
2024-11-06,5380.95,5449.03,5380.95,5449.03,4539957,VNIT,Công nghệ thông tin
2024-11-07,5478.91,5568.55,5435.65,5472.15,9772342,VNIT,Công nghệ thông tin
2024-11-08,5511.99,5540.86,5471.83,5501.06,9613851,VNIT,Công nghệ thông tin
2024-11-11,5503.41,5646.22,5503.41,5604.62,15508520,VNIT,Công nghệ thông tin
2024-11-12,5621.28,5631.6,5510.77,5547.41,7930285,VNIT,Công nghệ thông tin
2024-11-13,5540.58,5596.77,5519.08,5589.36,8482228,VNIT,Công nghệ thông tin
2024-11-14,5594.2,5670.04,5513.7,5513.7,9666637,VNIT,Công nghệ thông tin
2024-11-15,5481.07,5496.2,5375.24,5431.17,13630975,VNIT,Công nghệ thông tin
2024-11-18,5434.59,5456.85,5368.93,5430.49,7191280,VNIT,Công nghệ thông tin
2024-11-19,5431.01,5431.01,5266.98,5266.98,11846929,VNIT,Công nghệ thông tin
2024-11-20,5265.16,5360.53,5129.92,5360.53,12770821,VNIT,Công nghệ thông tin
2024-11-21,5360.73,5385.75,5306.26,5385.75,5089182,VNIT,Công nghệ thông tin
2024-11-22,5381.91,5440.1,5365.81,5418.07,6178670,VNIT,Công nghệ thông tin
2024-11-25,5420.08,5421.59,5385.93,5413.85,5492957,VNIT,Công nghệ thông tin
2024-11-26,5394.88,5492.63,5389.86,5465.12,7643360,VNIT,Công nghệ thông tin
2024-11-27,5464.86,5636.95,5464.86,5609.23,13769573,VNIT,Công nghệ thông tin
2024-11-28,5631.22,5654.49,5585.11,5628.52,7914118,VNIT,Công nghệ thông tin
2024-11-29,5629.6,5869.05,5615.39,5829.62,20749802,VNIT,Công nghệ thông tin
2024-12-02,5832.26,5890.67,5727.59,5748.36,9878283,VNIT,Công nghệ thông tin
2024-12-03,5740.27,5895.31,5736.04,5857.33,12545281,VNIT,Công nghệ thông tin
2024-12-04,5857.27,5906.03,5780.46,5796.26,10576408,VNIT,Công nghệ thông tin
2024-12-05,5813.86,5990.87,5798.11,5990.87,11944971,VNIT,Công nghệ thông tin
2024-12-06,5995.08,6109.71,5975.11,6029.31,9667061,VNIT,Công nghệ thông tin
2024-12-09,6026.83,6030.88,5898.96,5930.61,9474555,VNIT,Công nghệ thông tin
2024-12-10,5934.59,6024.37,5930.45,6024.37,8185229,VNIT,Công nghệ thông tin
2024-12-11,6025.18,6106.77,6025.18,6063.57,10448707,VNIT,Công nghệ thông tin
2024-12-12,6063.83,6103.21,6008.54,6046.82,10095294,VNIT,Công nghệ thông tin
2024-12-13,6019.31,6069.96,6013.08,6013.08,8657794,VNIT,Công nghệ thông tin
2024-12-16,6017.73,6056.48,6014.89,6030.83,6846583,VNIT,Công nghệ thông tin
2024-12-17,6038.79,6055.26,5948.61,5960.2,8259107,VNIT,Công nghệ thông tin
2024-12-18,5960.26,6027.79,5960.26,5988.89,6174285,VNIT,Công nghệ thông tin
2024-12-19,5987.32,6000.17,5925.24,5966.92,11330459,VNIT,Công nghệ thông tin
2024-12-20,5975.59,6063.7,5975.59,6021.45,7917314,VNIT,Công nghệ thông tin
2024-12-23,6024.1,6039.55,5992.88,6031.66,6187013,VNIT,Công nghệ thông tin
2024-12-24,6038.49,6070.53,6013.02,6051.62,6417048,VNIT,Công nghệ thông tin
2024-12-25,6054.24,6083.96,6054.24,6069.01,6795245,VNIT,Công nghệ thông tin
2024-12-26,6070.82,6092.92,6003.02,6028.31,5510624,VNIT,Công nghệ thông tin
2024-12-27,6016.66,6031.78,5984.0,6014.52,8219916,VNIT,Công nghệ thông tin
2024-12-30,6005.92,6060.87,5974.39,6049.07,4183759,VNIT,Công nghệ thông tin
2024-12-31,6059.87,6179.14,6041.58,6123.43,5991091,VNIT,Công nghệ thông tin
2025-01-02,6125.16,6132.24,6035.31,6109.7,5257899,VNIT,Công nghệ thông tin
2025-01-03,6082.63,6082.63,5991.34,5991.34,7636810,VNIT,Công nghệ thông tin
2025-01-06,5996.48,6037.36,5969.15,5994.94,6661748,VNIT,Công nghệ thông tin
2025-01-07,6003.38,6070.95,6003.19,6019.16,7413806,VNIT,Công nghệ thông tin
2025-01-08,6011.44,6015.22,5939.02,5949.01,6978410,VNIT,Công nghệ thông tin
2025-01-09,5949.7,5984.87,5934.68,5964.07,4004658,VNIT,Công nghệ thông tin
2025-01-10,5964.07,5975.35,5900.74,5900.74,5384483,VNIT,Công nghệ thông tin
2025-01-13,5883.9,5947.37,5804.39,5913.11,6120541,VNIT,Công nghệ thông tin
2025-01-14,5914.95,5915.15,5818.64,5818.64,4083328,VNIT,Công nghệ thông tin
2025-01-15,5854.24,5872.82,5807.91,5834.19,4541422,VNIT,Công nghệ thông tin
2025-01-16,5864.57,5894.74,5825.43,5874.76,5289696,VNIT,Công nghệ thông tin
2025-01-17,5886.15,6017.72,5856.36,5978.18,7984163,VNIT,Công nghệ thông tin
2025-01-20,5981.22,6033.16,5949.9,6016.23,4085093,VNIT,Công nghệ thông tin
2025-01-21,6032.43,6070.77,5975.99,6010.17,4858542,VNIT,Công nghệ thông tin
2025-01-22,5999.56,6038.09,5982.35,5999.63,5279096,VNIT,Công nghệ thông tin
2025-01-23,6001.35,6243.66,6001.35,6178.21,9337834,VNIT,Công nghệ thông tin
2025-01-24,6177.5,6187.17,6144.38,6144.68,5966275,VNIT,Công nghệ thông tin
2025-02-03,5932.84,5978.4,5829.7,5838.18,16431709,VNIT,Công nghệ thông tin
2025-02-04,5858.11,5899.59,5837.15,5869.01,7862309,VNIT,Công nghệ thông tin
2025-02-05,5897.5,5920.37,5855.85,5875.95,9098669,VNIT,Công nghệ thông tin
2025-02-06,5904.38,5915.23,5847.22,5883.83,6045481,VNIT,Công nghệ thông tin
2025-02-07,5884.01,5892.14,5857.25,5866.63,6444434,VNIT,Công nghệ thông tin
2025-02-10,5843.45,5843.45,5704.55,5704.55,11604979,VNIT,Công nghệ thông tin
2025-02-11,5707.61,5835.9,5639.78,5835.9,8684623,VNIT,Công nghệ thông tin
2025-02-12,5843.36,5848.87,5795.31,5823.48,3901852,VNIT,Công nghệ thông tin
2025-02-13,5822.82,5822.82,5736.49,5752.07,5088035,VNIT,Công nghệ thông tin
2025-02-14,5753.08,5824.9,5753.08,5819.72,6231415,VNIT,Công nghệ thông tin
2025-02-17,5824.24,5824.24,5759.89,5767.4,5442768,VNIT,Công nghệ thông tin
2025-02-18,5775.12,5800.18,5749.73,5779.05,3826629,VNIT,Công nghệ thông tin
2025-02-19,5779.19,5817.39,5752.02,5787.09,8720340,VNIT,Công nghệ thông tin
2025-02-20,5795.92,5811.77,5748.56,5748.78,6738406,VNIT,Công nghệ thông tin
2025-02-21,5742.97,5746.55,5691.07,5711.22,8657652,VNIT,Công nghệ thông tin
2025-02-24,5692.39,5711.33,5614.56,5654.83,10815684,VNIT,Công nghệ thông tin
2025-02-25,5652.79,5652.79,5566.27,5597.83,9699835,VNIT,Công nghệ thông tin
2025-02-26,5601.95,5705.96,5595.61,5705.96,6111041,VNIT,Công nghệ thông tin
2025-02-27,5710.82,5722.73,5661.15,5686.87,5352783,VNIT,Công nghệ thông tin
2025-02-28,5638.41,5677.11,5599.17,5650.3,8960560,VNIT,Công nghệ thông tin
2025-03-03,5662.4,5693.32,5650.52,5658.18,4614062,VNIT,Công nghệ thông tin
2025-03-04,5622.15,5660.55,5611.15,5637.88,6692623,VNIT,Công nghệ thông tin
2025-03-05,5637.85,5642.0,5600.22,5600.22,6618384,VNIT,Công nghệ thông tin
2025-03-06,5615.8,5772.82,5615.8,5704.24,11464978,VNIT,Công nghệ thông tin
2025-03-07,5720.6,5748.45,5685.62,5697.76,8895338,VNIT,Công nghệ thông tin
2025-03-10,5702.3,5702.4,5613.21,5615.9,8933340,VNIT,Công nghệ thông tin
2025-03-11,5561.63,5581.09,5522.76,5548.35,11390845,VNIT,Công nghệ thông tin
2025-03-12,5556.5,5594.65,5481.16,5481.16,12239355,VNIT,Công nghệ thông tin
2025-03-13,5493.29,5562.9,5489.14,5499.46,7217454,VNIT,Công nghệ thông tin
2025-03-14,5470.16,5493.88,5280.18,5304.31,19402002,VNIT,Công nghệ thông tin
2025-03-17,5313.91,5332.45,5233.8,5250.41,9297207,VNIT,Công nghệ thông tin
2025-03-18,5254.86,5336.39,5250.43,5250.43,7220089,VNIT,Công nghệ thông tin
2025-03-19,5253.31,5273.16,4998.03,5039.98,21718105,VNIT,Công nghệ thông tin
2025-03-20,5040.35,5124.7,5036.56,5053.06,10747973,VNIT,Công nghệ thông tin
2025-03-21,5056.16,5204.13,5056.16,5169.78,7818602,VNIT,Công nghệ thông tin
2025-03-24,5188.33,5218.71,5146.86,5207.52,6753947,VNIT,Công nghệ thông tin
2025-03-25,5207.67,5242.41,5112.14,5112.14,7234954,VNIT,Công nghệ thông tin
2025-03-26,5111.93,5111.93,4963.79,4973.82,12223444,VNIT,Công nghệ thông tin
2025-03-27,4935.92,5100.07,4902.93,5096.48,8263971,VNIT,Công nghệ thông tin
2025-03-28,5104.63,5104.63,5007.95,5007.95,4974949,VNIT,Công nghệ thông tin
2025-03-31,4984.1,4984.1,4888.55,4888.55,7677596,VNIT,Công nghệ thông tin
2025-04-01,4925.17,4935.34,4805.83,4871.67,9080210,VNIT,Công nghệ thông tin
2025-04-02,4898.77,4938.45,4884.22,4930.31,5202991,VNIT,Công nghệ thông tin
2025-04-03,4911.96,4911.96,4587.04,4587.14,14817884,VNIT,Công nghệ thông tin
2025-04-04,4576.66,4583.07,4268.15,4549.03,29205532,VNIT,Công nghệ thông tin
2025-04-08,4280.06,4283.56,4231.22,4231.22,18322413,VNIT,Công nghệ thông tin
2025-04-09,4221.74,4332.42,3937.38,4221.46,22825314,VNIT,Công nghệ thông tin
2025-04-10,4514.08,4514.08,4514.08,4514.08,2296594,VNIT,Công nghệ thông tin
2025-04-11,4517.08,4754.34,4517.08,4754.34,25878035,VNIT,Công nghệ thông tin
2025-04-14,4806.85,4813.42,4605.02,4762.27,12010352,VNIT,Công nghệ thông tin
2025-04-15,4683.29,4697.58,4574.64,4658.68,10387590,VNIT,Công nghệ thông tin
2025-04-16,4600.78,4655.14,4341.13,4341.74,20258776,VNIT,Công nghệ thông tin
2025-04-17,4225.48,4472.43,4225.48,4402.25,10817111,VNIT,Công nghệ thông tin
2025-04-18,4452.8,4620.4,4452.8,4491.07,9753559,VNIT,Công nghệ thông tin
2025-04-21,4491.65,4525.28,4425.33,4488.89,6038125,VNIT,Công nghệ thông tin
2025-04-22,4465.99,4467.28,4179.51,4436.24,13243210,VNIT,Công nghệ thông tin
2025-04-23,4438.54,4485.31,4335.66,4442.34,7325566,VNIT,Công nghệ thông tin
2025-04-24,4482.25,4573.25,4451.51,4505.29,9800675,VNIT,Công nghệ thông tin
2025-04-25,4507.02,4524.47,4436.69,4521.46,7799298,VNIT,Công nghệ thông tin
2025-04-28,4521.75,4521.75,4401.41,4411.56,5514665,VNIT,Công nghệ thông tin
2025-04-29,4415.49,4449.91,4395.08,4405.95,4152242,VNIT,Công nghệ thông tin
2025-05-05,4405.95,4482.08,4310.77,4379.77,8671573,VNIT,Công nghệ thông tin
2025-05-06,4379.77,4477.77,4355.75,4426.65,9399089,VNIT,Công nghệ thông tin
2025-05-07,4426.65,4485.93,4394.57,4425.66,6645661,VNIT,Công nghệ thông tin
2025-05-08,4425.66,4616.96,4398.0,4604.62,16281753,VNIT,Công nghệ thông tin
2025-05-09,4604.62,4684.14,4572.42,4668.44,11355327,VNIT,Công nghệ thông tin
2025-05-12,4668.44,4772.03,4668.44,4755.4,11267753,VNIT,Công nghệ thông tin
2025-05-13,4755.4,4834.9,4755.4,4803.93,12852066,VNIT,Công nghệ thông tin
2025-05-14,4803.93,5078.23,4580.45,5070.76,18217780,VNIT,Công nghệ thông tin
2025-05-15,5070.76,5097.22,4755.1,5020.39,11095004,VNIT,Công nghệ thông tin
2025-05-16,5020.39,5022.69,4858.17,4861.71,11411023,VNIT,Công nghệ thông tin
2025-05-19,4861.71,4861.71,4696.3,4749.93,13006368,VNIT,Công nghệ thông tin
2025-05-20,4749.93,4798.82,4687.81,4791.38,10719677,VNIT,Công nghệ thông tin
2025-05-21,4791.38,4821.07,4703.94,4754.12,8517576,VNIT,Công nghệ thông tin
2025-05-22,4754.12,4754.12,4653.08,4694.96,9827831,VNIT,Công nghệ thông tin
2025-05-23,4694.96,4732.6,4659.87,4702.02,6764020,VNIT,Công nghệ thông tin
2025-05-26,4702.02,4728.99,4617.24,4712.99,6344758,VNIT,Công nghệ thông tin
2025-05-27,4712.99,4795.62,4667.39,4784.27,9688717,VNIT,Công nghệ thông tin
2025-05-28,4784.27,4809.2,4726.25,4760.94,7555447,VNIT,Công nghệ thông tin
2025-05-29,4760.94,4822.12,4687.52,4711.33,5420324,VNIT,Công nghệ thông tin
2025-05-30,4711.33,4754.37,4684.81,4684.92,7393105,VNIT,Công nghệ thông tin
2025-06-02,4684.92,4706.59,4651.64,4673.52,5171140,VNIT,Công nghệ thông tin
2025-06-03,4673.52,4750.79,4666.71,4728.92,8676678,VNIT,Công nghệ thông tin
2025-06-04,4728.92,4772.51,4700.57,4719.7,8010358,VNIT,Công nghệ thông tin
2025-06-05,4719.7,4728.73,4684.62,4710.21,7114693,VNIT,Công nghệ thông tin
2025-06-06,4710.21,4729.15,4633.68,4633.7,8815274,VNIT,Công nghệ thông tin
2025-06-09,4633.7,4708.96,4628.86,4680.74,6659352,VNIT,Công nghệ thông tin
2025-06-10,4680.74,4737.36,4666.02,4670.52,11453126,VNIT,Công nghệ thông tin
2025-06-11,4670.52,4776.24,4670.52,4765.23,15334951,VNIT,Công nghệ thông tin
2025-06-12,4765.23,4767.37,4710.91,4735.93,12464048,VNIT,Công nghệ thông tin
2025-06-13,4735.93,4735.93,4649.42,4673.29,13469797,VNIT,Công nghệ thông tin
2025-06-16,4673.29,4838.7,4602.05,4815.47,14235110,VNIT,Công nghệ thông tin
2025-06-17,4815.47,4828.72,4787.36,4808.51,10584090,VNIT,Công nghệ thông tin
2025-06-18,4808.51,4834.79,4721.72,4741.56,11557175,VNIT,Công nghệ thông tin
2025-06-19,4741.56,4756.72,4700.42,4712.08,14416622,VNIT,Công nghệ thông tin
2025-06-20,4712.08,4747.13,4704.57,4718.05,8612018,VNIT,Công nghệ thông tin
2025-06-23,4718.05,4718.05,4648.13,4703.14,10421133,VNIT,Công nghệ thông tin
2025-06-24,4703.14,4747.31,4677.85,4727.47,8372064,VNIT,Công nghệ thông tin
2025-06-25,4727.47,4838.95,4727.47,4754.04,10973061,VNIT,Công nghệ thông tin
2025-06-26,4754.04,4802.24,4736.69,4757.9,9318400,VNIT,Công nghệ thông tin
2025-06-30,4773.08,4859.58,4773.08,4811.56,16768687,VNIT,Công nghệ thông tin
2025-07-01,4811.56,4862.29,4809.23,4835.44,17889762,VNIT,Công nghệ thông tin
2025-07-02,4835.44,4835.44,4789.95,4826.86,11662710,VNIT,Công nghệ thông tin
2025-07-03,4826.86,4871.52,4788.46,4800.73,15581244,VNIT,Công nghệ thông tin
2025-07-04,4800.73,5006.99,4800.73,4974.06,20345021,VNIT,Công nghệ thông tin
2025-07-07,4974.06,5055.12,4974.06,5023.28,12468781,VNIT,Công nghệ thông tin
2025-07-08,5023.28,5095.5,5023.28,5051.77,13318014,VNIT,Công nghệ thông tin
2025-07-09,5051.77,5068.14,4965.38,4985.82,18789378,VNIT,Công nghệ thông tin
2025-07-10,4985.82,5092.86,4985.82,5035.87,14631439,VNIT,Công nghệ thông tin
2025-07-11,5035.87,5192.74,5035.87,5133.54,18119626,VNIT,Công nghệ thông tin
2025-07-14,5133.54,5184.05,5067.44,5153.67,12925557,VNIT,Công nghệ thông tin
2025-07-15,5153.67,5182.67,5108.63,5108.63,13015399,VNIT,Công nghệ thông tin
2025-07-16,5108.63,5148.61,5077.27,5120.81,9892660,VNIT,Công nghệ thông tin
2025-07-17,5120.81,5226.21,5109.24,5149.28,17069328,VNIT,Công nghệ thông tin
2025-07-18,5149.28,5186.91,5119.25,5119.25,17354119,VNIT,Công nghệ thông tin
2025-07-21,5119.25,5240.85,5119.25,5145.44,14215116,VNIT,Công nghệ thông tin
2025-07-22,5145.44,5226.88,5071.66,5226.39,13026696,VNIT,Công nghệ thông tin
2025-07-23,5226.39,5260.67,5194.43,5223.58,14595632,VNIT,Công nghệ thông tin
2025-07-24,5223.58,5240.2,5175.89,5189.91,12269051,VNIT,Công nghệ thông tin
2025-07-25,5189.91,5209.91,5162.5,5171.14,12932350,VNIT,Công nghệ thông tin
2025-07-28,5171.14,5205.4,5160.58,5197.23,17931092,VNIT,Công nghệ thông tin
2025-07-29,5197.23,5212.67,4945.65,4945.65,31057486,VNIT,Công nghệ thông tin
2025-07-30,4945.65,5036.04,4911.1,4948.54,14278420,VNIT,Công nghệ thông tin
2025-07-31,4948.54,4983.39,4844.55,4858.92,13549196,VNIT,Công nghệ thông tin
2025-08-01,4858.92,5009.09,4753.11,4990.67,15698285,VNIT,Công nghệ thông tin
2025-08-04,4990.67,4990.67,4900.12,4977.93,9587560,VNIT,Công nghệ thông tin
2025-08-05,4977.93,5071.54,4896.52,4936.65,20073326,VNIT,Công nghệ thông tin
2025-08-06,4936.65,4959.53,4881.2,4910.89,20821887,VNIT,Công nghệ thông tin
2025-08-07,4910.89,5018.8,4910.89,4968.94,16547713,VNIT,Công nghệ thông tin
2025-08-08,4968.94,5022.79,4909.66,4940.85,18871604,VNIT,Công nghệ thông tin
2025-08-11,4940.85,5115.72,4931.26,4983.63,19705983,VNIT,Công nghệ thông tin
2025-08-12,4983.63,5066.29,4983.63,5035.02,18514360,VNIT,Công nghệ thông tin
2025-08-13,5041.18,5049.44,4920.43,4932.18,37219805,VNIT,Công nghệ thông tin
2025-08-14,4970.82,4970.82,4867.72,4878.01,27542619,VNIT,Công nghệ thông tin
2025-08-15,4879.72,4918.55,4754.82,4764.03,27331918,VNIT,Công nghệ thông tin
2025-08-18,4763.83,4830.91,4695.84,4717.09,17690368,VNIT,Công nghệ thông tin
2025-08-19,4723.94,4763.95,4692.61,4707.78,16208311,VNIT,Công nghệ thông tin
2025-08-20,4698.8,4703.74,4571.72,4581.19,27823408,VNIT,Công nghệ thông tin
2025-08-21,4581.11,4803.62,4577.1,4753.23,21049764,VNIT,Công nghệ thông tin
2025-08-22,4748.36,4748.36,4618.23,4631.93,12516217,VNIT,Công nghệ thông tin
2025-08-25,4747.11,4765.84,4615.43,4615.43,10541900,VNIT,Công nghệ thông tin
2025-08-26,4613.08,4677.86,4576.07,4677.86,8454770,VNIT,Công nghệ thông tin
2025-08-27,4734.58,4901.14,4728.37,4894.02,23973710,VNIT,Công nghệ thông tin
2025-08-28,4900.62,4901.25,4804.58,4875.08,9650171,VNIT,Công nghệ thông tin
2025-08-29,4889.9,4889.9,4746.1,4746.1,16958555,VNIT,Công nghệ thông tin
2025-09-03,4754.81,4828.46,4680.53,4824.72,16590421,VNIT,Công nghệ thông tin
2025-09-04,4835.39,4926.44,4825.65,4907.02,19732540,VNIT,Công nghệ thông tin
2025-09-05,4923.86,4927.93,4831.57,4831.57,15700503,VNIT,Công nghệ thông tin
2025-09-08,4811.68,4846.37,4755.82,4755.82,18172094,VNIT,Công nghệ thông tin
2025-09-09,4759.54,4804.3,4716.1,4766.95,9667978,VNIT,Công nghệ thông tin
2025-09-10,4770.04,4803.13,4723.97,4731.16,10589727,VNIT,Công nghệ thông tin
2025-09-11,4731.3,4805.73,4692.9,4771.17,11703003,VNIT,Công nghệ thông tin
2025-09-12,4772.53,4816.39,4737.2,4763.88,15101687,VNIT,Công nghệ thông tin
2025-09-15,4782.76,4849.78,4761.58,4779.57,18163551,VNIT,Công nghệ thông tin
2025-09-16,4816.25,4907.54,4786.65,4851.9,24765081,VNIT,Công nghệ thông tin
2025-09-17,4878.51,5046.91,4878.51,4941.46,29376909,VNIT,Công nghệ thông tin
2025-09-18,4964.59,4977.86,4823.42,4823.42,16016294,VNIT,Công nghệ thông tin
2025-09-19,4848.06,5119.89,4710.43,4820.23,26698783,VNIT,Công nghệ thông tin
2025-09-22,4807.66,4807.66,4663.08,4666.7,21645064,VNIT,Công nghệ thông tin
2025-09-23,4675.23,4681.5,4570.83,4593.46,22635756,VNIT,Công nghệ thông tin
2025-09-24,4606.78,4664.43,4563.84,4664.43,10692076,VNIT,Công nghệ thông tin
2025-09-25,4665.27,4665.27,4591.2,4595.98,11525054,VNIT,Công nghệ thông tin
2025-09-26,4604.99,4650.09,4565.64,4568.66,12054866,VNIT,Công nghệ thông tin
2025-09-29,4577.89,4577.89,4478.99,4479.88,13499104,VNIT,Công nghệ thông tin
2025-09-30,4485.25,4493.96,4357.17,4370.83,16214117,VNIT,Công nghệ thông tin
2025-10-01,4384.53,4432.56,4301.37,4388.99,8350134,VNIT,Công nghệ thông tin
2025-10-02,4369.12,4390.36,4324.34,4330.6,11613251,VNIT,Công nghệ thông tin
2025-10-03,4332.44,4406.91,4328.66,4382.91,9371905,VNIT,Công nghệ thông tin
2025-10-06,4418.45,4499.92,4389.14,4483.42,12672901,VNIT,Công nghệ thông tin
2025-10-07,4506.14,4517.63,4467.29,4479.43,8563592,VNIT,Công nghệ thông tin
2025-10-08,4483.2,4543.91,4437.17,4437.17,8852038,VNIT,Công nghệ thông tin
2025-10-09,4455.28,4459.64,4394.36,4421.8,9632612,VNIT,Công nghệ thông tin
2025-10-10,4422.86,4525.8,4405.37,4506.33,11327946,VNIT,Công nghệ thông tin
2025-10-13,4448.6,4449.88,4395.65,4407.65,15076152,VNIT,Công nghệ thông tin
2025-10-14,4413.0,4426.65,4328.92,4335.2,19437951,VNIT,Công nghệ thông tin
2025-10-15,4340.62,4366.36,4208.35,4215.12,21784365,VNIT,Công nghệ thông tin
2025-10-16,4224.89,4300.83,4213.55,4223.65,10688255,VNIT,Công nghệ thông tin
2025-10-17,4239.03,4297.25,4146.0,4146.02,11360116,VNIT,Công nghệ thông tin
2025-10-20,4158.79,4308.14,4084.83,4085.67,19205573,VNIT,Công nghệ thông tin
2025-10-21,4170.95,4354.55,4153.54,4352.77,24502567,VNIT,Công nghệ thông tin
2025-10-22,4452.11,4614.31,4443.4,4533.52,21457971,VNIT,Công nghệ thông tin
2025-10-23,4541.46,4541.46,4443.21,4443.44,10690243,VNIT,Công nghệ thông tin
2025-10-24,4442.25,4566.26,4431.83,4566.26,17428596,VNIT,Công nghệ thông tin
2025-10-27,4619.53,4654.91,4504.56,4579.4,15372722,VNIT,Công nghệ thông tin
2025-10-28,4610.38,4768.12,4610.38,4768.12,30842126,VNIT,Công nghệ thông tin
2025-10-29,4779.23,4812.42,4719.22,4745.66,11138707,VNIT,Công nghệ thông tin
2025-10-30,4768.0,4825.43,4740.83,4795.84,13266955,VNIT,Công nghệ thông tin
2025-10-31,4787.85,4847.01,4722.04,4846.93,20334331,VNIT,Công nghệ thông tin
2025-11-03,4844.5,4956.01,4829.75,4891.39,24795230,VNIT,Công nghệ thông tin
2025-11-04,4876.47,4876.47,4737.02,4819.42,20541197,VNIT,Công nghệ thông tin
2025-11-05,4748.69,4759.65,4657.43,4709.82,15216676,VNIT,Công nghệ thông tin
2025-11-06,4709.93,4756.75,4644.39,4676.52,9506818,VNIT,Công nghệ thông tin
2025-11-07,4647.35,4748.84,4643.71,4709.25,8165343,VNIT,Công nghệ thông tin
2025-11-10,4709.81,4718.54,4497.47,4497.47,13864133,VNIT,Công nghệ thông tin
2025-11-11,4529.59,4573.71,4495.78,4495.78,8977948,VNIT,Công nghệ thông tin
2025-11-12,4514.68,4696.89,4513.34,4696.89,8441645,VNIT,Công nghệ thông tin
2025-11-13,4695.47,4700.63,4607.85,4618.62,13156161,VNIT,Công nghệ thông tin
2025-11-14,4618.07,4705.24,4588.13,4667.36,7866661,VNIT,Công nghệ thông tin
2025-11-17,4698.14,4741.96,4693.77,4722.86,12788885,VNIT,Công nghệ thông tin
2025-11-18,4724.44,4724.67,4630.75,4687.62,13394737,VNIT,Công nghệ thông tin
2025-11-19,4664.75,4664.75,4593.8,4593.8,11665168,VNIT,Công nghệ thông tin
2025-11-20,4622.12,4668.4,4599.33,4641.42,9060877,VNIT,Công nghệ thông tin
2025-11-21,4618.16,4739.23,4584.75,4721.35,11530283,VNIT,Công nghệ thông tin
2025-11-24,4717.04,4733.45,4666.52,4690.81,8256188,VNIT,Công nghệ thông tin
2025-11-25,4664.02,4694.91,4621.41,4665.23,9687677,VNIT,Công nghệ thông tin
2025-11-26,4668.82,4688.99,4630.11,4634.3,10288056,VNIT,Công nghệ thông tin
2025-11-27,4639.12,4679.49,4599.35,4660.53,10405603,VNIT,Công nghệ thông tin
2025-11-28,4648.24,4656.88,4554.55,4554.55,11218394,VNIT,Công nghệ thông tin
2025-12-01,4543.38,4582.78,4511.55,4532.25,7600666,VNIT,Công nghệ thông tin
2025-12-02,4541.3,4558.06,4476.61,4527.52,8505740,VNIT,Công nghệ thông tin
2025-12-03,4546.0,4546.33,4506.71,4536.17,10432191,VNIT,Công nghệ thông tin
2025-12-04,4541.27,4623.68,4541.27,4574.79,12524627,VNIT,Công nghệ thông tin
2025-12-05,4575.02,4575.02,4512.39,4516.79,8869788,VNIT,Công nghệ thông tin
2025-12-08,4531.26,4566.74,4482.99,4482.99,8721571,VNIT,Công nghệ thông tin
2025-12-09,4488.09,4545.75,4428.54,4540.0,15148168,VNIT,Công nghệ thông tin
2025-12-10,4549.99,4549.99,4479.14,4483.51,5826844,VNIT,Công nghệ thông tin
2025-12-11,4495.86,4528.1,4483.57,4499.32,7595084,VNIT,Công nghệ thông tin
2025-12-12,4499.64,4500.44,4378.95,4388.5,9080682,VNIT,Công nghệ thông tin
2025-12-15,4398.26,4418.57,4374.17,4387.3,6231948,VNIT,Công nghệ thông tin
2025-12-16,4396.47,4463.56,4310.88,4445.88,9305851,VNIT,Công nghệ thông tin
2025-12-17,4425.52,4501.58,4425.32,4489.97,8520531,VNIT,Công nghệ thông tin
2025-12-18,4477.11,4477.11,4397.42,4424.73,6973111,VNIT,Công nghệ thông tin
2025-12-19,4418.2,4447.17,4385.85,4401.15,7745562,VNIT,Công nghệ thông tin
2025-12-22,4413.77,4418.88,4381.42,4395.54,9584743,VNIT,Công nghệ thông tin
2025-12-23,4409.17,4490.27,4385.25,4404.56,11067180,VNIT,Công nghệ thông tin
2025-12-24,4408.1,4413.78,4364.8,4387.02,5973793,VNIT,Công nghệ thông tin
2025-12-25,4403.67,4436.74,4357.03,4358.31,7218205,VNIT,Công nghệ thông tin
2025-12-26,4347.03,4352.61,4264.61,4334.83,10293018,VNIT,Công nghệ thông tin
2025-12-29,4334.45,4438.56,4334.45,4419.63,9169170,VNIT,Công nghệ thông tin
2025-12-30,4428.11,4516.28,4419.38,4514.41,9318712,VNIT,Công nghệ thông tin
2025-12-31,4527.13,4535.97,4440.45,4481.97,5372001,VNIT,Công nghệ thông tin
2026-01-05,4477.8,4477.8,4379.92,4455.63,12566074,VNIT,Công nghệ thông tin
2026-01-06,4443.06,4443.31,4393.04,4414.02,8135830,VNIT,Công nghệ thông tin
2026-01-07,4418.7,4572.83,4418.7,4570.59,15247101,VNIT,Công nghệ thông tin
2026-01-08,4596.71,4596.71,4519.58,4521.01,9820481,VNIT,Công nghệ thông tin
2026-01-09,4517.08,4674.63,4499.83,4565.04,13098061,VNIT,Công nghệ thông tin
2026-01-12,4592.95,4663.07,4591.25,4663.07,13802118,VNIT,Công nghệ thông tin
2026-01-13,4672.42,4761.72,4590.73,4635.4,13433400,VNIT,Công nghệ thông tin
2026-01-14,4637.96,4734.25,4589.36,4678.61,20092140,VNIT,Công nghệ thông tin
2026-01-15,4680.63,4762.28,4620.9,4627.14,15946552,VNIT,Công nghệ thông tin
2026-01-16,4672.99,4944.32,4669.39,4943.64,35182220,VNIT,Công nghệ thông tin
2026-01-19,5087.0,5091.2,4948.84,4963.05,19889752,VNIT,Công nghệ thông tin
2026-01-20,4976.82,5018.55,4890.67,4890.67,23988260,VNIT,Công nghệ thông tin
2026-01-21,4850.96,4983.13,4752.35,4925.08,23136535,VNIT,Công nghệ thông tin
2026-01-22,4949.59,4958.83,4855.18,4855.18,12882843,VNIT,Công nghệ thông tin
2026-01-23,4876.66,4902.54,4745.52,4745.84,13246080,VNIT,Công nghệ thông tin
2026-01-26,4704.99,4769.17,4601.62,4626.63,17090013,VNIT,Công nghệ thông tin
2026-01-27,4669.21,4805.03,4650.48,4787.51,15004443,VNIT,Công nghệ thông tin
2026-01-28,4801.21,4951.59,4794.98,4889.09,19716409,VNIT,Công nghệ thông tin
2026-01-29,4910.98,5012.18,4858.62,4971.81,22040225,VNIT,Công nghệ thông tin
2026-01-30,4984.31,4989.28,4830.48,4909.55,20461525,VNIT,Công nghệ thông tin
2026-02-02,4858.67,4913.2,4785.97,4913.2,22957695,VNIT,Công nghệ thông tin
2026-02-03,4944.5,4969.3,4854.61,4910.35,19142262,VNIT,Công nghệ thông tin
2026-02-04,4891.66,4896.04,4806.48,4823.32,23242749,VNIT,Công nghệ thông tin
2026-02-05,4822.21,4822.21,4682.51,4682.51,24783734,VNIT,Công nghệ thông tin
2026-02-06,4635.34,4725.21,4583.17,4618.1,18954991,VNIT,Công nghệ thông tin
2026-02-09,4664.21,4694.69,4625.71,4674.45,8934778,VNIT,Công nghệ thông tin
2026-02-10,4713.39,4713.75,4583.2,4606.39,14620070,VNIT,Công nghệ thông tin
2026-02-11,4624.74,4685.96,4589.68,4649.06,11718907,VNIT,Công nghệ thông tin
2026-02-12,4666.86,4675.71,4638.5,4659.13,8349578,VNIT,Công nghệ thông tin
2026-02-13,4625.45,4635.94,4548.51,4548.51,22002605,VNIT,Công nghệ thông tin
2026-02-23,4573.0,4573.58,4414.43,4476.1,29390974,VNIT,Công nghệ thông tin
2026-02-24,4444.66,4453.66,4381.72,4387.6,34458293,VNIT,Công nghệ thông tin
2026-02-25,4378.27,4389.94,4233.84,4237.38,55914062,VNIT,Công nghệ thông tin
2026-02-26,4281.65,4371.75,4271.44,4301.34,22473640,VNIT,Công nghệ thông tin
2026-02-27,4327.24,4426.9,4286.45,4397.94,25209276,VNIT,Công nghệ thông tin
2026-03-02,4386.03,4386.03,4230.68,4236.88,28229604,VNIT,Công nghệ thông tin
2026-03-03,4258.77,4294.62,4108.97,4109.8,28214800,VNIT,Công nghệ thông tin
2026-03-04,4098.63,4108.07,3974.4,4027.2,35731866,VNIT,Công nghệ thông tin
2026-03-05,4092.16,4101.89,3995.87,3995.87,22672192,VNIT,Công nghệ thông tin
2026-03-06,3992.74,3997.12,3860.76,3867.76,30787437,VNIT,Công nghệ thông tin
2026-03-09,3862.46,3862.46,3597.85,3598.12,22873038,VNIT,Công nghệ thông tin
2026-03-10,3621.57,3761.46,3617.44,3757.45,30237278,VNIT,Công nghệ thông tin
2026-03-11,3776.29,3838.08,3709.05,3803.06,20969868,VNIT,Công nghệ thông tin
2026-03-12,3739.09,3757.14,3679.02,3687.87,15579097,VNIT,Công nghệ thông tin
2026-03-13,3658.12,3721.19,3621.51,3652.44,14223282,VNIT,Công nghệ thông tin
2026-03-16,3661.83,3753.51,3661.83,3706.26,12377081,VNIT,Công nghệ thông tin
2026-03-17,3761.11,3848.32,3751.99,3763.59,13690687,VNIT,Công nghệ thông tin
2026-03-18,3796.68,3798.88,3700.96,3726.51,9666722,VNIT,Công nghệ thông tin
2026-03-19,3677.34,3687.12,3633.75,3645.54,15003741,VNIT,Công nghệ thông tin
2026-03-20,3630.93,3664.01,3497.21,3543.63,25649898,VNIT,Công nghệ thông tin
2026-03-23,3496.98,3594.12,3396.91,3466.92,17666218,VNIT,Công nghệ thông tin
2026-03-24,3575.23,3595.2,3517.57,3575.04,8558604,VNIT,Công nghệ thông tin
2026-03-25,3609.43,3653.6,3587.36,3653.6,10944711,VNIT,Công nghệ thông tin
2026-03-26,3652.98,3652.98,3528.9,3535.81,13463554,VNIT,Công nghệ thông tin
2026-03-27,3548.55,3629.53,3526.1,3622.6,11809553,VNIT,Công nghệ thông tin
2026-03-30,3540.72,3584.01,3501.32,3531.04,10897746,VNIT,Công nghệ thông tin
2026-03-31,3563.04,3598.59,3549.39,3560.73,9379349,VNIT,Công nghệ thông tin
2026-04-01,3614.01,3634.43,3573.35,3589.29,11049242,VNIT,Công nghệ thông tin
2026-04-02,3578.46,3578.46,3532.35,3562.56,8919781,VNIT,Công nghệ thông tin
2026-04-03,3562.38,3595.31,3519.91,3522.58,7965960,VNIT,Công nghệ thông tin
2026-04-06,3526.96,3545.51,3497.71,3516.17,6553487,VNIT,Công nghệ thông tin
2026-04-07,3540.18,3542.2,3505.64,3516.6,6900056,VNIT,Công nghệ thông tin
2026-04-08,3611.63,3755.28,3576.66,3755.17,19735608,VNIT,Công nghệ thông tin
2026-04-09,3753.23,3753.97,3709.75,3719.82,9451262,VNIT,Công nghệ thông tin
2026-04-10,3733.55,3747.55,3674.87,3691.54,7941018,VNIT,Công nghệ thông tin
2026-04-13,3645.98,3660.9,3609.99,3616.58,11391979,VNIT,Công nghệ thông tin
2026-04-14,3662.69,3667.48,3616.78,3628.48,9570812,VNIT,Công nghệ thông tin
2026-04-15,3660.85,3660.97,3570.35,3574.87,13928632,VNIT,Công nghệ thông tin
2026-04-16,3591.48,3595.73,3526.7,3531.28,14760244,VNIT,Công nghệ thông tin
2026-04-17,3571.29,3709.8,3566.66,3618.24,16906129,VNIT,Công nghệ thông tin
2026-04-20,3633.08,3663.81,3620.67,3657.93,8539125,VNIT,Công nghệ thông tin
2026-04-21,3662.92,3680.23,3574.58,3575.57,10785637,VNIT,Công nghệ thông tin
2026-04-22,3591.55,3591.69,3529.91,3554.4,10371537,VNIT,Công nghệ thông tin
2026-04-23,3572.28,3605.79,3524.33,3536.76,10111473,VNIT,Công nghệ thông tin
2026-04-24,3522.32,3527.8,3487.36,3496.21,12930752,VNIT,Công nghệ thông tin
2026-04-28,3491.72,3538.09,3465.08,3532.83,12440019,VNIT,Công nghệ thông tin
2026-04-29,3493.19,3583.71,3488.07,3583.71,12033503,VNIT,Công nghệ thông tin
2026-05-04,3552.6,3566.94,3500.47,3505.49,11068739,VNIT,Công nghệ thông tin
2026-05-05,3518.31,3533.68,3465.09,3530.76,14580321,VNIT,Công nghệ thông tin
2026-05-06,3526.05,3526.05,3473.03,3487.65,12983336,VNIT,Công nghệ thông tin
2026-05-07,3515.68,3534.83,3474.37,3477.3,13167898,VNIT,Công nghệ thông tin
2026-05-08,3484.79,3489.99,3423.0,3425.09,18651530,VNIT,Công nghệ thông tin
2026-05-11,3410.99,3410.99,3331.17,3332.47,21473240,VNIT,Công nghệ thông tin
2026-05-12,3336.93,3399.75,3335.89,3360.21,11288137,VNIT,Công nghệ thông tin
2026-05-13,3361.28,3395.92,3327.25,3362.95,14757958,VNIT,Công nghệ thông tin
2026-05-14,3385.33,3568.53,3380.98,3508.11,25182340,VNIT,Công nghệ thông tin
2026-05-15,3517.28,3517.28,3452.35,3464.03,7712773,VNIT,Công nghệ thông tin
2026-05-18,3465.53,3566.71,3420.27,3549.92,20935106,VNIT,Công nghệ thông tin
2026-05-19,3554.18,3593.21,3522.89,3532.97,15652552,VNIT,Công nghệ thông tin
2026-05-20,3545.36,3695.46,3451.73,3669.22,30599964,VNIT,Công nghệ thông tin
2026-05-21,3671.18,3674.3,3585.71,3618.78,13872562,VNIT,Công nghệ thông tin
2026-05-22,3631.9,3665.52,3556.53,3556.53,14515018,VNIT,Công nghệ thông tin
2026-05-25,3533.07,3572.48,3481.67,3483.91,12324395,VNIT,Công nghệ thông tin
2026-05-26,3488.08,3529.79,3488.08,3529.79,6702850,VNIT,Công nghệ thông tin
2026-05-27,3528.92,3565.57,3469.93,3491.9,11033502,VNIT,Công nghệ thông tin
2026-05-28,3451.84,3470.23,3384.83,3384.83,12229418,VNIT,Công nghệ thông tin
2026-05-29,3384.81,3439.4,3364.97,3398.01,9624626,VNIT,Công nghệ thông tin
2026-06-01,3429.49,3473.06,3418.96,3452.19,8450434,VNIT,Công nghệ thông tin
2026-06-02,3455.13,3567.24,3455.13,3535.38,21690780,VNIT,Công nghệ thông tin
2026-06-03,3541.91,3666.12,3541.91,3615.34,29899032,VNIT,Công nghệ thông tin
2026-06-04,3628.22,3643.53,3580.71,3595.03,13173085,VNIT,Công nghệ thông tin
2026-06-05,3586.04,3586.04,3514.12,3544.05,13699311,VNIT,Công nghệ thông tin
2026-06-08,3485.1,3518.78,3440.92,3449.64,15518386,VNIT,Công nghệ thông tin
2026-06-09,3470.55,3505.44,3433.4,3483.01,12304462,VNIT,Công nghệ thông tin
2026-06-10,3478.86,3518.93,3476.87,3505.86,6222755,VNIT,Công nghệ thông tin
2026-06-11,3490.76,3490.76,3454.55,3456.52,4690308,VNIT,Công nghệ thông tin
2026-06-12,3475.52,3509.86,3472.56,3473.02,7417986,VNIT,Công nghệ thông tin
2026-06-15,3513.95,3546.2,3477.07,3483.4,9501033,VNIT,Công nghệ thông tin
2026-06-16,3492.83,3510.13,3466.61,3471.77,11852069,VNIT,Công nghệ thông tin
2026-06-17,3479.89,3480.8,3433.4,3436.74,13726265,VNIT,Công nghệ thông tin
2026-06-18,3436.5,3436.5,3398.98,3401.53,16819719,VNIT,Công nghệ thông tin
2026-06-19,3400.22,3409.14,3363.19,3394.5,15467526,VNIT,Công nghệ thông tin
2026-06-22,3393.71,3403.51,3343.12,3354.53,10235326,VNIT,Công nghệ thông tin
2026-06-23,3365.59,3404.34,3357.27,3357.7,8674480,VNIT,Công nghệ thông tin
2026-06-24,3365.7,3375.4,3325.6,3357.66,9973856,VNIT,Công nghệ thông tin
2026-06-25,3365.43,3398.43,3357.13,3368.38,8848128,VNIT,Công nghệ thông tin
2026-06-26,3381.35,3381.35,3334.71,3357.68,6605726,VNIT,Công nghệ thông tin
2026-06-29,3349.24,3357.85,3333.05,3345.36,8615991,VNIT,Công nghệ thông tin
2026-06-30,3353.75,3362.7,3330.92,3336.61,8504658,VNIT,Công nghệ thông tin
2026-07-01,3344.58,3464.06,3341.42,3455.12,13840325,VNIT,Công nghệ thông tin
2026-07-02,3457.63,3474.25,3437.72,3437.72,7476063,VNIT,Công nghệ thông tin
2026-07-03,3436.34,3463.9,3401.12,3428.97,9028933,VNIT,Công nghệ thông tin
2026-07-06,3433.44,3502.25,3405.47,3453.31,13393331,VNIT,Công nghệ thông tin
2026-07-07,3450.7,3478.29,3430.91,3463.58,6131455,VNIT,Công nghệ thông tin
2026-07-08,3433.76,3446.65,3387.07,3416.07,8656706,VNIT,Công nghệ thông tin
2026-07-09,3401.01,3449.42,3401.01,3413.68,5356460,VNIT,Công nghệ thông tin
2026-07-10,3412.4,3422.23,3346.55,3346.55,9694224,VNIT,Công nghệ thông tin
2026-07-13,3332.56,3375.15,3327.72,3340.53,9711950,VNIT,Công nghệ thông tin
2026-07-14,3330.59,3353.17,3315.02,3332.52,8655435,VNIT,Công nghệ thông tin
2026-07-15,3336.73,3336.73,3173.99,3173.99,22530008,VNIT,Công nghệ thông tin
2026-07-16,3160.19,3226.59,3074.51,3226.59,17017026,VNIT,Công nghệ thông tin
2026-07-17,3245.59,3245.59,3179.63,3181.44,5328132,VNIT,Công nghệ thông tin
2026-07-20,3170.1,3208.93,3140.07,3172.38,8838184,VNIT,Công nghệ thông tin
2026-07-21,3143.35,3208.46,3069.94,3070.04,13039067,VNIT,Công nghệ thông tin
2026-07-22,3077.82,3183.72,3026.08,3055.32,13275866,VNIT,Công nghệ thông tin
2026-07-23,3067.27,3099.8,3033.44,3063.38,7708658,VNIT,Công nghệ thông tin
2026-07-24,3053.34,3053.34,2973.57,2980.05,9164809,VNIT,Công nghệ thông tin
2026-07-27,2991.49,3014.07,2944.41,2944.41,5720399,VNIT,Công nghệ thông tin
2026-07-28,2919.63,3012.77,2907.98,2984.63,9426978,VNIT,Công nghệ thông tin
2026-07-29,2984.86,3087.18,2961.55,3081.2,9772886,VNIT,Công nghệ thông tin
2026-07-30,3084.14,3179.07,3067.07,3169.26,12865407,VNIT,Công nghệ thông tin
2026-07-31,3184.49,3210.08,3137.17,3174.38,9967358,VNIT,Công nghệ thông tin
2026-08-03,3190.29,3383.81,3190.29,3381.98,21704037,VNIT,Công nghệ thông tin
2026-08-04,3395.28,3452.59,3373.42,3384.38,11441998,VNIT,Công nghệ thông tin
2026-08-05,3407.01,3415.75,3324.54,3329.97,9170884,VNIT,Công nghệ thông tin
2026-08-06,3334.16,3377.96,3334.16,3349.5,7261498,VNIT,Công nghệ thông tin
2026-08-07,3359.46,3392.63,3328.48,3349.88,5991014,VNIT,Công nghệ thông tin
2026-08-10,3356.09,3409.28,3346.98,3397.33,7338709,VNIT,Công nghệ thông tin
2026-08-11,3388.78,3457.14,3362.39,3374.85,9427133,VNIT,Công nghệ thông tin
2026-08-12,3375.03,3406.55,3350.37,3355.64,5030793,VNIT,Công nghệ thông tin
2026-08-13,3362.9,3382.92,3291.81,3291.81,13097620,VNIT,Công nghệ thông tin
2026-08-14,3299.19,3308.98,3231.62,3244.97,11087162,VNIT,Công nghệ thông tin
2026-08-17,3253.02,3294.03,3248.64,3265.47,10549182,VNIT,Công nghệ thông tin
2026-08-18,3265.12,3288.8,3242.19,3275.35,6279997,VNIT,Công nghệ thông tin
2026-08-19,3278.06,3283.91,3257.22,3273.75,6975996,VNIT,Công nghệ thông tin
