time,open,high,low,close,volume,symbol,name
2018-08-06,1065.59,1067.25,1055.7,1061.42,17403250,VNMAT,Nguyên vật liệu
2018-08-07,1061.42,1062.61,1053.69,1060.99,12281670,VNMAT,Nguyên vật liệu
2018-08-08,1060.89,1075.41,1060.0,1072.68,11894530,VNMAT,Nguyên vật liệu
2018-08-09,1076.75,1082.39,1067.84,1068.69,13006960,VNMAT,Nguyên vật liệu
2018-08-10,1065.93,1077.32,1065.32,1075.54,11755820,VNMAT,Nguyên vật liệu
2018-08-13,1075.65,1105.28,1073.05,1103.98,23129560,VNMAT,Nguyên vật liệu
2018-08-14,1104.02,1115.63,1102.65,1110.23,14857070,VNMAT,Nguyên vật liệu
2018-08-15,1104.02,1115.87,1084.55,1089.06,11546410,VNMAT,Nguyên vật liệu
2018-08-16,1104.02,1093.35,1078.5,1091.12,14215550,VNMAT,Nguyên vật liệu
2018-08-17,1104.02,1102.49,1088.7,1092.5,10401690,VNMAT,Nguyên vật liệu
2018-08-20,1104.02,1093.4,1079.83,1081.46,10932740,VNMAT,Nguyên vật liệu
2018-08-21,1104.02,1087.43,1077.99,1087.43,10662890,VNMAT,Nguyên vật liệu
2018-08-22,1104.02,1105.2,1086.19,1098.25,15566160,VNMAT,Nguyên vật liệu
2018-08-23,1104.02,1106.3,1097.09,1101.2,12258330,VNMAT,Nguyên vật liệu
2018-08-24,1104.02,1108.77,1095.61,1108.71,15991800,VNMAT,Nguyên vật liệu
2018-08-27,1104.02,1127.76,1114.3,1121.4,19772000,VNMAT,Nguyên vật liệu
2018-08-28,1104.02,1143.15,1121.48,1137.41,20896260,VNMAT,Nguyên vật liệu
2018-08-29,1104.02,1150.13,1130.7,1131.89,15523710,VNMAT,Nguyên vật liệu
2018-08-30,1132.72,1136.96,1123.78,1135.15,18188410,VNMAT,Nguyên vật liệu
2018-08-31,1132.72,1148.37,1133.68,1139.89,16155330,VNMAT,Nguyên vật liệu
2018-09-04,1132.72,1148.37,1118.97,1118.97,14252000,VNMAT,Nguyên vật liệu
2018-09-05,1132.72,1122.57,1106.51,1109.06,14331330,VNMAT,Nguyên vật liệu
2018-09-06,1132.72,1118.57,1105.12,1107.5,13296850,VNMAT,Nguyên vật liệu
2018-09-07,1132.72,1129.96,1106.32,1128.76,16772400,VNMAT,Nguyên vật liệu
2018-09-10,1132.72,1131.93,1117.38,1117.38,13577980,VNMAT,Nguyên vật liệu
2018-09-11,1132.72,1135.08,1113.64,1132.5,16950740,VNMAT,Nguyên vật liệu
2018-09-12,1132.72,1139.31,1124.93,1124.93,21153070,VNMAT,Nguyên vật liệu
2018-09-13,1132.72,1138.91,1125.98,1133.04,21837560,VNMAT,Nguyên vật liệu
2018-09-14,1132.72,1139.86,1127.71,1127.71,17003900,VNMAT,Nguyên vật liệu
2018-09-17,1132.72,1129.02,1118.9,1126.22,14227430,VNMAT,Nguyên vật liệu
2018-09-18,1132.72,1132.18,1113.17,1132.18,30614420,VNMAT,Nguyên vật liệu
2018-09-19,1132.72,1147.51,1132.55,1140.39,29055470,VNMAT,Nguyên vật liệu
2018-09-20,1132.72,1168.54,1140.89,1168.54,25314870,VNMAT,Nguyên vật liệu
2018-09-21,1132.72,1177.34,1161.51,1176.0,36546060,VNMAT,Nguyên vật liệu
2018-09-24,1132.72,1185.53,1173.26,1178.08,23095200,VNMAT,Nguyên vật liệu
2018-09-25,1132.72,1182.88,1169.12,1181.66,25439910,VNMAT,Nguyên vật liệu
2018-09-26,1132.72,1191.44,1179.48,1183.42,28871120,VNMAT,Nguyên vật liệu
2018-09-27,1132.72,1197.0,1183.4,1195.11,24046700,VNMAT,Nguyên vật liệu
2018-09-28,1132.72,1209.64,1193.7,1208.9,28542740,VNMAT,Nguyên vật liệu
2018-10-01,1132.72,1224.7,1204.55,1211.75,32392060,VNMAT,Nguyên vật liệu
2018-10-02,1132.72,1211.67,1185.41,1188.42,28332920,VNMAT,Nguyên vật liệu
2018-10-03,1132.72,1194.32,1183.42,1188.7,21593270,VNMAT,Nguyên vật liệu
2018-10-04,1132.72,1192.1,1183.23,1191.87,25917630,VNMAT,Nguyên vật liệu
2018-10-05,1132.72,1200.17,1186.91,1191.24,26050650,VNMAT,Nguyên vật liệu
2018-10-08,1132.72,1192.01,1180.8,1185.03,28302010,VNMAT,Nguyên vật liệu
2018-10-09,1132.72,1190.97,1179.63,1180.02,21329630,VNMAT,Nguyên vật liệu
2018-10-10,1132.72,1192.35,1177.54,1181.39,29537490,VNMAT,Nguyên vật liệu
2018-10-11,1132.72,1152.85,1120.42,1134.1,47589670,VNMAT,Nguyên vật liệu
2018-10-12,1132.72,1158.37,1118.94,1158.37,24351760,VNMAT,Nguyên vật liệu
2018-10-15,1132.72,1158.34,1143.68,1143.68,14519070,VNMAT,Nguyên vật liệu
2018-10-16,1144.59,1155.31,1144.36,1155.31,13435900,VNMAT,Nguyên vật liệu
2018-10-17,1155.94,1169.06,1155.94,1161.52,17864070,VNMAT,Nguyên vật liệu
2018-10-18,1161.64,1163.79,1154.55,1160.12,16979210,VNMAT,Nguyên vật liệu
2018-10-19,1148.48,1161.14,1143.73,1154.19,16601240,VNMAT,Nguyên vật liệu
2018-10-22,1153.75,1159.2,1138.38,1138.38,15260450,VNMAT,Nguyên vật liệu
2018-10-23,1133.24,1133.24,1105.75,1118.8,27694390,VNMAT,Nguyên vật liệu
2018-10-24,1112.02,1127.22,1106.33,1106.33,19076330,VNMAT,Nguyên vật liệu
2018-10-25,1073.52,1097.99,1069.68,1096.46,23847020,VNMAT,Nguyên vật liệu
2018-10-26,1110.11,1115.8,1094.53,1095.1,17381080,VNMAT,Nguyên vật liệu
2018-10-29,1095.35,1095.35,1086.98,1090.86,13233210,VNMAT,Nguyên vật liệu
2018-10-30,1084.9,1101.47,1084.32,1088.99,12964450,VNMAT,Nguyên vật liệu
2018-10-31,1095.52,1120.58,1095.52,1120.58,27595370,VNMAT,Nguyên vật liệu
2018-11-01,1095.52,1121.11,1095.52,1101.82,18739070,VNMAT,Nguyên vật liệu
2018-11-02,1095.52,1121.11,1095.52,1110.18,27084370,VNMAT,Nguyên vật liệu
2018-11-05,1100.95,1112.97,1099.94,1112.97,11971630,VNMAT,Nguyên vật liệu
2018-11-06,1114.42,1116.25,1105.88,1105.97,12645100,VNMAT,Nguyên vật liệu
2018-11-07,1103.58,1108.82,1093.9,1094.83,13307340,VNMAT,Nguyên vật liệu
2018-11-08,1095.13,1109.75,1092.6,1092.6,12905640,VNMAT,Nguyên vật liệu
2018-11-09,1085.84,1089.67,1062.26,1062.26,14523890,VNMAT,Nguyên vật liệu
2018-11-12,1062.26,1063.59,1051.99,1060.4,15409740,VNMAT,Nguyên vật liệu
2018-11-13,1060.4,1060.4,1044.18,1049.0,8212910,VNMAT,Nguyên vật liệu
2018-11-14,1045.3,1047.56,1013.64,1023.55,18154630,VNMAT,Nguyên vật liệu
2018-11-15,1024.52,1028.14,1003.51,1008.0,16916440,VNMAT,Nguyên vật liệu
2018-11-16,1016.12,1022.94,1009.36,1013.52,8412560,VNMAT,Nguyên vật liệu
2018-11-19,1025.19,1026.69,1014.35,1020.28,7690150,VNMAT,Nguyên vật liệu
2018-11-20,1020.97,1043.74,1018.42,1043.47,17879090,VNMAT,Nguyên vật liệu
2018-11-21,1032.86,1050.57,1032.86,1045.26,16319160,VNMAT,Nguyên vật liệu
2018-11-22,1048.4,1050.81,1031.89,1031.95,11999360,VNMAT,Nguyên vật liệu
2018-11-23,1031.88,1035.91,1023.16,1024.33,18397860,VNMAT,Nguyên vật liệu
2018-11-26,1025.5,1036.62,1024.92,1026.4,13459850,VNMAT,Nguyên vật liệu
2018-11-27,1030.98,1038.21,1024.78,1028.39,11529530,VNMAT,Nguyên vật liệu
2018-11-28,1029.31,1033.03,1014.85,1020.28,13890050,VNMAT,Nguyên vật liệu
2018-11-29,1020.61,1031.08,997.59,997.59,16720680,VNMAT,Nguyên vật liệu
2018-11-30,997.66,997.66,977.94,981.0,18106800,VNMAT,Nguyên vật liệu
2018-12-03,998.19,1021.77,998.19,1018.77,16525340,VNMAT,Nguyên vật liệu
2018-12-04,1019.45,1028.21,1008.3,1017.44,18212510,VNMAT,Nguyên vật liệu
2018-12-05,1015.81,1031.06,1007.09,1029.26,20408500,VNMAT,Nguyên vật liệu
2018-12-06,1024.33,1030.97,1009.73,1016.7,15882640,VNMAT,Nguyên vật liệu
2018-12-07,1022.55,1024.97,1016.16,1016.71,17125190,VNMAT,Nguyên vật liệu
2018-12-10,1013.62,1013.62,996.98,997.85,16414900,VNMAT,Nguyên vật liệu
2018-12-11,995.01,1001.52,977.55,991.94,19174240,VNMAT,Nguyên vật liệu
2018-12-12,991.71,998.97,986.53,997.41,12978920,VNMAT,Nguyên vật liệu
2018-12-13,1002.48,1008.09,999.84,1004.47,13267810,VNMAT,Nguyên vật liệu
2018-12-14,1002.24,1002.24,991.45,993.85,11904150,VNMAT,Nguyên vật liệu
2018-12-17,991.81,993.86,967.24,967.24,12459470,VNMAT,Nguyên vật liệu
2018-12-18,950.46,957.94,928.04,939.58,17599100,VNMAT,Nguyên vật liệu
2018-12-19,939.58,947.36,903.7,911.7,17678730,VNMAT,Nguyên vật liệu
2018-12-20,908.61,922.19,903.16,918.37,11787400,VNMAT,Nguyên vật liệu
2018-12-21,905.96,916.9,904.44,915.25,13255680,VNMAT,Nguyên vật liệu
2018-12-24,905.96,925.98,904.44,923.3,13559830,VNMAT,Nguyên vật liệu
2018-12-25,905.96,925.98,884.27,918.77,16931090,VNMAT,Nguyên vật liệu
2018-12-26,905.96,925.98,884.27,915.51,13901810,VNMAT,Nguyên vật liệu
2018-12-27,905.96,934.66,884.27,931.64,12574080,VNMAT,Nguyên vật liệu
2018-12-28,905.96,934.66,923.09,929.6,16076140,VNMAT,Nguyên vật liệu
2019-01-02,905.96,941.72,923.09,924.34,10326540,VNMAT,Nguyên vật liệu
2019-01-03,922.59,926.56,890.28,891.94,17218600,VNMAT,Nguyên vật liệu
2019-01-04,887.4,900.89,872.86,896.93,14667220,VNMAT,Nguyên vật liệu
2019-01-07,898.51,912.28,888.98,893.21,8423380,VNMAT,Nguyên vật liệu
2019-01-08,893.36,896.81,879.23,882.27,8379580,VNMAT,Nguyên vật liệu
2019-01-09,882.27,904.88,882.27,898.21,9976770,VNMAT,Nguyên vật liệu
2019-01-10,900.39,911.37,899.31,905.53,10746240,VNMAT,Nguyên vật liệu
2019-01-11,905.3,908.99,897.27,897.27,11604930,VNMAT,Nguyên vật liệu
2019-01-14,897.82,899.29,886.75,894.85,9897430,VNMAT,Nguyên vật liệu
2019-01-15,894.57,903.15,891.99,898.5,12248970,VNMAT,Nguyên vật liệu
2019-01-16,901.19,906.77,897.07,900.79,9353820,VNMAT,Nguyên vật liệu
2019-01-17,901.07,901.81,889.95,889.95,9437800,VNMAT,Nguyên vật liệu
2019-01-18,897.83,901.59,894.83,896.01,9361810,VNMAT,Nguyên vật liệu
2019-01-21,895.69,906.25,895.69,902.23,10973420,VNMAT,Nguyên vật liệu
2019-01-22,905.57,909.42,899.96,901.21,10278790,VNMAT,Nguyên vật liệu
2019-01-23,901.28,917.32,898.09,909.1,9396890,VNMAT,Nguyên vật liệu
2019-01-24,911.7,918.22,906.7,906.73,8758410,VNMAT,Nguyên vật liệu
2019-01-25,909.98,912.25,899.41,902.58,9284580,VNMAT,Nguyên vật liệu
2019-01-28,905.08,906.0,899.16,903.3,7719200,VNMAT,Nguyên vật liệu
2019-01-29,905.46,905.62,897.82,904.27,8799530,VNMAT,Nguyên vật liệu
2019-01-30,900.12,900.12,887.21,890.02,13578800,VNMAT,Nguyên vật liệu
2019-01-31,889.89,893.26,863.25,864.55,14772800,VNMAT,Nguyên vật liệu
2019-02-01,867.23,873.77,849.95,857.32,14592470,VNMAT,Nguyên vật liệu
2019-02-11,857.29,891.96,857.29,891.96,10432540,VNMAT,Nguyên vật liệu
2019-02-12,892.33,914.21,889.81,908.3,19249960,VNMAT,Nguyên vật liệu
2019-02-13,910.72,945.88,910.45,942.16,29963990,VNMAT,Nguyên vật liệu
2019-02-14,942.82,953.78,942.13,946.11,21393260,VNMAT,Nguyên vật liệu
2019-02-15,946.11,975.32,939.9,957.77,23433390,VNMAT,Nguyên vật liệu
2019-02-18,967.42,976.16,963.36,968.53,17463540,VNMAT,Nguyên vật liệu
2019-02-19,973.57,976.07,956.64,956.64,18762250,VNMAT,Nguyên vật liệu
2019-02-20,956.41,968.97,953.92,965.77,15301160,VNMAT,Nguyên vật liệu
2019-02-21,967.33,972.91,958.55,972.91,16281770,VNMAT,Nguyên vật liệu
2019-02-22,970.51,996.35,967.7,996.35,30535900,VNMAT,Nguyên vật liệu
2019-02-25,996.36,1033.96,996.36,1018.66,30137960,VNMAT,Nguyên vật liệu
2019-02-26,1021.82,1033.43,1009.01,1015.32,22537710,VNMAT,Nguyên vật liệu
2019-02-27,1023.65,1023.65,1009.31,1013.5,22208870,VNMAT,Nguyên vật liệu
2019-02-28,1018.39,1019.08,995.1,995.47,24362270,VNMAT,Nguyên vật liệu
2019-03-01,995.52,1014.99,995.52,1014.86,19576670,VNMAT,Nguyên vật liệu
2019-03-04,1025.52,1042.9,1025.52,1042.53,26651560,VNMAT,Nguyên vật liệu
2019-03-05,1038.2,1048.97,1035.48,1038.79,30024130,VNMAT,Nguyên vật liệu
2019-03-06,1037.51,1041.93,1020.89,1036.82,21513630,VNMAT,Nguyên vật liệu
2019-03-07,1036.78,1037.75,1013.94,1013.94,21242360,VNMAT,Nguyên vật liệu
2019-03-08,1000.34,1012.84,997.16,1007.83,21461850,VNMAT,Nguyên vật liệu
2019-03-11,1007.6,1013.63,1002.53,1008.86,18356280,VNMAT,Nguyên vật liệu
2019-03-12,1009.39,1018.63,1007.12,1011.33,19218760,VNMAT,Nguyên vật liệu
2019-03-13,1011.65,1022.25,1011.65,1020.07,18175920,VNMAT,Nguyên vật liệu
2019-03-14,1020.07,1026.67,1013.76,1018.73,18115150,VNMAT,Nguyên vật liệu
2019-03-15,1018.55,1018.55,969.28,970.5,32084970,VNMAT,Nguyên vật liệu
2019-03-18,970.5,982.71,947.66,973.66,25131400,VNMAT,Nguyên vật liệu
2019-03-19,973.72,973.72,955.17,970.66,21964510,VNMAT,Nguyên vật liệu
2019-03-20,970.23,983.8,962.65,977.78,17031420,VNMAT,Nguyên vật liệu
2019-03-21,978.93,982.25,970.66,970.66,19859520,VNMAT,Nguyên vật liệu
2019-03-22,971.58,975.39,967.31,969.8,15411610,VNMAT,Nguyên vật liệu
2019-03-25,969.41,969.41,948.39,953.76,14687100,VNMAT,Nguyên vật liệu
2019-03-26,953.76,962.89,951.73,959.03,12228710,VNMAT,Nguyên vật liệu
2019-03-27,966.29,976.71,962.23,976.43,11630310,VNMAT,Nguyên vật liệu
2019-03-28,971.85,979.3,970.4,977.88,18804330,VNMAT,Nguyên vật liệu
2019-03-29,980.21,984.01,966.87,973.46,16612830,VNMAT,Nguyên vật liệu
2019-04-01,970.49,974.87,967.37,968.63,16589630,VNMAT,Nguyên vật liệu
2019-04-02,969.13,976.16,967.95,970.68,13539180,VNMAT,Nguyên vật liệu
2019-04-03,970.52,972.76,966.22,972.76,15862740,VNMAT,Nguyên vật liệu
2019-04-04,974.8,980.07,970.74,980.07,14927730,VNMAT,Nguyên vật liệu
2019-04-05,981.16,984.96,978.12,982.82,13849400,VNMAT,Nguyên vật liệu
2019-04-08,982.82,988.5,981.35,983.8,18946530,VNMAT,Nguyên vật liệu
2019-04-09,985.71,986.8,971.92,973.87,19715690,VNMAT,Nguyên vật liệu
2019-04-10,970.64,972.65,963.64,968.99,18519300,VNMAT,Nguyên vật liệu
2019-04-11,970.5,972.86,967.71,969.72,15398920,VNMAT,Nguyên vật liệu
2019-04-12,969.86,972.72,966.84,972.48,14970030,VNMAT,Nguyên vật liệu
2019-04-16,972.48,972.48,960.25,963.48,17686890,VNMAT,Nguyên vật liệu
2019-04-17,965.27,966.34,953.46,954.06,23253980,VNMAT,Nguyên vật liệu
2019-04-18,953.61,953.61,943.38,943.85,18335410,VNMAT,Nguyên vật liệu
2019-04-19,945.28,955.51,945.28,953.87,13137950,VNMAT,Nguyên vật liệu
2019-04-22,953.08,962.67,949.95,954.74,12009260,VNMAT,Nguyên vật liệu
2019-04-23,957.7,959.33,955.15,957.15,9576790,VNMAT,Nguyên vật liệu
2019-04-24,959.02,989.19,957.12,989.19,16020110,VNMAT,Nguyên vật liệu
2019-04-25,987.66,993.89,980.76,982.95,11507250,VNMAT,Nguyên vật liệu
2019-04-26,984.84,996.76,981.37,994.0,12462190,VNMAT,Nguyên vật liệu
2019-05-02,993.18,1003.07,988.63,1003.07,16733810,VNMAT,Nguyên vật liệu
2019-05-03,1003.06,1012.05,996.78,1004.27,17313760,VNMAT,Nguyên vật liệu
2019-05-06,992.25,992.25,978.52,983.84,16888560,VNMAT,Nguyên vật liệu
2019-05-07,987.67,991.73,982.52,986.36,11752410,VNMAT,Nguyên vật liệu
2019-05-08,980.62,981.43,973.98,977.89,10804620,VNMAT,Nguyên vật liệu
2019-05-09,978.0,980.73,965.65,971.28,9408240,VNMAT,Nguyên vật liệu
2019-05-10,976.9,979.56,967.45,973.15,13449580,VNMAT,Nguyên vật liệu
2019-05-13,973.15,973.73,955.3,956.75,12043660,VNMAT,Nguyên vật liệu
2019-05-14,957.1,964.85,954.17,964.8,10891870,VNMAT,Nguyên vật liệu
2019-05-15,966.1,972.35,964.02,966.65,15344790,VNMAT,Nguyên vật liệu
2019-05-16,967.47,973.33,964.72,964.72,9293930,VNMAT,Nguyên vật liệu
2019-05-17,967.0,967.59,961.97,962.77,9726330,VNMAT,Nguyên vật liệu
2019-05-20,977.58,979.72,973.64,973.64,10898370,VNMAT,Nguyên vật liệu
2019-05-21,978.07,982.83,972.99,975.59,11130170,VNMAT,Nguyên vật liệu
2019-05-22,977.1,987.33,975.76,977.76,12825590,VNMAT,Nguyên vật liệu
2019-05-23,977.5,980.03,970.93,977.61,13225320,VNMAT,Nguyên vật liệu
2019-05-24,970.71,975.76,963.86,964.61,12294820,VNMAT,Nguyên vật liệu
2019-05-27,964.8,969.12,962.87,965.95,13165630,VNMAT,Nguyên vật liệu
2019-05-28,972.59,973.17,962.84,964.03,17158820,VNMAT,Nguyên vật liệu
2019-05-29,969.58,975.26,964.46,975.26,14785840,VNMAT,Nguyên vật liệu
2019-05-30,975.29,975.39,964.35,964.37,13855260,VNMAT,Nguyên vật liệu
2019-05-31,963.93,968.75,959.02,960.91,14236280,VNMAT,Nguyên vật liệu
2019-06-03,958.99,958.99,942.2,943.03,25242060,VNMAT,Nguyên vật liệu
2019-06-04,953.02,959.73,938.57,944.18,12070460,VNMAT,Nguyên vật liệu
2019-06-05,949.23,958.26,929.88,932.9,9418550,VNMAT,Nguyên vật liệu
2019-06-06,935.46,935.98,895.33,904.17,13953070,VNMAT,Nguyên vật liệu
2019-06-07,910.22,921.19,908.99,914.12,11630890,VNMAT,Nguyên vật liệu
2019-06-10,921.95,926.98,913.0,915.23,14857540,VNMAT,Nguyên vật liệu
2019-06-11,917.84,924.22,909.82,918.68,12874230,VNMAT,Nguyên vật liệu
2019-06-12,915.97,922.04,914.91,919.27,10374900,VNMAT,Nguyên vật liệu
2019-06-13,919.85,919.85,912.56,916.48,10795980,VNMAT,Nguyên vật liệu
2019-06-14,916.78,919.45,913.82,914.72,11116330,VNMAT,Nguyên vật liệu
2019-06-17,914.7,915.69,898.45,898.83,9706360,VNMAT,Nguyên vật liệu
2019-06-18,898.88,916.13,898.88,915.03,14162270,VNMAT,Nguyên vật liệu
2019-06-19,925.02,935.83,925.02,935.83,16696460,VNMAT,Nguyên vật liệu
2019-06-20,925.02,935.83,925.02,935.83,16696460,VNMAT,Nguyên vật liệu
2019-06-21,925.02,935.83,925.02,935.83,16696460,VNMAT,Nguyên vật liệu
2019-06-24,940.23,931.84,921.71,921.82,9393320,VNMAT,Nguyên vật liệu
2019-06-25,940.23,919.9,911.36,913.35,12694930,VNMAT,Nguyên vật liệu
2019-06-26,940.23,917.38,908.03,908.03,10848310,VNMAT,Nguyên vật liệu
2019-06-27,940.23,907.32,895.05,896.0,14598530,VNMAT,Nguyên vật liệu
2019-06-28,940.23,922.41,891.98,922.41,12004930,VNMAT,Nguyên vật liệu
2019-07-01,940.23,922.5,911.07,914.62,13960320,VNMAT,Nguyên vật liệu
2019-07-02,914.43,914.55,900.76,901.46,11820400,VNMAT,Nguyên vật liệu
2019-07-03,901.27,903.23,888.61,889.12,14817590,VNMAT,Nguyên vật liệu
2019-07-04,889.12,899.68,888.09,894.55,13981530,VNMAT,Nguyên vật liệu
2019-07-05,894.54,898.56,890.36,894.83,14416690,VNMAT,Nguyên vật liệu
2019-07-08,894.87,895.14,877.8,879.77,17031460,VNMAT,Nguyên vật liệu
2019-07-09,880.97,884.79,870.19,870.4,15250810,VNMAT,Nguyên vật liệu
2019-07-10,871.64,881.54,869.64,870.15,16030670,VNMAT,Nguyên vật liệu
2019-07-11,872.62,876.92,871.71,873.25,13250720,VNMAT,Nguyên vật liệu
2019-07-12,879.79,885.4,875.6,882.15,11931560,VNMAT,Nguyên vật liệu
2019-07-15,879.79,885.06,871.17,871.2,11833920,VNMAT,Nguyên vật liệu
2019-07-16,875.93,877.37,872.17,874.98,14017690,VNMAT,Nguyên vật liệu
2019-07-17,874.98,876.43,865.33,866.48,15326370,VNMAT,Nguyên vật liệu
2019-07-18,866.53,867.85,854.26,856.52,16259910,VNMAT,Nguyên vật liệu
2019-07-19,857.24,862.91,843.64,847.5,19489300,VNMAT,Nguyên vật liệu
2019-07-22,847.58,863.21,839.2,849.89,15724090,VNMAT,Nguyên vật liệu
2019-07-23,851.38,874.25,851.38,872.98,18063300,VNMAT,Nguyên vật liệu
2019-07-24,873.03,875.73,865.65,868.83,9844020,VNMAT,Nguyên vật liệu
2019-07-25,867.2,890.8,867.2,890.8,18329520,VNMAT,Nguyên vật liệu
2019-07-26,890.84,908.04,890.84,893.4,18357390,VNMAT,Nguyên vật liệu
2019-07-29,893.47,893.47,874.18,881.35,16163760,VNMAT,Nguyên vật liệu
2019-07-30,881.56,884.25,862.42,862.42,17645050,VNMAT,Nguyên vật liệu
2019-07-31,862.42,889.93,857.33,889.79,16441300,VNMAT,Nguyên vật liệu
2019-08-01,889.96,895.99,883.07,893.2,13666670,VNMAT,Nguyên vật liệu
2019-08-02,882.17,891.78,879.52,889.83,16364250,VNMAT,Nguyên vật liệu
2019-08-05,887.52,891.62,875.64,879.83,18805270,VNMAT,Nguyên vật liệu
2019-08-06,879.19,879.19,861.79,867.65,18765260,VNMAT,Nguyên vật liệu
2019-08-07,871.93,879.0,867.35,875.59,12078750,VNMAT,Nguyên vật liệu
2019-08-08,876.8,908.85,876.57,908.85,20718800,VNMAT,Nguyên vật liệu
2019-08-09,908.87,915.19,902.34,905.57,11567580,VNMAT,Nguyên vật liệu
2019-08-12,905.57,923.91,905.22,916.48,14110930,VNMAT,Nguyên vật liệu
2019-08-13,908.89,923.07,907.88,910.67,14775710,VNMAT,Nguyên vật liệu
2019-08-14,919.97,919.97,909.94,910.01,11560150,VNMAT,Nguyên vật liệu
2019-08-15,908.9,908.9,889.64,904.68,13770520,VNMAT,Nguyên vật liệu
2019-08-16,904.66,907.84,895.43,900.69,17529400,VNMAT,Nguyên vật liệu
2019-08-19,899.67,907.91,897.21,899.48,8893130,VNMAT,Nguyên vật liệu
2019-08-20,899.88,906.91,892.83,896.62,12122470,VNMAT,Nguyên vật liệu
2019-08-21,896.88,905.79,894.23,905.79,15866280,VNMAT,Nguyên vật liệu
2019-08-22,908.95,911.92,902.26,903.45,13397160,VNMAT,Nguyên vật liệu
2019-08-23,905.22,914.4,904.37,912.01,12973520,VNMAT,Nguyên vật liệu
2019-08-26,902.3,902.64,889.16,892.28,14374020,VNMAT,Nguyên vật liệu
2019-08-27,892.28,900.98,881.47,881.47,17133200,VNMAT,Nguyên vật liệu
2019-08-28,881.39,884.09,872.33,873.9,12683140,VNMAT,Nguyên vật liệu
2019-08-29,874.2,874.39,866.31,870.93,13337350,VNMAT,Nguyên vật liệu
2019-08-30,871.38,879.03,870.19,875.83,11838150,VNMAT,Nguyên vật liệu
2019-09-03,875.84,878.49,858.25,858.43,13605320,VNMAT,Nguyên vật liệu
2019-09-04,854.31,860.92,854.02,856.14,14476290,VNMAT,Nguyên vật liệu
2019-09-05,857.36,867.14,856.97,858.23,9613250,VNMAT,Nguyên vật liệu
2019-09-06,858.03,864.15,850.73,850.73,10316400,VNMAT,Nguyên vật liệu
2019-09-09,850.73,854.64,844.42,845.13,8778250,VNMAT,Nguyên vật liệu
2019-09-10,846.16,849.39,839.39,844.83,10693580,VNMAT,Nguyên vật liệu
2019-09-11,844.9,864.79,843.81,864.79,11908090,VNMAT,Nguyên vật liệu
2019-09-12,864.79,878.54,864.79,878.54,13966760,VNMAT,Nguyên vật liệu
2019-09-13,878.76,881.74,875.18,880.0,14222720,VNMAT,Nguyên vật liệu
2019-09-16,880.18,880.55,871.01,880.29,15497320,VNMAT,Nguyên vật liệu
2019-09-17,880.13,881.85,874.16,881.31,11103330,VNMAT,Nguyên vật liệu
2019-09-18,881.87,890.61,879.84,889.06,12836520,VNMAT,Nguyên vật liệu
2019-09-19,889.04,891.32,882.04,888.53,12521700,VNMAT,Nguyên vật liệu
2019-09-20,888.34,889.11,878.95,882.27,17269360,VNMAT,Nguyên vật liệu
2019-09-23,882.36,882.36,862.56,862.56,13453930,VNMAT,Nguyên vật liệu
2019-09-24,862.56,866.96,859.23,866.78,8870300,VNMAT,Nguyên vật liệu
2019-09-25,865.21,865.72,856.68,859.37,10929870,VNMAT,Nguyên vật liệu
2019-09-26,859.44,869.86,853.87,869.86,13017420,VNMAT,Nguyên vật liệu
2019-09-27,868.8,875.32,866.33,866.33,15634040,VNMAT,Nguyên vật liệu
2019-09-30,867.83,869.77,860.97,862.06,15583540,VNMAT,Nguyên vật liệu
2019-10-01,862.45,869.74,860.19,863.25,13637960,VNMAT,Nguyên vật liệu
2019-10-02,865.86,867.3,857.24,859.08,17937450,VNMAT,Nguyên vật liệu
2019-10-03,859.08,859.08,851.7,856.66,17643930,VNMAT,Nguyên vật liệu
2019-10-04,856.72,862.78,853.05,854.65,19707380,VNMAT,Nguyên vật liệu
2019-10-07,855.76,859.28,849.56,850.24,12380090,VNMAT,Nguyên vật liệu
2019-10-08,852.34,865.35,848.13,865.35,12994550,VNMAT,Nguyên vật liệu
2019-10-09,865.26,867.21,861.07,867.21,12883220,VNMAT,Nguyên vật liệu
2019-10-10,867.42,872.65,857.74,857.74,13119720,VNMAT,Nguyên vật liệu
2019-10-11,858.89,862.32,854.88,858.6,13827430,VNMAT,Nguyên vật liệu
2019-10-14,859.13,865.29,857.68,857.68,11534900,VNMAT,Nguyên vật liệu
2019-10-15,857.68,864.5,856.26,856.47,14843280,VNMAT,Nguyên vật liệu
2019-10-16,856.56,859.55,854.77,854.77,15904080,VNMAT,Nguyên vật liệu
2019-10-17,855.14,862.34,854.5,858.33,14555110,VNMAT,Nguyên vật liệu
2019-10-18,861.88,862.33,855.06,855.97,12912960,VNMAT,Nguyên vật liệu
2019-10-21,856.36,857.35,849.67,849.67,13649790,VNMAT,Nguyên vật liệu
2019-10-22,850.01,861.11,848.68,859.55,15915750,VNMAT,Nguyên vật liệu
2019-10-23,859.25,873.4,859.25,866.94,17365420,VNMAT,Nguyên vật liệu
2019-10-24,866.94,873.56,866.45,872.44,15932060,VNMAT,Nguyên vật liệu
2019-10-25,872.57,872.65,864.56,866.01,13458410,VNMAT,Nguyên vật liệu
2019-10-28,867.06,878.25,863.83,875.62,17642080,VNMAT,Nguyên vật liệu
2019-10-29,877.07,881.77,873.35,874.08,14072920,VNMAT,Nguyên vật liệu
2019-10-30,874.76,875.23,868.79,868.96,12401580,VNMAT,Nguyên vật liệu
2019-10-31,868.96,871.34,861.22,862.6,20045300,VNMAT,Nguyên vật liệu
2019-11-01,862.6,871.55,862.6,866.67,16134820,VNMAT,Nguyên vật liệu
2019-11-04,866.7,873.89,861.21,861.39,16281970,VNMAT,Nguyên vật liệu
2019-11-05,861.8,870.91,861.46,865.64,19284140,VNMAT,Nguyên vật liệu
2019-11-06,868.12,874.16,867.45,870.27,17090270,VNMAT,Nguyên vật liệu
2019-11-07,870.27,888.83,870.27,886.77,23985170,VNMAT,Nguyên vật liệu
2019-11-08,886.72,890.07,881.5,886.42,16294250,VNMAT,Nguyên vật liệu
2019-11-11,883.35,894.03,881.64,885.45,17773540,VNMAT,Nguyên vật liệu
2019-11-12,883.87,894.51,879.04,893.63,26522270,VNMAT,Nguyên vật liệu
2019-11-13,893.68,898.09,882.01,882.4,19580150,VNMAT,Nguyên vật liệu
2019-11-14,881.98,887.89,877.83,880.76,18794660,VNMAT,Nguyên vật liệu
2019-11-15,880.35,884.53,878.17,879.3,13836550,VNMAT,Nguyên vật liệu
2019-11-18,879.04,888.22,879.04,885.3,13151100,VNMAT,Nguyên vật liệu
2019-11-19,885.88,887.57,880.67,882.63,17434030,VNMAT,Nguyên vật liệu
2019-11-20,882.56,883.05,869.63,873.64,18006550,VNMAT,Nguyên vật liệu
2019-11-21,870.16,872.03,861.28,861.28,18105330,VNMAT,Nguyên vật liệu
2019-11-22,866.33,870.3,856.18,859.28,23654550,VNMAT,Nguyên vật liệu
2019-11-25,859.28,864.45,856.51,861.91,14402280,VNMAT,Nguyên vật liệu
2019-11-26,861.91,876.21,861.91,871.26,14490840,VNMAT,Nguyên vật liệu
2019-11-27,874.03,876.49,869.55,871.04,10500480,VNMAT,Nguyên vật liệu
2019-11-28,871.04,873.09,864.61,868.43,11693970,VNMAT,Nguyên vật liệu
2019-11-29,868.32,877.79,864.85,877.14,12748350,VNMAT,Nguyên vật liệu
2019-12-02,876.93,886.68,876.7,878.83,17500880,VNMAT,Nguyên vật liệu
2019-12-03,879.07,900.35,872.04,892.76,21113710,VNMAT,Nguyên vật liệu
2019-12-04,891.96,897.54,890.12,894.18,12962610,VNMAT,Nguyên vật liệu
2019-12-05,891.65,894.45,882.17,884.03,13733010,VNMAT,Nguyên vật liệu
2019-12-06,883.83,904.8,883.81,904.36,15747380,VNMAT,Nguyên vật liệu
2019-12-09,904.66,923.15,904.66,916.33,35961350,VNMAT,Nguyên vật liệu
2019-12-10,916.18,924.04,913.39,920.46,24405530,VNMAT,Nguyên vật liệu
2019-12-11,918.02,921.38,907.78,921.36,16637970,VNMAT,Nguyên vật liệu
2019-12-12,921.36,921.52,912.57,916.81,13956930,VNMAT,Nguyên vật liệu
2019-12-13,917.2,925.44,906.13,906.16,21201010,VNMAT,Nguyên vật liệu
2019-12-16,905.44,908.35,899.35,904.99,18553430,VNMAT,Nguyên vật liệu
2019-12-17,904.08,907.07,880.04,885.45,29888550,VNMAT,Nguyên vật liệu
2019-12-18,885.34,885.34,866.27,867.92,17016190,VNMAT,Nguyên vật liệu
2019-12-19,867.86,882.09,867.86,874.15,14288550,VNMAT,Nguyên vật liệu
2019-12-20,878.2,886.23,874.83,880.52,15555280,VNMAT,Nguyên vật liệu
2019-12-23,884.5,894.49,876.52,878.67,17305470,VNMAT,Nguyên vật liệu
2019-12-24,879.33,885.19,875.78,883.3,13455760,VNMAT,Nguyên vật liệu
2019-12-25,883.38,889.02,881.46,881.64,15598110,VNMAT,Nguyên vật liệu
2019-12-26,884.68,884.68,876.19,876.19,12891930,VNMAT,Nguyên vật liệu
2019-12-27,876.35,890.43,871.71,890.43,13038530,VNMAT,Nguyên vật liệu
2019-12-30,892.87,897.08,890.5,892.88,11470640,VNMAT,Nguyên vật liệu
2019-12-31,892.88,894.88,884.17,887.06,11098750,VNMAT,Nguyên vật liệu
2020-01-02,887.18,902.6,883.52,902.54,13424640,VNMAT,Nguyên vật liệu
2020-01-03,907.95,911.79,903.3,904.09,16502660,VNMAT,Nguyên vật liệu
2020-01-06,904.14,905.39,894.13,898.0,16935300,VNMAT,Nguyên vật liệu
2020-01-07,897.89,904.09,885.82,888.54,14013420,VNMAT,Nguyên vật liệu
2020-01-08,888.18,888.18,870.14,878.61,18467520,VNMAT,Nguyên vật liệu
2020-01-09,897.12,899.8,878.61,897.42,15596380,VNMAT,Nguyên vật liệu
2020-01-10,897.58,912.81,896.83,902.56,19438250,VNMAT,Nguyên vật liệu
2020-01-13,902.56,908.69,900.32,903.03,14157550,VNMAT,Nguyên vật liệu
2020-01-14,903.03,924.25,901.75,923.0,18699090,VNMAT,Nguyên vật liệu
2020-01-15,922.91,934.08,920.99,929.66,20416650,VNMAT,Nguyên vật liệu
2020-01-16,929.56,935.94,925.82,935.79,17461790,VNMAT,Nguyên vật liệu
2020-01-17,935.79,945.46,924.96,927.9,16156720,VNMAT,Nguyên vật liệu
2020-01-20,927.74,940.34,919.56,940.15,17021250,VNMAT,Nguyên vật liệu
2020-01-21,946.77,955.3,940.15,951.34,15187090,VNMAT,Nguyên vật liệu
2020-01-22,951.17,968.72,950.79,967.65,22340810,VNMAT,Nguyên vật liệu
2020-01-30,948.37,956.59,926.83,935.43,28253830,VNMAT,Nguyên vật liệu
2020-01-31,934.88,934.88,895.33,895.36,27507330,VNMAT,Nguyên vật liệu
2020-02-03,894.59,906.22,846.02,901.83,36149900,VNMAT,Nguyên vật liệu
2020-02-04,901.72,910.3,886.34,902.26,23183260,VNMAT,Nguyên vật liệu
2020-02-05,908.67,914.73,891.1,897.82,25467810,VNMAT,Nguyên vật liệu
2020-02-06,897.82,923.05,894.87,922.84,29038810,VNMAT,Nguyên vật liệu
2020-02-07,922.84,926.64,897.61,901.17,21182020,VNMAT,Nguyên vật liệu
2020-02-10,901.2,907.05,886.48,899.7,19828850,VNMAT,Nguyên vật liệu
2020-02-11,899.63,907.39,877.52,881.44,37593960,VNMAT,Nguyên vật liệu
2020-02-12,881.22,897.17,877.68,889.7,28137860,VNMAT,Nguyên vật liệu
2020-02-13,889.65,892.56,882.74,887.05,21421490,VNMAT,Nguyên vật liệu
2020-02-14,887.05,888.94,878.2,887.25,21686490,VNMAT,Nguyên vật liệu
2020-02-17,887.18,891.86,884.45,887.9,14380040,VNMAT,Nguyên vật liệu
2020-02-18,887.89,890.36,876.54,876.69,23483450,VNMAT,Nguyên vật liệu
2020-02-19,876.69,882.25,873.01,876.47,18756310,VNMAT,Nguyên vật liệu
2020-02-20,876.47,895.62,876.47,895.45,32125360,VNMAT,Nguyên vật liệu
2020-02-21,895.59,898.95,887.01,889.08,24388650,VNMAT,Nguyên vật liệu
2020-02-24,889.07,889.08,858.23,858.23,35937060,VNMAT,Nguyên vật liệu
2020-02-25,857.79,871.23,852.15,871.08,23652150,VNMAT,Nguyên vật liệu
2020-02-26,869.47,869.47,857.85,859.86,15340180,VNMAT,Nguyên vật liệu
2020-02-27,858.82,869.35,858.61,867.0,15142240,VNMAT,Nguyên vật liệu
2020-02-28,867.11,867.11,844.08,848.26,21540010,VNMAT,Nguyên vật liệu
2020-03-02,848.31,853.27,844.29,848.18,20371320,VNMAT,Nguyên vật liệu
2020-03-03,849.25,862.8,849.25,850.69,20519690,VNMAT,Nguyên vật liệu
2020-03-04,850.69,860.65,850.68,854.69,17014960,VNMAT,Nguyên vật liệu
2020-03-05,862.07,865.12,854.29,854.43,26639480,VNMAT,Nguyên vật liệu
2020-03-06,854.43,856.5,850.8,854.41,18167060,VNMAT,Nguyên vật liệu
2020-03-09,851.44,851.44,798.63,798.63,34850660,VNMAT,Nguyên vật liệu
2020-03-10,798.52,823.93,781.87,821.66,37192180,VNMAT,Nguyên vật liệu
2020-03-11,821.75,827.78,773.33,785.85,38477480,VNMAT,Nguyên vật liệu
2020-03-12,785.65,785.65,736.33,740.86,42690180,VNMAT,Nguyên vật liệu
2020-03-13,705.82,746.93,695.55,734.32,41894570,VNMAT,Nguyên vật liệu
2020-03-16,734.32,758.0,729.42,734.84,28542790,VNMAT,Nguyên vật liệu
2020-03-17,734.67,741.89,716.61,739.46,18772880,VNMAT,Nguyên vật liệu
2020-03-18,739.53,765.14,739.46,753.87,22958570,VNMAT,Nguyên vật liệu
2020-03-19,753.51,754.38,726.81,735.2,44217370,VNMAT,Nguyên vật liệu
2020-03-20,737.79,738.91,716.15,716.32,25262840,VNMAT,Nguyên vật liệu
2020-03-23,715.52,715.52,668.25,669.57,26985680,VNMAT,Nguyên vật liệu
2020-03-24,669.53,669.53,648.42,662.38,30200290,VNMAT,Nguyên vật liệu
2020-03-25,663.69,687.17,663.69,685.41,26858000,VNMAT,Nguyên vật liệu
2020-03-26,684.74,684.9,659.98,660.02,18761970,VNMAT,Nguyên vật liệu
2020-03-27,660.33,662.13,627.66,639.22,23523620,VNMAT,Nguyên vật liệu
2020-03-30,639.22,644.36,606.91,634.35,22461990,VNMAT,Nguyên vật liệu
2020-03-31,634.32,663.78,602.72,645.73,27129190,VNMAT,Nguyên vật liệu
2020-04-01,645.73,667.18,640.02,663.1,27302870,VNMAT,Nguyên vật liệu
2020-04-03,663.27,681.29,663.27,679.34,26115430,VNMAT,Nguyên vật liệu
2020-04-06,679.46,718.63,679.46,718.41,41303840,VNMAT,Nguyên vật liệu
2020-04-07,718.49,724.84,701.03,721.1,28533140,VNMAT,Nguyên vật liệu
2020-04-08,721.06,721.06,698.95,714.87,23689100,VNMAT,Nguyên vật liệu
2020-04-09,715.66,727.03,715.49,719.7,25001800,VNMAT,Nguyên vật liệu
2020-04-10,715.31,728.5,707.67,721.39,24908710,VNMAT,Nguyên vật liệu
2020-04-13,721.31,742.6,720.52,736.06,25913990,VNMAT,Nguyên vật liệu
2020-04-14,735.17,754.82,730.38,754.82,32287790,VNMAT,Nguyên vật liệu
2020-04-15,754.94,769.61,754.94,763.61,31493110,VNMAT,Nguyên vật liệu
2020-04-16,763.49,774.27,752.68,769.44,29438330,VNMAT,Nguyên vật liệu
2020-04-17,769.78,786.85,767.88,784.38,32482590,VNMAT,Nguyên vật liệu
2020-04-20,784.41,812.21,780.41,803.71,38456970,VNMAT,Nguyên vật liệu
2020-04-21,803.4,807.98,770.16,772.28,56500110,VNMAT,Nguyên vật liệu
2020-04-22,772.17,807.9,771.28,796.07,37097170,VNMAT,Nguyên vật liệu
2020-04-23,819.1,829.11,797.88,818.43,26188030,VNMAT,Nguyên vật liệu
2020-04-24,818.43,835.14,808.58,833.56,53068420,VNMAT,Nguyên vật liệu
2020-04-27,834.5,847.32,826.13,829.31,38106180,VNMAT,Nguyên vật liệu
2020-04-28,831.4,835.01,811.32,816.84,28353030,VNMAT,Nguyên vật liệu
2020-04-29,816.82,825.44,806.69,819.74,34654970,VNMAT,Nguyên vật liệu
2020-05-04,819.23,820.23,801.56,801.57,33909010,VNMAT,Nguyên vật liệu
2020-05-05,811.82,819.65,809.95,814.24,26078570,VNMAT,Nguyên vật liệu
2020-05-06,818.08,841.46,817.45,841.46,31249310,VNMAT,Nguyên vật liệu
2020-05-07,841.46,877.8,841.46,877.67,39375090,VNMAT,Nguyên vật liệu
2020-05-08,877.65,894.49,872.86,872.99,42435480,VNMAT,Nguyên vật liệu
2020-05-11,880.91,892.77,869.37,888.21,29723640,VNMAT,Nguyên vật liệu
2020-05-12,888.19,893.99,876.83,889.28,52153980,VNMAT,Nguyên vật liệu
2020-05-13,889.26,906.9,879.59,904.11,45354490,VNMAT,Nguyên vật liệu
2020-05-14,903.97,905.01,891.57,897.51,37926450,VNMAT,Nguyên vật liệu
2020-05-15,897.51,901.75,877.92,881.95,42343410,VNMAT,Nguyên vật liệu
2020-05-18,881.89,927.89,881.73,926.88,43054950,VNMAT,Nguyên vật liệu
2020-05-19,927.06,976.48,926.88,954.27,47051360,VNMAT,Nguyên vật liệu
2020-05-20,954.76,967.03,941.78,964.75,44144760,VNMAT,Nguyên vật liệu
2020-05-21,964.96,967.9,955.29,963.65,43953640,VNMAT,Nguyên vật liệu
2020-05-22,963.39,991.08,955.89,986.97,52829830,VNMAT,Nguyên vật liệu
2020-05-25,987.05,1002.97,987.05,993.41,44936440,VNMAT,Nguyên vật liệu
2020-05-26,993.55,1024.49,993.55,1024.39,43061830,VNMAT,Nguyên vật liệu
2020-05-27,1024.42,1031.55,990.99,991.01,67304030,VNMAT,Nguyên vật liệu
2020-05-28,991.43,1003.8,984.94,991.36,41740860,VNMAT,Nguyên vật liệu
2020-05-29,994.15,1004.19,985.44,997.36,51775710,VNMAT,Nguyên vật liệu
2020-06-01,997.32,1011.95,997.32,1008.8,54182200,VNMAT,Nguyên vật liệu
2020-06-02,1009.11,1014.06,985.95,987.34,53700710,VNMAT,Nguyên vật liệu
2020-06-03,987.22,990.23,975.84,988.3,42399500,VNMAT,Nguyên vật liệu
2020-06-04,995.92,1003.32,981.73,981.73,51726990,VNMAT,Nguyên vật liệu
2020-06-05,982.01,1003.98,969.76,999.36,54942570,VNMAT,Nguyên vật liệu
2020-06-08,999.64,1035.39,999.36,1022.89,65388020,VNMAT,Nguyên vật liệu
2020-06-09,1023.23,1031.9,1009.14,1010.71,66963720,VNMAT,Nguyên vật liệu
2020-06-10,1008.15,1020.07,995.57,1008.83,57868770,VNMAT,Nguyên vật liệu
2020-06-11,1008.93,1014.49,955.35,955.4,88794730,VNMAT,Nguyên vật liệu
2020-06-12,954.1,981.88,919.59,981.88,68065140,VNMAT,Nguyên vật liệu
2020-06-15,983.24,983.62,944.15,945.87,50567120,VNMAT,Nguyên vật liệu
2020-06-16,946.07,978.32,946.05,972.18,38562210,VNMAT,Nguyên vật liệu
2020-06-17,972.43,982.91,964.02,976.88,48045480,VNMAT,Nguyên vật liệu
2020-06-18,976.68,991.71,964.71,990.05,34177150,VNMAT,Nguyên vật liệu
2020-06-19,990.27,1010.06,990.24,1010.06,40333620,VNMAT,Nguyên vật liệu
2020-06-22,1013.8,1026.14,1002.26,1014.12,40826720,VNMAT,Nguyên vật liệu
2020-06-23,1019.06,1026.04,997.27,1005.2,53789290,VNMAT,Nguyên vật liệu
2020-06-24,1005.25,1015.91,994.89,1000.83,44672730,VNMAT,Nguyên vật liệu
2020-06-25,1000.06,1025.24,987.1,1011.17,64628040,VNMAT,Nguyên vật liệu
2020-06-26,1011.17,1021.98,999.67,1005.05,38895650,VNMAT,Nguyên vật liệu
2020-06-29,1004.77,1004.9,968.06,980.36,49912490,VNMAT,Nguyên vật liệu
2020-06-30,980.54,1000.46,969.17,978.51,59044210,VNMAT,Nguyên vật liệu
2020-07-01,978.33,1004.19,977.64,1001.82,35146030,VNMAT,Nguyên vật liệu
2020-07-02,1001.69,1012.46,1000.07,1005.2,33886970,VNMAT,Nguyên vật liệu
2020-07-03,1005.48,1011.07,1002.33,1003.32,28610640,VNMAT,Nguyên vật liệu
2020-07-06,1003.33,1013.51,1002.49,1007.93,27824910,VNMAT,Nguyên vật liệu
2020-07-07,1007.96,1044.94,1007.96,1026.24,59952730,VNMAT,Nguyên vật liệu
2020-07-08,1026.12,1030.04,1014.57,1019.84,33436330,VNMAT,Nguyên vật liệu
2020-07-09,1019.71,1030.57,1019.71,1026.64,33806120,VNMAT,Nguyên vật liệu
2020-07-10,1022.86,1030.95,1011.72,1015.96,38003060,VNMAT,Nguyên vật liệu
2020-07-13,1016.04,1020.1,1001.55,1012.85,36464950,VNMAT,Nguyên vật liệu
2020-07-14,1012.85,1021.59,1006.79,1020.82,24324890,VNMAT,Nguyên vật liệu
2020-07-15,1020.82,1034.84,1020.79,1023.21,26490380,VNMAT,Nguyên vật liệu
2020-07-16,1023.23,1044.47,1020.33,1036.05,41801960,VNMAT,Nguyên vật liệu
2020-07-17,1036.07,1042.56,1035.71,1035.94,31412430,VNMAT,Nguyên vật liệu
2020-07-20,1036.12,1040.61,1017.96,1018.08,39602530,VNMAT,Nguyên vật liệu
2020-07-21,1018.14,1025.96,1010.92,1022.61,34925330,VNMAT,Nguyên vật liệu
2020-07-22,1022.6,1031.92,1017.02,1021.11,26186510,VNMAT,Nguyên vật liệu
2020-07-23,1020.7,1021.91,1006.99,1021.54,32591770,VNMAT,Nguyên vật liệu
2020-07-24,1021.53,1021.53,962.06,974.96,69755210,VNMAT,Nguyên vật liệu
2020-07-27,974.76,975.86,931.5,934.83,59387160,VNMAT,Nguyên vật liệu
2020-07-28,934.9,986.92,934.87,983.94,48413740,VNMAT,Nguyên vật liệu
2020-07-29,964.12,983.85,918.05,941.16,53758660,VNMAT,Nguyên vật liệu
2020-07-30,941.46,962.34,941.46,953.56,26148120,VNMAT,Nguyên vật liệu
2020-07-31,953.56,953.56,930.52,936.71,31041940,VNMAT,Nguyên vật liệu
2020-08-03,936.71,984.46,936.69,980.93,47189950,VNMAT,Nguyên vật liệu
2020-08-04,980.86,998.99,980.86,988.21,39878430,VNMAT,Nguyên vật liệu
2020-08-05,988.24,1032.11,982.75,1025.54,58852470,VNMAT,Nguyên vật liệu
2020-08-06,1025.54,1035.63,1015.25,1023.2,40683850,VNMAT,Nguyên vật liệu
2020-08-07,1023.2,1034.78,1021.43,1031.13,41983700,VNMAT,Nguyên vật liệu
2020-08-10,1031.3,1052.63,1031.3,1038.43,46652750,VNMAT,Nguyên vật liệu
2020-08-11,1038.44,1048.07,1031.59,1037.45,41273520,VNMAT,Nguyên vật liệu
2020-08-12,1037.57,1046.14,1031.58,1037.89,38228170,VNMAT,Nguyên vật liệu
2020-08-13,1037.89,1050.66,1037.89,1049.09,34504890,VNMAT,Nguyên vật liệu
2020-08-14,1049.09,1054.86,1029.91,1037.66,54090610,VNMAT,Nguyên vật liệu
2020-08-17,1037.66,1045.44,1030.84,1045.05,36878000,VNMAT,Nguyên vật liệu
2020-08-18,1048.9,1051.58,1040.94,1042.67,35485430,VNMAT,Nguyên vật liệu
2020-08-19,1042.64,1053.52,1041.38,1048.71,42870210,VNMAT,Nguyên vật liệu
2020-08-20,1048.75,1052.52,1038.69,1043.88,43466490,VNMAT,Nguyên vật liệu
2020-08-21,1043.74,1059.48,1043.74,1058.41,58744800,VNMAT,Nguyên vật liệu
2020-08-24,1059.31,1080.47,1059.31,1076.19,56208480,VNMAT,Nguyên vật liệu
2020-08-25,1076.13,1084.05,1067.54,1067.54,42432890,VNMAT,Nguyên vật liệu
2020-08-26,1067.55,1068.01,1057.74,1059.55,54903150,VNMAT,Nguyên vật liệu
2020-08-27,1059.57,1068.67,1059.05,1066.98,40512120,VNMAT,Nguyên vật liệu
2020-08-28,1068.36,1074.61,1064.4,1064.4,48215840,VNMAT,Nguyên vật liệu
2020-08-31,1064.48,1078.6,1061.95,1070.55,51398590,VNMAT,Nguyên vật liệu
2020-09-01,1069.08,1083.29,1066.73,1081.64,51038870,VNMAT,Nguyên vật liệu
2020-09-03,1082.11,1095.12,1082.11,1086.16,49148550,VNMAT,Nguyên vật liệu
2020-09-04,1085.88,1086.5,1071.76,1082.88,48034370,VNMAT,Nguyên vật liệu
2020-09-07,1082.95,1087.32,1067.08,1067.08,51571800,VNMAT,Nguyên vật liệu
2020-09-08,1067.07,1075.6,1065.01,1073.75,40892750,VNMAT,Nguyên vật liệu
2020-09-09,1073.67,1089.75,1063.57,1076.94,58428960,VNMAT,Nguyên vật liệu
2020-09-10,1077.09,1090.05,1076.4,1076.88,39568350,VNMAT,Nguyên vật liệu
2020-09-11,1076.65,1080.94,1074.21,1075.67,42035970,VNMAT,Nguyên vật liệu
2020-09-14,1077.09,1089.4,1076.56,1087.67,69908340,VNMAT,Nguyên vật liệu
2020-09-15,1100.8,1101.41,1088.18,1091.35,52970450,VNMAT,Nguyên vật liệu
2020-09-16,1091.35,1098.41,1088.54,1094.29,48757650,VNMAT,Nguyên vật liệu
2020-09-17,1094.27,1115.47,1093.91,1113.35,69022110,VNMAT,Nguyên vật liệu
2020-09-18,1113.42,1127.07,1113.31,1126.98,44119550,VNMAT,Nguyên vật liệu
2020-09-21,1127.11,1136.77,1120.85,1123.53,55017160,VNMAT,Nguyên vật liệu
2020-09-22,1123.18,1126.97,1113.75,1123.77,55851010,VNMAT,Nguyên vật liệu
2020-09-23,1119.83,1131.54,1119.83,1129.21,44262800,VNMAT,Nguyên vật liệu
2020-09-24,1129.43,1137.91,1119.09,1128.63,55959460,VNMAT,Nguyên vật liệu
2020-09-25,1128.63,1134.2,1122.96,1133.02,45862540,VNMAT,Nguyên vật liệu
2020-09-28,1134.45,1159.71,1133.54,1159.71,66495140,VNMAT,Nguyên vật liệu
2020-09-29,1163.16,1171.57,1151.87,1151.98,78167910,VNMAT,Nguyên vật liệu
2020-09-30,1151.95,1166.16,1143.27,1160.45,49300850,VNMAT,Nguyên vật liệu
2020-10-01,1160.35,1186.66,1160.35,1179.23,50404190,VNMAT,Nguyên vật liệu
2020-10-02,1179.2,1187.23,1147.7,1167.48,78177600,VNMAT,Nguyên vật liệu
2020-10-05,1167.48,1193.08,1167.48,1192.02,55944050,VNMAT,Nguyên vật liệu
2020-10-06,1192.01,1220.3,1188.17,1220.3,61032860,VNMAT,Nguyên vật liệu
2020-10-07,1216.06,1226.0,1206.08,1206.58,59513270,VNMAT,Nguyên vật liệu
2020-10-08,1206.42,1216.33,1202.08,1215.59,61514820,VNMAT,Nguyên vật liệu
2020-10-09,1215.59,1234.78,1212.12,1227.05,35556390,VNMAT,Nguyên vật liệu
2020-10-12,1227.04,1236.21,1210.6,1217.04,55336980,VNMAT,Nguyên vật liệu
2020-10-13,1217.04,1217.04,1204.57,1207.53,43405970,VNMAT,Nguyên vật liệu
2020-10-14,1207.56,1216.94,1201.46,1215.67,43683720,VNMAT,Nguyên vật liệu
2020-10-15,1262.62,1262.88,1234.09,1234.09,61554830,VNMAT,Nguyên vật liệu
2020-10-16,1238.3,1249.86,1231.5,1238.34,58180590,VNMAT,Nguyên vật liệu
2020-10-19,1238.75,1244.6,1232.07,1232.25,28950950,VNMAT,Nguyên vật liệu
2020-10-20,1231.77,1250.31,1224.9,1250.16,44016070,VNMAT,Nguyên vật liệu
2020-10-21,1250.17,1258.96,1235.71,1237.52,44853380,VNMAT,Nguyên vật liệu
2020-10-22,1237.52,1255.31,1231.38,1255.15,39763940,VNMAT,Nguyên vật liệu
2020-10-23,1255.19,1295.47,1255.17,1295.3,65986560,VNMAT,Nguyên vật liệu
2020-10-26,1295.31,1327.25,1289.05,1289.86,55109340,VNMAT,Nguyên vật liệu
2020-10-27,1289.86,1315.42,1284.23,1304.81,57528280,VNMAT,Nguyên vật liệu
2020-10-28,1296.02,1309.83,1261.4,1263.65,65645800,VNMAT,Nguyên vật liệu
2020-10-29,1253.78,1276.77,1247.22,1270.06,54122340,VNMAT,Nguyên vật liệu
2020-10-30,1270.32,1283.9,1250.73,1271.89,46903310,VNMAT,Nguyên vật liệu
2020-11-02,1271.95,1286.47,1270.06,1284.82,47403230,VNMAT,Nguyên vật liệu
2020-11-03,1284.94,1307.03,1284.82,1290.91,56154690,VNMAT,Nguyên vật liệu
2020-11-04,1290.91,1302.55,1282.64,1292.75,45596370,VNMAT,Nguyên vật liệu
2020-11-05,1292.73,1296.49,1277.87,1277.92,42697630,VNMAT,Nguyên vật liệu
2020-11-06,1277.98,1293.13,1276.05,1284.92,44425510,VNMAT,Nguyên vật liệu
2020-11-09,1284.83,1326.16,1284.83,1326.16,60077450,VNMAT,Nguyên vật liệu
2020-11-10,1326.16,1349.51,1318.64,1318.83,60271960,VNMAT,Nguyên vật liệu
2020-11-11,1318.83,1332.82,1317.3,1324.5,61927680,VNMAT,Nguyên vật liệu
2020-11-12,1324.55,1331.52,1320.89,1330.37,48597810,VNMAT,Nguyên vật liệu
2020-11-13,1330.36,1347.85,1330.12,1346.62,48939940,VNMAT,Nguyên vật liệu
2020-11-16,1346.97,1370.36,1343.12,1353.99,72666050,VNMAT,Nguyên vật liệu
2020-11-17,1354.09,1394.58,1354.09,1394.54,56299480,VNMAT,Nguyên vật liệu
2020-11-18,1394.54,1431.93,1394.54,1431.87,71398740,VNMAT,Nguyên vật liệu
2020-11-19,1431.87,1460.04,1427.59,1452.94,73011530,VNMAT,Nguyên vật liệu
2020-11-20,1452.88,1465.75,1445.19,1465.69,66511290,VNMAT,Nguyên vật liệu
2020-11-23,1465.69,1524.34,1459.15,1514.15,72174430,VNMAT,Nguyên vật liệu
2020-11-24,1514.23,1546.31,1482.12,1521.09,97421640,VNMAT,Nguyên vật liệu
2020-11-25,1521.2,1521.2,1456.83,1464.78,85217080,VNMAT,Nguyên vật liệu
2020-11-26,1464.77,1465.61,1428.03,1456.37,62818030,VNMAT,Nguyên vật liệu
2020-11-27,1456.31,1495.68,1454.49,1490.9,47211900,VNMAT,Nguyên vật liệu
2020-11-30,1490.9,1497.75,1469.01,1469.01,53127300,VNMAT,Nguyên vật liệu
2020-12-01,1452.56,1476.66,1441.61,1474.0,58017300,VNMAT,Nguyên vật liệu
2020-12-02,1474.11,1474.18,1455.88,1461.5,54227300,VNMAT,Nguyên vật liệu
2020-12-03,1461.5,1509.82,1461.33,1509.79,55264240,VNMAT,Nguyên vật liệu
2020-12-04,1515.28,1521.77,1502.69,1513.84,68047390,VNMAT,Nguyên vật liệu
2020-12-07,1513.76,1563.93,1512.4,1557.6,76966540,VNMAT,Nguyên vật liệu
2020-12-08,1557.68,1578.54,1554.38,1567.08,75248030,VNMAT,Nguyên vật liệu
2020-12-09,1567.35,1570.68,1555.15,1567.24,55599370,VNMAT,Nguyên vật liệu
2020-12-10,1567.22,1570.17,1531.32,1535.52,80197160,VNMAT,Nguyên vật liệu
2020-12-11,1535.73,1577.4,1535.54,1576.91,55620230,VNMAT,Nguyên vật liệu
2020-12-14,1576.95,1601.35,1576.95,1594.76,54079170,VNMAT,Nguyên vật liệu
2020-12-15,1594.76,1594.76,1575.16,1577.22,67656350,VNMAT,Nguyên vật liệu
2020-12-16,1577.23,1600.29,1576.36,1585.66,54158540,VNMAT,Nguyên vật liệu
2020-12-17,1585.74,1585.74,1552.41,1552.45,71231080,VNMAT,Nguyên vật liệu
2020-12-18,1552.45,1588.33,1552.45,1585.95,59164690,VNMAT,Nguyên vật liệu
2020-12-21,1585.94,1603.71,1579.55,1587.57,64665720,VNMAT,Nguyên vật liệu
2020-12-22,1587.57,1626.55,1578.82,1624.29,88843520,VNMAT,Nguyên vật liệu
2020-12-23,1624.55,1679.42,1624.55,1639.87,74855550,VNMAT,Nguyên vật liệu
2020-12-24,1639.77,1664.19,1584.29,1628.68,68670970,VNMAT,Nguyên vật liệu
2020-12-25,1628.66,1656.13,1610.76,1655.92,68032830,VNMAT,Nguyên vật liệu
2020-12-28,1657.13,1691.32,1656.99,1678.04,64210160,VNMAT,Nguyên vật liệu
2020-12-29,1678.04,1684.85,1662.08,1679.13,55209490,VNMAT,Nguyên vật liệu
2020-12-30,1679.13,1679.82,1653.49,1659.17,69903520,VNMAT,Nguyên vật liệu
2020-12-31,1659.17,1685.35,1653.79,1677.72,45524660,VNMAT,Nguyên vật liệu
2021-01-04,1681.23,1731.5,1677.72,1715.58,68489200,VNMAT,Nguyên vật liệu
2021-01-05,1701.87,1732.79,1698.5,1718.93,60551100,VNMAT,Nguyên vật liệu
2021-01-06,1719.05,1745.32,1715.92,1729.32,60631600,VNMAT,Nguyên vật liệu
2021-01-07,1729.4,1741.06,1720.25,1736.03,69675100,VNMAT,Nguyên vật liệu
2021-01-08,1736.83,1757.37,1730.12,1739.0,65590600,VNMAT,Nguyên vật liệu
2021-01-11,1739.59,1758.23,1735.22,1751.43,55823800,VNMAT,Nguyên vật liệu
2021-01-12,1751.2,1813.26,1748.07,1813.09,69899100,VNMAT,Nguyên vật liệu
2021-01-13,1812.8,1830.38,1795.3,1806.35,64826900,VNMAT,Nguyên vật liệu
2021-01-14,1806.41,1807.44,1780.18,1800.56,55225300,VNMAT,Nguyên vật liệu
2021-01-15,1800.69,1812.37,1800.69,1807.94,57021800,VNMAT,Nguyên vật liệu
2021-01-18,1807.88,1822.85,1805.74,1815.98,68739800,VNMAT,Nguyên vật liệu
2021-01-19,1816.03,1816.88,1697.95,1706.9,77380900,VNMAT,Nguyên vật liệu
2021-01-20,1706.9,1744.48,1638.4,1709.56,78604100,VNMAT,Nguyên vật liệu
2021-01-21,1709.85,1796.25,1709.56,1796.25,67409700,VNMAT,Nguyên vật liệu
2021-01-22,1796.18,1815.77,1775.05,1780.08,54665300,VNMAT,Nguyên vật liệu
2021-01-25,1769.12,1834.41,1761.63,1782.57,80026700,VNMAT,Nguyên vật liệu
2021-01-26,1782.5,1782.5,1703.96,1724.41,64281600,VNMAT,Nguyên vật liệu
2021-01-27,1724.99,1727.3,1631.15,1648.7,71277900,VNMAT,Nguyên vật liệu
2021-01-28,1647.45,1648.7,1537.7,1538.31,98092000,VNMAT,Nguyên vật liệu
2021-01-29,1537.97,1622.1,1500.78,1598.66,86180400,VNMAT,Nguyên vật liệu
2021-02-01,1598.41,1624.24,1555.16,1557.04,67514100,VNMAT,Nguyên vật liệu
2021-02-02,1556.6,1625.43,1548.25,1624.46,62694900,VNMAT,Nguyên vật liệu
2021-02-03,1624.67,1693.74,1624.62,1685.84,71243900,VNMAT,Nguyên vật liệu
2021-02-04,1685.84,1697.66,1671.54,1681.12,48325200,VNMAT,Nguyên vật liệu
2021-02-05,1681.12,1711.57,1678.68,1705.3,53032700,VNMAT,Nguyên vật liệu
2021-02-08,1705.36,1711.73,1622.77,1642.71,68350000,VNMAT,Nguyên vật liệu
2021-02-09,1651.75,1686.23,1636.26,1683.89,51438200,VNMAT,Nguyên vật liệu
2021-02-17,1683.88,1753.92,1683.88,1753.92,57554700,VNMAT,Nguyên vật liệu
2021-02-18,1754.04,1774.61,1736.2,1768.32,60209200,VNMAT,Nguyên vật liệu
2021-02-19,1753.35,1773.71,1745.91,1760.31,50518900,VNMAT,Nguyên vật liệu
2021-02-22,1761.05,1793.06,1750.87,1764.91,63331300,VNMAT,Nguyên vật liệu
2021-02-23,1764.82,1777.72,1751.66,1764.75,55504500,VNMAT,Nguyên vật liệu
2021-02-24,1764.75,1797.22,1760.05,1768.64,63357900,VNMAT,Nguyên vật liệu
2021-02-25,1768.72,1794.87,1768.72,1789.3,56682900,VNMAT,Nguyên vật liệu
2021-02-26,1789.42,1840.09,1767.52,1837.16,94355400,VNMAT,Nguyên vật liệu
2021-03-01,1837.27,1870.64,1837.27,1869.88,72435500,VNMAT,Nguyên vật liệu
2021-03-02,1869.91,1898.95,1869.91,1890.44,82740500,VNMAT,Nguyên vật liệu
2021-03-03,1890.45,1913.9,1881.94,1904.07,84225600,VNMAT,Nguyên vật liệu
2021-03-04,1904.11,1911.4,1846.19,1875.4,88814900,VNMAT,Nguyên vật liệu
2021-03-05,1874.9,1885.77,1844.62,1885.4,72306600,VNMAT,Nguyên vật liệu
2021-03-08,1886.24,1923.12,1886.24,1904.51,77756400,VNMAT,Nguyên vật liệu
2021-03-09,1904.5,1904.54,1875.42,1891.61,66633900,VNMAT,Nguyên vật liệu
2021-03-10,1891.83,1893.75,1867.8,1887.5,71696000,VNMAT,Nguyên vật liệu
2021-03-11,1887.5,1921.92,1887.5,1915.0,67123200,VNMAT,Nguyên vật liệu
2021-03-12,1914.92,1924.21,1910.57,1914.11,56663900,VNMAT,Nguyên vật liệu
2021-03-15,1914.22,1928.73,1914.22,1918.95,68853200,VNMAT,Nguyên vật liệu
2021-03-16,1918.95,1923.94,1898.61,1910.37,57250100,VNMAT,Nguyên vật liệu
2021-03-17,1910.37,1922.27,1910.37,1920.88,61198800,VNMAT,Nguyên vật liệu
2021-03-18,1921.09,1939.27,1921.09,1931.5,51004300,VNMAT,Nguyên vật liệu
2021-03-19,1931.5,1957.04,1930.78,1951.06,61880600,VNMAT,Nguyên vật liệu
2021-03-22,1951.06,1961.18,1936.8,1940.32,58155200,VNMAT,Nguyên vật liệu
2021-03-23,1940.34,1953.6,1922.98,1935.08,64828900,VNMAT,Nguyên vật liệu
2021-03-24,1934.5,1934.5,1877.61,1890.29,70980600,VNMAT,Nguyên vật liệu
2021-03-25,1887.82,1901.62,1865.62,1874.12,58974700,VNMAT,Nguyên vật liệu
2021-03-26,1873.64,1906.52,1854.31,1903.28,71616800,VNMAT,Nguyên vật liệu
2021-03-29,1903.12,1917.92,1901.42,1916.5,51306000,VNMAT,Nguyên vật liệu
2021-03-30,1917.11,1929.71,1910.34,1925.59,58106800,VNMAT,Nguyên vật liệu
2021-03-31,1925.58,1956.61,1922.11,1941.64,67593300,VNMAT,Nguyên vật liệu
2021-04-01,1941.84,1994.06,1940.83,1993.98,71775800,VNMAT,Nguyên vật liệu
2021-04-02,1993.91,2015.27,1993.91,2007.3,53054700,VNMAT,Nguyên vật liệu
2021-04-05,2007.26,2025.92,1998.4,2012.47,57153500,VNMAT,Nguyên vật liệu
2021-04-06,2012.42,2021.73,2006.02,2015.38,56741500,VNMAT,Nguyên vật liệu
2021-04-07,2015.3,2029.76,2002.85,2026.27,57697200,VNMAT,Nguyên vật liệu
2021-04-08,2026.54,2031.3,2013.3,2024.66,53353500,VNMAT,Nguyên vật liệu
2021-04-09,2024.66,2044.2,2013.64,2033.57,61288400,VNMAT,Nguyên vật liệu
2021-04-12,2033.57,2090.17,2033.57,2081.32,81260600,VNMAT,Nguyên vật liệu
2021-04-13,2081.76,2091.74,2040.43,2040.66,92443700,VNMAT,Nguyên vật liệu
2021-04-14,2040.66,2135.79,2029.12,2129.76,94746000,VNMAT,Nguyên vật liệu
2021-04-15,2129.98,2187.54,2118.12,2174.83,96513700,VNMAT,Nguyên vật liệu
2021-04-16,2174.83,2210.75,2133.34,2170.31,87227700,VNMAT,Nguyên vật liệu
2021-04-19,2170.17,2270.71,2170.17,2270.21,102934200,VNMAT,Nguyên vật liệu
2021-04-20,2270.38,2291.29,2212.91,2245.03,101693500,VNMAT,Nguyên vật liệu
2021-04-22,2244.97,2262.31,2153.62,2153.62,86552200,VNMAT,Nguyên vật liệu
2021-04-23,2153.53,2204.59,2143.11,2204.59,76917500,VNMAT,Nguyên vật liệu
2021-04-26,2204.83,2212.63,2157.88,2159.41,62083800,VNMAT,Nguyên vật liệu
2021-04-27,2159.41,2202.37,2133.61,2198.15,66806300,VNMAT,Nguyên vật liệu
2021-04-28,2198.15,2209.91,2176.3,2194.47,50527700,VNMAT,Nguyên vật liệu
2021-04-29,2194.71,2273.96,2194.71,2256.19,62371600,VNMAT,Nguyên vật liệu
2021-05-04,2256.09,2323.35,2216.52,2310.03,83518500,VNMAT,Nguyên vật liệu
2021-05-05,2315.5,2331.37,2302.55,2303.83,71457400,VNMAT,Nguyên vật liệu
2021-05-06,2302.35,2335.78,2293.08,2310.4,80481600,VNMAT,Nguyên vật liệu
2021-05-07,2310.38,2382.82,2300.71,2359.27,99545300,VNMAT,Nguyên vật liệu
2021-05-10,2358.69,2449.07,2357.52,2443.39,80103500,VNMAT,Nguyên vật liệu
2021-05-11,2452.07,2458.51,2408.65,2408.86,91784200,VNMAT,Nguyên vật liệu
2021-05-12,2408.86,2439.69,2388.03,2439.69,77394500,VNMAT,Nguyên vật liệu
2021-05-13,2431.16,2455.15,2400.92,2400.92,71941000,VNMAT,Nguyên vật liệu
2021-05-14,2400.92,2432.08,2387.37,2394.93,94752500,VNMAT,Nguyên vật liệu
2021-05-17,2393.73,2420.15,2368.4,2405.56,87428000,VNMAT,Nguyên vật liệu
2021-05-18,2405.55,2464.27,2405.19,2451.33,83084200,VNMAT,Nguyên vật liệu
2021-05-19,2451.24,2547.37,2451.24,2525.39,73869500,VNMAT,Nguyên vật liệu
2021-05-20,2525.39,2535.44,2505.58,2531.32,65017000,VNMAT,Nguyên vật liệu
2021-05-21,2530.76,2531.64,2500.66,2508.12,62970300,VNMAT,Nguyên vật liệu
2021-05-24,2508.16,2531.54,2498.79,2510.94,64751300,VNMAT,Nguyên vật liệu
2021-05-25,2511.09,2594.42,2506.49,2581.62,81087000,VNMAT,Nguyên vật liệu
2021-05-26,2581.63,2594.16,2567.38,2584.85,55671400,VNMAT,Nguyên vật liệu
2021-05-27,2584.85,2584.85,2539.12,2550.15,57683200,VNMAT,Nguyên vật liệu
2021-05-28,2550.15,2574.2,2531.31,2568.02,71454000,VNMAT,Nguyên vật liệu
2021-05-31,2567.93,2695.24,2567.54,2695.24,97937200,VNMAT,Nguyên vật liệu
2021-06-01,2695.38,2838.57,2695.38,2796.18,64254400,VNMAT,Nguyên vật liệu
2021-06-02,2796.16,2797.51,2703.17,2745.24,80916000,VNMAT,Nguyên vật liệu
2021-06-03,2746.41,2782.03,2718.5,2772.36,87179700,VNMAT,Nguyên vật liệu
2021-06-04,2772.29,2819.27,2772.29,2794.54,77704000,VNMAT,Nguyên vật liệu
2021-06-07,2795.11,2813.22,2693.11,2722.25,77206700,VNMAT,Nguyên vật liệu
2021-06-08,2708.49,2734.04,2595.55,2595.55,90799100,VNMAT,Nguyên vật liệu
2021-06-09,2595.29,2656.44,2557.74,2612.54,79191800,VNMAT,Nguyên vật liệu
2021-06-10,2612.49,2699.82,2604.48,2662.91,72844700,VNMAT,Nguyên vật liệu
2021-06-11,2662.98,2730.7,2662.98,2727.07,64824600,VNMAT,Nguyên vật liệu
2021-06-14,2741.81,2784.63,2725.49,2754.57,64198800,VNMAT,Nguyên vật liệu
2021-06-15,2754.57,2763.32,2728.75,2750.01,73819300,VNMAT,Nguyên vật liệu
2021-06-16,2749.92,2752.08,2681.87,2693.08,81462300,VNMAT,Nguyên vật liệu
2021-06-17,2693.21,2712.1,2656.06,2697.03,81416600,VNMAT,Nguyên vật liệu
2021-06-18,2697.03,2785.77,2697.03,2739.21,105042000,VNMAT,Nguyên vật liệu
2021-06-21,2739.61,2753.47,2702.96,2703.29,83139400,VNMAT,Nguyên vật liệu
2021-06-22,2703.64,2747.97,2703.64,2712.89,74627600,VNMAT,Nguyên vật liệu
2021-06-23,2712.87,2720.12,2681.47,2691.58,70737900,VNMAT,Nguyên vật liệu
2021-06-24,2691.27,2704.5,2653.83,2655.33,63464600,VNMAT,Nguyên vật liệu
2021-06-25,2655.12,2679.57,2621.79,2666.82,70380300,VNMAT,Nguyên vật liệu
2021-06-28,2666.78,2751.57,2666.78,2748.72,107147400,VNMAT,Nguyên vật liệu
2021-06-29,2748.98,2759.19,2716.02,2723.1,75246800,VNMAT,Nguyên vật liệu
2021-06-30,2723.1,2739.68,2707.37,2710.63,65025900,VNMAT,Nguyên vật liệu
2021-07-01,2710.63,2772.0,2710.63,2765.16,92451800,VNMAT,Nguyên vật liệu
2021-07-02,2765.16,2786.49,2742.15,2742.9,92612200,VNMAT,Nguyên vật liệu
2021-07-05,2690.27,2742.67,2670.65,2690.27,86288200,VNMAT,Nguyên vật liệu
2021-07-06,2690.27,2730.59,2530.92,2530.92,98431300,VNMAT,Nguyên vật liệu
2021-07-07,2569.6,2606.44,2508.13,2606.44,86904500,VNMAT,Nguyên vật liệu
2021-07-08,2606.69,2614.5,2538.35,2556.16,72587300,VNMAT,Nguyên vật liệu
2021-07-09,2534.15,2561.65,2434.57,2469.99,94011000,VNMAT,Nguyên vật liệu
2021-07-12,2436.26,2469.99,2304.23,2347.36,137974600,VNMAT,Nguyên vật liệu
2021-07-13,2374.59,2394.01,2329.69,2382.98,60690400,VNMAT,Nguyên vật liệu
2021-07-14,2406.79,2409.05,2328.24,2363.67,65970300,VNMAT,Nguyên vật liệu
2021-07-15,2344.81,2447.42,2344.81,2436.67,56937100,VNMAT,Nguyên vật liệu
2021-07-16,2448.01,2476.04,2435.6,2446.02,52955100,VNMAT,Nguyên vật liệu
2021-07-19,2384.89,2396.43,2314.38,2326.08,82837200,VNMAT,Nguyên vật liệu
2021-07-20,2346.49,2464.15,2326.08,2464.15,83559500,VNMAT,Nguyên vật liệu
2021-07-21,2481.24,2493.78,2436.53,2445.37,55402300,VNMAT,Nguyên vật liệu
2021-07-22,2442.66,2492.09,2426.93,2473.36,61462400,VNMAT,Nguyên vật liệu
2021-07-23,2461.46,2468.45,2411.93,2411.93,71363100,VNMAT,Nguyên vật liệu
2021-07-26,2398.11,2421.89,2359.47,2405.69,60988400,VNMAT,Nguyên vật liệu
2021-07-27,2430.69,2466.28,2419.18,2440.75,65092100,VNMAT,Nguyên vật liệu
2021-07-28,2440.93,2478.87,2437.22,2460.39,56030100,VNMAT,Nguyên vật liệu
2021-07-29,2471.58,2508.47,2466.77,2487.31,72946900,VNMAT,Nguyên vật liệu
2021-07-30,2491.99,2518.4,2487.31,2504.6,71158100,VNMAT,Nguyên vật liệu
2021-08-02,2494.43,2544.79,2487.2,2517.6,98145200,VNMAT,Nguyên vật liệu
2021-08-03,2523.57,2537.01,2488.09,2518.06,93388300,VNMAT,Nguyên vật liệu
2021-08-04,2530.3,2549.48,2516.73,2533.17,80460100,VNMAT,Nguyên vật liệu
2021-08-05,2528.66,2599.87,2522.67,2596.35,97940500,VNMAT,Nguyên vật liệu
2021-08-06,2595.05,2609.92,2581.45,2584.49,95144200,VNMAT,Nguyên vật liệu
2021-08-09,2570.66,2656.94,2568.78,2656.94,102674100,VNMAT,Nguyên vật liệu
2021-08-10,2679.43,2697.7,2636.27,2653.59,104212000,VNMAT,Nguyên vật liệu
2021-08-11,2669.94,2669.94,2634.72,2636.48,100535000,VNMAT,Nguyên vật liệu
2021-08-12,2630.79,2643.21,2604.97,2604.97,109072200,VNMAT,Nguyên vật liệu
2021-08-13,2600.57,2622.24,2562.69,2622.24,111178000,VNMAT,Nguyên vật liệu
2021-08-16,2644.95,2674.66,2644.95,2674.66,108111900,VNMAT,Nguyên vật liệu
2021-08-17,2682.03,2735.77,2680.1,2715.88,139979200,VNMAT,Nguyên vật liệu
2021-08-18,2719.04,2741.66,2692.0,2712.43,87903700,VNMAT,Nguyên vật liệu
2021-08-19,2719.11,2752.06,2717.68,2746.24,96151500,VNMAT,Nguyên vật liệu
2021-08-20,2742.35,2755.69,2613.91,2654.99,179230700,VNMAT,Nguyên vật liệu
2021-08-23,2647.32,2656.14,2587.19,2587.19,110574000,VNMAT,Nguyên vật liệu
2021-08-24,2591.97,2612.66,2564.71,2583.33,83798900,VNMAT,Nguyên vật liệu
2021-08-25,2592.72,2616.68,2555.02,2615.98,77702900,VNMAT,Nguyên vật liệu
2021-08-26,2627.79,2638.03,2586.5,2598.17,76724800,VNMAT,Nguyên vật liệu
2021-08-27,2583.93,2619.26,2550.64,2616.83,102114600,VNMAT,Nguyên vật liệu
2021-08-30,2639.76,2683.95,2616.83,2681.01,108759000,VNMAT,Nguyên vật liệu
2021-08-31,2697.25,2725.84,2681.01,2710.29,123738000,VNMAT,Nguyên vật liệu
2021-09-01,2690.02,2726.4,2688.16,2719.35,111548700,VNMAT,Nguyên vật liệu
2021-09-06,2739.39,2822.92,2719.35,2812.58,160406100,VNMAT,Nguyên vật liệu
2021-09-07,2825.24,2837.22,2769.66,2770.94,133460200,VNMAT,Nguyên vật liệu
2021-09-08,2765.07,2823.47,2752.06,2802.02,105898000,VNMAT,Nguyên vật liệu
2021-09-09,2816.86,2848.4,2802.02,2836.29,99404400,VNMAT,Nguyên vật liệu
2021-09-10,2840.68,2847.38,2811.41,2820.0,80808900,VNMAT,Nguyên vật liệu
2021-09-13,2821.48,2821.48,2775.16,2783.94,107202100,VNMAT,Nguyên vật liệu
2021-09-14,2779.05,2800.66,2759.08,2765.36,91281700,VNMAT,Nguyên vật liệu
2021-09-15,2757.13,2852.84,2750.7,2840.39,118052500,VNMAT,Nguyên vật liệu
2021-09-16,2857.19,2871.62,2818.99,2825.84,84107300,VNMAT,Nguyên vật liệu
2021-09-17,2829.22,2867.83,2822.73,2850.28,122485300,VNMAT,Nguyên vật liệu
2021-09-20,2879.17,2880.88,2799.71,2813.05,129090700,VNMAT,Nguyên vật liệu
2021-09-21,2774.21,2823.02,2760.34,2807.47,119883200,VNMAT,Nguyên vật liệu
2021-09-22,2817.49,2826.55,2797.52,2817.78,79970100,VNMAT,Nguyên vật liệu
2021-09-23,2839.21,2864.33,2811.96,2816.5,107449600,VNMAT,Nguyên vật liệu
2021-09-24,2814.05,2838.51,2785.4,2791.8,81744900,VNMAT,Nguyên vật liệu
2021-09-27,2811.12,2831.62,2750.7,2750.7,108986700,VNMAT,Nguyên vật liệu
2021-09-28,2739.88,2834.2,2726.78,2833.11,103201200,VNMAT,Nguyên vật liệu
2021-09-29,2831.28,2876.65,2827.95,2869.51,98914600,VNMAT,Nguyên vật liệu
2021-09-30,2885.98,2893.55,2859.16,2866.47,83658300,VNMAT,Nguyên vật liệu
2021-10-01,2861.35,2907.79,2854.76,2893.61,107276300,VNMAT,Nguyên vật liệu
2021-10-04,2920.25,3008.89,2893.61,2992.19,125899300,VNMAT,Nguyên vật liệu
2021-10-05,2996.36,3014.4,2977.14,2986.33,93739700,VNMAT,Nguyên vật liệu
2021-10-06,3006.2,3027.04,2986.33,3027.04,95655000,VNMAT,Nguyên vật liệu
2021-10-07,3041.42,3050.83,3009.92,3010.41,106040700,VNMAT,Nguyên vật liệu
2021-10-08,3018.6,3032.86,2997.77,3008.38,86024000,VNMAT,Nguyên vật liệu
2021-10-11,3027.68,3066.88,3004.43,3063.33,85739200,VNMAT,Nguyên vật liệu
2021-10-12,3069.52,3082.46,3048.69,3062.17,88171700,VNMAT,Nguyên vật liệu
2021-10-13,3064.09,3076.99,3046.18,3057.78,81524400,VNMAT,Nguyên vật liệu
2021-10-14,3063.38,3096.18,3057.06,3073.52,97933800,VNMAT,Nguyên vật liệu
2021-10-15,3097.66,3122.44,3073.52,3107.21,102621200,VNMAT,Nguyên vật liệu
2021-10-18,3122.75,3159.7,3107.21,3121.33,107390400,VNMAT,Nguyên vật liệu
2021-10-19,3113.25,3124.48,3089.73,3098.03,94798600,VNMAT,Nguyên vật liệu
2021-10-20,3107.74,3114.17,3040.62,3100.15,113011100,VNMAT,Nguyên vật liệu
2021-10-21,3114.01,3148.64,3083.98,3116.86,118176200,VNMAT,Nguyên vật liệu
2021-10-22,3132.76,3142.56,3095.01,3100.93,99100200,VNMAT,Nguyên vật liệu
2021-10-25,3094.39,3102.12,3027.74,3027.74,144972100,VNMAT,Nguyên vật liệu
2021-10-26,3010.93,3084.09,2979.92,3084.09,103772400,VNMAT,Nguyên vật liệu
2021-10-27,3094.95,3149.48,3084.09,3149.48,124899800,VNMAT,Nguyên vật liệu
2021-10-28,3154.86,3173.03,3127.02,3165.29,106681500,VNMAT,Nguyên vật liệu
2021-10-29,3167.69,3174.99,3125.44,3131.31,127133300,VNMAT,Nguyên vật liệu
2021-11-01,3132.16,3135.32,3072.9,3076.55,168024300,VNMAT,Nguyên vật liệu
2021-11-02,3068.11,3111.1,3064.92,3081.15,130210300,VNMAT,Nguyên vật liệu
2021-11-03,3112.09,3112.92,3043.77,3043.77,177029700,VNMAT,Nguyên vật liệu
2021-11-04,3045.86,3098.83,3043.72,3085.33,101017300,VNMAT,Nguyên vật liệu
2021-11-05,3093.05,3134.29,3064.55,3122.87,108746600,VNMAT,Nguyên vật liệu
2021-11-08,3140.28,3151.11,3109.34,3137.72,98740000,VNMAT,Nguyên vật liệu
2021-11-09,3141.32,3169.11,3117.48,3124.71,124500000,VNMAT,Nguyên vật liệu
2021-11-10,3127.7,3129.33,3077.01,3092.68,158482300,VNMAT,Nguyên vật liệu
2021-11-11,3080.98,3092.68,3010.38,3037.14,170350600,VNMAT,Nguyên vật liệu
2021-11-12,3040.84,3080.4,3030.51,3073.86,119140100,VNMAT,Nguyên vật liệu
2021-11-15,3077.15,3078.07,3017.7,3031.17,135317400,VNMAT,Nguyên vật liệu
2021-11-16,3021.77,3031.17,2964.45,2964.45,147647100,VNMAT,Nguyên vật liệu
2021-11-17,2963.06,2987.51,2942.7,2942.7,111131600,VNMAT,Nguyên vật liệu
2021-11-18,2942.86,2944.64,2860.35,2865.19,176976500,VNMAT,Nguyên vật liệu
2021-11-19,2849.54,2865.19,2734.06,2752.65,182286900,VNMAT,Nguyên vật liệu
2021-11-22,2761.34,2805.37,2736.76,2754.31,115760500,VNMAT,Nguyên vật liệu
2021-11-23,2750.91,2814.27,2749.06,2812.29,79887700,VNMAT,Nguyên vật liệu
2021-11-24,2815.95,2822.73,2767.42,2771.13,96055400,VNMAT,Nguyên vật liệu
2021-11-25,2778.54,2815.21,2778.54,2809.46,89422600,VNMAT,Nguyên vật liệu
2021-11-26,2821.07,2848.07,2807.44,2814.6,111572300,VNMAT,Nguyên vật liệu
2021-11-29,2762.36,2814.6,2762.36,2785.84,98538500,VNMAT,Nguyên vật liệu
2021-11-30,2815.59,2867.74,2785.84,2819.16,109676200,VNMAT,Nguyên vật liệu
2021-12-01,2833.87,2844.55,2815.51,2824.5,83859300,VNMAT,Nguyên vật liệu
2021-12-02,2835.95,2837.64,2805.27,2805.27,74639000,VNMAT,Nguyên vật liệu
2021-12-03,2816.38,2819.73,2729.6,2729.6,116029500,VNMAT,Nguyên vật liệu
2021-12-06,2717.29,2740.12,2594.0,2608.05,122366700,VNMAT,Nguyên vật liệu
2021-12-07,2645.83,2699.71,2626.77,2698.26,80223600,VNMAT,Nguyên vật liệu
2021-12-08,2721.25,2721.25,2677.26,2682.3,60674300,VNMAT,Nguyên vật liệu
2021-12-09,2671.28,2693.93,2661.23,2688.42,57038300,VNMAT,Nguyên vật liệu
2021-12-10,2687.54,2699.55,2662.55,2666.99,83972400,VNMAT,Nguyên vật liệu
2021-12-13,2676.96,2698.05,2666.99,2684.37,82932300,VNMAT,Nguyên vật liệu
2021-12-14,2686.23,2789.78,2669.75,2741.87,127405500,VNMAT,Nguyên vật liệu
2021-12-15,2756.57,2781.74,2740.39,2744.4,83459200,VNMAT,Nguyên vật liệu
2021-12-16,2755.9,2756.49,2718.52,2728.88,79818700,VNMAT,Nguyên vật liệu
2021-12-17,2725.06,2729.92,2690.73,2693.26,102492500,VNMAT,Nguyên vật liệu
2021-12-20,2695.51,2714.71,2680.18,2693.22,76452800,VNMAT,Nguyên vật liệu
2021-12-21,2690.99,2696.36,2677.25,2678.38,114864300,VNMAT,Nguyên vật liệu
2021-12-22,2694.06,2704.66,2639.73,2641.94,111048800,VNMAT,Nguyên vật liệu
2021-12-23,2642.87,2644.38,2581.62,2641.71,137722200,VNMAT,Nguyên vật liệu
2021-12-24,2663.22,2713.15,2654.14,2681.04,88753300,VNMAT,Nguyên vật liệu
2021-12-27,2704.08,2705.96,2654.43,2668.72,68971900,VNMAT,Nguyên vật liệu
2021-12-28,2669.98,2712.87,2658.39,2673.27,95885700,VNMAT,Nguyên vật liệu
2021-12-29,2677.19,2700.36,2660.84,2670.49,91434500,VNMAT,Nguyên vật liệu
2021-12-30,2671.01,2690.5,2662.81,2666.58,61184400,VNMAT,Nguyên vật liệu
2021-12-31,2680.73,2702.9,2666.58,2694.32,81367600,VNMAT,Nguyên vật liệu
2022-01-04,2694.2,2731.68,2694.2,2716.82,82874200,VNMAT,Nguyên vật liệu
2022-01-05,2717.23,2739.33,2716.29,2716.29,89280600,VNMAT,Nguyên vật liệu
2022-01-06,2704.02,2711.49,2688.98,2688.98,103255600,VNMAT,Nguyên vật liệu
2022-01-07,2688.37,2693.31,2664.98,2668.74,104462700,VNMAT,Nguyên vật liệu
2022-01-10,2669.47,2701.08,2642.41,2642.41,124851900,VNMAT,Nguyên vật liệu
2022-01-11,2641.47,2657.57,2607.9,2607.9,106309900,VNMAT,Nguyên vật liệu
2022-01-12,2609.3,2657.24,2586.37,2652.82,89375100,VNMAT,Nguyên vật liệu
2022-01-13,2658.09,2688.45,2639.7,2652.15,84432200,VNMAT,Nguyên vật liệu
2022-01-14,2645.86,2652.15,2616.95,2621.72,63924000,VNMAT,Nguyên vật liệu
2022-01-17,2623.47,2634.22,2516.47,2516.47,93663300,VNMAT,Nguyên vật liệu
2022-01-18,2497.77,2531.69,2431.87,2483.75,77096000,VNMAT,Nguyên vật liệu
2022-01-19,2501.04,2512.87,2462.46,2472.14,55342800,VNMAT,Nguyên vật liệu
2022-01-20,2483.09,2515.61,2460.12,2507.97,74474800,VNMAT,Nguyên vật liệu
2022-01-21,2512.19,2523.55,2469.7,2472.68,62161200,VNMAT,Nguyên vật liệu
2022-01-24,2460.7,2461.14,2328.34,2328.34,87634800,VNMAT,Nguyên vật liệu
2022-01-25,2307.97,2431.97,2304.21,2431.97,61927000,VNMAT,Nguyên vật liệu
2022-01-26,2442.52,2480.16,2433.23,2433.23,50540700,VNMAT,Nguyên vật liệu
2022-01-27,2426.37,2435.57,2377.71,2382.88,44282700,VNMAT,Nguyên vật liệu
2022-01-28,2383.81,2408.48,2360.28,2386.6,45621600,VNMAT,Nguyên vật liệu
2022-02-07,2422.72,2470.45,2388.55,2448.48,52167400,VNMAT,Nguyên vật liệu
2022-02-08,2449.28,2565.18,2443.22,2564.12,73503900,VNMAT,Nguyên vật liệu
2022-02-09,2579.08,2682.2,2577.84,2649.85,90842000,VNMAT,Nguyên vật liệu
2022-02-10,2661.2,2679.42,2636.57,2651.77,77452800,VNMAT,Nguyên vật liệu
2022-02-11,2638.62,2680.02,2629.94,2671.73,80335900,VNMAT,Nguyên vật liệu
2022-02-14,2635.12,2684.39,2625.4,2625.4,76867700,VNMAT,Nguyên vật liệu
2022-02-15,2624.82,2643.06,2592.2,2620.71,60493800,VNMAT,Nguyên vật liệu
2022-02-16,2629.08,2644.84,2612.18,2632.55,65708100,VNMAT,Nguyên vật liệu
2022-02-17,2632.96,2663.54,2631.94,2651.33,56918000,VNMAT,Nguyên vật liệu
2022-02-18,2634.89,2699.86,2628.85,2680.26,80836000,VNMAT,Nguyên vật liệu
2022-02-21,2683.64,2699.79,2665.93,2671.05,71801100,VNMAT,Nguyên vật liệu
2022-02-22,2667.96,2667.96,2608.2,2646.78,85739800,VNMAT,Nguyên vật liệu
2022-02-23,2656.7,2692.08,2646.36,2675.69,70765300,VNMAT,Nguyên vật liệu
2022-02-24,2674.39,2689.41,2580.4,2643.0,118195600,VNMAT,Nguyên vật liệu
2022-02-25,2661.66,2671.67,2648.32,2648.32,76787300,VNMAT,Nguyên vật liệu
2022-02-28,2662.41,2747.98,2660.62,2731.01,132425200,VNMAT,Nguyên vật liệu
2022-03-01,2763.55,2791.12,2730.59,2732.67,124479500,VNMAT,Nguyên vật liệu
2022-03-02,2739.85,2757.33,2718.66,2745.49,103081200,VNMAT,Nguyên vật liệu
2022-03-03,2777.12,2885.6,2770.1,2885.6,184184300,VNMAT,Nguyên vật liệu
2022-03-04,2919.06,2923.57,2868.8,2868.8,119796100,VNMAT,Nguyên vật liệu
2022-03-07,2893.56,2993.83,2886.92,2943.34,136933900,VNMAT,Nguyên vật liệu
2022-03-08,2916.83,2949.74,2855.96,2855.96,146949300,VNMAT,Nguyên vật liệu
2022-03-09,2886.59,2914.0,2821.68,2892.22,132567200,VNMAT,Nguyên vật liệu
2022-03-10,2890.46,2914.07,2863.09,2863.09,97248000,VNMAT,Nguyên vật liệu
2022-03-11,2870.94,2882.09,2780.43,2810.05,148950600,VNMAT,Nguyên vật liệu
2022-03-14,2801.81,2838.89,2705.43,2705.43,132055100,VNMAT,Nguyên vật liệu
2022-03-15,2707.04,2741.81,2671.94,2716.24,102480600,VNMAT,Nguyên vật liệu
2022-03-16,2751.21,2762.2,2728.47,2728.47,73634700,VNMAT,Nguyên vật liệu
2022-03-17,2754.18,2757.32,2699.75,2705.53,105803600,VNMAT,Nguyên vật liệu
2022-03-18,2720.45,2750.21,2705.53,2738.64,92947300,VNMAT,Nguyên vật liệu
2022-03-21,2747.37,2775.62,2747.37,2762.33,84802700,VNMAT,Nguyên vật liệu
2022-03-22,2765.25,2783.76,2745.76,2783.76,112528800,VNMAT,Nguyên vật liệu
2022-03-23,2797.74,2814.39,2786.14,2788.26,111148000,VNMAT,Nguyên vật liệu
2022-03-24,2800.91,2806.78,2780.31,2784.08,111188000,VNMAT,Nguyên vật liệu
2022-03-25,2790.73,2823.32,2774.22,2806.15,115186800,VNMAT,Nguyên vật liệu
2022-03-28,2803.92,2832.86,2773.51,2795.39,121480800,VNMAT,Nguyên vật liệu
2022-03-29,2795.55,2814.09,2791.65,2795.81,106470500,VNMAT,Nguyên vật liệu
2022-03-30,2783.36,2805.77,2737.8,2741.15,127866300,VNMAT,Nguyên vật liệu
2022-03-31,2752.9,2766.05,2692.49,2704.84,114485900,VNMAT,Nguyên vật liệu
2022-04-01,2696.19,2758.12,2675.18,2748.96,87464400,VNMAT,Nguyên vật liệu
2022-04-04,2766.83,2773.55,2743.85,2746.63,87957100,VNMAT,Nguyên vật liệu
2022-04-05,2749.4,2766.49,2745.38,2755.38,61670000,VNMAT,Nguyên vật liệu
2022-04-06,2742.25,2819.17,2741.27,2782.79,101602500,VNMAT,Nguyên vật liệu
2022-04-07,2795.63,2796.23,2743.47,2743.77,79386200,VNMAT,Nguyên vật liệu
2022-04-08,2746.06,2765.93,2708.79,2708.79,75095900,VNMAT,Nguyên vật liệu
2022-04-12,2722.49,2725.54,2635.95,2635.95,77003100,VNMAT,Nguyên vật liệu
2022-04-13,2643.5,2668.09,2600.84,2668.09,67272400,VNMAT,Nguyên vật liệu
2022-04-14,2678.73,2703.94,2666.04,2673.56,69564600,VNMAT,Nguyên vật liệu
2022-04-15,2674.7,2690.96,2643.61,2650.33,73689800,VNMAT,Nguyên vật liệu
2022-04-18,2638.95,2658.69,2561.21,2572.15,91737200,VNMAT,Nguyên vật liệu
2022-04-19,2591.76,2631.43,2568.49,2568.49,86647500,VNMAT,Nguyên vật liệu
2022-04-20,2563.5,2594.18,2520.76,2520.76,71166400,VNMAT,Nguyên vật liệu
2022-04-21,2516.68,2552.49,2453.72,2503.22,78442500,VNMAT,Nguyên vật liệu
2022-04-22,2525.87,2536.38,2420.6,2489.2,87450000,VNMAT,Nguyên vật liệu
2022-04-25,2478.17,2483.0,2321.8,2323.76,83171600,VNMAT,Nguyên vật liệu
2022-04-26,2270.49,2368.53,2237.16,2368.53,81728800,VNMAT,Nguyên vật liệu
2022-04-27,2362.6,2433.51,2341.74,2421.04,57813800,VNMAT,Nguyên vật liệu
2022-04-28,2420.79,2465.87,2420.28,2445.92,49419000,VNMAT,Nguyên vật liệu
2022-04-29,2443.53,2472.64,2432.75,2469.04,55468000,VNMAT,Nguyên vật liệu
2022-05-04,2456.63,2457.58,2389.16,2389.16,68444400,VNMAT,Nguyên vật liệu
2022-05-05,2412.52,2419.85,2340.74,2374.99,66249100,VNMAT,Nguyên vật liệu
2022-05-06,2364.89,2411.69,2328.29,2353.75,68238500,VNMAT,Nguyên vật liệu
2022-05-09,2324.94,2342.69,2229.68,2229.68,72002400,VNMAT,Nguyên vật liệu
2022-05-10,2209.41,2259.65,2145.15,2259.65,71904800,VNMAT,Nguyên vật liệu
2022-05-11,2265.88,2279.18,2239.02,2255.41,41869600,VNMAT,Nguyên vật liệu
2022-05-12,2246.48,2249.41,2122.82,2125.11,66325600,VNMAT,Nguyên vật liệu
2022-05-13,2103.61,2127.26,1990.13,1997.04,95255000,VNMAT,Nguyên vật liệu
2022-05-16,2048.36,2074.27,1984.47,1984.47,80609000,VNMAT,Nguyên vật liệu
2022-05-17,1959.12,2090.25,1950.55,2090.25,79878100,VNMAT,Nguyên vật liệu
2022-05-18,2111.53,2134.03,2089.53,2111.17,57254800,VNMAT,Nguyên vật liệu
2022-05-19,2055.28,2114.04,2050.81,2100.57,57115900,VNMAT,Nguyên vật liệu
2022-05-20,2098.32,2120.25,2076.09,2111.43,57721800,VNMAT,Nguyên vật liệu
2022-05-23,2122.78,2138.58,2053.29,2075.69,53123600,VNMAT,Nguyên vật liệu
2022-05-24,2073.51,2085.39,1963.12,2006.07,92744500,VNMAT,Nguyên vật liệu
2022-05-25,1995.08,2044.11,1941.2,2029.03,95726100,VNMAT,Nguyên vật liệu
2022-05-26,2032.52,2082.15,2030.08,2049.49,62827500,VNMAT,Nguyên vật liệu
2022-05-27,2049.58,2098.2,2043.55,2077.94,76153600,VNMAT,Nguyên vật liệu
2022-05-30,2080.13,2096.35,2070.35,2080.92,54808400,VNMAT,Nguyên vật liệu
2022-05-31,2080.31,2080.31,2048.76,2060.91,72452400,VNMAT,Nguyên vật liệu
2022-06-01,2053.83,2071.26,2022.5,2052.97,71043600,VNMAT,Nguyên vật liệu
2022-06-02,2046.02,2058.24,1999.75,2010.15,72670400,VNMAT,Nguyên vật liệu
2022-06-03,2017.2,2055.81,2013.31,2028.47,59990200,VNMAT,Nguyên vật liệu
2022-06-06,2054.68,2060.68,2020.96,2027.48,64492600,VNMAT,Nguyên vật liệu
2022-06-07,2021.02,2034.51,1972.82,2010.21,73177300,VNMAT,Nguyên vật liệu
2022-06-08,2020.26,2034.55,2002.12,2017.77,73565600,VNMAT,Nguyên vật liệu
2022-06-09,2021.77,2092.48,2014.21,2065.25,81801400,VNMAT,Nguyên vật liệu
2022-06-10,2058.61,2086.43,2024.26,2024.26,74108600,VNMAT,Nguyên vật liệu
2022-06-13,1961.95,1978.63,1902.79,1906.41,80040300,VNMAT,Nguyên vật liệu
2022-06-14,1868.97,1899.14,1832.32,1849.36,84750700,VNMAT,Nguyên vật liệu
2022-06-15,1843.19,1870.55,1762.51,1799.1,85419100,VNMAT,Nguyên vật liệu
2022-06-16,1836.49,1877.16,1827.86,1861.62,72886800,VNMAT,Nguyên vật liệu
2022-06-17,1815.02,1823.01,1742.1,1808.89,84085600,VNMAT,Nguyên vật liệu
2022-06-20,1784.31,1803.16,1698.83,1701.31,99188400,VNMAT,Nguyên vật liệu
2022-06-21,1672.9,1696.33,1626.69,1638.06,92871500,VNMAT,Nguyên vật liệu
2022-06-22,1655.37,1689.02,1639.17,1666.09,61457200,VNMAT,Nguyên vật liệu
2022-06-23,1667.12,1695.49,1658.39,1695.49,34747500,VNMAT,Nguyên vật liệu
2022-06-24,1704.14,1736.34,1694.32,1704.56,48417200,VNMAT,Nguyên vật liệu
2022-06-27,1713.72,1759.15,1683.73,1754.74,59800400,VNMAT,Nguyên vật liệu
2022-06-28,1751.32,1753.92,1720.39,1735.26,58994700,VNMAT,Nguyên vật liệu
2022-06-29,1724.41,1762.42,1712.15,1751.24,58405800,VNMAT,Nguyên vật liệu
2022-06-30,1756.03,1787.66,1715.45,1715.45,57651700,VNMAT,Nguyên vật liệu
2022-07-01,1708.61,1730.51,1654.76,1721.67,47349600,VNMAT,Nguyên vật liệu
2022-07-04,1736.55,1739.27,1701.15,1704.92,39492300,VNMAT,Nguyên vật liệu
2022-07-05,1706.32,1716.15,1681.13,1681.13,58662900,VNMAT,Nguyên vật liệu
2022-07-06,1676.36,1697.62,1636.28,1640.63,58306000,VNMAT,Nguyên vật liệu
2022-07-07,1639.61,1659.18,1634.13,1657.72,36920800,VNMAT,Nguyên vật liệu
2022-07-08,1678.85,1713.55,1678.85,1713.55,53951100,VNMAT,Nguyên vật liệu
2022-07-11,1711.32,1726.64,1678.07,1688.78,47116000,VNMAT,Nguyên vật liệu
2022-07-12,1688.76,1728.86,1683.71,1719.66,52375300,VNMAT,Nguyên vật liệu
2022-07-13,1719.82,1748.92,1716.78,1718.74,59404000,VNMAT,Nguyên vật liệu
2022-07-14,1709.62,1734.13,1702.75,1727.8,50124900,VNMAT,Nguyên vật liệu
2022-07-15,1737.34,1792.87,1737.34,1775.63,100662700,VNMAT,Nguyên vật liệu
2022-07-18,1784.76,1785.67,1742.39,1748.1,57167300,VNMAT,Nguyên vật liệu
2022-07-19,1741.68,1748.17,1714.41,1724.46,50431200,VNMAT,Nguyên vật liệu
2022-07-20,1732.17,1753.63,1730.74,1738.89,63301700,VNMAT,Nguyên vật liệu
2022-07-21,1738.23,1774.66,1738.23,1755.8,60724600,VNMAT,Nguyên vật liệu
2022-07-22,1756.74,1761.08,1725.45,1725.45,58829700,VNMAT,Nguyên vật liệu
2022-07-25,1719.47,1726.98,1692.24,1696.01,51465700,VNMAT,Nguyên vật liệu
2022-07-26,1695.32,1705.24,1674.18,1676.87,64757200,VNMAT,Nguyên vật liệu
2022-07-27,1676.16,1676.16,1649.83,1665.82,59237200,VNMAT,Nguyên vật liệu
2022-07-28,1666.6,1697.83,1666.6,1686.23,62451400,VNMAT,Nguyên vật liệu
2022-07-29,1698.85,1713.85,1681.47,1682.17,59584700,VNMAT,Nguyên vật liệu
2022-08-01,1682.31,1758.12,1682.31,1758.12,94852600,VNMAT,Nguyên vật liệu
2022-08-02,1765.08,1785.31,1757.81,1773.72,82972800,VNMAT,Nguyên vật liệu
2022-08-03,1759.53,1833.26,1755.33,1830.82,129572300,VNMAT,Nguyên vật liệu
2022-08-04,1843.91,1848.52,1818.1,1826.86,85244500,VNMAT,Nguyên vật liệu
2022-08-05,1814.68,1822.63,1801.47,1816.08,87590500,VNMAT,Nguyên vật liệu
2022-08-08,1822.71,1846.01,1821.16,1841.14,93167200,VNMAT,Nguyên vật liệu
2022-08-09,1852.99,1876.29,1843.97,1863.38,97828900,VNMAT,Nguyên vật liệu
2022-08-10,1857.96,1873.69,1844.53,1848.85,86489100,VNMAT,Nguyên vật liệu
2022-08-11,1862.48,1872.05,1807.0,1815.01,99182700,VNMAT,Nguyên vật liệu
2022-08-12,1811.62,1858.51,1805.5,1854.09,92324000,VNMAT,Nguyên vật liệu
2022-08-15,1862.86,1871.54,1851.22,1860.48,74480000,VNMAT,Nguyên vật liệu
2022-08-16,1860.4,1897.87,1860.4,1887.82,128932400,VNMAT,Nguyên vật liệu
2022-08-17,1892.56,1895.26,1861.67,1870.42,82512100,VNMAT,Nguyên vật liệu
2022-08-18,1859.66,1874.83,1853.85,1862.09,60667100,VNMAT,Nguyên vật liệu
2022-08-19,1861.07,1870.24,1828.98,1834.66,82370900,VNMAT,Nguyên vật liệu
2022-08-22,1834.02,1834.02,1794.94,1811.6,65637700,VNMAT,Nguyên vật liệu
2022-08-23,1797.22,1837.35,1797.22,1837.35,54845600,VNMAT,Nguyên vật liệu
2022-08-24,1845.25,1850.14,1836.67,1840.65,57964500,VNMAT,Nguyên vật liệu
2022-08-25,1855.68,1888.38,1850.63,1878.22,86827600,VNMAT,Nguyên vật liệu
2022-08-26,1889.69,1891.69,1852.28,1855.75,65916900,VNMAT,Nguyên vật liệu
2022-08-29,1831.32,1839.82,1796.03,1834.66,105767700,VNMAT,Nguyên vật liệu
2022-08-30,1834.76,1862.92,1834.76,1840.74,64842600,VNMAT,Nguyên vật liệu
2022-08-31,1834.76,1847.9,1827.62,1838.05,54081200,VNMAT,Nguyên vật liệu
2022-09-05,1842.61,1901.85,1841.78,1891.22,103300600,VNMAT,Nguyên vật liệu
2022-09-06,1898.6,1911.3,1862.69,1862.69,77762500,VNMAT,Nguyên vật liệu
2022-09-07,1860.39,1875.76,1818.12,1818.12,113134100,VNMAT,Nguyên vật liệu
2022-09-08,1833.97,1845.0,1800.64,1815.92,71045100,VNMAT,Nguyên vật liệu
2022-09-09,1829.98,1862.33,1808.52,1862.33,81333400,VNMAT,Nguyên vật liệu
2022-09-12,1873.77,1895.25,1858.45,1858.45,76208841,VNMAT,Nguyên vật liệu
2022-09-13,1859.79,1868.34,1834.05,1852.43,64473800,VNMAT,Nguyên vật liệu
2022-09-14,1823.52,1857.57,1821.86,1852.37,83628700,VNMAT,Nguyên vật liệu
2022-09-15,1868.04,1868.81,1846.47,1851.6,53863300,VNMAT,Nguyên vật liệu
2022-09-16,1840.83,1845.83,1806.44,1806.44,83239400,VNMAT,Nguyên vật liệu
2022-09-19,1811.21,1817.77,1742.05,1749.87,99907100,VNMAT,Nguyên vật liệu
2022-09-20,1761.88,1778.45,1735.43,1778.45,49224500,VNMAT,Nguyên vật liệu
2022-09-21,1765.74,1777.76,1757.99,1769.97,36778200,VNMAT,Nguyên vật liệu
2022-09-22,1753.16,1791.06,1751.89,1786.12,49749100,VNMAT,Nguyên vật liệu
2022-09-23,1789.62,1801.17,1765.68,1765.68,48272200,VNMAT,Nguyên vật liệu
2022-09-26,1737.44,1748.53,1687.86,1721.56,79291800,VNMAT,Nguyên vật liệu
2022-09-27,1730.85,1733.73,1707.27,1717.13,39979200,VNMAT,Nguyên vật liệu
2022-09-28,1704.65,1720.75,1674.18,1682.08,52362715,VNMAT,Nguyên vật liệu
2022-09-29,1687.15,1713.74,1653.34,1653.34,43392148,VNMAT,Nguyên vật liệu
2022-09-30,1642.62,1658.83,1581.66,1638.78,72343447,VNMAT,Nguyên vật liệu
2022-10-03,1633.59,1635.14,1533.35,1534.15,71301189,VNMAT,Nguyên vật liệu
2022-10-04,1559.92,1563.45,1463.68,1471.39,71952767,VNMAT,Nguyên vật liệu
2022-10-05,1498.51,1516.55,1485.6,1508.34,54779713,VNMAT,Nguyên vật liệu
2022-10-06,1516.05,1516.11,1428.98,1430.68,76725624,VNMAT,Nguyên vật liệu
2022-10-07,1405.44,1410.52,1350.09,1379.39,90417913,VNMAT,Nguyên vật liệu
2022-10-10,1356.35,1443.91,1352.32,1434.11,69162115,VNMAT,Nguyên vật liệu
2022-10-11,1436.37,1436.37,1375.93,1378.63,77428482,VNMAT,Nguyên vật liệu
2022-10-12,1393.1,1459.19,1380.97,1457.2,75160325,VNMAT,Nguyên vật liệu
2022-10-13,1462.26,1499.18,1447.14,1494.63,56849005,VNMAT,Nguyên vật liệu
2022-10-14,1515.02,1528.11,1494.77,1506.92,69128124,VNMAT,Nguyên vật liệu
2022-10-17,1490.82,1504.47,1468.77,1504.47,53977943,VNMAT,Nguyên vật liệu
2022-10-18,1521.75,1531.91,1477.16,1484.81,64009097,VNMAT,Nguyên vật liệu
2022-10-19,1485.93,1486.26,1454.27,1458.47,50622668,VNMAT,Nguyên vật liệu
2022-10-20,1458.48,1469.68,1433.27,1438.84,55517240,VNMAT,Nguyên vật liệu
2022-10-21,1448.75,1448.99,1347.59,1348.65,101560838,VNMAT,Nguyên vật liệu
2022-10-24,1348.73,1356.57,1290.83,1299.26,75150722,VNMAT,Nguyên vật liệu
2022-10-25,1298.56,1366.09,1266.26,1341.07,91185295,VNMAT,Nguyên vật liệu
2022-10-26,1340.73,1361.88,1318.32,1326.39,37801279,VNMAT,Nguyên vật liệu
2022-10-27,1327.74,1378.92,1327.74,1372.35,64402198,VNMAT,Nguyên vật liệu
2022-10-28,1378.53,1393.23,1333.49,1333.49,81217402,VNMAT,Nguyên vật liệu
2022-10-31,1279.19,1296.63,1260.96,1271.7,116732834,VNMAT,Nguyên vật liệu
2022-11-01,1279.27,1299.03,1238.45,1244.89,121523006,VNMAT,Nguyên vật liệu
2022-11-02,1247.12,1283.18,1241.14,1256.47,87066869,VNMAT,Nguyên vật liệu
2022-11-03,1245.39,1262.71,1241.33,1248.2,51054123,VNMAT,Nguyên vật liệu
2022-11-04,1235.68,1244.98,1190.15,1200.58,91732780,VNMAT,Nguyên vật liệu
2022-11-07,1197.71,1211.82,1137.63,1137.63,77629093,VNMAT,Nguyên vật liệu
2022-11-08,1102.6,1134.09,1097.95,1110.18,85192067,VNMAT,Nguyên vật liệu
2022-11-09,1120.45,1141.54,1096.01,1103.01,66673884,VNMAT,Nguyên vật liệu
2022-11-10,1083.33,1086.09,1028.98,1029.34,125169777,VNMAT,Nguyên vật liệu
2022-11-11,1044.83,1055.83,1015.43,1026.42,106218449,VNMAT,Nguyên vật liệu
2022-11-14,1009.78,1009.78,979.11,994.74,105332244,VNMAT,Nguyên vật liệu
2022-11-15,970.43,993.73,963.04,980.28,79046149,VNMAT,Nguyên vật liệu
2022-11-16,951.69,1041.15,926.53,1041.15,99350890,VNMAT,Nguyên vật liệu
2022-11-17,1044.44,1101.36,1044.44,1095.25,58871225,VNMAT,Nguyên vật liệu
2022-11-18,1095.4,1146.43,1080.79,1142.1,171580079,VNMAT,Nguyên vật liệu
2022-11-21,1152.12,1162.36,1128.35,1142.68,77479379,VNMAT,Nguyên vật liệu
2022-11-22,1142.62,1176.65,1117.46,1132.91,103685315,VNMAT,Nguyên vật liệu
2022-11-23,1128.25,1141.39,1080.12,1080.12,65316265,VNMAT,Nguyên vật liệu
2022-11-24,1072.82,1113.77,1066.05,1111.37,71239591,VNMAT,Nguyên vật liệu
2022-11-25,1130.45,1170.24,1117.06,1170.24,65134264,VNMAT,Nguyên vật liệu
2022-11-28,1194.88,1240.82,1193.85,1240.82,113400054,VNMAT,Nguyên vật liệu
2022-11-29,1246.33,1304.95,1235.2,1301.59,133692902,VNMAT,Nguyên vật liệu
2022-11-30,1311.43,1354.33,1289.79,1354.33,110700057,VNMAT,Nguyên vật liệu
2022-12-01,1377.44,1426.38,1336.71,1348.27,162425934,VNMAT,Nguyên vật liệu
2022-12-02,1334.37,1424.03,1321.75,1424.03,103092458,VNMAT,Nguyên vật liệu
2022-12-05,1427.7,1478.5,1427.7,1458.36,108738830,VNMAT,Nguyên vật liệu
2022-12-06,1457.01,1458.13,1383.41,1383.41,156632306,VNMAT,Nguyên vật liệu
2022-12-07,1349.48,1406.39,1330.09,1356.82,90185100,VNMAT,Nguyên vật liệu
2022-12-08,1397.28,1429.55,1376.82,1399.72,81216819,VNMAT,Nguyên vật liệu
2022-12-09,1400.67,1428.68,1373.31,1418.83,78181900,VNMAT,Nguyên vật liệu
2022-12-12,1423.23,1444.44,1383.19,1386.32,89904610,VNMAT,Nguyên vật liệu
2022-12-13,1386.79,1413.05,1358.51,1413.05,67210766,VNMAT,Nguyên vật liệu
2022-12-14,1415.27,1450.25,1415.27,1426.94,81851077,VNMAT,Nguyên vật liệu
2022-12-15,1422.31,1452.51,1422.06,1433.5,61329582,VNMAT,Nguyên vật liệu
2022-12-16,1416.91,1487.57,1409.26,1484.59,134070892,VNMAT,Nguyên vật liệu
2022-12-19,1484.4,1539.09,1468.56,1468.56,120496845,VNMAT,Nguyên vật liệu
2022-12-20,1459.87,1475.13,1388.86,1418.8,137571211,VNMAT,Nguyên vật liệu
2022-12-21,1439.04,1442.02,1355.11,1401.31,81666130,VNMAT,Nguyên vật liệu
2022-12-22,1403.73,1434.71,1379.31,1397.15,56659746,VNMAT,Nguyên vật liệu
2022-12-23,1391.47,1393.92,1349.05,1363.59,64365758,VNMAT,Nguyên vật liệu
2022-12-26,1356.61,1359.76,1280.41,1280.41,74738417,VNMAT,Nguyên vật liệu
2022-12-27,1277.54,1348.55,1277.54,1348.55,58028397,VNMAT,Nguyên vật liệu
2022-12-28,1362.14,1366.69,1335.47,1351.47,38410118,VNMAT,Nguyên vật liệu
2022-12-29,1349.96,1365.99,1332.49,1338.23,41423351,VNMAT,Nguyên vật liệu
2022-12-30,1347.6,1362.42,1334.55,1339.91,38157741,VNMAT,Nguyên vật liệu
2023-01-03,1355.3,1414.4,1351.64,1414.4,64533603,VNMAT,Nguyên vật liệu
2023-01-04,1427.78,1451.07,1420.87,1428.15,59493910,VNMAT,Nguyên vật liệu
2023-01-05,1431.35,1458.76,1412.01,1450.95,63485282,VNMAT,Nguyên vật liệu
2023-01-06,1447.4,1466.7,1411.36,1418.58,60465631,VNMAT,Nguyên vật liệu
2023-01-09,1436.51,1455.11,1421.57,1426.54,44528888,VNMAT,Nguyên vật liệu
2023-01-10,1426.85,1455.49,1399.95,1439.5,63857351,VNMAT,Nguyên vật liệu
2023-01-11,1453.14,1483.87,1448.3,1461.43,69299275,VNMAT,Nguyên vật liệu
2023-01-12,1460.28,1467.01,1446.18,1457.13,50384962,VNMAT,Nguyên vật liệu
2023-01-13,1470.23,1477.3,1447.55,1451.98,52372328,VNMAT,Nguyên vật liệu
2023-01-16,1456.03,1491.62,1450.07,1473.13,64622342,VNMAT,Nguyên vật liệu
2023-01-17,1475.01,1552.42,1475.01,1552.42,100072731,VNMAT,Nguyên vật liệu
2023-01-18,1571.38,1571.62,1547.37,1556.02,67325555,VNMAT,Nguyên vật liệu
2023-01-19,1550.36,1565.14,1516.9,1534.5,91495652,VNMAT,Nguyên vật liệu
2023-01-27,1533.58,1564.18,1527.39,1560.33,75055916,VNMAT,Nguyên vật liệu
2023-01-30,1570.84,1601.2,1552.06,1576.73,107891823,VNMAT,Nguyên vật liệu
2023-01-31,1581.55,1598.44,1569.15,1598.44,85761544,VNMAT,Nguyên vật liệu
2023-02-01,1605.45,1631.02,1529.34,1530.08,152139605,VNMAT,Nguyên vật liệu
2023-02-02,1535.6,1557.16,1520.81,1533.36,76468919,VNMAT,Nguyên vật liệu
2023-02-03,1540.6,1553.22,1517.65,1527.57,57339655,VNMAT,Nguyên vật liệu
2023-02-06,1526.55,1529.61,1500.77,1526.95,55679733,VNMAT,Nguyên vật liệu
2023-02-07,1528.36,1532.11,1446.44,1448.9,105774839,VNMAT,Nguyên vật liệu
2023-02-08,1451.88,1513.22,1435.98,1499.8,81960429,VNMAT,Nguyên vật liệu
2023-02-09,1506.62,1521.2,1487.78,1489.15,49349629,VNMAT,Nguyên vật liệu
2023-02-10,1493.5,1497.45,1462.32,1479.66,52854059,VNMAT,Nguyên vật liệu
2023-02-13,1473.08,1475.25,1427.48,1453.26,66317000,VNMAT,Nguyên vật liệu
2023-02-14,1458.29,1491.34,1457.08,1477.72,52734897,VNMAT,Nguyên vật liệu
2023-02-15,1479.58,1508.87,1464.48,1496.07,67680214,VNMAT,Nguyên vật liệu
2023-02-16,1494.71,1517.99,1478.44,1515.84,86552018,VNMAT,Nguyên vật liệu
2023-02-17,1516.63,1519.85,1496.2,1499.04,56872242,VNMAT,Nguyên vật liệu
2023-02-20,1499.21,1554.82,1498.95,1554.82,94417487,VNMAT,Nguyên vật liệu
2023-02-21,1564.98,1574.75,1535.87,1535.87,84976617,VNMAT,Nguyên vật liệu
2023-02-22,1525.33,1554.22,1498.61,1498.61,122200686,VNMAT,Nguyên vật liệu
2023-02-23,1499.01,1514.05,1450.72,1514.05,96521147,VNMAT,Nguyên vật liệu
2023-02-24,1516.75,1519.54,1470.92,1475.47,52800528,VNMAT,Nguyên vật liệu
2023-02-27,1474.33,1474.33,1426.11,1429.37,81163167,VNMAT,Nguyên vật liệu
2023-02-28,1447.9,1453.96,1414.04,1426.91,47263406,VNMAT,Nguyên vật liệu
2023-03-01,1424.22,1475.99,1413.38,1475.99,61214000,VNMAT,Nguyên vật liệu
2023-03-02,1481.67,1490.09,1465.94,1467.2,42572307,VNMAT,Nguyên vật liệu
2023-03-03,1476.43,1492.75,1451.9,1451.9,76177157,VNMAT,Nguyên vật liệu
2023-03-06,1472.75,1484.03,1451.1,1454.32,45092739,VNMAT,Nguyên vật liệu
2023-03-07,1464.68,1495.93,1463.94,1488.72,97396544,VNMAT,Nguyên vật liệu
2023-03-08,1474.86,1496.36,1472.13,1496.36,64036205,VNMAT,Nguyên vật liệu
2023-03-09,1498.71,1519.31,1498.6,1503.58,88608243,VNMAT,Nguyên vật liệu
2023-03-10,1496.83,1518.96,1493.3,1510.5,88584349,VNMAT,Nguyên vật liệu
2023-03-13,1496.02,1513.74,1484.59,1495.9,68703296,VNMAT,Nguyên vật liệu
2023-03-14,1493.65,1495.59,1440.89,1448.55,100404909,VNMAT,Nguyên vật liệu
2023-03-15,1453.22,1507.27,1453.22,1507.27,75886406,VNMAT,Nguyên vật liệu
2023-03-16,1490.08,1491.15,1460.08,1477.85,70038276,VNMAT,Nguyên vật liệu
2023-03-17,1491.21,1491.6,1460.91,1465.15,74988030,VNMAT,Nguyên vật liệu
2023-03-20,1461.4,1472.21,1435.24,1435.24,66200134,VNMAT,Nguyên vật liệu
2023-03-21,1446.65,1466.0,1424.0,1460.32,54086362,VNMAT,Nguyên vật liệu
2023-03-22,1460.32,1470.35,1447.72,1452.36,42071066,VNMAT,Nguyên vật liệu
2023-03-23,1443.86,1459.83,1436.98,1458.65,39641542,VNMAT,Nguyên vật liệu
2023-03-24,1463.65,1467.32,1455.87,1457.91,47619311,VNMAT,Nguyên vật liệu
2023-03-27,1458.79,1484.59,1454.77,1480.1,62762767,VNMAT,Nguyên vật liệu
2023-03-28,1487.36,1493.05,1477.13,1477.31,53225212,VNMAT,Nguyên vật liệu
2023-03-29,1477.63,1496.07,1476.81,1484.94,61646879,VNMAT,Nguyên vật liệu
2023-03-30,1495.85,1504.9,1479.64,1479.64,89887496,VNMAT,Nguyên vật liệu
2023-03-31,1480.54,1485.26,1454.5,1478.71,93286478,VNMAT,Nguyên vật liệu
2023-04-03,1492.93,1497.31,1483.73,1494.33,72979167,VNMAT,Nguyên vật liệu
2023-04-04,1495.94,1510.13,1491.9,1506.39,71410954,VNMAT,Nguyên vật liệu
2023-04-05,1507.39,1529.58,1500.07,1529.58,77377850,VNMAT,Nguyên vật liệu
2023-04-06,1533.88,1553.36,1524.21,1527.17,112857434,VNMAT,Nguyên vật liệu
2023-04-07,1527.12,1533.9,1503.62,1509.41,67477839,VNMAT,Nguyên vật liệu
2023-04-10,1511.89,1519.85,1476.08,1480.22,93865453,VNMAT,Nguyên vật liệu
2023-04-11,1479.66,1489.43,1474.65,1489.18,51534225,VNMAT,Nguyên vật liệu
2023-04-12,1495.89,1496.51,1482.36,1487.41,46525924,VNMAT,Nguyên vật liệu
2023-04-13,1489.85,1491.7,1469.62,1477.28,58090890,VNMAT,Nguyên vật liệu
2023-04-14,1484.79,1499.0,1478.97,1478.97,59718633,VNMAT,Nguyên vật liệu
2023-04-17,1477.41,1487.64,1475.39,1486.5,32129858,VNMAT,Nguyên vật liệu
2023-04-18,1489.43,1496.1,1486.32,1494.18,36919500,VNMAT,Nguyên vật liệu
2023-04-19,1499.01,1499.32,1481.63,1482.75,37421591,VNMAT,Nguyên vật liệu
2023-04-20,1482.56,1488.24,1478.73,1481.85,27405719,VNMAT,Nguyên vật liệu
2023-04-21,1482.92,1487.74,1466.29,1467.48,51373203,VNMAT,Nguyên vật liệu
2023-04-24,1467.53,1472.97,1454.74,1459.53,39389564,VNMAT,Nguyên vật liệu
2023-04-25,1460.35,1490.83,1460.35,1477.56,43933392,VNMAT,Nguyên vật liệu
2023-04-26,1476.1,1522.46,1468.15,1522.46,76671668,VNMAT,Nguyên vật liệu
2023-04-27,1525.89,1528.19,1510.14,1514.75,54507753,VNMAT,Nguyên vật liệu
2023-04-28,1517.05,1523.68,1501.63,1513.73,48957881,VNMAT,Nguyên vật liệu
2023-05-04,1504.85,1512.05,1494.1,1496.72,53144394,VNMAT,Nguyên vật liệu
2023-05-05,1496.49,1515.56,1493.82,1503.57,44446145,VNMAT,Nguyên vật liệu
2023-05-08,1509.85,1520.59,1506.03,1513.61,47502747,VNMAT,Nguyên vật liệu
2023-05-09,1513.82,1542.33,1513.82,1527.3,77188454,VNMAT,Nguyên vật liệu
2023-05-10,1529.16,1533.07,1519.6,1525.17,55165503,VNMAT,Nguyên vật liệu
2023-05-11,1530.82,1544.24,1526.51,1533.23,73779977,VNMAT,Nguyên vật liệu
2023-05-12,1530.56,1566.98,1525.95,1558.4,97547285,VNMAT,Nguyên vật liệu
2023-05-15,1559.62,1571.03,1541.98,1541.98,77013645,VNMAT,Nguyên vật liệu
2023-05-16,1543.4,1551.77,1530.0,1534.23,55910941,VNMAT,Nguyên vật liệu
2023-05-17,1534.22,1541.27,1522.37,1523.67,77255167,VNMAT,Nguyên vật liệu
2023-05-18,1529.12,1541.15,1523.71,1528.59,56085461,VNMAT,Nguyên vật liệu
2023-05-19,1530.89,1538.2,1512.97,1522.39,48256109,VNMAT,Nguyên vật liệu
2023-05-22,1522.12,1541.0,1519.82,1532.46,72471300,VNMAT,Nguyên vật liệu
2023-05-23,1533.95,1541.93,1521.32,1527.87,59890842,VNMAT,Nguyên vật liệu
2023-05-24,1537.7,1537.83,1504.33,1504.33,69579736,VNMAT,Nguyên vật liệu
2023-05-25,1505.24,1511.48,1497.94,1502.57,63242820,VNMAT,Nguyên vật liệu
2023-05-26,1508.82,1512.91,1488.84,1499.57,68367684,VNMAT,Nguyên vật liệu
2023-05-29,1509.63,1525.73,1506.72,1525.73,68353605,VNMAT,Nguyên vật liệu
2023-05-30,1531.71,1537.14,1523.45,1533.61,88645372,VNMAT,Nguyên vật liệu
2023-05-31,1537.03,1541.79,1520.97,1526.86,103410869,VNMAT,Nguyên vật liệu
2023-06-01,1524.96,1537.78,1518.48,1537.78,72778661,VNMAT,Nguyên vật liệu
2023-06-02,1545.81,1559.72,1540.52,1556.16,94855578,VNMAT,Nguyên vật liệu
2023-06-05,1571.94,1584.79,1561.85,1571.33,102946630,VNMAT,Nguyên vật liệu
2023-06-06,1571.73,1582.73,1565.54,1581.13,72552940,VNMAT,Nguyên vật liệu
2023-06-07,1595.05,1634.66,1595.05,1623.78,140836559,VNMAT,Nguyên vật liệu
2023-06-08,1630.3,1647.57,1618.64,1618.64,133305540,VNMAT,Nguyên vật liệu
2023-06-09,1620.12,1638.24,1607.2,1638.24,92381821,VNMAT,Nguyên vật liệu
2023-06-12,1651.88,1653.63,1617.0,1647.17,86595923,VNMAT,Nguyên vật liệu
2023-06-13,1652.55,1673.51,1645.73,1666.1,128292134,VNMAT,Nguyên vật liệu
2023-06-14,1670.3,1672.48,1642.62,1642.62,81804510,VNMAT,Nguyên vật liệu
2023-06-15,1637.71,1651.33,1630.96,1642.11,78344931,VNMAT,Nguyên vật liệu
2023-06-16,1642.11,1672.4,1638.34,1649.44,110613881,VNMAT,Nguyên vật liệu
2023-06-19,1649.79,1652.75,1638.42,1641.71,55883818,VNMAT,Nguyên vật liệu
2023-06-20,1642.3,1668.26,1641.31,1668.26,52743370,VNMAT,Nguyên vật liệu
2023-06-21,1670.71,1719.71,1663.46,1719.71,122714034,VNMAT,Nguyên vật liệu
2023-06-22,1726.42,1747.59,1710.44,1741.97,106689257,VNMAT,Nguyên vật liệu
2023-06-23,1742.97,1771.94,1738.79,1762.57,104126482,VNMAT,Nguyên vật liệu
2023-06-26,1764.33,1772.91,1726.05,1756.13,90769955,VNMAT,Nguyên vật liệu
2023-06-27,1763.98,1782.74,1750.31,1780.96,73830589,VNMAT,Nguyên vật liệu
2023-06-28,1789.51,1817.1,1786.1,1810.97,88068999,VNMAT,Nguyên vật liệu
2023-06-29,1814.66,1816.85,1761.55,1761.55,101954416,VNMAT,Nguyên vật liệu
2023-06-30,1761.3,1782.75,1753.37,1779.28,59641128,VNMAT,Nguyên vật liệu
2023-07-03,1792.53,1803.8,1775.66,1787.56,59515066,VNMAT,Nguyên vật liệu
2023-07-04,1786.3,1794.94,1774.89,1794.94,67561255,VNMAT,Nguyên vật liệu
2023-07-05,1805.8,1847.54,1801.12,1830.9,122024782,VNMAT,Nguyên vật liệu
2023-07-06,1829.95,1841.87,1803.19,1832.98,93225844,VNMAT,Nguyên vật liệu
2023-07-07,1826.78,1865.46,1813.46,1865.46,95433110,VNMAT,Nguyên vật liệu
2023-07-10,1870.65,1892.82,1864.66,1881.5,103085919,VNMAT,Nguyên vật liệu
2023-07-11,1881.62,1896.98,1860.33,1863.36,96028254,VNMAT,Nguyên vật liệu
2023-07-12,1866.08,1873.67,1837.11,1858.07,85955273,VNMAT,Nguyên vật liệu
2023-07-13,1880.21,1885.98,1867.63,1874.12,78772382,VNMAT,Nguyên vật liệu
2023-07-14,1882.29,1896.82,1870.33,1896.82,89233727,VNMAT,Nguyên vật liệu
2023-07-17,1907.75,1909.91,1881.19,1888.14,71557111,VNMAT,Nguyên vật liệu
2023-07-18,1888.13,1891.93,1872.56,1878.43,70735012,VNMAT,Nguyên vật liệu
2023-07-19,1877.0,1898.67,1873.1,1885.05,79648509,VNMAT,Nguyên vật liệu
2023-07-20,1880.12,1924.71,1880.04,1924.21,89200563,VNMAT,Nguyên vật liệu
2023-07-21,1932.91,1942.08,1922.82,1942.08,77247214,VNMAT,Nguyên vật liệu
2023-07-24,1945.22,1954.66,1922.76,1938.48,79126464,VNMAT,Nguyên vật liệu
2023-07-25,1940.36,1948.37,1926.19,1938.5,103661178,VNMAT,Nguyên vật liệu
2023-07-26,1939.42,1954.1,1936.83,1946.0,88910679,VNMAT,Nguyên vật liệu
2023-07-27,1944.74,1957.95,1919.32,1942.23,92234833,VNMAT,Nguyên vật liệu
2023-07-28,1943.89,1961.66,1937.31,1951.34,99725078,VNMAT,Nguyên vật liệu
2023-07-31,1956.17,1957.32,1909.74,1949.53,129157262,VNMAT,Nguyên vật liệu
2023-08-01,1947.39,1947.67,1919.21,1919.21,110800126,VNMAT,Nguyên vật liệu
2023-08-02,1912.72,1935.74,1904.16,1922.44,71147475,VNMAT,Nguyên vật liệu
2023-08-03,1915.98,1924.54,1879.88,1894.13,123475241,VNMAT,Nguyên vật liệu
2023-08-04,1894.84,1927.45,1894.14,1921.13,77978023,VNMAT,Nguyên vật liệu
2023-08-07,1922.42,1941.25,1916.79,1930.37,86605964,VNMAT,Nguyên vật liệu
2023-08-08,1931.81,1948.35,1911.68,1918.2,90969503,VNMAT,Nguyên vật liệu
2023-08-09,1917.24,1945.26,1905.26,1942.53,113931331,VNMAT,Nguyên vật liệu
2023-08-10,1947.64,1949.21,1911.64,1915.02,82113154,VNMAT,Nguyên vật liệu
2023-08-11,1920.38,1937.44,1899.6,1936.47,106880470,VNMAT,Nguyên vật liệu
2023-08-14,1945.7,1974.02,1938.34,1964.51,110342309,VNMAT,Nguyên vật liệu
2023-08-15,1968.96,1979.78,1954.72,1968.87,85300370,VNMAT,Nguyên vật liệu
2023-08-16,1970.79,1971.14,1948.39,1964.3,66950432,VNMAT,Nguyên vật liệu
2023-08-17,1967.05,1992.33,1961.83,1961.83,118986353,VNMAT,Nguyên vật liệu
2023-08-18,1950.32,1954.46,1838.54,1847.96,164950993,VNMAT,Nguyên vật liệu
2023-08-21,1846.83,1851.13,1810.75,1830.48,104151623,VNMAT,Nguyên vật liệu
2023-08-22,1829.81,1836.4,1749.82,1826.41,92736599,VNMAT,Nguyên vật liệu
2023-08-23,1842.85,1846.03,1804.73,1807.98,53940197,VNMAT,Nguyên vật liệu
2023-08-24,1808.6,1850.79,1804.53,1850.79,62644480,VNMAT,Nguyên vật liệu
2023-08-25,1850.85,1863.26,1836.74,1847.07,72145028,VNMAT,Nguyên vật liệu
2023-08-28,1853.43,1906.21,1853.13,1906.21,80859911,VNMAT,Nguyên vật liệu
2023-08-29,1906.47,1917.76,1885.27,1902.72,66595567,VNMAT,Nguyên vật liệu
2023-08-30,1905.47,1923.72,1897.24,1921.03,67349002,VNMAT,Nguyên vật liệu
2023-08-31,1921.98,1961.97,1921.98,1958.56,90939952,VNMAT,Nguyên vật liệu
2023-09-05,1973.51,1982.48,1951.16,1982.48,83457772,VNMAT,Nguyên vật liệu
2023-09-06,1984.46,2047.19,1965.82,2047.19,144818600,VNMAT,Nguyên vật liệu
2023-09-07,2052.02,2067.77,2025.56,2030.55,104297658,VNMAT,Nguyên vật liệu
2023-09-08,2034.48,2076.62,2029.25,2058.97,108201913,VNMAT,Nguyên vật liệu
2023-09-11,2066.82,2081.62,2004.86,2012.77,138112743,VNMAT,Nguyên vật liệu
2023-09-12,2012.93,2054.67,1995.22,2054.67,86872770,VNMAT,Nguyên vật liệu
2023-09-13,2063.85,2095.05,2027.11,2036.83,133134262,VNMAT,Nguyên vật liệu
2023-09-14,2034.81,2042.04,2002.18,2002.18,98217266,VNMAT,Nguyên vật liệu
2023-09-15,2005.96,2022.74,1994.74,1996.08,73141080,VNMAT,Nguyên vật liệu
2023-09-18,1995.8,2021.33,1971.81,1992.15,73699467,VNMAT,Nguyên vật liệu
2023-09-19,2010.95,2037.61,1980.78,2037.61,88461204,VNMAT,Nguyên vật liệu
2023-09-20,2040.02,2069.62,2040.02,2064.32,75277568,VNMAT,Nguyên vật liệu
2023-09-21,2065.37,2100.0,2050.51,2057.73,122847110,VNMAT,Nguyên vật liệu
2023-09-22,2042.81,2042.81,1958.13,2001.7,167947746,VNMAT,Nguyên vật liệu
2023-09-25,1990.98,2014.47,1890.41,1894.02,112042242,VNMAT,Nguyên vật liệu
2023-09-26,1879.94,1938.35,1879.94,1884.12,105909671,VNMAT,Nguyên vật liệu
2023-09-27,1885.58,1916.67,1862.26,1915.87,72503473,VNMAT,Nguyên vật liệu
2023-09-28,1916.14,1940.59,1892.24,1928.75,57431629,VNMAT,Nguyên vật liệu
2023-09-29,1943.02,1946.12,1911.64,1913.65,49537615,VNMAT,Nguyên vật liệu
2023-10-02,1916.7,1934.71,1903.69,1919.23,47037124,VNMAT,Nguyên vật liệu
2023-10-03,1906.11,1906.11,1822.8,1832.91,111112824,VNMAT,Nguyên vật liệu
2023-10-04,1826.0,1891.93,1791.28,1875.51,82880429,VNMAT,Nguyên vật liệu
2023-10-05,1887.18,1894.37,1851.36,1851.36,54007570,VNMAT,Nguyên vật liệu
2023-10-06,1852.15,1879.69,1833.55,1864.9,53634389,VNMAT,Nguyên vật liệu
2023-10-09,1866.64,1910.69,1866.27,1904.89,64020228,VNMAT,Nguyên vật liệu
2023-10-10,1913.18,1934.02,1911.31,1915.93,68913786,VNMAT,Nguyên vật liệu
2023-10-11,1922.83,1939.22,1905.64,1939.22,52104391,VNMAT,Nguyên vật liệu
2023-10-12,1941.53,1958.27,1912.22,1923.96,71137438,VNMAT,Nguyên vật liệu
2023-10-13,1907.1,1930.28,1882.29,1930.28,62132835,VNMAT,Nguyên vật liệu
2023-10-16,1930.85,1938.84,1886.8,1886.8,65412680,VNMAT,Nguyên vật liệu
2023-10-17,1898.44,1911.08,1836.53,1836.53,60411741,VNMAT,Nguyên vật liệu
2023-10-18,1843.31,1853.43,1738.83,1784.75,112249946,VNMAT,Nguyên vật liệu
2023-10-19,1786.14,1798.66,1745.13,1765.04,62045707,VNMAT,Nguyên vật liệu
2023-10-20,1764.78,1808.17,1734.25,1808.17,59408183,VNMAT,Nguyên vật liệu
2023-10-23,1806.54,1806.95,1761.73,1776.39,46349798,VNMAT,Nguyên vật liệu
2023-10-24,1780.16,1798.36,1755.83,1783.74,47192564,VNMAT,Nguyên vật liệu
2023-10-25,1786.02,1812.6,1779.36,1779.36,52476778,VNMAT,Nguyên vật liệu
2023-10-26,1754.87,1758.21,1669.5,1684.65,104591725,VNMAT,Nguyên vật liệu
2023-10-27,1705.57,1722.3,1664.94,1716.45,52307511,VNMAT,Nguyên vật liệu
2023-10-30,1711.09,1729.19,1677.47,1677.47,48892302,VNMAT,Nguyên vật liệu
2023-10-31,1699.64,1701.73,1651.42,1653.95,65734624,VNMAT,Nguyên vật liệu
2023-11-01,1656.04,1704.63,1641.92,1704.63,51264910,VNMAT,Nguyên vật liệu
2023-11-02,1704.87,1813.33,1704.87,1801.1,82865034,VNMAT,Nguyên vật liệu
2023-11-03,1807.03,1820.0,1776.05,1800.85,70069385,VNMAT,Nguyên vật liệu
2023-11-06,1814.67,1839.58,1808.06,1839.58,60896130,VNMAT,Nguyên vật liệu
2023-11-07,1837.19,1855.52,1817.27,1836.05,62962193,VNMAT,Nguyên vật liệu
2023-11-08,1835.19,1923.47,1828.93,1923.47,97946127,VNMAT,Nguyên vật liệu
2023-11-09,1926.56,1954.68,1912.89,1912.89,92926602,VNMAT,Nguyên vật liệu
2023-11-10,1892.21,1941.18,1891.82,1899.29,85763933,VNMAT,Nguyên vật liệu
2023-11-13,1900.23,1955.43,1900.23,1933.69,104833287,VNMAT,Nguyên vật liệu
2023-11-14,1947.88,1957.66,1910.7,1932.91,71717144,VNMAT,Nguyên vật liệu
2023-11-15,1968.78,1979.19,1934.67,1935.24,95476161,VNMAT,Nguyên vật liệu
2023-11-16,1927.52,1952.74,1922.01,1952.74,55643646,VNMAT,Nguyên vật liệu
2023-11-17,1955.44,1964.46,1900.95,1913.2,118166903,VNMAT,Nguyên vật liệu
2023-11-20,1886.88,1934.05,1881.68,1922.47,63708865,VNMAT,Nguyên vật liệu
2023-11-21,1923.28,1967.69,1923.28,1947.51,80984802,VNMAT,Nguyên vật liệu
2023-11-22,1949.31,1962.59,1940.93,1960.42,67612098,VNMAT,Nguyên vật liệu
2023-11-23,1968.02,1972.32,1873.72,1873.72,87105897,VNMAT,Nguyên vật liệu
2023-11-24,1883.83,1908.58,1844.55,1908.58,88606933,VNMAT,Nguyên vật liệu
2023-11-27,1911.8,1921.3,1892.78,1894.78,45227841,VNMAT,Nguyên vật liệu
2023-11-28,1899.09,1917.46,1871.29,1917.46,65104338,VNMAT,Nguyên vật liệu
2023-11-29,1919.41,1942.63,1919.3,1939.84,66922020,VNMAT,Nguyên vật liệu
2023-11-30,1944.77,1952.66,1919.26,1919.26,65277511,VNMAT,Nguyên vật liệu
2023-12-01,1932.54,1942.49,1905.76,1937.05,56559127,VNMAT,Nguyên vật liệu
2023-12-04,1956.05,1996.65,1950.44,1982.03,111442942,VNMAT,Nguyên vật liệu
2023-12-05,1984.83,1990.67,1965.76,1971.1,69499738,VNMAT,Nguyên vật liệu
2023-12-06,1974.85,1995.18,1967.45,1995.18,67682747,VNMAT,Nguyên vật liệu
2023-12-07,1998.09,2010.18,1941.83,1985.27,120878434,VNMAT,Nguyên vật liệu
2023-12-08,1985.71,2019.45,1973.8,1987.32,103722589,VNMAT,Nguyên vật liệu
2023-12-11,1991.47,1993.26,1963.98,1977.44,47760675,VNMAT,Nguyên vật liệu
2023-12-12,1982.02,2008.44,1980.01,1995.31,62527783,VNMAT,Nguyên vật liệu
2023-12-13,2006.08,2010.13,1955.48,1957.61,80256973,VNMAT,Nguyên vật liệu
2023-12-14,1969.76,1973.88,1937.96,1939.74,68470484,VNMAT,Nguyên vật liệu
2023-12-15,1941.74,1947.14,1919.28,1923.04,67288549,VNMAT,Nguyên vật liệu
2023-12-18,1928.58,1931.86,1908.15,1908.99,42187887,VNMAT,Nguyên vật liệu
2023-12-19,1904.88,1937.95,1899.31,1937.95,54567089,VNMAT,Nguyên vật liệu
2023-12-20,1939.0,1946.08,1929.56,1938.19,39312719,VNMAT,Nguyên vật liệu
2023-12-21,1934.22,1944.57,1923.56,1940.28,46821970,VNMAT,Nguyên vật liệu
2023-12-22,1940.83,1947.12,1928.42,1932.4,44251476,VNMAT,Nguyên vật liệu
2023-12-25,1937.78,1965.91,1937.78,1957.16,56939646,VNMAT,Nguyên vật liệu
2023-12-26,1958.54,1985.28,1958.54,1980.46,69119757,VNMAT,Nguyên vật liệu
2023-12-27,1985.27,1993.94,1980.96,1982.25,59043968,VNMAT,Nguyên vật liệu
2023-12-28,1982.61,2004.57,1976.96,1991.62,73043390,VNMAT,Nguyên vật liệu
2023-12-29,1991.81,2000.44,1986.01,1996.46,61779490,VNMAT,Nguyên vật liệu
2024-01-02,2005.65,2007.82,1970.07,1970.07,67183803,VNMAT,Nguyên vật liệu
2024-01-03,1968.48,1993.9,1964.21,1993.9,58898054,VNMAT,Nguyên vật liệu
2024-01-04,1995.23,2017.82,1993.15,1994.75,91073865,VNMAT,Nguyên vật liệu
2024-01-05,1995.75,2000.71,1981.4,1996.02,53880801,VNMAT,Nguyên vật liệu
2024-01-08,2004.01,2018.72,1994.87,1994.87,76367387,VNMAT,Nguyên vật liệu
2024-01-09,1997.32,2000.31,1975.43,1984.75,88790401,VNMAT,Nguyên vật liệu
2024-01-10,1983.98,1989.0,1953.56,1963.33,90827232,VNMAT,Nguyên vật liệu
2024-01-11,1969.17,1979.78,1965.43,1972.35,50645590,VNMAT,Nguyên vật liệu
2024-01-12,1965.96,1967.53,1938.05,1944.36,78759333,VNMAT,Nguyên vật liệu
2024-01-15,1947.01,1959.92,1940.99,1940.99,39576774,VNMAT,Nguyên vật liệu
2024-01-16,1940.64,1989.95,1937.13,1989.95,75091963,VNMAT,Nguyên vật liệu
2024-01-17,1991.61,1997.09,1975.79,1977.46,64858232,VNMAT,Nguyên vật liệu
2024-01-18,1980.31,1989.69,1973.07,1980.1,51121140,VNMAT,Nguyên vật liệu
2024-01-19,1986.95,1995.29,1977.73,1985.21,49099638,VNMAT,Nguyên vật liệu
2024-01-22,1994.51,2019.45,1989.28,2007.05,123722462,VNMAT,Nguyên vật liệu
2024-01-23,2012.41,2016.44,1995.62,2000.8,50297021,VNMAT,Nguyên vật liệu
2024-01-24,1999.03,2010.37,1994.46,1994.46,46167634,VNMAT,Nguyên vật liệu
2024-01-25,1994.01,2003.89,1981.52,1994.55,61177625,VNMAT,Nguyên vật liệu
2024-01-26,2000.79,2010.77,1998.72,2005.68,53682223,VNMAT,Nguyên vật liệu
2024-01-29,2008.55,2015.98,1995.98,1997.4,89946970,VNMAT,Nguyên vật liệu
2024-01-30,1998.0,2008.41,1990.09,2005.7,62145057,VNMAT,Nguyên vật liệu
2024-01-31,2003.96,2008.93,1980.83,1986.17,89016347,VNMAT,Nguyên vật liệu
2024-02-01,1984.47,2007.4,1981.03,2001.78,59523829,VNMAT,Nguyên vật liệu
2024-02-02,1998.51,2017.61,1998.51,2003.67,59341129,VNMAT,Nguyên vật liệu
2024-02-05,2009.61,2026.03,2005.67,2010.77,57228288,VNMAT,Nguyên vật liệu
2024-02-06,2016.44,2031.29,2012.91,2027.39,52097916,VNMAT,Nguyên vật liệu
2024-02-07,2031.03,2048.24,2031.03,2039.38,52952120,VNMAT,Nguyên vật liệu
2024-02-15,2047.2,2076.14,2047.2,2062.24,87031607,VNMAT,Nguyên vật liệu
2024-02-16,2064.49,2070.07,2056.26,2063.52,64582471,VNMAT,Nguyên vật liệu
2024-02-19,2070.21,2106.37,2056.58,2093.0,108463851,VNMAT,Nguyên vật liệu
2024-02-20,2095.64,2101.09,2081.04,2100.85,69282466,VNMAT,Nguyên vật liệu
2024-02-21,2103.97,2110.52,2085.12,2094.1,97660190,VNMAT,Nguyên vật liệu
2024-02-22,2094.72,2095.37,2079.52,2079.52,68616920,VNMAT,Nguyên vật liệu
2024-02-23,2080.86,2097.16,2052.74,2055.62,97833462,VNMAT,Nguyên vật liệu
2024-02-26,2059.13,2102.42,2054.49,2102.42,74270793,VNMAT,Nguyên vật liệu
2024-02-27,2116.44,2186.95,2111.46,2184.09,142436587,VNMAT,Nguyên vật liệu
2024-02-28,2189.06,2211.3,2174.27,2193.82,91808697,VNMAT,Nguyên vật liệu
2024-02-29,2201.62,2224.35,2181.78,2209.33,86872713,VNMAT,Nguyên vật liệu
2024-03-01,2212.6,2222.06,2202.35,2215.0,75361694,VNMAT,Nguyên vật liệu
2024-03-04,2230.4,2246.67,2207.4,2213.82,101421262,VNMAT,Nguyên vật liệu
2024-03-05,2214.05,2244.73,2208.91,2232.48,87539698,VNMAT,Nguyên vật liệu
2024-03-06,2230.9,2230.9,2186.03,2208.65,78937906,VNMAT,Nguyên vật liệu
2024-03-07,2203.61,2256.09,2198.3,2241.98,92444404,VNMAT,Nguyên vật liệu
2024-03-08,2243.58,2250.5,2201.7,2205.52,124567605,VNMAT,Nguyên vật liệu
2024-03-11,2206.99,2224.57,2175.67,2183.4,87282336,VNMAT,Nguyên vật liệu
2024-03-12,2179.54,2217.03,2177.09,2202.85,87653726,VNMAT,Nguyên vật liệu
2024-03-13,2205.05,2268.99,2205.05,2266.76,94166857,VNMAT,Nguyên vật liệu
2024-03-14,2267.54,2282.77,2238.75,2249.8,90662167,VNMAT,Nguyên vật liệu
2024-03-15,2252.61,2268.13,2229.86,2242.03,97156676,VNMAT,Nguyên vật liệu
2024-03-18,2242.87,2251.28,2140.95,2176.38,152043590,VNMAT,Nguyên vật liệu
2024-03-19,2177.31,2239.53,2164.25,2196.98,105369614,VNMAT,Nguyên vật liệu
2024-03-20,2203.06,2223.25,2190.01,2218.53,51468520,VNMAT,Nguyên vật liệu
2024-03-21,2241.29,2249.71,2221.62,2237.27,85106835,VNMAT,Nguyên vật liệu
2024-03-22,2244.23,2261.38,2226.61,2254.0,122404989,VNMAT,Nguyên vật liệu
2024-03-25,2255.0,2270.58,2209.55,2220.94,81938510,VNMAT,Nguyên vật liệu
2024-03-26,2221.57,2252.02,2209.69,2252.02,62438101,VNMAT,Nguyên vật liệu
2024-03-27,2267.56,2283.08,2253.16,2258.91,88107102,VNMAT,Nguyên vật liệu
2024-03-28,2270.7,2279.49,2253.52,2266.03,65283771,VNMAT,Nguyên vật liệu
2024-03-29,2268.72,2269.76,2247.82,2247.99,58435104,VNMAT,Nguyên vật liệu
2024-04-01,2242.71,2248.83,2220.5,2231.04,69499505,VNMAT,Nguyên vật liệu
2024-04-02,2219.59,2261.88,2209.11,2261.88,87814332,VNMAT,Nguyên vật liệu
2024-04-03,2260.67,2283.06,2239.02,2239.02,93156094,VNMAT,Nguyên vật liệu
2024-04-04,2240.45,2245.5,2211.88,2215.65,73774489,VNMAT,Nguyên vật liệu
2024-04-05,2202.14,2211.91,2183.4,2183.4,90403261,VNMAT,Nguyên vật liệu
2024-04-08,2183.9,2194.29,2163.2,2173.34,55930974,VNMAT,Nguyên vật liệu
2024-04-09,2175.23,2195.48,2174.65,2195.48,37333840,VNMAT,Nguyên vật liệu
2024-04-10,2202.4,2208.27,2181.31,2181.31,38107560,VNMAT,Nguyên vật liệu
2024-04-11,2175.6,2213.79,2163.44,2199.22,63253830,VNMAT,Nguyên vật liệu
2024-04-12,2199.92,2212.49,2193.34,2202.01,46527433,VNMAT,Nguyên vật liệu
2024-04-15,2200.63,2210.42,2079.38,2079.38,109635909,VNMAT,Nguyên vật liệu
2024-04-16,2070.94,2083.41,2034.11,2074.87,92902595,VNMAT,Nguyên vật liệu
2024-04-17,2075.55,2089.14,2040.35,2040.35,49670471,VNMAT,Nguyên vật liệu
2024-04-19,2028.09,2053.05,1997.96,2007.89,80770841,VNMAT,Nguyên vật liệu
2024-04-22,2037.8,2044.13,2016.21,2031.91,40610484,VNMAT,Nguyên vật liệu
2024-04-23,2034.89,2037.54,1989.11,2001.02,50461601,VNMAT,Nguyên vật liệu
2024-04-24,2019.19,2089.56,2013.28,2083.47,58864088,VNMAT,Nguyên vật liệu
2024-04-25,2079.36,2079.36,2052.48,2069.67,34242831,VNMAT,Nguyên vật liệu
2024-04-26,2050.52,2082.26,2044.76,2072.88,46686110,VNMAT,Nguyên vật liệu
2024-05-02,2076.96,2086.35,2057.05,2086.35,36091874,VNMAT,Nguyên vật liệu
2024-05-03,2090.98,2119.44,2090.98,2094.57,46710416,VNMAT,Nguyên vật liệu
2024-05-06,2110.39,2145.45,2107.21,2145.45,67280067,VNMAT,Nguyên vật liệu
2024-05-07,2151.73,2191.2,2146.53,2185.44,70098798,VNMAT,Nguyên vật liệu
2024-05-08,2177.28,2228.35,2155.17,2215.54,84254891,VNMAT,Nguyên vật liệu
2024-05-09,2232.05,2243.92,2198.99,2206.92,64170151,VNMAT,Nguyên vật liệu
2024-05-10,2215.36,2219.2,2177.41,2208.14,64751679,VNMAT,Nguyên vật liệu
2024-05-13,2215.0,2221.81,2182.4,2197.78,63390535,VNMAT,Nguyên vật liệu
2024-05-14,2207.86,2223.47,2189.58,2206.24,47468440,VNMAT,Nguyên vật liệu
2024-05-15,2213.87,2264.06,2212.96,2261.83,101811570,VNMAT,Nguyên vật liệu
2024-05-16,2286.98,2298.9,2272.26,2280.27,78382907,VNMAT,Nguyên vật liệu
2024-05-17,2280.39,2288.3,2265.04,2288.3,86552858,VNMAT,Nguyên vật liệu
2024-05-20,2300.54,2316.04,2292.18,2303.88,107588028,VNMAT,Nguyên vật liệu
2024-05-21,2301.49,2305.42,2281.05,2305.42,77858956,VNMAT,Nguyên vật liệu
2024-05-22,2310.86,2316.56,2265.31,2282.51,102116579,VNMAT,Nguyên vật liệu
2024-05-23,2297.06,2343.6,2282.81,2343.6,98324922,VNMAT,Nguyên vật liệu
2024-05-24,2341.58,2348.16,2268.48,2301.52,124993466,VNMAT,Nguyên vật liệu
2024-05-27,2299.34,2325.05,2286.79,2310.17,57367332,VNMAT,Nguyên vật liệu
2024-05-28,2318.05,2328.51,2305.79,2328.46,73020618,VNMAT,Nguyên vật liệu
2024-05-29,2329.35,2353.16,2300.4,2302.07,110685367,VNMAT,Nguyên vật liệu
2024-05-30,2290.97,2294.37,2250.92,2281.62,93397085,VNMAT,Nguyên vật liệu
2024-05-31,2289.99,2310.87,2271.36,2297.76,59504907,VNMAT,Nguyên vật liệu
2024-06-03,2312.09,2333.68,2300.61,2326.37,93856769,VNMAT,Nguyên vật liệu
2024-06-04,2330.59,2375.4,2330.59,2343.39,127892832,VNMAT,Nguyên vật liệu
2024-06-05,2344.73,2359.06,2333.64,2337.34,82698668,VNMAT,Nguyên vật liệu
2024-06-06,2341.82,2364.45,2312.24,2336.96,90419317,VNMAT,Nguyên vật liệu
2024-06-07,2338.03,2347.91,2329.88,2341.99,65397356,VNMAT,Nguyên vật liệu
2024-06-10,2350.32,2352.7,2332.52,2348.65,87512330,VNMAT,Nguyên vật liệu
2024-06-11,2357.81,2371.66,2333.31,2339.94,102823954,VNMAT,Nguyên vật liệu
2024-06-12,2336.32,2368.66,2328.68,2368.66,71174073,VNMAT,Nguyên vật liệu
2024-06-13,2369.27,2377.38,2348.0,2360.47,64582417,VNMAT,Nguyên vật liệu
2024-06-14,2360.42,2383.05,2312.81,2312.81,119515188,VNMAT,Nguyên vật liệu
2024-06-17,2315.41,2366.94,2308.29,2341.39,129479900,VNMAT,Nguyên vật liệu
2024-06-18,2349.95,2376.65,2343.05,2368.86,67888449,VNMAT,Nguyên vật liệu
2024-06-19,2378.17,2382.83,2359.06,2364.47,79112830,VNMAT,Nguyên vật liệu
2024-06-20,2361.67,2372.74,2336.93,2367.39,86303980,VNMAT,Nguyên vật liệu
2024-06-21,2370.5,2384.33,2354.5,2360.53,77307242,VNMAT,Nguyên vật liệu
2024-06-24,2351.74,2358.71,2276.01,2294.26,127153782,VNMAT,Nguyên vật liệu
2024-06-25,2291.9,2324.14,2285.53,2307.98,70852041,VNMAT,Nguyên vật liệu
2024-06-26,2312.52,2335.92,2291.33,2327.44,87512509,VNMAT,Nguyên vật liệu
2024-06-27,2328.75,2329.22,2306.7,2319.38,52480436,VNMAT,Nguyên vật liệu
2024-06-28,2316.01,2320.3,2260.19,2269.45,84978915,VNMAT,Nguyên vật liệu
2024-07-01,2270.26,2281.76,2252.36,2278.58,46069435,VNMAT,Nguyên vật liệu
2024-07-02,2281.68,2309.41,2273.92,2305.62,56077455,VNMAT,Nguyên vật liệu
2024-07-03,2305.8,2332.5,2305.8,2317.51,64093993,VNMAT,Nguyên vật liệu
2024-07-04,2326.21,2335.65,2307.31,2318.4,54210873,VNMAT,Nguyên vật liệu
2024-07-05,2322.82,2334.44,2309.5,2319.07,61087586,VNMAT,Nguyên vật liệu
2024-07-08,2331.52,2361.69,2328.04,2349.94,94801788,VNMAT,Nguyên vật liệu
2024-07-09,2359.23,2376.06,2354.71,2366.73,85024146,VNMAT,Nguyên vật liệu
2024-07-10,2373.12,2399.7,2355.59,2357.09,113077161,VNMAT,Nguyên vật liệu
2024-07-11,2372.97,2372.97,2340.56,2344.86,79496472,VNMAT,Nguyên vật liệu
2024-07-12,2345.89,2351.83,2324.14,2332.62,78562195,VNMAT,Nguyên vật liệu
2024-07-15,2332.89,2348.8,2318.06,2332.01,61656531,VNMAT,Nguyên vật liệu
2024-07-16,2332.62,2343.09,2320.48,2326.51,53014283,VNMAT,Nguyên vật liệu
2024-07-17,2334.14,2334.49,2242.21,2283.21,117522499,VNMAT,Nguyên vật liệu
2024-07-18,2280.81,2303.57,2266.2,2303.57,73332895,VNMAT,Nguyên vật liệu
2024-07-19,2303.57,2303.57,2273.94,2275.48,49981670,VNMAT,Nguyên vật liệu
2024-07-22,2269.34,2269.34,2214.41,2229.2,79472144,VNMAT,Nguyên vật liệu
2024-07-23,2230.16,2243.38,2186.0,2186.0,62875194,VNMAT,Nguyên vật liệu
2024-07-24,2174.74,2209.0,2148.33,2198.31,63263555,VNMAT,Nguyên vật liệu
2024-07-25,2190.78,2194.47,2173.32,2185.37,39366188,VNMAT,Nguyên vật liệu
2024-07-26,2188.5,2207.89,2188.5,2204.19,32841154,VNMAT,Nguyên vật liệu
2024-07-29,2216.46,2240.65,2216.46,2231.33,51941136,VNMAT,Nguyên vật liệu
2024-07-30,2239.13,2239.65,2212.54,2224.71,62843746,VNMAT,Nguyên vật liệu
2024-07-31,2226.92,2226.92,2168.97,2179.2,90723772,VNMAT,Nguyên vật liệu
2024-08-01,2179.2,2200.5,2106.43,2114.34,98870386,VNMAT,Nguyên vật liệu
2024-08-02,2102.81,2158.25,2088.08,2154.66,59095591,VNMAT,Nguyên vật liệu
2024-08-05,2110.63,2121.13,2038.27,2041.75,109125986,VNMAT,Nguyên vật liệu
2024-08-06,2057.37,2096.92,2037.82,2090.13,57246523,VNMAT,Nguyên vật liệu
2024-08-07,2098.87,2098.87,2062.01,2088.32,49760646,VNMAT,Nguyên vật liệu
2024-08-08,2075.38,2088.31,2044.69,2055.09,60786086,VNMAT,Nguyên vật liệu
2024-08-09,2076.93,2094.46,2065.95,2091.16,44567003,VNMAT,Nguyên vật liệu
2024-08-12,2093.88,2104.15,2080.64,2094.17,43088095,VNMAT,Nguyên vật liệu
2024-08-13,2097.58,2102.79,2056.59,2072.33,55688326,VNMAT,Nguyên vật liệu
2024-08-14,2081.43,2097.2,2060.41,2067.45,49732183,VNMAT,Nguyên vật liệu
2024-08-15,2067.43,2068.6,2033.13,2041.77,56323633,VNMAT,Nguyên vật liệu
2024-08-16,2043.75,2098.2,2038.38,2093.88,98961393,VNMAT,Nguyên vật liệu
2024-08-19,2103.08,2135.11,2103.08,2111.87,72896182,VNMAT,Nguyên vật liệu
2024-08-20,2119.92,2131.71,2106.73,2116.74,76098809,VNMAT,Nguyên vật liệu
2024-08-21,2116.86,2142.28,2111.18,2132.03,82173955,VNMAT,Nguyên vật liệu
2024-08-22,2136.99,2139.37,2102.66,2108.82,71084050,VNMAT,Nguyên vật liệu
2024-08-23,2106.76,2123.71,2081.77,2123.71,89358495,VNMAT,Nguyên vật liệu
2024-08-26,2129.3,2142.7,2107.76,2108.86,77582688,VNMAT,Nguyên vật liệu
2024-08-27,2111.22,2111.22,2087.8,2095.68,42829933,VNMAT,Nguyên vật liệu
2024-08-28,2104.38,2110.71,2089.46,2099.07,62718885,VNMAT,Nguyên vật liệu
2024-08-29,2104.96,2111.11,2093.6,2096.82,39921444,VNMAT,Nguyên vật liệu
2024-08-30,2102.03,2115.54,2099.63,2099.63,49458769,VNMAT,Nguyên vật liệu
2024-09-04,2083.08,2098.62,2074.1,2084.77,60106769,VNMAT,Nguyên vật liệu
2024-09-05,2087.64,2093.63,2058.91,2063.27,62626215,VNMAT,Nguyên vật liệu
2024-09-06,2060.92,2083.61,2040.94,2083.61,66395982,VNMAT,Nguyên vật liệu
2024-09-09,2082.94,2119.62,2077.51,2093.67,69194895,VNMAT,Nguyên vật liệu
2024-09-10,2103.21,2108.99,2061.6,2065.67,48176162,VNMAT,Nguyên vật liệu
2024-09-11,2063.69,2086.52,2053.57,2076.34,46788754,VNMAT,Nguyên vật liệu
2024-09-12,2082.01,2095.05,2068.48,2068.48,46682959,VNMAT,Nguyên vật liệu
2024-09-13,2072.61,2079.79,2061.43,2063.72,37607680,VNMAT,Nguyên vật liệu
2024-09-16,2064.15,2081.6,2049.44,2049.44,57426099,VNMAT,Nguyên vật liệu
2024-09-17,2051.03,2078.38,2046.1,2078.38,40980734,VNMAT,Nguyên vật liệu
2024-09-18,2080.3,2087.17,2071.54,2072.44,47238866,VNMAT,Nguyên vật liệu
2024-09-19,2085.74,2093.07,2075.31,2084.38,46376626,VNMAT,Nguyên vật liệu
2024-09-20,2084.38,2130.98,2084.38,2103.51,93174038,VNMAT,Nguyên vật liệu
2024-09-23,2110.42,2124.77,2102.88,2103.58,41568927,VNMAT,Nguyên vật liệu
2024-09-24,2104.71,2115.09,2099.27,2115.09,39396583,VNMAT,Nguyên vật liệu
2024-09-25,2129.11,2147.78,2128.56,2137.85,103525941,VNMAT,Nguyên vật liệu
2024-09-26,2147.57,2155.29,2128.33,2130.05,71711727,VNMAT,Nguyên vật liệu
2024-09-27,2137.63,2142.04,2119.84,2128.1,83319005,VNMAT,Nguyên vật liệu
2024-09-30,2128.15,2156.75,2128.15,2145.19,78443096,VNMAT,Nguyên vật liệu
2024-10-01,2167.91,2188.41,2163.46,2163.97,97255765,VNMAT,Nguyên vật liệu
2024-10-02,2159.0,2163.77,2142.23,2144.18,61377891,VNMAT,Nguyên vật liệu
2024-10-03,2150.37,2162.42,2120.22,2125.06,83237727,VNMAT,Nguyên vật liệu
2024-10-04,2126.92,2140.52,2117.52,2121.26,48494768,VNMAT,Nguyên vật liệu
2024-10-07,2132.77,2140.88,2115.74,2129.54,34893924,VNMAT,Nguyên vật liệu
2024-10-08,2128.95,2167.03,2121.99,2156.83,76973530,VNMAT,Nguyên vật liệu
2024-10-09,2165.74,2188.55,2162.84,2188.55,72647542,VNMAT,Nguyên vật liệu
2024-10-10,2193.45,2202.62,2174.64,2174.64,58902939,VNMAT,Nguyên vật liệu
2024-10-11,2180.39,2185.9,2163.33,2177.92,35625355,VNMAT,Nguyên vật liệu
2024-10-14,2180.43,2190.39,2169.05,2169.86,44589829,VNMAT,Nguyên vật liệu
2024-10-15,2186.08,2190.12,2167.53,2167.53,47165740,VNMAT,Nguyên vật liệu
2024-10-16,2167.95,2175.0,2156.75,2158.07,39507476,VNMAT,Nguyên vật liệu
2024-10-17,2161.17,2166.83,2132.5,2166.12,49916870,VNMAT,Nguyên vật liệu
2024-10-18,2168.02,2170.72,2148.45,2148.45,39804559,VNMAT,Nguyên vật liệu
2024-10-21,2147.25,2151.43,2128.65,2128.65,37910770,VNMAT,Nguyên vật liệu
2024-10-22,2124.78,2130.76,2101.47,2113.99,53914498,VNMAT,Nguyên vật liệu
2024-10-23,2115.8,2117.69,2095.47,2107.25,35004855,VNMAT,Nguyên vật liệu
2024-10-24,2114.08,2126.76,2100.53,2103.44,44509395,VNMAT,Nguyên vật liệu
2024-10-25,2111.63,2114.68,2095.25,2095.25,31139156,VNMAT,Nguyên vật liệu
2024-10-28,2099.67,2122.89,2099.67,2117.81,32968636,VNMAT,Nguyên vật liệu
2024-10-29,2117.89,2143.89,2117.89,2141.56,46760156,VNMAT,Nguyên vật liệu
2024-10-30,2142.36,2144.58,2122.24,2133.55,31945778,VNMAT,Nguyên vật liệu
2024-10-31,2134.39,2135.85,2121.79,2132.68,34908121,VNMAT,Nguyên vật liệu
2024-11-01,2125.51,2127.09,2100.05,2108.75,47589275,VNMAT,Nguyên vật liệu
2024-11-04,2108.78,2109.32,2081.26,2087.44,43226132,VNMAT,Nguyên vật liệu
2024-11-05,2091.24,2102.14,2086.58,2097.84,24091082,VNMAT,Nguyên vật liệu
2024-11-06,2098.09,2141.55,2098.09,2133.91,47119550,VNMAT,Nguyên vật liệu
2024-11-07,2142.78,2154.68,2133.2,2133.82,36359348,VNMAT,Nguyên vật liệu
2024-11-08,2146.94,2156.57,2130.28,2131.96,49589063,VNMAT,Nguyên vật liệu
2024-11-11,2135.75,2177.2,2128.28,2177.2,76477157,VNMAT,Nguyên vật liệu
2024-11-12,2181.74,2188.32,2153.18,2165.76,47347874,VNMAT,Nguyên vật liệu
2024-11-13,2150.48,2159.41,2125.53,2147.69,59156719,VNMAT,Nguyên vật liệu
2024-11-14,2147.65,2149.98,2100.47,2101.6,67321278,VNMAT,Nguyên vật liệu
2024-11-15,2099.74,2099.74,2062.84,2063.11,69161465,VNMAT,Nguyên vật liệu
2024-11-18,2067.81,2071.42,2033.04,2060.32,46313636,VNMAT,Nguyên vật liệu
2024-11-19,2060.34,2062.28,2021.57,2021.57,35081209,VNMAT,Nguyên vật liệu
2024-11-20,2019.79,2059.06,1998.87,2031.65,47971521,VNMAT,Nguyên vật liệu
2024-11-21,2036.57,2056.16,2031.04,2051.69,30943602,VNMAT,Nguyên vật liệu
2024-11-22,2054.82,2072.29,2051.36,2061.4,47351168,VNMAT,Nguyên vật liệu
2024-11-25,2062.04,2073.17,2059.69,2073.07,35490382,VNMAT,Nguyên vật liệu
2024-11-26,2074.73,2088.58,2071.2,2080.34,44895299,VNMAT,Nguyên vật liệu
2024-11-27,2082.5,2086.87,2064.6,2074.34,37899062,VNMAT,Nguyên vật liệu
2024-11-28,2076.62,2098.67,2076.62,2080.72,36638811,VNMAT,Nguyên vật liệu
2024-11-29,2083.7,2103.01,2077.12,2101.02,38555756,VNMAT,Nguyên vật liệu
2024-12-02,2111.18,2124.28,2101.71,2112.59,42307721,VNMAT,Nguyên vật liệu
2024-12-03,2110.48,2114.1,2098.09,2114.1,42344340,VNMAT,Nguyên vật liệu
2024-12-04,2107.28,2107.28,2088.71,2089.93,52773249,VNMAT,Nguyên vật liệu
2024-12-05,2090.23,2156.91,2068.46,2156.91,90481464,VNMAT,Nguyên vật liệu
2024-12-06,2157.13,2179.28,2152.43,2162.21,79700747,VNMAT,Nguyên vật liệu
2024-12-09,2167.17,2182.9,2160.31,2171.08,53984646,VNMAT,Nguyên vật liệu
2024-12-10,2174.32,2196.53,2169.86,2182.9,69849488,VNMAT,Nguyên vật liệu
2024-12-11,2183.65,2197.53,2163.5,2173.9,45865844,VNMAT,Nguyên vật liệu
2024-12-12,2174.33,2182.5,2153.98,2161.94,50438570,VNMAT,Nguyên vật liệu
2024-12-13,2156.68,2156.68,2131.62,2136.29,40960741,VNMAT,Nguyên vật liệu
2024-12-16,2136.7,2145.07,2117.2,2127.57,40178203,VNMAT,Nguyên vật liệu
2024-12-17,2128.5,2133.23,2117.07,2124.84,35385933,VNMAT,Nguyên vật liệu
2024-12-18,2126.09,2146.23,2120.8,2146.23,41397937,VNMAT,Nguyên vật liệu
2024-12-19,2144.54,2144.54,2113.16,2123.75,68834708,VNMAT,Nguyên vật liệu
2024-12-20,2125.9,2130.2,2117.28,2117.28,35214191,VNMAT,Nguyên vật liệu
2024-12-23,2123.37,2138.38,2122.8,2135.45,38267643,VNMAT,Nguyên vật liệu
2024-12-24,2132.01,2133.53,2115.31,2131.44,46938967,VNMAT,Nguyên vật liệu
2024-12-25,2132.54,2159.61,2132.54,2157.85,57474676,VNMAT,Nguyên vật liệu
2024-12-26,2160.75,2160.75,2141.03,2146.86,35117921,VNMAT,Nguyên vật liệu
2024-12-27,2147.67,2147.67,2133.59,2135.53,41549933,VNMAT,Nguyên vật liệu
2024-12-30,2132.1,2135.53,2120.52,2125.98,30905860,VNMAT,Nguyên vật liệu
2024-12-31,2123.65,2129.0,2115.71,2117.67,34266173,VNMAT,Nguyên vật liệu
2025-01-02,2121.43,2138.97,2121.43,2137.11,31052891,VNMAT,Nguyên vật liệu
2025-01-03,2133.36,2138.5,2111.45,2111.45,40590625,VNMAT,Nguyên vật liệu
2025-01-06,2110.76,2119.26,2067.88,2067.88,46764755,VNMAT,Nguyên vật liệu
2025-01-07,2073.55,2085.93,2057.32,2060.38,42719671,VNMAT,Nguyên vật liệu
2025-01-08,2061.72,2075.28,2051.91,2074.38,32059414,VNMAT,Nguyên vật liệu
2025-01-09,2078.51,2078.51,2052.22,2056.55,23427795,VNMAT,Nguyên vật liệu
2025-01-10,2057.45,2062.64,2019.7,2019.7,38237680,VNMAT,Nguyên vật liệu
2025-01-13,2017.36,2043.1,2009.49,2039.79,35504570,VNMAT,Nguyên vật liệu
2025-01-14,2042.31,2043.23,2029.14,2029.67,20994824,VNMAT,Nguyên vật liệu
2025-01-15,2038.04,2059.62,2033.62,2057.15,36866417,VNMAT,Nguyên vật liệu
2025-01-16,2066.41,2076.46,2048.95,2062.97,29842030,VNMAT,Nguyên vật liệu
2025-01-17,2061.91,2077.86,2054.34,2077.58,36407467,VNMAT,Nguyên vật liệu
2025-01-20,2079.99,2091.16,2074.75,2075.45,29842695,VNMAT,Nguyên vật liệu
2025-01-21,2080.07,2081.58,2058.2,2061.89,29443596,VNMAT,Nguyên vật liệu
2025-01-22,2064.52,2070.6,2048.51,2048.51,30898025,VNMAT,Nguyên vật liệu
2025-01-23,2049.09,2087.79,2049.09,2085.45,37295110,VNMAT,Nguyên vật liệu
2025-01-24,2086.42,2086.63,2074.14,2080.9,33537391,VNMAT,Nguyên vật liệu
2025-02-03,2077.97,2089.68,2065.24,2074.51,45208387,VNMAT,Nguyên vật liệu
2025-02-04,2081.93,2114.68,2080.76,2109.43,57212423,VNMAT,Nguyên vật liệu
2025-02-05,2111.84,2117.11,2101.04,2109.73,40167377,VNMAT,Nguyên vật liệu
2025-02-06,2111.24,2113.76,2099.76,2106.67,38587665,VNMAT,Nguyên vật liệu
2025-02-07,2108.0,2108.45,2095.57,2097.07,40465756,VNMAT,Nguyên vật liệu
2025-02-10,2087.21,2087.52,2021.36,2021.36,107533046,VNMAT,Nguyên vật liệu
2025-02-11,2023.7,2056.71,2023.7,2056.68,63653706,VNMAT,Nguyên vật liệu
2025-02-12,2064.77,2065.07,2044.93,2046.08,36761347,VNMAT,Nguyên vật liệu
2025-02-13,2050.9,2061.31,2045.85,2059.77,51044548,VNMAT,Nguyên vật liệu
2025-02-14,2061.11,2086.78,2061.11,2072.72,58962260,VNMAT,Nguyên vật liệu
2025-02-17,2074.78,2082.4,2067.8,2072.22,58276828,VNMAT,Nguyên vật liệu
2025-02-18,2080.19,2097.25,2080.19,2095.31,64058698,VNMAT,Nguyên vật liệu
2025-02-19,2095.86,2102.95,2087.84,2100.38,54648103,VNMAT,Nguyên vật liệu
2025-02-20,2107.38,2121.08,2105.26,2116.58,66614632,VNMAT,Nguyên vật liệu
2025-02-21,2116.54,2120.64,2102.55,2110.65,46538106,VNMAT,Nguyên vật liệu
2025-02-24,2193.12,2193.68,2154.5,2167.34,124565449,VNMAT,Nguyên vật liệu
2025-02-25,2166.26,2170.18,2143.62,2159.31,76164247,VNMAT,Nguyên vật liệu
2025-02-26,2162.78,2187.11,2162.78,2173.51,74539377,VNMAT,Nguyên vật liệu
2025-02-27,2176.04,2218.55,2166.12,2218.55,142326764,VNMAT,Nguyên vật liệu
2025-02-28,2216.12,2223.84,2197.42,2204.0,80686647,VNMAT,Nguyên vật liệu
2025-03-03,2204.61,2227.92,2204.61,2209.77,66388709,VNMAT,Nguyên vật liệu
2025-03-04,2208.81,2210.93,2181.44,2196.41,80291350,VNMAT,Nguyên vật liệu
2025-03-05,2197.81,2200.25,2168.38,2168.38,69208370,VNMAT,Nguyên vật liệu
2025-03-06,2172.48,2198.58,2172.48,2198.58,85659700,VNMAT,Nguyên vật liệu
2025-03-07,2203.43,2205.17,2190.07,2201.52,75997624,VNMAT,Nguyên vật liệu
2025-03-10,2206.11,2211.7,2190.29,2192.41,64371483,VNMAT,Nguyên vật liệu
2025-03-11,2170.94,2203.2,2170.19,2202.63,84383524,VNMAT,Nguyên vật liệu
2025-03-12,2206.49,2209.67,2181.93,2185.39,59097761,VNMAT,Nguyên vật liệu
2025-03-13,2189.31,2200.92,2168.9,2171.69,86019761,VNMAT,Nguyên vật liệu
2025-03-14,2174.49,2178.84,2153.66,2155.64,60182871,VNMAT,Nguyên vật liệu
2025-03-17,2174.29,2187.87,2159.9,2168.42,52242471,VNMAT,Nguyên vật liệu
2025-03-18,2174.71,2184.26,2153.88,2153.88,59097723,VNMAT,Nguyên vật liệu
2025-03-19,2152.5,2153.7,2125.07,2137.22,88422793,VNMAT,Nguyên vật liệu
2025-03-20,2140.79,2148.87,2118.2,2130.03,54755527,VNMAT,Nguyên vật liệu
2025-03-21,2129.29,2134.14,2122.23,2124.66,40844292,VNMAT,Nguyên vật liệu
2025-03-24,2127.3,2129.9,2109.07,2121.32,38896592,VNMAT,Nguyên vật liệu
2025-03-25,2122.1,2143.73,2122.1,2131.63,53484740,VNMAT,Nguyên vật liệu
2025-03-26,2132.11,2166.12,2130.39,2150.02,73867784,VNMAT,Nguyên vật liệu
2025-03-27,2156.38,2158.54,2141.46,2146.47,37498093,VNMAT,Nguyên vật liệu
2025-03-28,2146.19,2147.3,2118.1,2120.86,49684768,VNMAT,Nguyên vật liệu
2025-03-31,2112.96,2114.04,2073.33,2080.6,72608853,VNMAT,Nguyên vật liệu
2025-04-01,2083.45,2092.27,2073.06,2090.17,46337393,VNMAT,Nguyên vật liệu
2025-04-02,2101.66,2112.61,2091.41,2097.35,50521193,VNMAT,Nguyên vật liệu
2025-04-03,1992.16,2019.3,1953.12,1953.89,148199965,VNMAT,Nguyên vật liệu
2025-04-04,1934.72,1934.72,1821.35,1872.75,147729524,VNMAT,Nguyên vật liệu
2025-04-08,1790.04,1809.73,1745.31,1745.94,73875308,VNMAT,Nguyên vật liệu
2025-04-09,1716.53,1716.53,1627.32,1633.49,134384094,VNMAT,Nguyên vật liệu
2025-04-10,1743.01,1744.56,1742.36,1744.3,17094815,VNMAT,Nguyên vật liệu
2025-04-11,1830.57,1843.31,1793.98,1842.28,161909369,VNMAT,Nguyên vật liệu
2025-04-14,1890.18,1928.36,1884.97,1910.0,98142233,VNMAT,Nguyên vật liệu
2025-04-15,1901.66,1940.93,1885.1,1916.58,98239636,VNMAT,Nguyên vật liệu
2025-04-16,1914.48,1920.64,1869.8,1888.83,62461959,VNMAT,Nguyên vật liệu
2025-04-17,1867.11,1890.1,1848.7,1889.47,57489247,VNMAT,Nguyên vật liệu
2025-04-18,1902.66,1915.63,1890.9,1897.31,56242242,VNMAT,Nguyên vật liệu
2025-04-21,1898.79,1898.79,1866.9,1866.9,40704409,VNMAT,Nguyên vật liệu
2025-04-22,1860.6,1871.52,1756.9,1854.36,114142831,VNMAT,Nguyên vật liệu
2025-04-23,1881.26,1901.97,1879.33,1900.31,64860776,VNMAT,Nguyên vật liệu
2025-04-24,1912.73,1918.52,1887.57,1909.41,49771475,VNMAT,Nguyên vật liệu
2025-04-25,1910.84,1917.29,1891.09,1913.47,52041859,VNMAT,Nguyên vật liệu
2025-04-28,1914.56,1915.87,1898.63,1915.36,37692022,VNMAT,Nguyên vật liệu
2025-04-29,1915.16,1920.7,1905.73,1908.4,37243360,VNMAT,Nguyên vật liệu
2025-05-05,1908.4,1944.04,1908.4,1944.04,57843322,VNMAT,Nguyên vật liệu
2025-05-06,1944.04,1961.35,1912.83,1927.34,54961257,VNMAT,Nguyên vật liệu
2025-05-07,1927.34,1935.13,1916.37,1927.06,42531458,VNMAT,Nguyên vật liệu
2025-05-08,1927.06,1954.89,1923.84,1948.6,68089925,VNMAT,Nguyên vật liệu
2025-05-09,1948.6,1955.28,1936.77,1943.23,42239290,VNMAT,Nguyên vật liệu
2025-05-12,1943.23,1958.53,1902.26,1938.69,100912839,VNMAT,Nguyên vật liệu
2025-05-13,1938.69,1971.02,1938.69,1959.12,63795227,VNMAT,Nguyên vật liệu
2025-05-14,1959.12,1989.59,1951.07,1983.82,92590759,VNMAT,Nguyên vật liệu
2025-05-15,1983.82,1992.74,1964.39,1986.72,67322353,VNMAT,Nguyên vật liệu
2025-05-16,1986.72,1992.63,1966.16,1966.97,66215531,VNMAT,Nguyên vật liệu
2025-05-19,1966.97,1983.57,1945.44,1947.66,53822799,VNMAT,Nguyên vật liệu
2025-05-20,1947.66,1960.4,1940.74,1951.07,45316262,VNMAT,Nguyên vật liệu
2025-05-21,1951.07,1969.3,1942.7,1950.19,56560765,VNMAT,Nguyên vật liệu
2025-05-22,1950.19,1964.37,1938.82,1945.03,68168740,VNMAT,Nguyên vật liệu
2025-05-23,1945.03,1954.46,1939.91,1943.19,40230147,VNMAT,Nguyên vật liệu
2025-05-26,1943.19,1960.21,1909.34,1960.21,72372777,VNMAT,Nguyên vật liệu
2025-05-27,1960.21,1991.99,1960.21,1969.28,83922917,VNMAT,Nguyên vật liệu
2025-05-28,1969.28,1991.27,1961.87,1967.92,58390381,VNMAT,Nguyên vật liệu
2025-05-29,1967.92,1980.99,1958.05,1961.54,52357935,VNMAT,Nguyên vật liệu
2025-05-30,1961.54,2010.82,1954.49,1964.85,120273481,VNMAT,Nguyên vật liệu
2025-06-02,1964.85,1964.85,1935.07,1954.91,66107515,VNMAT,Nguyên vật liệu
2025-06-03,1954.91,1996.65,1954.91,1986.76,81095702,VNMAT,Nguyên vật liệu
2025-06-04,1986.76,2012.84,1979.29,1980.62,70636924,VNMAT,Nguyên vật liệu
2025-06-05,1980.62,1988.18,1970.84,1976.43,56595865,VNMAT,Nguyên vật liệu
2025-06-06,1976.43,2007.99,1976.43,1980.04,90678852,VNMAT,Nguyên vật liệu
2025-06-09,1980.04,1989.17,1969.01,1978.68,57785223,VNMAT,Nguyên vật liệu
2025-06-10,1978.68,2009.27,1975.35,1986.48,67860686,VNMAT,Nguyên vật liệu
2025-06-11,1986.48,1995.9,1970.43,1988.45,48478349,VNMAT,Nguyên vật liệu
2025-06-12,1988.45,2046.05,1988.45,2029.91,102876167,VNMAT,Nguyên vật liệu
2025-06-13,2029.91,2033.41,1990.45,2003.99,98521786,VNMAT,Nguyên vật liệu
2025-06-16,2003.99,2050.8,2000.98,2042.99,73464563,VNMAT,Nguyên vật liệu
2025-06-17,2042.99,2064.73,2042.99,2061.06,88537169,VNMAT,Nguyên vật liệu
2025-06-18,2061.06,2075.11,2055.08,2068.17,77094775,VNMAT,Nguyên vật liệu
2025-06-19,2068.17,2074.3,2048.04,2061.8,68666591,VNMAT,Nguyên vật liệu
2025-06-20,2061.8,2070.68,2052.17,2060.01,56004536,VNMAT,Nguyên vật liệu
2025-06-23,2060.01,2061.53,2037.63,2055.62,69674581,VNMAT,Nguyên vật liệu
2025-06-24,2055.62,2073.61,2053.68,2064.83,67901944,VNMAT,Nguyên vật liệu
2025-06-25,2064.83,2090.7,2062.83,2078.16,91826512,VNMAT,Nguyên vật liệu
2025-06-26,2078.16,2117.55,2078.16,2084.2,64145250,VNMAT,Nguyên vật liệu
2025-06-30,2098.42,2103.58,2087.85,2092.5,58277809,VNMAT,Nguyên vật liệu
2025-07-01,2092.5,2108.28,2078.5,2088.72,66871818,VNMAT,Nguyên vật liệu
2025-07-02,2088.72,2114.66,2085.32,2114.66,83270756,VNMAT,Nguyên vật liệu
2025-07-03,2114.66,2154.49,2106.22,2120.17,134672921,VNMAT,Nguyên vật liệu
2025-07-04,2120.17,2130.64,2115.38,2124.45,63521169,VNMAT,Nguyên vật liệu
2025-07-07,2124.45,2157.5,2124.45,2149.95,92048105,VNMAT,Nguyên vật liệu
2025-07-08,2149.95,2215.76,2149.12,2213.77,150329304,VNMAT,Nguyên vật liệu
2025-07-09,2213.77,2241.33,2204.98,2214.15,113849834,VNMAT,Nguyên vật liệu
2025-07-10,2214.15,2240.86,2204.82,2236.18,140373539,VNMAT,Nguyên vật liệu
2025-07-11,2236.18,2295.95,2228.27,2282.46,140378014,VNMAT,Nguyên vật liệu
2025-07-14,2282.46,2308.32,2249.5,2275.38,103150440,VNMAT,Nguyên vật liệu
2025-07-15,2275.38,2290.96,2255.02,2255.02,130473550,VNMAT,Nguyên vật liệu
2025-07-16,2255.02,2293.04,2249.49,2287.68,100916563,VNMAT,Nguyên vật liệu
2025-07-17,2287.68,2315.42,2280.77,2287.96,123368112,VNMAT,Nguyên vật liệu
2025-07-18,2287.96,2299.02,2271.7,2283.42,105365427,VNMAT,Nguyên vật liệu
2025-07-21,2283.42,2348.17,2283.42,2302.26,130965197,VNMAT,Nguyên vật liệu
2025-07-22,2302.26,2320.08,2291.94,2320.08,86896084,VNMAT,Nguyên vật liệu
2025-07-23,2320.08,2363.2,2320.08,2343.05,159962317,VNMAT,Nguyên vật liệu
2025-07-24,2343.05,2351.03,2309.61,2319.56,119133081,VNMAT,Nguyên vật liệu
2025-07-25,2319.56,2341.96,2313.82,2323.28,130182288,VNMAT,Nguyên vật liệu
2025-07-28,2323.28,2371.92,2321.76,2351.35,215109501,VNMAT,Nguyên vật liệu
2025-07-29,2351.35,2373.02,2261.57,2263.5,241595273,VNMAT,Nguyên vật liệu
2025-07-30,2263.5,2300.43,2252.2,2290.49,148859515,VNMAT,Nguyên vật liệu
2025-07-31,2290.49,2307.08,2247.14,2264.03,175861876,VNMAT,Nguyên vật liệu
2025-08-01,2264.03,2280.82,2246.49,2265.23,118705562,VNMAT,Nguyên vật liệu
2025-08-04,2265.23,2288.18,2255.0,2284.3,98598184,VNMAT,Nguyên vật liệu
2025-08-05,2284.3,2393.28,2284.3,2337.25,354634912,VNMAT,Nguyên vật liệu
2025-08-06,2337.25,2414.03,2337.25,2397.91,174989215,VNMAT,Nguyên vật liệu
2025-08-07,2397.91,2493.11,2397.91,2489.78,241541492,VNMAT,Nguyên vật liệu
2025-08-08,2489.78,2510.2,2443.56,2474.49,207879114,VNMAT,Nguyên vật liệu
2025-08-11,2474.49,2501.62,2463.03,2484.58,169902687,VNMAT,Nguyên vật liệu
2025-08-12,2484.58,2542.32,2484.58,2513.58,172284615,VNMAT,Nguyên vật liệu
2025-08-13,2519.37,2519.37,2461.77,2488.85,173840960,VNMAT,Nguyên vật liệu
2025-08-14,2497.75,2508.41,2470.27,2486.18,154895757,VNMAT,Nguyên vật liệu
2025-08-15,2502.28,2519.65,2454.34,2463.23,200255791,VNMAT,Nguyên vật liệu
2025-08-18,2485.26,2523.07,2480.43,2497.21,153055345,VNMAT,Nguyên vật liệu
2025-08-19,2511.03,2515.13,2470.9,2474.46,134161265,VNMAT,Nguyên vật liệu
2025-08-20,2475.74,2479.03,2378.35,2408.43,216451529,VNMAT,Nguyên vật liệu
2025-08-21,2411.18,2426.47,2388.94,2395.57,141664101,VNMAT,Nguyên vật liệu
2025-08-22,2366.07,2372.53,2298.53,2304.13,224426720,VNMAT,Nguyên vật liệu
2025-08-25,2335.16,2349.8,2285.69,2287.76,114302514,VNMAT,Nguyên vật liệu
2025-08-26,2298.27,2376.58,2297.48,2376.58,104397891,VNMAT,Nguyên vật liệu
2025-08-27,2379.49,2383.0,2348.31,2348.59,130318440,VNMAT,Nguyên vật liệu
2025-08-28,2363.86,2398.91,2355.2,2371.82,89850601,VNMAT,Nguyên vật liệu
2025-08-29,2380.24,2415.24,2368.28,2389.98,134928473,VNMAT,Nguyên vật liệu
2025-09-03,2386.12,2484.0,2377.16,2437.22,205007697,VNMAT,Nguyên vật liệu
2025-09-04,2456.73,2547.1,2452.15,2545.07,240960502,VNMAT,Nguyên vật liệu
2025-09-05,2560.16,2567.32,2483.46,2483.46,199629092,VNMAT,Nguyên vật liệu
2025-09-08,2478.8,2530.81,2467.2,2472.03,242665177,VNMAT,Nguyên vật liệu
2025-09-09,2489.59,2491.5,2425.99,2465.11,138376915,VNMAT,Nguyên vật liệu
2025-09-10,2471.69,2490.0,2438.45,2464.47,101464931,VNMAT,Nguyên vật liệu
2025-09-11,2459.01,2496.0,2403.74,2496.0,154535369,VNMAT,Nguyên vật liệu
2025-09-12,2506.08,2557.85,2503.59,2554.6,177110661,VNMAT,Nguyên vật liệu
2025-09-15,2576.6,2612.27,2565.79,2588.83,160260786,VNMAT,Nguyên vật liệu
2025-09-16,2600.87,2603.38,2548.25,2560.78,135951501,VNMAT,Nguyên vật liệu
2025-09-17,2559.91,2585.59,2510.57,2511.36,191598238,VNMAT,Nguyên vật liệu
2025-09-18,2521.28,2524.15,2477.67,2506.83,122628496,VNMAT,Nguyên vật liệu
2025-09-19,2519.41,2524.62,2475.34,2499.1,85286003,VNMAT,Nguyên vật liệu
2025-09-22,2504.0,2504.0,2430.8,2438.86,154824615,VNMAT,Nguyên vật liệu
2025-09-23,2448.37,2466.18,2438.68,2450.66,59972883,VNMAT,Nguyên vật liệu
2025-09-24,2453.97,2483.66,2425.74,2483.66,63101171,VNMAT,Nguyên vật liệu
2025-09-25,2490.8,2502.77,2472.27,2472.67,75463141,VNMAT,Nguyên vật liệu
2025-09-26,2478.52,2498.14,2453.12,2453.18,94558344,VNMAT,Nguyên vật liệu
2025-09-29,2455.35,2463.83,2437.03,2444.57,75624825,VNMAT,Nguyên vật liệu
2025-09-30,2441.61,2445.21,2381.94,2404.77,122303230,VNMAT,Nguyên vật liệu
2025-10-01,2415.92,2427.74,2402.57,2414.86,57809518,VNMAT,Nguyên vật liệu
2025-10-02,2418.7,2436.75,2389.59,2389.59,71896550,VNMAT,Nguyên vật liệu
2025-10-03,2388.26,2392.46,2344.42,2357.72,103150075,VNMAT,Nguyên vật liệu
2025-10-06,2394.41,2461.38,2390.31,2461.29,108035015,VNMAT,Nguyên vật liệu
2025-10-07,2464.82,2468.78,2442.08,2442.61,70328836,VNMAT,Nguyên vật liệu
2025-10-08,2464.32,2470.21,2429.54,2461.52,92249527,VNMAT,Nguyên vật liệu
2025-10-09,2472.82,2474.46,2440.76,2450.08,73793800,VNMAT,Nguyên vật liệu
2025-10-10,2460.46,2498.27,2451.93,2488.2,103660079,VNMAT,Nguyên vật liệu
2025-10-13,2447.37,2467.74,2444.51,2456.5,139316305,VNMAT,Nguyên vật liệu
2025-10-14,2467.22,2473.21,2411.91,2412.03,143029586,VNMAT,Nguyên vật liệu
2025-10-15,2420.16,2434.45,2394.17,2396.86,81237475,VNMAT,Nguyên vật liệu
2025-10-16,2399.47,2420.49,2385.46,2403.51,83979254,VNMAT,Nguyên vật liệu
2025-10-17,2407.48,2427.03,2380.02,2380.02,102486229,VNMAT,Nguyên vật liệu
2025-10-20,2373.35,2396.65,2227.65,2227.65,164412413,VNMAT,Nguyên vật liệu
2025-10-21,2248.86,2296.88,2223.39,2281.13,137207815,VNMAT,Nguyên vật liệu
2025-10-22,2287.46,2299.96,2245.27,2291.64,74914845,VNMAT,Nguyên vật liệu
2025-10-23,2299.83,2309.61,2276.12,2276.19,47259280,VNMAT,Nguyên vật liệu
2025-10-24,2275.22,2289.22,2244.53,2270.32,58461869,VNMAT,Nguyên vật liệu
2025-10-27,2292.1,2311.99,2268.34,2272.45,60404750,VNMAT,Nguyên vật liệu
2025-10-28,2273.16,2309.31,2260.13,2309.24,56116088,VNMAT,Nguyên vật liệu
2025-10-29,2319.0,2358.23,2318.0,2343.37,80471101,VNMAT,Nguyên vật liệu
2025-10-30,2352.9,2354.87,2317.34,2321.19,54969657,VNMAT,Nguyên vật liệu
2025-10-31,2321.42,2340.44,2318.31,2318.32,61985561,VNMAT,Nguyên vật liệu
2025-11-03,2325.12,2337.68,2275.93,2275.93,76482021,VNMAT,Nguyên vật liệu
2025-11-04,2283.07,2318.93,2239.77,2318.93,86126532,VNMAT,Nguyên vật liệu
2025-11-05,2298.65,2323.35,2292.63,2299.97,70707324,VNMAT,Nguyên vật liệu
2025-11-06,2305.22,2311.02,2283.97,2285.79,52394137,VNMAT,Nguyên vật liệu
2025-11-07,2286.09,2308.12,2263.33,2265.26,100937474,VNMAT,Nguyên vật liệu
2025-11-10,2270.51,2305.37,2265.75,2276.11,77925261,VNMAT,Nguyên vật liệu
2025-11-11,2286.67,2304.72,2273.13,2287.19,60320542,VNMAT,Nguyên vật liệu
2025-11-12,2296.65,2324.16,2294.87,2323.83,70644037,VNMAT,Nguyên vật liệu
2025-11-13,2326.78,2345.82,2321.3,2322.78,62845564,VNMAT,Nguyên vật liệu
2025-11-14,2319.66,2349.15,2319.66,2337.86,63167607,VNMAT,Nguyên vật liệu
2025-11-17,2350.8,2365.41,2350.32,2364.08,70121945,VNMAT,Nguyên vật liệu
2025-11-18,2363.86,2381.63,2355.86,2371.56,83042907,VNMAT,Nguyên vật liệu
2025-11-19,2374.53,2426.41,2361.57,2372.22,114420856,VNMAT,Nguyên vật liệu
2025-11-20,2381.29,2383.17,2340.75,2353.3,64484627,VNMAT,Nguyên vật liệu
2025-11-21,2346.37,2356.15,2317.1,2352.94,61364330,VNMAT,Nguyên vật liệu
2025-11-24,2356.59,2363.9,2329.69,2329.69,42806095,VNMAT,Nguyên vật liệu
2025-11-25,2331.6,2345.28,2304.65,2306.37,60212402,VNMAT,Nguyên vật liệu
2025-11-26,2312.58,2330.55,2305.13,2329.77,52197039,VNMAT,Nguyên vật liệu
2025-11-27,2336.64,2342.27,2316.91,2318.33,40992639,VNMAT,Nguyên vật liệu
2025-11-28,2318.8,2327.89,2293.02,2294.54,54987284,VNMAT,Nguyên vật liệu
2025-12-01,2306.31,2308.53,2289.85,2290.94,52135597,VNMAT,Nguyên vật liệu
2025-12-02,2297.18,2300.94,2269.41,2298.84,54337597,VNMAT,Nguyên vật liệu
2025-12-03,2304.44,2323.12,2297.31,2319.34,47003782,VNMAT,Nguyên vật liệu
2025-12-04,2329.23,2361.4,2328.2,2351.4,65140720,VNMAT,Nguyên vật liệu
2025-12-05,2357.37,2357.45,2324.4,2324.4,49283576,VNMAT,Nguyên vật liệu
2025-12-08,2319.96,2331.5,2301.19,2302.89,56864834,VNMAT,Nguyên vật liệu
2025-12-09,2301.58,2310.93,2277.67,2283.21,84236588,VNMAT,Nguyên vật liệu
2025-12-10,2299.64,2315.57,2293.58,2293.83,55661094,VNMAT,Nguyên vật liệu
2025-12-11,2298.95,2310.57,2279.76,2283.47,37491213,VNMAT,Nguyên vật liệu
2025-12-12,2287.18,2291.34,2223.36,2223.38,90380484,VNMAT,Nguyên vật liệu
2025-12-15,2229.03,2252.21,2226.71,2241.41,51053299,VNMAT,Nguyên vật liệu
2025-12-16,2240.87,2274.51,2218.37,2259.71,73480069,VNMAT,Nguyên vật liệu
2025-12-17,2244.23,2244.23,2214.93,2225.9,40862764,VNMAT,Nguyên vật liệu
2025-12-18,2211.51,2218.72,2201.76,2208.8,35155572,VNMAT,Nguyên vật liệu
2025-12-19,2197.41,2227.85,2194.68,2214.94,88716790,VNMAT,Nguyên vật liệu
2025-12-22,2215.81,2248.29,2215.55,2242.01,83907871,VNMAT,Nguyên vật liệu
2025-12-23,2252.88,2268.73,2218.32,2220.32,64631670,VNMAT,Nguyên vật liệu
2025-12-24,2216.11,2218.67,2186.86,2190.74,64135498,VNMAT,Nguyên vật liệu
2025-12-25,2188.6,2203.88,2170.88,2170.88,66789493,VNMAT,Nguyên vật liệu
2025-12-26,2220.18,2247.65,2174.65,2193.11,135633447,VNMAT,Nguyên vật liệu
2025-12-29,2194.95,2205.94,2177.31,2189.77,41209754,VNMAT,Nguyên vật liệu
2025-12-30,2193.08,2207.46,2183.56,2192.11,50503904,VNMAT,Nguyên vật liệu
2025-12-31,2193.5,2206.11,2189.18,2193.54,50391362,VNMAT,Nguyên vật liệu
2026-01-05,2194.21,2197.61,2139.64,2156.31,90425782,VNMAT,Nguyên vật liệu
2026-01-06,2159.5,2171.98,2120.77,2153.62,78972249,VNMAT,Nguyên vật liệu
2026-01-07,2159.43,2213.18,2159.43,2207.13,83167123,VNMAT,Nguyên vật liệu
2026-01-08,2222.3,2229.76,2191.55,2193.69,88754872,VNMAT,Nguyên vật liệu
2026-01-09,2218.45,2218.45,2186.29,2187.29,79795190,VNMAT,Nguyên vật liệu
2026-01-12,2205.01,2277.17,2201.23,2272.91,138756505,VNMAT,Nguyên vật liệu
2026-01-13,2290.2,2295.39,2241.91,2263.09,97491413,VNMAT,Nguyên vật liệu
2026-01-14,2275.48,2292.37,2251.5,2275.23,123120591,VNMAT,Nguyên vật liệu
2026-01-15,2278.58,2319.82,2277.1,2311.56,130922969,VNMAT,Nguyên vật liệu
2026-01-16,2328.69,2342.33,2290.36,2300.62,114342733,VNMAT,Nguyên vật liệu
2026-01-19,2318.32,2336.99,2302.33,2308.45,78388474,VNMAT,Nguyên vật liệu
2026-01-20,2318.95,2325.13,2273.75,2281.87,88742065,VNMAT,Nguyên vật liệu
2026-01-21,2270.51,2280.61,2244.05,2265.76,94947218,VNMAT,Nguyên vật liệu
2026-01-22,2281.01,2321.58,2279.89,2297.92,98481936,VNMAT,Nguyên vật liệu
2026-01-23,2311.41,2320.81,2268.35,2275.79,66051316,VNMAT,Nguyên vật liệu
2026-01-26,2274.86,2276.72,2213.11,2227.49,90781394,VNMAT,Nguyên vật liệu
2026-01-27,2227.71,2240.68,2214.32,2236.81,56997427,VNMAT,Nguyên vật liệu
2026-01-28,2249.85,2275.32,2241.9,2251.8,73526141,VNMAT,Nguyên vật liệu
2026-01-29,2261.56,2282.38,2255.72,2282.38,69190131,VNMAT,Nguyên vật liệu
2026-01-30,2300.76,2310.5,2267.67,2269.48,97246275,VNMAT,Nguyên vật liệu
2026-02-02,2272.65,2272.65,2228.58,2255.74,91243654,VNMAT,Nguyên vật liệu
2026-02-03,2264.87,2290.06,2263.88,2277.0,82590270,VNMAT,Nguyên vật liệu
2026-02-04,2287.49,2388.62,2284.33,2366.47,206775971,VNMAT,Nguyên vật liệu
2026-02-05,2371.58,2371.58,2314.42,2314.42,76816242,VNMAT,Nguyên vật liệu
2026-02-06,2296.31,2337.67,2252.21,2252.24,120673652,VNMAT,Nguyên vật liệu
2026-02-09,2274.62,2281.97,2249.79,2256.98,65507521,VNMAT,Nguyên vật liệu
2026-02-10,2262.7,2270.41,2225.58,2239.6,76230986,VNMAT,Nguyên vật liệu
2026-02-11,2246.48,2273.17,2238.17,2262.9,64335683,VNMAT,Nguyên vật liệu
2026-02-12,2272.3,2279.78,2260.07,2263.32,35031874,VNMAT,Nguyên vật liệu
2026-02-13,2262.74,2283.22,2254.36,2265.14,50850830,VNMAT,Nguyên vật liệu
2026-02-23,2287.86,2320.97,2286.86,2319.24,68050283,VNMAT,Nguyên vật liệu
2026-02-24,2320.51,2395.37,2313.82,2394.2,182025735,VNMAT,Nguyên vật liệu
2026-02-25,2406.9,2472.47,2405.44,2456.1,201901312,VNMAT,Nguyên vật liệu
2026-02-26,2470.44,2470.52,2414.55,2448.45,98058202,VNMAT,Nguyên vật liệu
2026-02-27,2446.77,2449.69,2411.97,2422.63,113972035,VNMAT,Nguyên vật liệu
2026-03-02,2423.01,2473.67,2375.67,2428.29,185606924,VNMAT,Nguyên vật liệu
2026-03-03,2462.58,2464.25,2387.9,2399.5,154299732,VNMAT,Nguyên vật liệu
2026-03-04,2397.11,2411.6,2308.56,2376.55,166356608,VNMAT,Nguyên vật liệu
2026-03-05,2392.0,2395.69,2331.73,2336.27,108916117,VNMAT,Nguyên vật liệu
2026-03-06,2322.55,2366.39,2311.0,2334.8,107246854,VNMAT,Nguyên vật liệu
2026-03-09,2345.47,2345.47,2184.71,2188.02,222182052,VNMAT,Nguyên vật liệu
2026-03-10,2278.66,2320.56,2251.48,2305.8,178940460,VNMAT,Nguyên vật liệu
2026-03-11,2310.81,2349.5,2293.73,2343.31,101670739,VNMAT,Nguyên vật liệu
2026-03-12,2321.13,2352.89,2307.29,2330.03,113679027,VNMAT,Nguyên vật liệu
2026-03-13,2320.59,2356.57,2299.14,2301.44,97711907,VNMAT,Nguyên vật liệu
2026-03-16,2298.59,2310.72,2268.15,2280.4,70492510,VNMAT,Nguyên vật liệu
2026-03-17,2297.54,2314.18,2259.05,2259.96,89377536,VNMAT,Nguyên vật liệu
2026-03-18,2251.47,2275.43,2232.24,2255.91,61193717,VNMAT,Nguyên vật liệu
2026-03-19,2221.6,2243.22,2209.42,2232.36,80445693,VNMAT,Nguyên vật liệu
2026-03-20,2208.77,2212.4,2102.1,2160.21,138411859,VNMAT,Nguyên vật liệu
2026-03-23,2135.75,2166.56,2106.54,2111.69,101592592,VNMAT,Nguyên vật liệu
2026-03-24,2154.17,2171.66,2140.59,2146.61,64741350,VNMAT,Nguyên vật liệu
2026-03-25,2163.9,2191.55,2162.58,2185.62,70342454,VNMAT,Nguyên vật liệu
2026-03-26,2185.63,2187.94,2152.91,2166.45,63918512,VNMAT,Nguyên vật liệu
2026-03-27,2174.69,2221.36,2160.89,2206.88,76759377,VNMAT,Nguyên vật liệu
2026-03-30,2179.68,2236.98,2168.09,2221.83,90150814,VNMAT,Nguyên vật liệu
2026-03-31,2235.77,2242.57,2206.41,2216.23,67147359,VNMAT,Nguyên vật liệu
2026-04-01,2245.18,2250.59,2222.81,2225.58,73735981,VNMAT,Nguyên vật liệu
2026-04-02,2212.64,2247.27,2201.64,2247.27,86302735,VNMAT,Nguyên vật liệu
2026-04-03,2256.28,2257.79,2206.33,2208.95,66724459,VNMAT,Nguyên vật liệu
2026-04-06,2204.17,2221.29,2186.95,2195.97,67372586,VNMAT,Nguyên vật liệu
2026-04-07,2200.38,2218.42,2190.19,2199.73,37043215,VNMAT,Nguyên vật liệu
2026-04-08,2251.51,2289.88,2241.16,2287.15,126105218,VNMAT,Nguyên vật liệu
2026-04-09,2279.48,2317.71,2261.51,2294.88,94311404,VNMAT,Nguyên vật liệu
2026-04-10,2310.69,2315.58,2287.6,2289.18,73249856,VNMAT,Nguyên vật liệu
2026-04-13,2276.06,2300.44,2275.91,2277.68,55678080,VNMAT,Nguyên vật liệu
2026-04-14,2298.29,2336.06,2282.55,2329.86,114267917,VNMAT,Nguyên vật liệu
2026-04-15,2339.37,2346.0,2288.09,2292.83,73603424,VNMAT,Nguyên vật liệu
2026-04-16,2294.18,2301.58,2271.34,2286.39,64666226,VNMAT,Nguyên vật liệu
2026-04-17,2289.17,2311.16,2284.3,2294.12,59094385,VNMAT,Nguyên vật liệu
2026-04-20,2299.06,2320.41,2290.46,2312.51,56851889,VNMAT,Nguyên vật liệu
2026-04-21,2352.93,2370.23,2313.16,2313.71,145539806,VNMAT,Nguyên vật liệu
2026-04-22,2318.54,2323.38,2288.77,2297.89,57237851,VNMAT,Nguyên vật liệu
2026-04-23,2299.53,2304.9,2245.24,2264.33,81818607,VNMAT,Nguyên vật liệu
2026-04-24,2267.81,2275.68,2241.88,2265.55,58905233,VNMAT,Nguyên vật liệu
2026-04-28,2264.09,2274.17,2240.28,2249.28,42798369,VNMAT,Nguyên vật liệu
2026-04-29,2248.12,2270.84,2242.53,2263.62,50203581,VNMAT,Nguyên vật liệu
2026-05-04,2269.58,2282.54,2250.95,2263.0,68382823,VNMAT,Nguyên vật liệu
2026-05-05,2266.61,2266.7,2230.62,2243.93,66203362,VNMAT,Nguyên vật liệu
2026-05-06,2250.37,2280.78,2243.24,2271.15,58097425,VNMAT,Nguyên vật liệu
2026-05-07,2282.45,2287.75,2265.17,2270.26,63327657,VNMAT,Nguyên vật liệu
2026-05-08,2267.67,2272.61,2253.11,2264.69,48413917,VNMAT,Nguyên vật liệu
2026-05-11,2245.42,2247.59,2208.07,2208.73,72176284,VNMAT,Nguyên vật liệu
2026-05-12,2207.84,2220.26,2193.68,2208.84,52691009,VNMAT,Nguyên vật liệu
2026-05-13,2210.1,2234.67,2205.95,2224.76,52575317,VNMAT,Nguyên vật liệu
2026-05-14,2238.04,2245.62,2218.5,2218.5,35386069,VNMAT,Nguyên vật liệu
2026-05-15,2220.12,2222.45,2188.75,2196.84,101792618,VNMAT,Nguyên vật liệu
2026-05-18,2193.11,2208.85,2184.5,2199.15,61833366,VNMAT,Nguyên vật liệu
2026-05-19,2204.57,2210.3,2167.44,2167.61,57456501,VNMAT,Nguyên vật liệu
2026-05-20,2167.77,2176.4,2113.46,2166.28,74646171,VNMAT,Nguyên vật liệu
2026-05-21,2176.53,2193.07,2171.18,2181.14,54871892,VNMAT,Nguyên vật liệu
2026-05-22,2188.79,2191.56,2171.64,2172.56,53874276,VNMAT,Nguyên vật liệu
2026-05-25,2189.83,2196.84,2173.62,2173.62,47276533,VNMAT,Nguyên vật liệu
2026-05-26,2175.85,2189.7,2171.15,2189.7,46521209,VNMAT,Nguyên vật liệu
2026-05-27,2201.57,2207.1,2178.89,2181.44,44101557,VNMAT,Nguyên vật liệu
2026-05-28,2182.11,2189.31,2165.45,2165.45,38053712,VNMAT,Nguyên vật liệu
2026-05-29,2172.06,2174.55,2157.75,2163.19,42404150,VNMAT,Nguyên vật liệu
2026-06-01,2164.43,2174.53,2161.3,2165.95,26563885,VNMAT,Nguyên vật liệu
2026-06-02,2166.6,2167.96,2137.49,2137.52,43385374,VNMAT,Nguyên vật liệu
2026-06-03,2135.93,2165.66,2129.29,2165.66,35060616,VNMAT,Nguyên vật liệu
2026-06-04,2164.53,2168.68,2148.16,2152.8,27393001,VNMAT,Nguyên vật liệu
2026-06-05,2156.4,2159.88,2135.07,2136.75,29213904,VNMAT,Nguyên vật liệu
2026-06-08,2125.02,2130.58,2094.18,2094.18,48663935,VNMAT,Nguyên vật liệu
2026-06-09,2101.24,2113.03,2091.08,2108.6,34548030,VNMAT,Nguyên vật liệu
2026-06-10,2104.5,2122.42,2101.31,2117.23,24906948,VNMAT,Nguyên vật liệu
2026-06-11,2108.96,2119.18,2102.98,2104.02,30474743,VNMAT,Nguyên vật liệu
2026-06-12,2121.63,2121.66,2094.09,2095.56,30270851,VNMAT,Nguyên vật liệu
2026-06-15,2124.0,2167.99,2120.56,2167.99,59743196,VNMAT,Nguyên vật liệu
2026-06-16,2161.08,2168.11,2150.6,2159.43,37099487,VNMAT,Nguyên vật liệu
2026-06-17,2162.38,2169.79,2149.53,2149.53,44512006,VNMAT,Nguyên vật liệu
2026-06-18,2152.79,2161.3,2127.96,2128.0,35883442,VNMAT,Nguyên vật liệu
2026-06-19,2137.46,2142.68,2104.5,2118.94,37684103,VNMAT,Nguyên vật liệu
2026-06-22,2127.95,2135.35,2114.82,2116.9,26489479,VNMAT,Nguyên vật liệu
2026-06-23,2119.96,2123.75,2089.77,2089.77,55951911,VNMAT,Nguyên vật liệu
2026-06-24,2094.76,2105.69,2081.09,2099.88,33971102,VNMAT,Nguyên vật liệu
2026-06-25,2102.88,2106.68,2085.02,2089.48,24216964,VNMAT,Nguyên vật liệu
2026-06-26,2087.15,2096.02,2082.09,2089.65,31909906,VNMAT,Nguyên vật liệu
2026-06-29,2090.21,2105.28,2089.49,2105.28,31271287,VNMAT,Nguyên vật liệu
2026-06-30,2109.69,2113.26,2081.64,2085.65,43148420,VNMAT,Nguyên vật liệu
2026-07-01,2094.38,2103.74,2089.91,2098.91,30621233,VNMAT,Nguyên vật liệu
2026-07-02,2102.08,2111.83,2092.96,2092.96,27035649,VNMAT,Nguyên vật liệu
2026-07-03,2093.56,2098.68,2078.25,2080.35,30454122,VNMAT,Nguyên vật liệu
2026-07-06,2090.95,2103.31,2048.98,2061.93,43088455,VNMAT,Nguyên vật liệu
2026-07-07,2070.7,2070.7,2051.48,2065.35,33532876,VNMAT,Nguyên vật liệu
2026-07-08,2069.68,2091.68,2064.86,2083.08,44371008,VNMAT,Nguyên vật liệu
2026-07-09,2081.85,2083.29,2068.06,2073.89,32802709,VNMAT,Nguyên vật liệu
2026-07-10,2073.56,2078.29,2049.17,2049.46,29511250,VNMAT,Nguyên vật liệu
2026-07-13,2051.01,2051.01,1997.24,2007.2,54334300,VNMAT,Nguyên vật liệu
2026-07-14,1998.13,2025.03,1983.98,2024.02,42628687,VNMAT,Nguyên vật liệu
2026-07-15,2030.72,2030.72,1996.03,2010.73,40541952,VNMAT,Nguyên vật liệu
2026-07-16,2001.43,2009.79,1962.78,1998.23,43072071,VNMAT,Nguyên vật liệu
2026-07-17,1999.66,2005.92,1968.05,1968.05,32258012,VNMAT,Nguyên vật liệu
2026-07-20,1961.17,1962.34,1862.64,1867.28,80155127,VNMAT,Nguyên vật liệu
2026-07-21,1862.05,1902.71,1859.19,1873.19,46751257,VNMAT,Nguyên vật liệu
2026-07-22,1878.38,1890.29,1846.58,1859.66,62908336,VNMAT,Nguyên vật liệu
2026-07-23,1860.97,1884.98,1816.01,1870.89,55962505,VNMAT,Nguyên vật liệu
2026-07-24,1866.3,1882.68,1854.96,1864.66,37712408,VNMAT,Nguyên vật liệu
2026-07-27,1874.69,1880.18,1826.92,1830.45,33752934,VNMAT,Nguyên vật liệu
2026-07-28,1815.94,1879.91,1810.05,1879.91,51393487,VNMAT,Nguyên vật liệu
2026-07-29,1885.51,1927.3,1876.4,1926.53,58758131,VNMAT,Nguyên vật liệu
2026-07-30,1932.95,1963.62,1920.21,1949.48,52169359,VNMAT,Nguyên vật liệu
2026-07-31,1954.19,1954.27,1919.0,1938.82,41957874,VNMAT,Nguyên vật liệu
2026-08-03,1932.96,2004.24,1931.17,1997.1,67423950,VNMAT,Nguyên vật liệu
2026-08-04,2000.89,2001.63,1968.94,1972.58,40089858,VNMAT,Nguyên vật liệu
2026-08-05,1988.02,2005.18,1956.92,1960.28,56347459,VNMAT,Nguyên vật liệu
2026-08-06,1977.31,1980.8,1948.09,1948.11,32928850,VNMAT,Nguyên vật liệu
2026-08-07,1951.43,1987.77,1945.18,1964.32,42294351,VNMAT,Nguyên vật liệu
2026-08-10,1991.35,1991.35,1968.11,1982.24,47032031,VNMAT,Nguyên vật liệu
2026-08-11,1990.13,1996.66,1977.28,1977.67,41209007,VNMAT,Nguyên vật liệu
2026-08-12,1975.07,1998.61,1974.83,1981.27,40094999,VNMAT,Nguyên vật liệu
2026-08-13,1989.19,1990.15,1952.5,1953.12,51579358,VNMAT,Nguyên vật liệu
2026-08-14,1951.19,1957.05,1912.38,1914.63,49953700,VNMAT,Nguyên vật liệu
2026-08-17,1915.79,1930.33,1903.0,1914.34,31018651,VNMAT,Nguyên vật liệu
2026-08-18,1911.84,1934.98,1903.6,1903.6,35495983,VNMAT,Nguyên vật liệu
