time,open,high,low,close,volume,symbol,name
2018-08-06,997.88,1003.89,995.01,996.59,73319640,VNMID,VN Mid Cap
2018-08-07,994.96,996.13,986.75,986.97,53923920,VNMID,VN Mid Cap
2018-08-08,987.08,994.27,987.08,992.94,58097030,VNMID,VN Mid Cap
2018-08-09,993.12,1003.66,993.12,995.09,60036580,VNMID,VN Mid Cap
2018-08-10,986.47,998.28,985.14,998.28,87458540,VNMID,VN Mid Cap
2018-08-13,997.18,1005.76,994.01,1005.17,54170530,VNMID,VN Mid Cap
2018-08-14,1005.27,1009.62,1004.34,1007.35,54036970,VNMID,VN Mid Cap
2018-08-15,1007.31,1007.52,991.33,993.41,68595470,VNMID,VN Mid Cap
2018-08-16,991.25,992.5,979.88,992.31,56212330,VNMID,VN Mid Cap
2018-08-17,994.53,998.14,989.62,991.18,43702230,VNMID,VN Mid Cap
2018-08-20,991.18,1000.3,991.03,999.93,66110350,VNMID,VN Mid Cap
2018-08-21,999.51,1013.07,999.51,1013.07,79705740,VNMID,VN Mid Cap
2018-08-22,1013.24,1021.16,1012.94,1013.92,78274600,VNMID,VN Mid Cap
2018-08-23,1013.87,1017.93,1011.14,1017.93,59498000,VNMID,VN Mid Cap
2018-08-24,1018.0,1019.5,1013.37,1018.7,56629620,VNMID,VN Mid Cap
2018-08-27,1019.31,1023.12,1017.68,1017.68,68904020,VNMID,VN Mid Cap
2018-08-28,1017.51,1022.41,1017.51,1022.29,57779220,VNMID,VN Mid Cap
2018-08-29,1021.42,1026.0,1017.93,1024.1,60680200,VNMID,VN Mid Cap
2018-08-30,1024.33,1031.66,1020.99,1031.66,61160930,VNMID,VN Mid Cap
2018-08-31,1031.35,1034.79,1025.61,1027.4,60585540,VNMID,VN Mid Cap
2018-09-04,1027.4,1034.79,1011.74,1015.56,72776530,VNMID,VN Mid Cap
2018-09-05,1012.8,1015.94,1004.12,1008.62,61847280,VNMID,VN Mid Cap
2018-09-06,1007.28,1010.09,999.52,1003.68,53994140,VNMID,VN Mid Cap
2018-09-07,1003.33,1008.48,998.23,1008.48,60253000,VNMID,VN Mid Cap
2018-09-10,1008.37,1008.37,1000.92,1005.25,48580960,VNMID,VN Mid Cap
2018-09-11,1002.46,1021.11,1001.69,1021.11,56374560,VNMID,VN Mid Cap
2018-09-12,1019.91,1025.72,1018.62,1020.49,65297430,VNMID,VN Mid Cap
2018-09-13,1021.14,1025.52,1020.54,1024.86,50950160,VNMID,VN Mid Cap
2018-09-14,1025.24,1027.12,1021.79,1024.52,48873890,VNMID,VN Mid Cap
2018-09-17,1024.12,1026.71,1021.75,1023.27,50468840,VNMID,VN Mid Cap
2018-09-18,1022.44,1032.62,1016.9,1032.62,57288050,VNMID,VN Mid Cap
2018-09-19,1032.62,1045.33,1032.62,1039.58,76296390,VNMID,VN Mid Cap
2018-09-20,1040.57,1051.56,1040.57,1051.56,62472380,VNMID,VN Mid Cap
2018-09-21,1052.2,1058.18,1043.94,1050.78,80477360,VNMID,VN Mid Cap
2018-09-24,1053.47,1057.82,1051.28,1052.24,60255270,VNMID,VN Mid Cap
2018-09-25,1052.52,1061.16,1049.32,1059.54,87080800,VNMID,VN Mid Cap
2018-09-26,1057.39,1070.98,1056.39,1065.96,90216990,VNMID,VN Mid Cap
2018-09-27,1066.78,1075.16,1066.78,1073.39,67863980,VNMID,VN Mid Cap
2018-09-28,1073.2,1077.39,1072.47,1073.46,70414100,VNMID,VN Mid Cap
2018-10-01,1073.4,1079.65,1067.99,1071.02,86363020,VNMID,VN Mid Cap
2018-10-02,1069.54,1074.99,1063.52,1065.78,79701920,VNMID,VN Mid Cap
2018-10-03,1065.87,1072.79,1065.87,1069.64,50985240,VNMID,VN Mid Cap
2018-10-04,1069.61,1078.76,1069.61,1078.76,51801800,VNMID,VN Mid Cap
2018-10-05,1078.66,1078.95,1066.09,1066.09,64305760,VNMID,VN Mid Cap
2018-10-08,1066.47,1067.67,1057.94,1061.92,60460820,VNMID,VN Mid Cap
2018-10-09,1061.75,1064.8,1058.11,1059.08,66782050,VNMID,VN Mid Cap
2018-10-10,1058.48,1060.48,1049.32,1052.02,60586060,VNMID,VN Mid Cap
2018-10-11,1041.98,1041.98,992.52,993.18,127602260,VNMID,VN Mid Cap
2018-10-12,980.48,1015.09,975.89,1015.09,69517900,VNMID,VN Mid Cap
2018-10-15,1024.33,1016.62,1001.02,1004.27,44611730,VNMID,VN Mid Cap
2018-10-16,1004.02,1012.04,1002.39,1012.04,38458930,VNMID,VN Mid Cap
2018-10-17,1019.84,1025.09,1016.78,1020.43,47838730,VNMID,VN Mid Cap
2018-10-18,1016.27,1019.25,1007.94,1009.77,36406420,VNMID,VN Mid Cap
2018-10-19,999.18,1009.34,991.2,1009.34,48711780,VNMID,VN Mid Cap
2018-10-22,1009.38,1013.44,993.5,993.5,52141180,VNMID,VN Mid Cap
2018-10-23,992.48,992.95,960.21,972.5,64091010,VNMID,VN Mid Cap
2018-10-24,972.04,975.24,958.97,959.35,43638830,VNMID,VN Mid Cap
2018-10-25,929.15,948.91,920.8,948.91,61817150,VNMID,VN Mid Cap
2018-10-26,956.75,958.82,938.62,938.62,50098510,VNMID,VN Mid Cap
2018-10-29,937.05,937.5,926.53,931.76,42448100,VNMID,VN Mid Cap
2018-10-30,923.27,933.05,921.01,925.97,46490240,VNMID,VN Mid Cap
2018-10-31,925.97,948.03,925.97,948.03,52359090,VNMID,VN Mid Cap
2018-11-01,925.97,950.11,925.97,940.54,45148760,VNMID,VN Mid Cap
2018-11-02,925.97,953.52,925.97,953.52,65967190,VNMID,VN Mid Cap
2018-11-05,952.49,957.46,947.56,956.86,49898400,VNMID,VN Mid Cap
2018-11-06,960.77,963.03,954.55,958.54,42945350,VNMID,VN Mid Cap
2018-11-07,957.6,958.92,948.56,954.14,39779520,VNMID,VN Mid Cap
2018-11-08,954.69,966.21,954.69,962.04,60656780,VNMID,VN Mid Cap
2018-11-09,961.99,961.99,951.12,951.62,56373850,VNMID,VN Mid Cap
2018-11-12,945.4,950.87,940.06,950.87,40049770,VNMID,VN Mid Cap
2018-11-13,939.08,944.61,936.8,941.43,33722140,VNMID,VN Mid Cap
2018-11-14,944.29,949.66,938.42,945.68,40548110,VNMID,VN Mid Cap
2018-11-15,944.97,949.1,938.86,941.71,48240830,VNMID,VN Mid Cap
2018-11-16,945.26,948.8,941.73,946.5,61211570,VNMID,VN Mid Cap
2018-11-19,946.8,954.42,946.8,954.42,46595490,VNMID,VN Mid Cap
2018-11-20,949.59,955.39,948.74,955.39,42687110,VNMID,VN Mid Cap
2018-11-21,955.33,956.85,946.11,956.85,43235090,VNMID,VN Mid Cap
2018-11-22,960.69,962.67,955.66,957.09,40251590,VNMID,VN Mid Cap
2018-11-23,956.85,957.8,948.73,950.04,37554920,VNMID,VN Mid Cap
2018-11-26,949.02,949.88,944.93,945.83,32344230,VNMID,VN Mid Cap
2018-11-27,947.04,950.83,940.19,942.84,39799270,VNMID,VN Mid Cap
2018-11-28,941.08,947.08,939.92,947.08,32410520,VNMID,VN Mid Cap
2018-11-29,950.87,954.07,942.43,944.3,36698730,VNMID,VN Mid Cap
2018-11-30,944.07,948.28,939.13,946.65,36028250,VNMID,VN Mid Cap
2018-12-03,947.01,966.27,947.01,966.27,52527640,VNMID,VN Mid Cap
2018-12-04,966.57,971.4,962.47,970.31,85117900,VNMID,VN Mid Cap
2018-12-05,970.31,970.31,959.97,967.57,50968090,VNMID,VN Mid Cap
2018-12-06,963.83,973.22,963.83,971.95,54649410,VNMID,VN Mid Cap
2018-12-07,971.95,977.98,971.95,976.72,59573770,VNMID,VN Mid Cap
2018-12-10,977.18,977.18,968.17,969.08,39254510,VNMID,VN Mid Cap
2018-12-11,970.3,971.79,962.86,967.44,41409070,VNMID,VN Mid Cap
2018-12-12,968.26,977.1,968.26,977.1,65273010,VNMID,VN Mid Cap
2018-12-13,977.3,981.06,976.2,976.84,57742950,VNMID,VN Mid Cap
2018-12-14,975.42,981.25,972.19,975.16,50558510,VNMID,VN Mid Cap
2018-12-17,972.98,972.98,955.64,955.64,60762120,VNMID,VN Mid Cap
2018-12-18,939.7,947.09,932.7,944.79,60151010,VNMID,VN Mid Cap
2018-12-19,944.42,946.84,935.34,940.7,38983520,VNMID,VN Mid Cap
2018-12-20,938.74,949.48,937.17,949.48,34400400,VNMID,VN Mid Cap
2018-12-21,943.39,948.79,938.99,948.79,39458940,VNMID,VN Mid Cap
2018-12-24,943.39,950.32,938.17,939.23,45898260,VNMID,VN Mid Cap
2018-12-25,943.39,950.32,904.06,921.8,64813720,VNMID,VN Mid Cap
2018-12-26,943.39,950.32,904.06,918.87,37349510,VNMID,VN Mid Cap
2018-12-27,943.39,950.32,904.06,932.49,40974580,VNMID,VN Mid Cap
2018-12-28,943.39,933.55,926.79,929.79,47353890,VNMID,VN Mid Cap
2019-01-02,943.39,933.55,912.29,912.29,30844770,VNMID,VN Mid Cap
2019-01-03,910.77,912.79,893.64,900.18,46736490,VNMID,VN Mid Cap
2019-01-04,896.68,903.33,886.6,903.33,42408410,VNMID,VN Mid Cap
2019-01-07,905.08,913.32,902.84,907.13,29078630,VNMID,VN Mid Cap
2019-01-08,907.27,908.76,902.84,905.28,35366950,VNMID,VN Mid Cap
2019-01-09,907.23,913.89,907.23,913.87,43479170,VNMID,VN Mid Cap
2019-01-10,914.4,917.07,912.29,913.36,36327970,VNMID,VN Mid Cap
2019-01-11,914.31,921.15,914.31,918.84,39520280,VNMID,VN Mid Cap
2019-01-14,921.16,921.16,912.43,914.38,37631620,VNMID,VN Mid Cap
2019-01-15,915.0,921.89,913.49,921.89,35711210,VNMID,VN Mid Cap
2019-01-16,922.83,926.01,920.83,921.96,42678650,VNMID,VN Mid Cap
2019-01-17,921.96,924.73,918.89,918.99,55016020,VNMID,VN Mid Cap
2019-01-18,919.65,920.48,914.34,917.5,37541870,VNMID,VN Mid Cap
2019-01-21,917.58,923.36,916.37,922.85,38851520,VNMID,VN Mid Cap
2019-01-22,923.98,934.66,923.98,930.7,48462610,VNMID,VN Mid Cap
2019-01-23,930.71,935.38,930.33,934.56,32104060,VNMID,VN Mid Cap
2019-01-24,935.32,937.2,932.24,934.39,30011720,VNMID,VN Mid Cap
2019-01-25,934.25,935.0,927.2,931.64,31044290,VNMID,VN Mid Cap
2019-01-28,932.13,935.35,929.5,931.53,31119900,VNMID,VN Mid Cap
2019-01-29,931.12,936.31,925.98,936.31,28356520,VNMID,VN Mid Cap
2019-01-30,937.35,937.92,933.03,935.62,28292540,VNMID,VN Mid Cap
2019-01-31,939.24,940.28,934.82,937.7,29730680,VNMID,VN Mid Cap
2019-02-01,938.08,948.98,936.88,948.98,26715170,VNMID,VN Mid Cap
2019-02-11,949.05,962.11,949.05,962.11,35203510,VNMID,VN Mid Cap
2019-02-12,964.35,978.41,964.35,975.76,68673120,VNMID,VN Mid Cap
2019-02-13,978.95,984.7,978.62,984.6,64707620,VNMID,VN Mid Cap
2019-02-14,984.97,988.77,982.13,985.78,57734370,VNMID,VN Mid Cap
2019-02-15,985.84,990.16,980.16,988.06,54999750,VNMID,VN Mid Cap
2019-02-18,990.85,999.82,988.94,999.82,62283730,VNMID,VN Mid Cap
2019-02-19,1001.4,1002.18,989.58,989.58,70586360,VNMID,VN Mid Cap
2019-02-20,991.39,993.23,987.13,989.76,51167040,VNMID,VN Mid Cap
2019-02-21,991.57,994.53,987.35,989.35,58561460,VNMID,VN Mid Cap
2019-02-22,988.76,992.86,984.93,992.18,67784760,VNMID,VN Mid Cap
2019-02-25,992.21,1003.12,992.21,1001.63,65599400,VNMID,VN Mid Cap
2019-02-26,1002.91,1008.89,1001.47,1008.89,89931980,VNMID,VN Mid Cap
2019-02-27,1012.99,1019.01,1012.84,1019.01,99530170,VNMID,VN Mid Cap
2019-02-28,1019.1,1023.46,1005.87,1005.87,78386230,VNMID,VN Mid Cap
2019-03-01,1005.9,1018.55,1005.9,1018.55,59878400,VNMID,VN Mid Cap
2019-03-04,1020.36,1029.99,1020.36,1029.47,102794950,VNMID,VN Mid Cap
2019-03-05,1028.08,1036.19,1026.33,1028.36,109934760,VNMID,VN Mid Cap
2019-03-06,1028.36,1033.98,1024.52,1033.98,82736250,VNMID,VN Mid Cap
2019-03-07,1034.35,1038.35,1027.2,1027.2,75350790,VNMID,VN Mid Cap
2019-03-08,1026.49,1026.49,1010.13,1013.7,79968760,VNMID,VN Mid Cap
2019-03-11,1013.82,1017.62,1009.4,1016.15,60237990,VNMID,VN Mid Cap
2019-03-12,1022.03,1024.69,1018.56,1024.69,67404350,VNMID,VN Mid Cap
2019-03-13,1024.88,1031.32,1024.3,1024.43,67620510,VNMID,VN Mid Cap
2019-03-14,1024.35,1031.2,1021.91,1028.33,64157030,VNMID,VN Mid Cap
2019-03-15,1027.7,1029.26,1021.84,1023.86,67397990,VNMID,VN Mid Cap
2019-03-18,1024.0,1029.98,1024.0,1027.2,64781420,VNMID,VN Mid Cap
2019-03-19,1027.23,1030.55,1017.42,1018.95,73722880,VNMID,VN Mid Cap
2019-03-20,1018.12,1018.12,1005.14,1016.84,56572760,VNMID,VN Mid Cap
2019-03-21,1016.28,1021.84,999.35,999.35,69363750,VNMID,VN Mid Cap
2019-03-22,1000.11,1006.12,992.7,998.86,55484340,VNMID,VN Mid Cap
2019-03-25,998.66,998.66,974.34,976.89,70298380,VNMID,VN Mid Cap
2019-03-26,976.89,986.94,976.07,983.0,57283500,VNMID,VN Mid Cap
2019-03-27,982.97,990.65,982.97,989.37,41370590,VNMID,VN Mid Cap
2019-03-28,985.75,994.64,984.46,994.64,52243250,VNMID,VN Mid Cap
2019-03-29,996.09,998.3,992.94,993.38,46268400,VNMID,VN Mid Cap
2019-04-01,993.38,1000.04,993.38,999.39,51334090,VNMID,VN Mid Cap
2019-04-02,1000.18,1007.74,998.81,1000.23,59701970,VNMID,VN Mid Cap
2019-04-03,1000.64,1004.56,998.35,1004.56,51279580,VNMID,VN Mid Cap
2019-04-04,1007.02,1010.45,1005.41,1008.67,49802210,VNMID,VN Mid Cap
2019-04-05,1010.5,1015.71,1009.54,1014.55,54412050,VNMID,VN Mid Cap
2019-04-08,1014.73,1018.29,1013.54,1017.95,61723530,VNMID,VN Mid Cap
2019-04-09,1019.57,1020.97,1007.29,1007.8,63952510,VNMID,VN Mid Cap
2019-04-10,1003.08,1003.39,993.61,998.38,56417210,VNMID,VN Mid Cap
2019-04-11,999.02,1003.95,997.61,1000.28,47122250,VNMID,VN Mid Cap
2019-04-12,1000.06,1002.39,998.19,1001.68,42244010,VNMID,VN Mid Cap
2019-04-16,997.0,997.28,986.98,996.01,53101770,VNMID,VN Mid Cap
2019-04-17,996.05,1001.72,985.7,985.7,62299970,VNMID,VN Mid Cap
2019-04-18,984.8,985.09,970.3,972.83,52137460,VNMID,VN Mid Cap
2019-04-19,972.87,983.16,972.87,978.7,36765930,VNMID,VN Mid Cap
2019-04-22,979.24,981.43,968.74,969.95,42138880,VNMID,VN Mid Cap
2019-04-23,969.63,974.19,968.66,971.6,35762240,VNMID,VN Mid Cap
2019-04-24,973.03,978.13,972.92,978.04,48309160,VNMID,VN Mid Cap
2019-04-25,979.27,979.51,973.3,974.23,44001520,VNMID,VN Mid Cap
2019-04-26,974.78,979.06,974.74,979.06,36395160,VNMID,VN Mid Cap
2019-05-02,978.82,979.61,973.43,974.99,49189870,VNMID,VN Mid Cap
2019-05-03,974.99,977.03,970.62,972.02,44616680,VNMID,VN Mid Cap
2019-05-06,970.35,970.35,953.95,955.05,51354190,VNMID,VN Mid Cap
2019-05-07,959.17,963.68,952.86,957.18,41430160,VNMID,VN Mid Cap
2019-05-08,950.82,952.22,947.01,952.22,39865500,VNMID,VN Mid Cap
2019-05-09,953.81,957.34,947.64,952.14,39568170,VNMID,VN Mid Cap
2019-05-10,956.43,959.62,952.21,959.62,44494180,VNMID,VN Mid Cap
2019-05-13,959.14,967.38,958.64,967.38,47012710,VNMID,VN Mid Cap
2019-05-14,966.07,969.57,962.84,969.57,49780140,VNMID,VN Mid Cap
2019-05-15,972.65,981.15,971.84,980.99,63519920,VNMID,VN Mid Cap
2019-05-16,981.44,985.41,981.44,981.84,53153340,VNMID,VN Mid Cap
2019-05-17,981.58,983.47,978.55,979.32,43009430,VNMID,VN Mid Cap
2019-05-20,982.47,985.54,982.22,985.54,52731960,VNMID,VN Mid Cap
2019-05-21,985.87,987.12,982.77,983.11,43400090,VNMID,VN Mid Cap
2019-05-22,985.16,987.14,980.67,981.46,42958340,VNMID,VN Mid Cap
2019-05-23,980.13,985.41,976.51,985.41,46041550,VNMID,VN Mid Cap
2019-05-24,981.08,986.87,978.73,979.56,44742430,VNMID,VN Mid Cap
2019-05-27,979.32,982.85,978.1,980.1,39293620,VNMID,VN Mid Cap
2019-05-28,982.41,983.86,978.0,983.82,51088710,VNMID,VN Mid Cap
2019-05-29,983.32,984.89,980.5,982.42,48472600,VNMID,VN Mid Cap
2019-05-30,981.71,982.96,978.9,979.73,39659270,VNMID,VN Mid Cap
2019-05-31,979.17,980.34,967.24,967.24,47701470,VNMID,VN Mid Cap
2019-06-03,964.01,964.01,951.01,951.87,52815340,VNMID,VN Mid Cap
2019-06-04,952.68,956.85,949.65,950.9,39869270,VNMID,VN Mid Cap
2019-06-05,956.37,959.74,952.62,954.02,40743900,VNMID,VN Mid Cap
2019-06-06,954.81,956.24,947.76,953.28,32118020,VNMID,VN Mid Cap
2019-06-07,955.27,963.69,955.27,963.69,36303970,VNMID,VN Mid Cap
2019-06-10,967.76,969.54,964.82,968.03,40996050,VNMID,VN Mid Cap
2019-06-11,969.0,973.8,968.79,973.8,31880860,VNMID,VN Mid Cap
2019-06-12,971.82,972.9,967.75,969.06,33682030,VNMID,VN Mid Cap
2019-06-13,965.85,967.59,963.36,967.59,33856680,VNMID,VN Mid Cap
2019-06-14,968.24,970.9,965.82,967.35,35200850,VNMID,VN Mid Cap
2019-06-17,968.28,968.51,959.8,961.09,30747830,VNMID,VN Mid Cap
2019-06-18,958.23,964.34,953.47,955.5,31238560,VNMID,VN Mid Cap
2019-06-19,959.56,964.36,959.36,961.03,37684020,VNMID,VN Mid Cap
2019-06-20,959.56,964.36,959.36,961.03,37684020,VNMID,VN Mid Cap
2019-06-21,959.56,964.36,959.36,961.03,37684020,VNMID,VN Mid Cap
2019-06-24,961.03,967.5,962.78,964.69,34722560,VNMID,VN Mid Cap
2019-06-25,961.03,966.13,961.57,966.13,42005790,VNMID,VN Mid Cap
2019-06-26,961.03,966.76,962.75,963.04,41201650,VNMID,VN Mid Cap
2019-06-27,961.03,963.73,955.17,956.6,43469400,VNMID,VN Mid Cap
2019-06-28,961.03,964.01,949.84,964.01,42438550,VNMID,VN Mid Cap
2019-07-01,961.03,969.92,965.93,968.52,40124550,VNMID,VN Mid Cap
2019-07-02,969.49,970.47,963.79,965.55,32333930,VNMID,VN Mid Cap
2019-07-03,965.01,966.93,963.62,965.11,35138450,VNMID,VN Mid Cap
2019-07-04,965.11,973.1,965.11,971.79,47674890,VNMID,VN Mid Cap
2019-07-05,971.87,975.16,971.74,972.83,42568600,VNMID,VN Mid Cap
2019-07-08,972.83,974.82,968.3,972.04,42582460,VNMID,VN Mid Cap
2019-07-09,972.11,974.35,969.11,973.6,43138430,VNMID,VN Mid Cap
2019-07-10,974.84,975.8,971.27,973.69,40143270,VNMID,VN Mid Cap
2019-07-11,975.75,976.48,974.19,975.53,51555770,VNMID,VN Mid Cap
2019-07-12,975.35,977.75,973.73,973.73,43387900,VNMID,VN Mid Cap
2019-07-15,975.35,975.35,970.76,972.8,40025700,VNMID,VN Mid Cap
2019-07-16,972.84,977.25,968.58,969.25,49651840,VNMID,VN Mid Cap
2019-07-17,969.27,974.84,968.29,974.84,47488810,VNMID,VN Mid Cap
2019-07-18,974.71,975.59,970.45,973.54,38826610,VNMID,VN Mid Cap
2019-07-19,973.5,978.43,973.5,974.15,52464100,VNMID,VN Mid Cap
2019-07-22,974.13,974.13,966.51,969.02,46849950,VNMID,VN Mid Cap
2019-07-23,969.54,971.4,967.98,969.32,44126610,VNMID,VN Mid Cap
2019-07-24,969.32,971.14,964.55,967.56,44045060,VNMID,VN Mid Cap
2019-07-25,966.16,969.11,965.95,968.94,44434440,VNMID,VN Mid Cap
2019-07-26,968.98,970.37,964.19,965.32,38217190,VNMID,VN Mid Cap
2019-07-29,965.24,966.66,959.98,962.18,36716070,VNMID,VN Mid Cap
2019-07-30,962.45,965.18,955.05,955.64,50003780,VNMID,VN Mid Cap
2019-07-31,955.65,957.15,949.79,957.15,48301070,VNMID,VN Mid Cap
2019-08-01,957.22,962.41,956.01,962.41,51920100,VNMID,VN Mid Cap
2019-08-02,962.44,962.44,955.16,960.08,49590680,VNMID,VN Mid Cap
2019-08-05,960.05,962.34,952.13,957.94,53701590,VNMID,VN Mid Cap
2019-08-06,952.63,952.63,940.52,950.15,71851820,VNMID,VN Mid Cap
2019-08-07,951.46,955.76,945.48,949.9,54744750,VNMID,VN Mid Cap
2019-08-08,948.89,958.32,948.1,958.32,59537920,VNMID,VN Mid Cap
2019-08-09,958.3,966.88,958.3,964.85,54014130,VNMID,VN Mid Cap
2019-08-12,964.9,966.42,960.6,963.5,48057120,VNMID,VN Mid Cap
2019-08-13,963.5,963.86,952.9,957.86,47928050,VNMID,VN Mid Cap
2019-08-14,960.57,962.86,956.43,957.58,46730390,VNMID,VN Mid Cap
2019-08-15,957.36,957.36,942.93,956.6,47433770,VNMID,VN Mid Cap
2019-08-16,956.39,966.86,956.39,963.73,46429750,VNMID,VN Mid Cap
2019-08-19,963.78,969.07,959.46,963.9,38498240,VNMID,VN Mid Cap
2019-08-20,964.29,968.99,964.28,968.99,44520500,VNMID,VN Mid Cap
2019-08-21,968.7,971.45,968.49,969.01,50844160,VNMID,VN Mid Cap
2019-08-22,968.91,973.25,967.5,969.36,45240860,VNMID,VN Mid Cap
2019-08-23,968.17,969.49,963.72,966.57,36462290,VNMID,VN Mid Cap
2019-08-26,965.59,965.59,957.38,961.91,47951990,VNMID,VN Mid Cap
2019-08-27,962.15,968.2,961.46,963.79,45957280,VNMID,VN Mid Cap
2019-08-28,963.88,966.28,961.96,963.51,37910050,VNMID,VN Mid Cap
2019-08-29,963.42,968.74,963.42,968.74,42523590,VNMID,VN Mid Cap
2019-08-30,970.55,974.81,970.55,973.33,44886160,VNMID,VN Mid Cap
2019-09-03,973.52,974.62,959.18,959.18,40255000,VNMID,VN Mid Cap
2019-09-04,955.48,958.59,946.95,958.59,43343430,VNMID,VN Mid Cap
2019-09-05,958.63,963.62,955.86,957.66,39369470,VNMID,VN Mid Cap
2019-09-06,958.11,960.26,955.8,957.97,34964430,VNMID,VN Mid Cap
2019-09-09,958.04,958.79,954.06,955.67,38763110,VNMID,VN Mid Cap
2019-09-10,954.88,958.53,944.63,952.47,47353160,VNMID,VN Mid Cap
2019-09-11,952.63,957.38,949.84,957.38,35687370,VNMID,VN Mid Cap
2019-09-12,959.72,964.71,959.64,964.19,43782790,VNMID,VN Mid Cap
2019-09-13,964.42,970.26,963.54,970.0,40152890,VNMID,VN Mid Cap
2019-09-16,969.87,975.23,969.67,975.23,46567410,VNMID,VN Mid Cap
2019-09-17,975.16,980.74,971.94,980.54,50886090,VNMID,VN Mid Cap
2019-09-18,979.98,983.51,978.53,979.95,44608490,VNMID,VN Mid Cap
2019-09-19,979.68,980.87,977.08,980.87,44374760,VNMID,VN Mid Cap
2019-09-20,980.77,982.57,975.45,975.45,57940370,VNMID,VN Mid Cap
2019-09-23,975.45,979.16,968.97,970.5,41429150,VNMID,VN Mid Cap
2019-09-24,970.5,974.35,968.96,974.35,39653730,VNMID,VN Mid Cap
2019-09-25,974.24,977.01,972.05,975.63,39206090,VNMID,VN Mid Cap
2019-09-26,975.62,981.24,975.62,980.81,41877760,VNMID,VN Mid Cap
2019-09-27,980.81,984.0,980.41,982.33,48771120,VNMID,VN Mid Cap
2019-09-30,984.75,987.61,982.82,983.22,56337430,VNMID,VN Mid Cap
2019-10-01,983.94,987.03,981.8,987.03,49056880,VNMID,VN Mid Cap
2019-10-02,987.03,989.19,982.38,983.87,49691180,VNMID,VN Mid Cap
2019-10-03,983.32,985.27,976.73,985.27,44965550,VNMID,VN Mid Cap
2019-10-04,985.35,989.14,981.13,982.29,50247520,VNMID,VN Mid Cap
2019-10-07,983.8,984.49,975.38,976.07,54220650,VNMID,VN Mid Cap
2019-10-08,976.07,977.72,972.17,977.67,43543790,VNMID,VN Mid Cap
2019-10-09,977.71,978.95,975.52,977.75,37388270,VNMID,VN Mid Cap
2019-10-10,977.75,980.08,976.15,977.96,44722390,VNMID,VN Mid Cap
2019-10-11,977.99,981.71,975.53,978.82,41184880,VNMID,VN Mid Cap
2019-10-14,979.65,984.18,978.01,979.85,44660020,VNMID,VN Mid Cap
2019-10-15,979.85,980.98,977.75,980.84,40118430,VNMID,VN Mid Cap
2019-10-16,980.84,984.17,978.35,978.78,66379600,VNMID,VN Mid Cap
2019-10-17,978.77,981.06,976.59,981.06,59630200,VNMID,VN Mid Cap
2019-10-18,981.08,984.66,978.2,979.6,53170380,VNMID,VN Mid Cap
2019-10-21,980.91,981.93,973.94,975.84,51499560,VNMID,VN Mid Cap
2019-10-22,976.1,976.82,971.42,973.54,88016590,VNMID,VN Mid Cap
2019-10-23,973.54,974.71,969.95,970.82,56972200,VNMID,VN Mid Cap
2019-10-24,970.78,977.43,970.78,977.43,45769650,VNMID,VN Mid Cap
2019-10-25,977.71,978.57,973.4,974.75,40676150,VNMID,VN Mid Cap
2019-10-28,975.24,979.82,975.24,976.69,48043090,VNMID,VN Mid Cap
2019-10-29,977.6,978.57,970.98,972.95,70920540,VNMID,VN Mid Cap
2019-10-30,972.84,978.12,972.31,978.12,56828510,VNMID,VN Mid Cap
2019-10-31,977.96,978.05,967.6,968.48,63380280,VNMID,VN Mid Cap
2019-11-01,968.49,969.88,965.05,969.88,67073370,VNMID,VN Mid Cap
2019-11-04,969.93,972.67,969.06,971.03,65014340,VNMID,VN Mid Cap
2019-11-05,972.3,974.29,971.21,974.29,57275520,VNMID,VN Mid Cap
2019-11-06,974.38,977.89,972.18,976.31,64073430,VNMID,VN Mid Cap
2019-11-07,976.86,977.96,973.94,975.09,50787130,VNMID,VN Mid Cap
2019-11-08,975.09,977.82,973.77,974.28,46829620,VNMID,VN Mid Cap
2019-11-11,974.31,975.09,969.85,971.07,44812040,VNMID,VN Mid Cap
2019-11-12,971.1,974.4,970.39,972.22,53407970,VNMID,VN Mid Cap
2019-11-13,972.58,975.22,968.72,970.09,48151650,VNMID,VN Mid Cap
2019-11-14,971.2,972.04,965.64,969.07,48933340,VNMID,VN Mid Cap
2019-11-15,969.84,971.16,966.22,966.22,52432620,VNMID,VN Mid Cap
2019-11-18,966.85,969.56,960.57,962.76,48913590,VNMID,VN Mid Cap
2019-11-19,963.0,966.82,961.41,966.82,38003140,VNMID,VN Mid Cap
2019-11-20,966.82,969.82,966.82,969.82,62017080,VNMID,VN Mid Cap
2019-11-21,969.78,970.63,964.77,966.92,47403430,VNMID,VN Mid Cap
2019-11-22,967.15,968.34,952.35,954.84,68604540,VNMID,VN Mid Cap
2019-11-25,953.5,956.19,947.27,948.68,50227090,VNMID,VN Mid Cap
2019-11-26,948.88,956.18,945.74,949.88,44623650,VNMID,VN Mid Cap
2019-11-27,950.42,952.1,948.56,952.1,46199060,VNMID,VN Mid Cap
2019-11-28,951.96,953.77,944.65,947.36,39948330,VNMID,VN Mid Cap
2019-11-29,947.39,950.66,944.97,950.38,35386550,VNMID,VN Mid Cap
2019-12-02,951.23,954.19,938.96,941.91,48851120,VNMID,VN Mid Cap
2019-12-03,942.09,942.84,935.54,939.28,46219150,VNMID,VN Mid Cap
2019-12-04,939.26,945.22,936.39,945.22,37324440,VNMID,VN Mid Cap
2019-12-05,946.08,948.27,941.22,943.48,44028080,VNMID,VN Mid Cap
2019-12-06,943.44,945.14,941.63,945.06,29877520,VNMID,VN Mid Cap
2019-12-09,945.11,947.84,941.43,945.38,42585040,VNMID,VN Mid Cap
2019-12-10,945.34,946.44,935.91,940.02,43135670,VNMID,VN Mid Cap
2019-12-11,939.59,941.16,934.29,938.24,40543860,VNMID,VN Mid Cap
2019-12-12,938.33,944.73,936.02,944.73,43223610,VNMID,VN Mid Cap
2019-12-13,944.74,947.4,939.34,941.6,42100500,VNMID,VN Mid Cap
2019-12-16,941.59,943.17,938.87,942.81,55819400,VNMID,VN Mid Cap
2019-12-17,942.81,943.55,933.12,936.36,74771560,VNMID,VN Mid Cap
2019-12-18,936.36,936.36,927.54,929.53,40980890,VNMID,VN Mid Cap
2019-12-19,928.57,930.71,924.84,924.84,36938040,VNMID,VN Mid Cap
2019-12-20,924.84,927.71,921.92,922.58,46641420,VNMID,VN Mid Cap
2019-12-23,926.01,926.99,922.08,923.81,48888170,VNMID,VN Mid Cap
2019-12-24,923.01,925.08,919.89,924.12,45851550,VNMID,VN Mid Cap
2019-12-25,924.23,928.2,922.84,928.13,51125440,VNMID,VN Mid Cap
2019-12-26,928.13,931.08,925.92,927.94,50943780,VNMID,VN Mid Cap
2019-12-27,926.98,929.61,923.83,929.61,42102940,VNMID,VN Mid Cap
2019-12-30,929.72,932.04,926.08,929.53,48422130,VNMID,VN Mid Cap
2019-12-31,928.55,928.87,924.29,928.87,41461710,VNMID,VN Mid Cap
2020-01-02,928.87,931.71,926.23,931.18,39452140,VNMID,VN Mid Cap
2020-01-03,931.18,936.83,927.63,930.37,47328630,VNMID,VN Mid Cap
2020-01-06,930.39,930.42,924.04,928.85,50692160,VNMID,VN Mid Cap
2020-01-07,928.85,931.15,925.84,928.73,38597010,VNMID,VN Mid Cap
2020-01-08,928.52,928.73,910.62,913.99,61452260,VNMID,VN Mid Cap
2020-01-09,920.24,921.5,913.96,920.83,43567070,VNMID,VN Mid Cap
2020-01-10,920.89,922.73,918.7,922.47,41215090,VNMID,VN Mid Cap
2020-01-13,922.47,924.12,918.75,920.15,39202450,VNMID,VN Mid Cap
2020-01-14,920.11,928.84,919.05,928.83,40093820,VNMID,VN Mid Cap
2020-01-15,928.05,933.29,928.03,933.09,36833500,VNMID,VN Mid Cap
2020-01-16,933.09,935.27,931.96,934.75,39430570,VNMID,VN Mid Cap
2020-01-17,934.75,937.33,932.35,932.44,34429870,VNMID,VN Mid Cap
2020-01-20,932.37,934.06,927.92,929.07,32209970,VNMID,VN Mid Cap
2020-01-21,929.07,935.39,926.08,935.39,34694350,VNMID,VN Mid Cap
2020-01-22,935.47,942.66,934.47,942.66,38306950,VNMID,VN Mid Cap
2020-01-30,942.7,942.7,917.35,922.78,52708270,VNMID,VN Mid Cap
2020-01-31,922.46,922.78,896.32,896.47,63643620,VNMID,VN Mid Cap
2020-02-03,896.47,896.47,852.39,876.59,88896520,VNMID,VN Mid Cap
2020-02-04,876.65,880.96,864.32,872.09,55661510,VNMID,VN Mid Cap
2020-02-05,872.33,877.52,869.84,875.18,48009000,VNMID,VN Mid Cap
2020-02-06,875.18,892.24,874.53,892.24,57387930,VNMID,VN Mid Cap
2020-02-07,892.24,899.7,890.84,894.38,45599880,VNMID,VN Mid Cap
2020-02-10,895.25,895.25,885.54,890.9,38648390,VNMID,VN Mid Cap
2020-02-11,890.9,895.63,890.59,895.63,40270100,VNMID,VN Mid Cap
2020-02-12,895.55,906.11,895.55,906.11,52777130,VNMID,VN Mid Cap
2020-02-13,906.06,907.77,901.72,907.1,42125630,VNMID,VN Mid Cap
2020-02-14,907.24,908.22,902.33,908.22,40453210,VNMID,VN Mid Cap
2020-02-17,908.19,909.16,902.89,904.87,41408100,VNMID,VN Mid Cap
2020-02-18,904.87,907.39,901.16,906.14,48183530,VNMID,VN Mid Cap
2020-02-19,906.14,907.29,903.44,906.28,49995880,VNMID,VN Mid Cap
2020-02-20,906.28,911.69,906.28,911.57,55532750,VNMID,VN Mid Cap
2020-02-21,911.57,913.65,905.69,908.18,49537150,VNMID,VN Mid Cap
2020-02-24,907.99,908.18,872.94,875.69,89311980,VNMID,VN Mid Cap
2020-02-25,875.52,879.63,856.54,879.63,53096790,VNMID,VN Mid Cap
2020-02-26,879.2,879.2,864.34,869.77,36358180,VNMID,VN Mid Cap
2020-02-27,869.76,873.57,864.7,873.28,34659070,VNMID,VN Mid Cap
2020-02-28,872.27,873.28,851.52,859.57,56535930,VNMID,VN Mid Cap
2020-03-02,859.75,862.68,854.77,862.68,43007630,VNMID,VN Mid Cap
2020-03-03,863.31,872.84,862.68,872.51,55569670,VNMID,VN Mid Cap
2020-03-04,872.39,878.06,867.99,877.61,78577600,VNMID,VN Mid Cap
2020-03-05,877.64,883.96,876.46,877.69,70007140,VNMID,VN Mid Cap
2020-03-06,877.65,877.69,869.38,877.3,51796950,VNMID,VN Mid Cap
2020-03-09,876.93,876.93,823.24,826.13,78592740,VNMID,VN Mid Cap
2020-03-10,823.84,828.78,799.03,826.17,66052690,VNMID,VN Mid Cap
2020-03-11,826.28,831.37,791.82,805.06,71942280,VNMID,VN Mid Cap
2020-03-12,804.68,805.06,756.23,764.82,104513100,VNMID,VN Mid Cap
2020-03-13,731.43,764.82,722.24,749.76,86626280,VNMID,VN Mid Cap
2020-03-16,749.82,750.11,734.94,743.84,77551050,VNMID,VN Mid Cap
2020-03-17,743.72,756.13,722.9,756.13,59885620,VNMID,VN Mid Cap
2020-03-18,756.11,762.94,754.12,760.08,67384900,VNMID,VN Mid Cap
2020-03-19,759.95,759.95,734.32,745.98,73086900,VNMID,VN Mid Cap
2020-03-20,745.98,745.98,730.61,739.19,46601210,VNMID,VN Mid Cap
2020-03-23,739.18,739.18,696.17,700.05,75868170,VNMID,VN Mid Cap
2020-03-24,700.49,700.49,682.69,696.84,62428860,VNMID,VN Mid Cap
2020-03-25,697.35,715.31,697.35,714.6,52875040,VNMID,VN Mid Cap
2020-03-26,714.1,714.6,700.83,700.83,48092050,VNMID,VN Mid Cap
2020-03-27,700.83,702.39,689.58,693.45,55318790,VNMID,VN Mid Cap
2020-03-30,692.71,692.71,662.06,669.23,52840140,VNMID,VN Mid Cap
2020-03-31,669.57,675.61,644.88,658.37,69257810,VNMID,VN Mid Cap
2020-04-01,657.05,671.59,651.1,669.6,70805550,VNMID,VN Mid Cap
2020-04-03,669.6,683.57,669.38,682.34,51959840,VNMID,VN Mid Cap
2020-04-06,682.74,711.11,682.34,710.9,75931120,VNMID,VN Mid Cap
2020-04-07,710.93,723.53,706.5,718.53,88772660,VNMID,VN Mid Cap
2020-04-08,720.02,724.25,702.76,723.73,74016700,VNMID,VN Mid Cap
2020-04-09,723.93,736.66,723.73,734.69,71117460,VNMID,VN Mid Cap
2020-04-10,732.76,734.77,724.67,730.78,72499960,VNMID,VN Mid Cap
2020-04-13,731.12,739.72,730.29,735.61,62019580,VNMID,VN Mid Cap
2020-04-14,735.61,739.6,726.31,736.56,70736140,VNMID,VN Mid Cap
2020-04-15,736.69,754.49,736.56,752.98,83216780,VNMID,VN Mid Cap
2020-04-16,753.11,761.6,745.7,760.5,79561020,VNMID,VN Mid Cap
2020-04-17,760.79,777.17,760.79,776.21,91108640,VNMID,VN Mid Cap
2020-04-20,776.26,787.23,773.15,783.73,121414110,VNMID,VN Mid Cap
2020-04-21,782.11,783.73,747.75,753.35,130862240,VNMID,VN Mid Cap
2020-04-22,753.11,763.0,735.89,762.98,69805550,VNMID,VN Mid Cap
2020-04-23,766.29,777.47,763.68,766.38,63502990,VNMID,VN Mid Cap
2020-04-24,766.38,769.57,760.39,769.07,92916380,VNMID,VN Mid Cap
2020-04-27,772.92,776.9,769.46,774.12,95034890,VNMID,VN Mid Cap
2020-04-28,774.06,780.03,770.89,776.86,71378500,VNMID,VN Mid Cap
2020-04-29,776.65,782.96,776.65,782.04,71247300,VNMID,VN Mid Cap
2020-05-04,781.04,781.04,768.45,769.63,106889420,VNMID,VN Mid Cap
2020-05-05,769.59,775.64,766.2,775.63,55283620,VNMID,VN Mid Cap
2020-05-06,775.93,785.73,775.93,785.7,64606000,VNMID,VN Mid Cap
2020-05-07,785.7,793.25,785.7,792.98,70357910,VNMID,VN Mid Cap
2020-05-08,793.13,803.25,793.13,794.98,104707030,VNMID,VN Mid Cap
2020-05-11,795.01,808.35,794.98,808.35,87448700,VNMID,VN Mid Cap
2020-05-12,808.35,827.77,804.17,827.7,105093960,VNMID,VN Mid Cap
2020-05-13,827.74,843.11,818.5,837.65,110551380,VNMID,VN Mid Cap
2020-05-14,840.75,846.51,832.5,840.7,99053550,VNMID,VN Mid Cap
2020-05-15,838.48,845.35,826.57,831.52,93398330,VNMID,VN Mid Cap
2020-05-18,831.14,836.03,823.7,835.25,74631910,VNMID,VN Mid Cap
2020-05-19,835.29,847.65,835.25,844.27,99831170,VNMID,VN Mid Cap
2020-05-20,841.79,846.74,840.86,844.91,77380040,VNMID,VN Mid Cap
2020-05-21,845.06,850.89,843.89,844.37,83196320,VNMID,VN Mid Cap
2020-05-22,844.37,850.07,839.56,839.56,94292900,VNMID,VN Mid Cap
2020-05-25,839.6,854.73,839.6,854.73,92510420,VNMID,VN Mid Cap
2020-05-26,854.73,870.78,854.73,870.64,121906100,VNMID,VN Mid Cap
2020-05-27,870.67,877.91,855.96,855.96,134077950,VNMID,VN Mid Cap
2020-05-28,855.95,861.0,851.29,856.87,90911280,VNMID,VN Mid Cap
2020-05-29,857.44,863.12,854.0,862.52,97384800,VNMID,VN Mid Cap
2020-06-01,862.5,877.12,862.5,876.48,108817760,VNMID,VN Mid Cap
2020-06-02,877.19,884.0,868.34,868.94,179128170,VNMID,VN Mid Cap
2020-06-03,868.72,879.84,868.26,879.51,103780350,VNMID,VN Mid Cap
2020-06-04,884.2,890.4,879.48,885.98,137527240,VNMID,VN Mid Cap
2020-06-05,885.98,901.22,879.79,901.22,143659540,VNMID,VN Mid Cap
2020-06-08,901.52,923.6,901.22,919.06,169089540,VNMID,VN Mid Cap
2020-06-09,919.09,923.89,914.24,918.37,145537660,VNMID,VN Mid Cap
2020-06-10,919.23,929.9,908.69,927.83,198818400,VNMID,VN Mid Cap
2020-06-11,928.22,938.8,888.56,888.92,234904580,VNMID,VN Mid Cap
2020-06-12,886.27,890.69,851.72,890.69,182888070,VNMID,VN Mid Cap
2020-06-15,892.78,897.68,862.02,863.93,162328240,VNMID,VN Mid Cap
2020-06-16,864.02,881.74,863.93,881.74,110895840,VNMID,VN Mid Cap
2020-06-17,882.45,884.92,873.14,878.12,94195980,VNMID,VN Mid Cap
2020-06-18,878.2,879.29,868.3,879.08,68985890,VNMID,VN Mid Cap
2020-06-19,879.19,898.7,878.7,898.7,133153750,VNMID,VN Mid Cap
2020-06-22,898.73,908.57,898.73,902.3,102975470,VNMID,VN Mid Cap
2020-06-23,913.75,914.8,900.93,908.95,148982090,VNMID,VN Mid Cap
2020-06-24,909.6,910.05,891.7,895.36,136172870,VNMID,VN Mid Cap
2020-06-25,895.15,895.15,879.33,894.1,113188350,VNMID,VN Mid Cap
2020-06-26,894.13,901.07,883.64,890.64,112531280,VNMID,VN Mid Cap
2020-06-29,890.64,890.64,857.41,866.21,122712600,VNMID,VN Mid Cap
2020-06-30,866.13,874.14,848.17,860.21,117574960,VNMID,VN Mid Cap
2020-07-01,860.13,876.09,855.25,874.92,99118950,VNMID,VN Mid Cap
2020-07-02,875.04,878.81,871.23,876.12,78302910,VNMID,VN Mid Cap
2020-07-03,876.22,881.68,876.22,879.82,63284290,VNMID,VN Mid Cap
2020-07-06,880.89,887.06,879.82,885.65,56531330,VNMID,VN Mid Cap
2020-07-07,885.85,890.02,881.67,882.01,113846650,VNMID,VN Mid Cap
2020-07-08,882.01,887.26,880.97,886.7,66234620,VNMID,VN Mid Cap
2020-07-09,886.65,900.96,886.65,900.9,87145620,VNMID,VN Mid Cap
2020-07-10,900.91,905.6,897.63,902.42,84765000,VNMID,VN Mid Cap
2020-07-13,902.41,911.36,899.88,902.88,69377250,VNMID,VN Mid Cap
2020-07-14,902.74,907.38,898.01,907.38,66262820,VNMID,VN Mid Cap
2020-07-15,907.39,913.18,906.7,906.7,79827440,VNMID,VN Mid Cap
2020-07-16,906.82,909.44,904.59,906.73,78236390,VNMID,VN Mid Cap
2020-07-17,906.83,908.63,904.24,906.23,85775320,VNMID,VN Mid Cap
2020-07-20,906.23,907.7,896.14,896.14,100153300,VNMID,VN Mid Cap
2020-07-21,896.1,899.32,888.58,896.47,86668940,VNMID,VN Mid Cap
2020-07-22,896.54,900.4,887.08,891.42,72479090,VNMID,VN Mid Cap
2020-07-23,891.26,891.26,879.03,885.98,69579050,VNMID,VN Mid Cap
2020-07-24,885.98,885.98,839.69,853.65,157617080,VNMID,VN Mid Cap
2020-07-27,853.65,853.65,805.43,809.24,135255880,VNMID,VN Mid Cap
2020-07-28,809.18,839.25,807.58,839.22,104822230,VNMID,VN Mid Cap
2020-07-29,816.79,839.22,798.39,818.72,113036250,VNMID,VN Mid Cap
2020-07-30,819.02,827.66,818.51,824.98,52666840,VNMID,VN Mid Cap
2020-07-31,824.97,824.97,812.71,817.11,87294430,VNMID,VN Mid Cap
2020-08-03,817.11,837.39,817.11,837.39,80959740,VNMID,VN Mid Cap
2020-08-04,837.43,854.72,837.43,852.31,80614020,VNMID,VN Mid Cap
2020-08-05,852.32,865.28,847.1,864.41,85803720,VNMID,VN Mid Cap
2020-08-06,864.41,867.99,856.76,863.16,80546920,VNMID,VN Mid Cap
2020-08-07,863.03,866.79,858.48,866.79,83357430,VNMID,VN Mid Cap
2020-08-10,866.79,879.37,866.79,874.26,101195090,VNMID,VN Mid Cap
2020-08-11,874.29,878.2,871.56,876.1,81725230,VNMID,VN Mid Cap
2020-08-12,876.1,879.8,872.49,877.16,80885770,VNMID,VN Mid Cap
2020-08-13,877.29,885.45,877.29,881.38,68748230,VNMID,VN Mid Cap
2020-08-14,883.97,887.43,874.11,877.74,97780840,VNMID,VN Mid Cap
2020-08-17,877.66,882.16,869.31,882.16,73213510,VNMID,VN Mid Cap
2020-08-18,882.22,889.79,882.16,886.61,76926010,VNMID,VN Mid Cap
2020-08-19,886.48,895.01,885.56,894.45,85465420,VNMID,VN Mid Cap
2020-08-20,894.51,897.52,889.76,893.53,82699780,VNMID,VN Mid Cap
2020-08-21,893.51,906.66,893.36,906.66,92909350,VNMID,VN Mid Cap
2020-08-24,907.26,918.34,906.66,916.35,115000410,VNMID,VN Mid Cap
2020-08-25,916.57,923.06,914.58,919.61,111322330,VNMID,VN Mid Cap
2020-08-26,919.75,926.35,916.86,924.59,117617800,VNMID,VN Mid Cap
2020-08-27,924.61,931.0,923.51,931.0,104264620,VNMID,VN Mid Cap
2020-08-28,933.06,934.89,927.42,927.42,105568160,VNMID,VN Mid Cap
2020-08-31,927.76,932.28,919.2,919.69,110277380,VNMID,VN Mid Cap
2020-09-01,921.82,933.98,919.35,933.98,104303260,VNMID,VN Mid Cap
2020-09-03,933.88,940.54,933.14,940.48,107382980,VNMID,VN Mid Cap
2020-09-04,939.76,940.64,926.12,940.35,104499910,VNMID,VN Mid Cap
2020-09-07,940.35,951.58,935.84,935.84,140431610,VNMID,VN Mid Cap
2020-09-08,935.88,943.35,934.87,943.23,78977190,VNMID,VN Mid Cap
2020-09-09,942.73,949.99,935.24,949.6,99203700,VNMID,VN Mid Cap
2020-09-10,949.67,958.5,949.67,955.08,96967120,VNMID,VN Mid Cap
2020-09-11,954.98,958.96,951.46,958.93,91839120,VNMID,VN Mid Cap
2020-09-14,959.1,967.76,959.03,967.3,141818060,VNMID,VN Mid Cap
2020-09-15,974.97,975.49,967.3,968.91,122680660,VNMID,VN Mid Cap
2020-09-16,968.75,973.23,967.62,973.13,122016250,VNMID,VN Mid Cap
2020-09-17,973.13,976.77,966.32,973.01,147766410,VNMID,VN Mid Cap
2020-09-18,972.96,982.8,972.72,982.43,112526150,VNMID,VN Mid Cap
2020-09-21,982.53,989.02,982.53,983.52,127957120,VNMID,VN Mid Cap
2020-09-22,983.21,987.66,976.78,987.22,129215200,VNMID,VN Mid Cap
2020-09-23,985.59,992.45,985.59,990.18,120640880,VNMID,VN Mid Cap
2020-09-24,989.75,993.18,986.37,990.22,128628280,VNMID,VN Mid Cap
2020-09-25,990.32,993.03,980.55,983.72,114373880,VNMID,VN Mid Cap
2020-09-28,983.25,991.46,983.25,991.46,141970580,VNMID,VN Mid Cap
2020-09-29,991.52,996.65,980.26,980.39,169633040,VNMID,VN Mid Cap
2020-09-30,980.42,989.35,975.67,988.92,112058090,VNMID,VN Mid Cap
2020-10-01,989.02,1004.34,988.92,1004.34,119915930,VNMID,VN Mid Cap
2020-10-02,1004.32,1008.06,982.08,1003.78,190216760,VNMID,VN Mid Cap
2020-10-05,1004.17,1020.34,1003.78,1020.34,177085270,VNMID,VN Mid Cap
2020-10-06,1020.19,1026.16,1017.18,1024.66,174840820,VNMID,VN Mid Cap
2020-10-07,1024.61,1027.87,1017.72,1019.68,172654160,VNMID,VN Mid Cap
2020-10-08,1020.15,1023.09,1007.37,1013.22,166469240,VNMID,VN Mid Cap
2020-10-09,1013.21,1020.26,1012.03,1016.27,118542920,VNMID,VN Mid Cap
2020-10-12,1016.9,1023.26,1007.55,1008.27,152325710,VNMID,VN Mid Cap
2020-10-13,1008.42,1010.37,1001.51,1008.21,124952180,VNMID,VN Mid Cap
2020-10-14,1008.13,1012.53,1007.34,1009.4,108939280,VNMID,VN Mid Cap
2020-10-15,1009.19,1015.11,1006.48,1007.7,163071960,VNMID,VN Mid Cap
2020-10-16,1007.83,1012.2,999.87,1007.25,133972630,VNMID,VN Mid Cap
2020-10-19,1007.32,1014.05,1007.32,1008.94,95030110,VNMID,VN Mid Cap
2020-10-20,1011.0,1016.64,1007.39,1016.64,106905050,VNMID,VN Mid Cap
2020-10-21,1016.81,1020.43,1003.86,1004.04,117651240,VNMID,VN Mid Cap
2020-10-22,1004.04,1007.93,993.46,1007.93,93609430,VNMID,VN Mid Cap
2020-10-23,1007.83,1013.08,1006.41,1009.77,107735510,VNMID,VN Mid Cap
2020-10-26,1009.77,1013.36,995.27,995.27,122530300,VNMID,VN Mid Cap
2020-10-27,994.96,995.27,983.9,985.69,118878200,VNMID,VN Mid Cap
2020-10-28,980.44,982.24,963.2,963.2,130019660,VNMID,VN Mid Cap
2020-10-29,957.76,972.77,955.3,968.17,95991960,VNMID,VN Mid Cap
2020-10-30,968.17,974.46,962.23,971.39,87115800,VNMID,VN Mid Cap
2020-11-02,971.09,984.03,971.09,984.03,107174940,VNMID,VN Mid Cap
2020-11-03,984.36,993.33,984.36,992.89,95149520,VNMID,VN Mid Cap
2020-11-04,992.89,1009.55,992.89,1007.66,128036720,VNMID,VN Mid Cap
2020-11-05,1007.66,1010.6,999.04,1000.04,89238300,VNMID,VN Mid Cap
2020-11-06,1000.04,1004.54,997.23,1004.54,99682870,VNMID,VN Mid Cap
2020-11-09,1004.58,1023.88,1004.58,1023.88,150116320,VNMID,VN Mid Cap
2020-11-10,1024.5,1036.82,1023.44,1023.44,161391450,VNMID,VN Mid Cap
2020-11-11,1024.16,1030.97,1022.68,1026.69,138204270,VNMID,VN Mid Cap
2020-11-12,1026.97,1036.88,1026.97,1036.88,126035850,VNMID,VN Mid Cap
2020-11-13,1036.83,1046.55,1036.54,1043.86,164735320,VNMID,VN Mid Cap
2020-11-16,1044.21,1050.63,1034.54,1035.28,170940000,VNMID,VN Mid Cap
2020-11-17,1035.36,1052.35,1035.36,1052.03,125935580,VNMID,VN Mid Cap
2020-11-18,1052.54,1060.16,1051.63,1060.15,145591250,VNMID,VN Mid Cap
2020-11-19,1060.36,1064.25,1054.35,1059.21,164097150,VNMID,VN Mid Cap
2020-11-20,1059.25,1071.92,1055.01,1071.56,184840520,VNMID,VN Mid Cap
2020-11-23,1071.56,1076.75,1065.04,1074.75,141219140,VNMID,VN Mid Cap
2020-11-24,1074.84,1082.58,1067.15,1079.02,172408620,VNMID,VN Mid Cap
2020-11-25,1079.04,1085.16,1073.84,1074.21,134427000,VNMID,VN Mid Cap
2020-11-26,1074.28,1078.09,1068.69,1076.79,128460030,VNMID,VN Mid Cap
2020-11-27,1076.77,1087.23,1076.77,1086.98,116580340,VNMID,VN Mid Cap
2020-11-30,1087.17,1097.07,1087.01,1088.1,148405330,VNMID,VN Mid Cap
2020-12-01,1087.39,1095.1,1074.04,1093.72,173405480,VNMID,VN Mid Cap
2020-12-02,1093.72,1102.88,1093.72,1098.51,145934260,VNMID,VN Mid Cap
2020-12-03,1098.45,1113.72,1098.43,1113.72,161218670,VNMID,VN Mid Cap
2020-12-04,1113.82,1121.48,1111.0,1117.7,186899140,VNMID,VN Mid Cap
2020-12-07,1117.75,1127.04,1115.23,1123.87,159975790,VNMID,VN Mid Cap
2020-12-08,1123.25,1130.66,1120.08,1128.5,189541090,VNMID,VN Mid Cap
2020-12-09,1128.5,1136.71,1128.5,1133.24,161385300,VNMID,VN Mid Cap
2020-12-10,1133.42,1138.97,1118.97,1118.97,187453480,VNMID,VN Mid Cap
2020-12-11,1118.97,1131.05,1114.15,1130.92,145509740,VNMID,VN Mid Cap
2020-12-14,1131.0,1148.91,1131.0,1147.25,159935480,VNMID,VN Mid Cap
2020-12-15,1147.34,1158.39,1141.46,1152.5,232773290,VNMID,VN Mid Cap
2020-12-16,1152.52,1164.11,1152.52,1160.29,188541320,VNMID,VN Mid Cap
2020-12-17,1159.18,1169.02,1151.65,1156.59,195406970,VNMID,VN Mid Cap
2020-12-18,1156.7,1179.2,1156.04,1177.56,181033090,VNMID,VN Mid Cap
2020-12-21,1177.77,1203.79,1177.77,1202.68,225051520,VNMID,VN Mid Cap
2020-12-22,1202.71,1229.15,1199.95,1228.9,235001320,VNMID,VN Mid Cap
2020-12-23,1228.63,1241.91,1215.99,1220.21,231479840,VNMID,VN Mid Cap
2020-12-24,1220.66,1226.58,1166.14,1207.64,230800830,VNMID,VN Mid Cap
2020-12-25,1207.89,1232.99,1199.91,1232.34,192671160,VNMID,VN Mid Cap
2020-12-28,1233.76,1252.02,1232.34,1245.4,237014040,VNMID,VN Mid Cap
2020-12-29,1243.91,1263.11,1237.93,1257.41,217537580,VNMID,VN Mid Cap
2020-12-30,1256.77,1263.87,1248.06,1252.37,195623020,VNMID,VN Mid Cap
2020-12-31,1252.53,1266.02,1249.73,1265.67,165300740,VNMID,VN Mid Cap
2021-01-04,1270.72,1299.59,1270.72,1294.87,201571700,VNMID,VN Mid Cap
2021-01-05,1294.87,1314.91,1291.47,1308.05,206590000,VNMID,VN Mid Cap
2021-01-06,1308.37,1321.59,1302.54,1307.23,214912400,VNMID,VN Mid Cap
2021-01-07,1307.23,1330.23,1303.63,1330.23,218143800,VNMID,VN Mid Cap
2021-01-08,1330.51,1349.73,1326.06,1337.14,231618000,VNMID,VN Mid Cap
2021-01-11,1337.64,1350.75,1329.31,1349.91,238156900,VNMID,VN Mid Cap
2021-01-12,1349.81,1369.84,1341.59,1369.84,210224500,VNMID,VN Mid Cap
2021-01-13,1369.56,1376.65,1357.27,1361.67,231103400,VNMID,VN Mid Cap
2021-01-14,1361.67,1377.99,1352.65,1377.66,222475900,VNMID,VN Mid Cap
2021-01-15,1382.45,1395.76,1382.45,1392.58,253022500,VNMID,VN Mid Cap
2021-01-18,1392.73,1418.47,1392.58,1406.88,232237700,VNMID,VN Mid Cap
2021-01-19,1406.82,1414.99,1319.06,1345.25,247932100,VNMID,VN Mid Cap
2021-01-20,1345.25,1354.46,1279.9,1339.86,234948300,VNMID,VN Mid Cap
2021-01-21,1340.04,1383.98,1337.26,1383.57,205917400,VNMID,VN Mid Cap
2021-01-22,1383.33,1413.19,1383.33,1398.97,248886000,VNMID,VN Mid Cap
2021-01-25,1403.24,1430.15,1396.91,1421.8,219746600,VNMID,VN Mid Cap
2021-01-26,1421.78,1430.03,1364.28,1382.81,253212900,VNMID,VN Mid Cap
2021-01-27,1381.84,1383.48,1320.71,1332.28,255184500,VNMID,VN Mid Cap
2021-01-28,1331.35,1331.35,1243.64,1247.41,198572400,VNMID,VN Mid Cap
2021-01-29,1244.92,1292.42,1183.54,1279.6,270647200,VNMID,VN Mid Cap
2021-02-01,1279.09,1289.42,1231.1,1238.38,213414900,VNMID,VN Mid Cap
2021-02-02,1238.04,1261.76,1207.06,1261.19,215951800,VNMID,VN Mid Cap
2021-02-03,1261.51,1312.26,1261.51,1308.59,254860000,VNMID,VN Mid Cap
2021-02-04,1308.46,1328.83,1300.48,1318.64,169243600,VNMID,VN Mid Cap
2021-02-05,1318.64,1335.46,1314.66,1334.54,171804800,VNMID,VN Mid Cap
2021-02-08,1334.54,1338.17,1275.43,1288.34,218393300,VNMID,VN Mid Cap
2021-02-09,1291.63,1321.59,1276.7,1321.59,164660700,VNMID,VN Mid Cap
2021-02-17,1321.65,1379.59,1321.59,1379.59,178190200,VNMID,VN Mid Cap
2021-02-18,1379.69,1403.09,1375.33,1401.99,225629800,VNMID,VN Mid Cap
2021-02-19,1401.84,1411.75,1384.34,1402.45,172681000,VNMID,VN Mid Cap
2021-02-22,1402.39,1411.33,1387.02,1401.01,185785000,VNMID,VN Mid Cap
2021-02-23,1400.98,1403.1,1388.16,1392.97,173820200,VNMID,VN Mid Cap
2021-02-24,1393.16,1402.66,1365.43,1375.34,183959200,VNMID,VN Mid Cap
2021-02-25,1375.89,1385.56,1362.8,1376.75,152912700,VNMID,VN Mid Cap
2021-02-26,1376.67,1385.64,1353.64,1384.59,163910100,VNMID,VN Mid Cap
2021-03-01,1384.64,1415.25,1384.59,1415.12,186442100,VNMID,VN Mid Cap
2021-03-02,1416.54,1427.14,1406.76,1409.9,175034000,VNMID,VN Mid Cap
2021-03-03,1409.9,1417.49,1402.52,1415.69,194544300,VNMID,VN Mid Cap
2021-03-04,1415.69,1425.94,1376.72,1395.31,221197400,VNMID,VN Mid Cap
2021-03-05,1395.38,1396.5,1367.94,1395.69,167557800,VNMID,VN Mid Cap
2021-03-08,1399.48,1418.3,1399.48,1411.53,196977000,VNMID,VN Mid Cap
2021-03-09,1411.53,1421.36,1392.15,1416.15,191775400,VNMID,VN Mid Cap
2021-03-10,1416.47,1427.2,1408.06,1427.2,195739600,VNMID,VN Mid Cap
2021-03-11,1427.58,1441.23,1427.58,1439.0,193987400,VNMID,VN Mid Cap
2021-03-12,1439.0,1445.84,1433.17,1438.22,195442200,VNMID,VN Mid Cap
2021-03-15,1438.24,1448.44,1436.43,1443.46,218038500,VNMID,VN Mid Cap
2021-03-16,1443.54,1450.13,1431.18,1446.41,226250800,VNMID,VN Mid Cap
2021-03-17,1446.57,1448.47,1440.68,1446.13,221198900,VNMID,VN Mid Cap
2021-03-18,1446.21,1462.06,1446.13,1460.46,197233400,VNMID,VN Mid Cap
2021-03-19,1460.15,1475.68,1456.99,1475.68,219744500,VNMID,VN Mid Cap
2021-03-22,1475.68,1485.14,1462.16,1470.9,227347700,VNMID,VN Mid Cap
2021-03-23,1470.82,1470.9,1438.57,1453.42,234177000,VNMID,VN Mid Cap
2021-03-24,1451.57,1451.57,1406.69,1419.43,221951500,VNMID,VN Mid Cap
2021-03-25,1419.09,1426.68,1403.82,1418.62,216465000,VNMID,VN Mid Cap
2021-03-26,1417.62,1418.68,1367.05,1414.33,243481900,VNMID,VN Mid Cap
2021-03-29,1414.48,1437.98,1414.48,1437.98,208369300,VNMID,VN Mid Cap
2021-03-30,1437.87,1458.74,1437.87,1458.74,227171500,VNMID,VN Mid Cap
2021-03-31,1458.82,1472.25,1452.72,1462.87,244994000,VNMID,VN Mid Cap
2021-04-01,1462.87,1482.72,1462.73,1482.72,197482500,VNMID,VN Mid Cap
2021-04-02,1482.72,1496.11,1478.83,1487.64,192558700,VNMID,VN Mid Cap
2021-04-05,1491.61,1508.94,1487.61,1495.87,180192600,VNMID,VN Mid Cap
2021-04-06,1495.78,1502.53,1490.87,1500.01,192818200,VNMID,VN Mid Cap
2021-04-07,1499.94,1512.75,1495.57,1512.75,204601200,VNMID,VN Mid Cap
2021-04-08,1512.79,1521.21,1505.66,1517.09,228440000,VNMID,VN Mid Cap
2021-04-09,1516.4,1522.98,1514.19,1520.32,238354400,VNMID,VN Mid Cap
2021-04-12,1521.55,1543.08,1521.55,1543.04,280479600,VNMID,VN Mid Cap
2021-04-13,1543.04,1556.58,1517.92,1518.55,342915100,VNMID,VN Mid Cap
2021-04-14,1517.45,1539.27,1494.99,1539.27,300943900,VNMID,VN Mid Cap
2021-04-15,1539.45,1553.55,1532.35,1533.11,242154100,VNMID,VN Mid Cap
2021-04-16,1530.99,1539.98,1497.52,1515.25,365318300,VNMID,VN Mid Cap
2021-04-19,1515.2,1532.75,1505.05,1532.45,273596200,VNMID,VN Mid Cap
2021-04-20,1532.45,1539.94,1510.15,1520.51,232428100,VNMID,VN Mid Cap
2021-04-22,1519.88,1520.51,1455.74,1455.83,245134600,VNMID,VN Mid Cap
2021-04-23,1455.82,1492.0,1438.27,1491.74,200663300,VNMID,VN Mid Cap
2021-04-26,1491.78,1499.49,1453.4,1459.96,239766700,VNMID,VN Mid Cap
2021-04-27,1460.1,1464.25,1441.96,1458.46,173261500,VNMID,VN Mid Cap
2021-04-28,1458.46,1479.48,1453.23,1479.48,157139000,VNMID,VN Mid Cap
2021-04-29,1479.58,1485.78,1474.02,1483.59,150882000,VNMID,VN Mid Cap
2021-05-04,1482.27,1482.27,1443.53,1467.95,216137500,VNMID,VN Mid Cap
2021-05-05,1467.95,1498.83,1467.95,1488.86,156422200,VNMID,VN Mid Cap
2021-05-06,1488.96,1507.0,1485.38,1485.43,206471200,VNMID,VN Mid Cap
2021-05-07,1485.0,1489.27,1459.6,1469.85,203001500,VNMID,VN Mid Cap
2021-05-10,1469.56,1479.19,1455.32,1475.43,168760000,VNMID,VN Mid Cap
2021-05-11,1475.69,1507.83,1475.43,1490.47,205308800,VNMID,VN Mid Cap
2021-05-12,1490.53,1511.48,1487.71,1511.22,186348900,VNMID,VN Mid Cap
2021-05-13,1511.17,1524.14,1505.77,1509.11,181128700,VNMID,VN Mid Cap
2021-05-14,1509.7,1517.42,1504.99,1511.91,190332600,VNMID,VN Mid Cap
2021-05-17,1511.92,1519.88,1491.5,1497.09,194331400,VNMID,VN Mid Cap
2021-05-18,1496.77,1498.02,1478.01,1481.82,186791300,VNMID,VN Mid Cap
2021-05-19,1481.82,1488.88,1476.87,1485.85,170724100,VNMID,VN Mid Cap
2021-05-20,1485.72,1487.16,1473.65,1476.66,184192100,VNMID,VN Mid Cap
2021-05-21,1476.62,1505.58,1472.58,1496.83,168073800,VNMID,VN Mid Cap
2021-05-24,1497.47,1528.38,1496.83,1524.87,215075400,VNMID,VN Mid Cap
2021-05-25,1525.05,1544.8,1524.87,1538.01,197470200,VNMID,VN Mid Cap
2021-05-26,1537.7,1551.37,1533.29,1548.69,200155100,VNMID,VN Mid Cap
2021-05-27,1548.52,1568.39,1542.65,1549.69,198503400,VNMID,VN Mid Cap
2021-05-28,1550.33,1575.0,1546.14,1574.7,190309700,VNMID,VN Mid Cap
2021-05-31,1574.67,1591.03,1553.73,1591.03,181010500,VNMID,VN Mid Cap
2021-06-01,1591.14,1607.89,1589.17,1589.81,151687400,VNMID,VN Mid Cap
2021-06-02,1589.81,1597.94,1577.1,1597.94,252079100,VNMID,VN Mid Cap
2021-06-03,1599.51,1644.17,1599.51,1639.84,251201200,VNMID,VN Mid Cap
2021-06-04,1639.84,1665.32,1639.84,1664.93,276523300,VNMID,VN Mid Cap
2021-06-07,1665.05,1675.44,1627.88,1649.12,270889900,VNMID,VN Mid Cap
2021-06-08,1647.97,1657.15,1593.67,1595.28,275210300,VNMID,VN Mid Cap
2021-06-09,1594.4,1615.96,1563.37,1604.12,251064000,VNMID,VN Mid Cap
2021-06-10,1603.55,1611.99,1592.39,1603.59,228591800,VNMID,VN Mid Cap
2021-06-11,1603.83,1635.39,1603.59,1626.36,202369900,VNMID,VN Mid Cap
2021-06-14,1625.99,1656.94,1625.99,1646.12,248880800,VNMID,VN Mid Cap
2021-06-15,1646.07,1671.84,1646.07,1668.28,249264500,VNMID,VN Mid Cap
2021-06-16,1668.07,1676.91,1651.42,1661.63,260178000,VNMID,VN Mid Cap
2021-06-17,1661.63,1686.76,1641.25,1685.98,285292600,VNMID,VN Mid Cap
2021-06-18,1686.41,1708.87,1685.98,1705.13,314303800,VNMID,VN Mid Cap
2021-06-21,1707.54,1711.58,1687.61,1694.92,278127900,VNMID,VN Mid Cap
2021-06-22,1695.27,1704.99,1691.07,1693.88,243938600,VNMID,VN Mid Cap
2021-06-23,1693.95,1694.4,1668.41,1673.97,233695800,VNMID,VN Mid Cap
2021-06-24,1673.97,1678.53,1660.52,1665.64,185379100,VNMID,VN Mid Cap
2021-06-25,1665.37,1674.94,1649.67,1674.89,183655400,VNMID,VN Mid Cap
2021-06-28,1675.33,1696.02,1674.89,1694.77,208526100,VNMID,VN Mid Cap
2021-06-29,1694.7,1704.25,1686.58,1691.9,189057900,VNMID,VN Mid Cap
2021-06-30,1691.9,1694.31,1682.67,1683.89,167716800,VNMID,VN Mid Cap
2021-07-01,1683.89,1701.63,1673.18,1700.93,224006700,VNMID,VN Mid Cap
2021-07-02,1700.93,1711.1,1700.33,1704.68,199166000,VNMID,VN Mid Cap
2021-07-05,1685.02,1704.06,1668.26,1685.02,237259100,VNMID,VN Mid Cap
2021-07-06,1613.93,1688.48,1613.93,1613.93,234386200,VNMID,VN Mid Cap
2021-07-07,1611.85,1620.1,1572.66,1612.48,216392600,VNMID,VN Mid Cap
2021-07-08,1614.19,1624.91,1589.92,1599.36,163956800,VNMID,VN Mid Cap
2021-07-09,1589.43,1602.45,1550.42,1567.33,235639400,VNMID,VN Mid Cap
2021-07-12,1545.61,1567.33,1479.79,1512.14,252824600,VNMID,VN Mid Cap
2021-07-13,1517.15,1533.03,1502.07,1533.03,159992000,VNMID,VN Mid Cap
2021-07-14,1537.1,1551.14,1495.9,1519.08,173254200,VNMID,VN Mid Cap
2021-07-15,1508.9,1546.06,1508.9,1546.06,117085700,VNMID,VN Mid Cap
2021-07-16,1551.04,1554.1,1533.93,1542.86,128875400,VNMID,VN Mid Cap
2021-07-19,1505.55,1521.06,1476.02,1483.69,226073200,VNMID,VN Mid Cap
2021-07-20,1486.11,1516.43,1461.84,1516.43,160187900,VNMID,VN Mid Cap
2021-07-21,1521.77,1531.54,1510.86,1517.67,127197200,VNMID,VN Mid Cap
2021-07-22,1517.26,1554.89,1513.88,1554.89,182260200,VNMID,VN Mid Cap
2021-07-23,1547.72,1559.84,1525.48,1525.48,160043500,VNMID,VN Mid Cap
2021-07-26,1510.6,1541.99,1506.36,1541.41,175045600,VNMID,VN Mid Cap
2021-07-27,1554.45,1559.53,1541.41,1547.36,192580000,VNMID,VN Mid Cap
2021-07-28,1541.84,1556.96,1539.85,1544.58,123663000,VNMID,VN Mid Cap
2021-07-29,1550.69,1566.97,1548.01,1566.97,140350100,VNMID,VN Mid Cap
2021-07-30,1570.8,1589.9,1566.97,1589.25,184022200,VNMID,VN Mid Cap
2021-08-02,1584.78,1599.5,1574.91,1586.36,216089800,VNMID,VN Mid Cap
2021-08-03,1588.93,1599.21,1576.14,1597.69,221145700,VNMID,VN Mid Cap
2021-08-04,1602.11,1613.02,1595.58,1608.29,222898000,VNMID,VN Mid Cap
2021-08-05,1603.18,1629.68,1597.1,1629.68,200335200,VNMID,VN Mid Cap
2021-08-06,1632.7,1638.85,1621.98,1624.43,250848100,VNMID,VN Mid Cap
2021-08-09,1617.23,1652.91,1616.25,1652.91,234429000,VNMID,VN Mid Cap
2021-08-10,1664.09,1667.69,1651.41,1663.31,273457100,VNMID,VN Mid Cap
2021-08-11,1665.66,1671.15,1653.5,1653.5,291435600,VNMID,VN Mid Cap
2021-08-12,1648.7,1668.77,1644.59,1650.19,278529400,VNMID,VN Mid Cap
2021-08-13,1647.49,1657.87,1617.49,1657.87,285404400,VNMID,VN Mid Cap
2021-08-16,1672.76,1690.29,1669.51,1687.47,311285700,VNMID,VN Mid Cap
2021-08-17,1690.01,1697.51,1678.16,1687.24,276528500,VNMID,VN Mid Cap
2021-08-18,1680.21,1696.02,1678.83,1686.66,250827600,VNMID,VN Mid Cap
2021-08-19,1686.1,1697.45,1679.37,1689.85,232158300,VNMID,VN Mid Cap
2021-08-20,1689.47,1698.76,1615.04,1639.12,455217200,VNMID,VN Mid Cap
2021-08-23,1627.49,1638.48,1595.78,1595.78,278974800,VNMID,VN Mid Cap
2021-08-24,1594.52,1610.9,1569.81,1584.34,229641500,VNMID,VN Mid Cap
2021-08-25,1587.51,1603.45,1573.15,1603.45,167048600,VNMID,VN Mid Cap
2021-08-26,1608.51,1626.48,1599.41,1609.11,188464100,VNMID,VN Mid Cap
2021-08-27,1598.49,1633.71,1589.75,1633.39,246632100,VNMID,VN Mid Cap
2021-08-30,1652.69,1671.72,1646.35,1671.72,249345000,VNMID,VN Mid Cap
2021-08-31,1679.64,1690.19,1672.31,1680.55,305594100,VNMID,VN Mid Cap
2021-09-01,1671.48,1686.76,1670.98,1684.65,252972200,VNMID,VN Mid Cap
2021-09-06,1694.98,1713.48,1684.65,1707.91,340738200,VNMID,VN Mid Cap
2021-09-07,1710.61,1711.54,1685.81,1690.32,317414700,VNMID,VN Mid Cap
2021-09-08,1690.05,1699.86,1670.45,1684.67,221852900,VNMID,VN Mid Cap
2021-09-09,1686.79,1699.76,1682.39,1699.6,202809100,VNMID,VN Mid Cap
2021-09-10,1704.59,1707.68,1697.66,1698.35,181970200,VNMID,VN Mid Cap
2021-09-13,1699.02,1700.02,1673.05,1679.74,278139600,VNMID,VN Mid Cap
2021-09-14,1679.13,1681.72,1660.01,1666.3,214798300,VNMID,VN Mid Cap
2021-09-15,1660.9,1683.9,1656.97,1682.17,192596600,VNMID,VN Mid Cap
2021-09-16,1686.07,1695.21,1678.3,1684.9,169387900,VNMID,VN Mid Cap
2021-09-17,1690.43,1712.53,1689.33,1709.11,278813100,VNMID,VN Mid Cap
2021-09-20,1727.59,1730.16,1705.16,1708.73,302874200,VNMID,VN Mid Cap
2021-09-21,1683.2,1714.77,1677.82,1710.05,303589100,VNMID,VN Mid Cap
2021-09-22,1718.22,1727.59,1707.38,1727.53,251138700,VNMID,VN Mid Cap
2021-09-23,1744.25,1751.53,1714.71,1714.71,307442300,VNMID,VN Mid Cap
2021-09-24,1716.8,1721.7,1694.73,1702.85,220273200,VNMID,VN Mid Cap
2021-09-27,1705.74,1709.23,1645.41,1645.41,262257500,VNMID,VN Mid Cap
2021-09-28,1638.96,1674.22,1623.54,1674.22,196460300,VNMID,VN Mid Cap
2021-09-29,1665.64,1672.57,1647.99,1667.97,182963400,VNMID,VN Mid Cap
2021-09-30,1673.82,1679.28,1667.97,1672.89,155445200,VNMID,VN Mid Cap
2021-10-01,1666.9,1678.66,1654.13,1657.85,205719300,VNMID,VN Mid Cap
2021-10-04,1658.25,1675.47,1644.29,1658.82,235758000,VNMID,VN Mid Cap
2021-10-05,1665.21,1676.4,1658.82,1676.32,214681000,VNMID,VN Mid Cap
2021-10-06,1682.26,1689.02,1676.32,1684.76,203995300,VNMID,VN Mid Cap
2021-10-07,1691.48,1705.07,1684.76,1699.71,233210000,VNMID,VN Mid Cap
2021-10-08,1706.63,1711.45,1698.16,1702.89,198382500,VNMID,VN Mid Cap
2021-10-11,1711.51,1724.24,1702.89,1722.97,212837700,VNMID,VN Mid Cap
2021-10-12,1729.04,1733.34,1716.69,1731.46,232707500,VNMID,VN Mid Cap
2021-10-13,1734.3,1740.32,1727.96,1733.81,202444800,VNMID,VN Mid Cap
2021-10-14,1738.08,1753.25,1733.81,1746.33,237381000,VNMID,VN Mid Cap
2021-10-15,1752.23,1756.68,1739.38,1750.27,238875400,VNMID,VN Mid Cap
2021-10-18,1756.97,1759.7,1744.48,1746.5,270544700,VNMID,VN Mid Cap
2021-10-19,1745.89,1751.18,1734.79,1745.52,193838100,VNMID,VN Mid Cap
2021-10-20,1751.39,1757.42,1727.91,1748.96,218414800,VNMID,VN Mid Cap
2021-10-21,1756.27,1761.49,1748.96,1761.49,207717800,VNMID,VN Mid Cap
2021-10-22,1767.71,1778.18,1761.49,1776.85,252149400,VNMID,VN Mid Cap
2021-10-25,1781.83,1786.5,1766.8,1766.8,253589100,VNMID,VN Mid Cap
2021-10-26,1759.69,1785.93,1747.54,1785.93,226592000,VNMID,VN Mid Cap
2021-10-27,1796.33,1815.45,1785.93,1815.45,280172900,VNMID,VN Mid Cap
2021-10-28,1822.74,1834.52,1815.45,1833.48,260639300,VNMID,VN Mid Cap
2021-10-29,1838.49,1846.25,1826.96,1831.69,308738500,VNMID,VN Mid Cap
2021-11-01,1846.55,1865.84,1831.69,1855.24,353500900,VNMID,VN Mid Cap
2021-11-02,1861.38,1900.49,1855.24,1900.49,314983700,VNMID,VN Mid Cap
2021-11-03,1917.84,1926.26,1869.26,1869.26,467815500,VNMID,VN Mid Cap
2021-11-04,1868.22,1896.48,1853.82,1890.75,260916000,VNMID,VN Mid Cap
2021-11-05,1901.14,1917.14,1888.93,1913.0,268535300,VNMID,VN Mid Cap
2021-11-08,1918.97,1952.76,1913.0,1946.92,356638800,VNMID,VN Mid Cap
2021-11-09,1960.81,1971.69,1946.92,1961.87,330057100,VNMID,VN Mid Cap
2021-11-10,1967.25,1987.09,1957.97,1983.48,310570900,VNMID,VN Mid Cap
2021-11-11,1993.81,2015.5,1963.67,1994.94,406924600,VNMID,VN Mid Cap
2021-11-12,2004.84,2036.01,1993.18,2036.01,303870400,VNMID,VN Mid Cap
2021-11-15,2061.28,2068.75,2022.04,2048.17,402436600,VNMID,VN Mid Cap
2021-11-16,2031.01,2053.55,2007.2,2028.69,387896300,VNMID,VN Mid Cap
2021-11-17,2028.16,2043.89,2022.22,2041.81,255121400,VNMID,VN Mid Cap
2021-11-18,2052.15,2077.68,2047.92,2065.81,336853600,VNMID,VN Mid Cap
2021-11-19,2084.29,2099.96,1985.34,2041.89,492925000,VNMID,VN Mid Cap
2021-11-22,2047.47,2056.06,1992.15,1992.15,408342300,VNMID,VN Mid Cap
2021-11-23,1969.35,2005.52,1956.85,2005.52,279174100,VNMID,VN Mid Cap
2021-11-24,2026.02,2048.3,2005.52,2046.89,310281000,VNMID,VN Mid Cap
2021-11-25,2058.79,2088.77,2045.41,2086.48,313497300,VNMID,VN Mid Cap
2021-11-26,2101.28,2105.26,2053.51,2070.35,300713200,VNMID,VN Mid Cap
2021-11-29,2024.49,2082.66,2024.44,2070.75,299075600,VNMID,VN Mid Cap
2021-11-30,2093.19,2119.57,2058.94,2078.98,358913700,VNMID,VN Mid Cap
2021-12-01,2080.53,2096.85,2065.69,2088.88,272344700,VNMID,VN Mid Cap
2021-12-02,2095.34,2104.15,2080.54,2080.54,250461500,VNMID,VN Mid Cap
2021-12-03,2086.12,2095.76,2007.45,2007.45,322013500,VNMID,VN Mid Cap
2021-12-06,2005.61,2014.6,1902.95,1928.66,324699500,VNMID,VN Mid Cap
2021-12-07,1953.94,1983.94,1926.53,1980.3,217336000,VNMID,VN Mid Cap
2021-12-08,1994.85,2022.75,1980.3,1999.74,232831100,VNMID,VN Mid Cap
2021-12-09,1994.53,2033.87,1994.53,2033.87,204150800,VNMID,VN Mid Cap
2021-12-10,2038.08,2054.93,2032.82,2042.73,264185200,VNMID,VN Mid Cap
2021-12-13,2060.0,2085.85,2042.73,2083.91,288770200,VNMID,VN Mid Cap
2021-12-14,2092.39,2110.57,2078.9,2102.24,306841800,VNMID,VN Mid Cap
2021-12-15,2108.19,2118.66,2085.12,2099.0,326238200,VNMID,VN Mid Cap
2021-12-16,2109.39,2128.62,2099.0,2128.23,302372900,VNMID,VN Mid Cap
2021-12-17,2145.16,2145.33,2128.23,2132.9,351924000,VNMID,VN Mid Cap
2021-12-20,2130.41,2134.99,2097.7,2124.4,311660300,VNMID,VN Mid Cap
2021-12-21,2120.62,2150.14,2113.56,2147.33,310392800,VNMID,VN Mid Cap
2021-12-22,2169.22,2181.58,2147.33,2160.64,345647300,VNMID,VN Mid Cap
2021-12-23,2163.42,2165.34,2088.91,2136.33,434645800,VNMID,VN Mid Cap
2021-12-24,2150.44,2170.55,2123.55,2167.78,261320400,VNMID,VN Mid Cap
2021-12-27,2176.53,2204.99,2150.61,2202.45,256281900,VNMID,VN Mid Cap
2021-12-28,2223.12,2249.38,2213.46,2231.35,319729800,VNMID,VN Mid Cap
2021-12-29,2250.68,2252.91,2214.82,2214.82,269314200,VNMID,VN Mid Cap
2021-12-30,2215.21,2230.82,2206.55,2212.97,233043300,VNMID,VN Mid Cap
2021-12-31,2220.49,2233.81,2208.05,2232.77,276213900,VNMID,VN Mid Cap
2022-01-04,2232.77,2277.48,2232.77,2267.66,269703100,VNMID,VN Mid Cap
2022-01-05,2283.02,2305.41,2267.66,2283.66,357073600,VNMID,VN Mid Cap
2022-01-06,2277.79,2313.38,2269.83,2299.82,377163500,VNMID,VN Mid Cap
2022-01-07,2306.53,2324.64,2302.06,2317.19,313608400,VNMID,VN Mid Cap
2022-01-10,2317.9,2338.7,2245.22,2245.22,534331500,VNMID,VN Mid Cap
2022-01-11,2245.17,2286.74,2221.25,2232.83,485908200,VNMID,VN Mid Cap
2022-01-12,2212.2,2236.62,2152.27,2224.82,390991900,VNMID,VN Mid Cap
2022-01-13,2227.93,2243.52,2157.87,2160.55,275191600,VNMID,VN Mid Cap
2022-01-14,2119.93,2170.34,2101.66,2144.44,269414300,VNMID,VN Mid Cap
2022-01-17,2156.63,2158.32,2038.35,2039.28,281325300,VNMID,VN Mid Cap
2022-01-18,1987.61,2039.28,1965.41,1985.55,215568600,VNMID,VN Mid Cap
2022-01-19,1968.76,2001.68,1964.52,2001.46,182814400,VNMID,VN Mid Cap
2022-01-20,2001.51,2061.64,1994.02,2055.62,259367100,VNMID,VN Mid Cap
2022-01-21,2070.86,2080.17,2055.66,2066.77,259269800,VNMID,VN Mid Cap
2022-01-24,2053.65,2066.77,1975.01,1979.69,249717600,VNMID,VN Mid Cap
2022-01-25,1949.12,2031.65,1949.12,2031.65,233506300,VNMID,VN Mid Cap
2022-01-26,2043.42,2057.85,2027.52,2029.86,249432600,VNMID,VN Mid Cap
2022-01-27,2023.76,2041.3,1998.77,2009.99,168263800,VNMID,VN Mid Cap
2022-01-28,2005.6,2029.37,1991.21,2025.16,212892700,VNMID,VN Mid Cap
2022-02-07,2052.62,2065.88,2042.06,2052.59,176385400,VNMID,VN Mid Cap
2022-02-08,2045.69,2070.79,2037.45,2063.36,245730700,VNMID,VN Mid Cap
2022-02-09,2062.19,2088.54,2062.19,2083.2,265529000,VNMID,VN Mid Cap
2022-02-10,2095.85,2098.92,2074.8,2086.94,186840300,VNMID,VN Mid Cap
2022-02-11,2080.37,2106.73,2079.22,2094.46,207453700,VNMID,VN Mid Cap
2022-02-14,2064.32,2090.16,2049.21,2049.21,252523300,VNMID,VN Mid Cap
2022-02-15,2054.13,2082.32,2040.85,2082.21,185150500,VNMID,VN Mid Cap
2022-02-16,2099.05,2105.85,2093.06,2102.87,248085600,VNMID,VN Mid Cap
2022-02-17,2105.31,2116.26,2100.34,2113.62,216729100,VNMID,VN Mid Cap
2022-02-18,2098.69,2132.39,2093.88,2132.39,255589200,VNMID,VN Mid Cap
2022-02-21,2135.33,2166.91,2132.51,2149.87,259777800,VNMID,VN Mid Cap
2022-02-22,2148.0,2148.0,2092.12,2122.04,311501700,VNMID,VN Mid Cap
2022-02-23,2133.04,2160.04,2131.84,2143.48,245650900,VNMID,VN Mid Cap
2022-02-24,2146.82,2159.61,2065.17,2124.13,402885700,VNMID,VN Mid Cap
2022-02-25,2142.42,2167.28,2140.17,2148.31,263385100,VNMID,VN Mid Cap
2022-02-28,2152.29,2159.18,2133.61,2138.44,241030300,VNMID,VN Mid Cap
2022-03-01,2144.67,2165.7,2142.13,2161.32,291684300,VNMID,VN Mid Cap
2022-03-02,2160.66,2164.2,2124.32,2138.63,293797100,VNMID,VN Mid Cap
2022-03-03,2146.62,2171.9,2139.01,2171.9,311327300,VNMID,VN Mid Cap
2022-03-04,2178.02,2194.05,2171.9,2177.96,289083700,VNMID,VN Mid Cap
2022-03-07,2174.06,2190.37,2164.13,2179.54,308208900,VNMID,VN Mid Cap
2022-03-08,2157.28,2175.79,2128.08,2128.08,369195300,VNMID,VN Mid Cap
2022-03-09,2136.59,2149.07,2090.59,2143.05,341067900,VNMID,VN Mid Cap
2022-03-10,2153.52,2173.21,2153.52,2156.32,208468900,VNMID,VN Mid Cap
2022-03-11,2157.61,2166.74,2130.27,2144.64,318557900,VNMID,VN Mid Cap
2022-03-14,2131.53,2136.87,2101.84,2109.33,298754700,VNMID,VN Mid Cap
2022-03-15,2108.74,2132.03,2095.42,2130.26,239613100,VNMID,VN Mid Cap
2022-03-16,2146.71,2152.68,2140.35,2149.38,192394700,VNMID,VN Mid Cap
2022-03-17,2162.42,2163.67,2142.45,2152.32,261603300,VNMID,VN Mid Cap
2022-03-18,2158.13,2170.7,2152.78,2158.97,254934800,VNMID,VN Mid Cap
2022-03-21,2163.81,2195.14,2163.81,2195.14,261833300,VNMID,VN Mid Cap
2022-03-22,2206.63,2226.02,2206.63,2214.95,334449700,VNMID,VN Mid Cap
2022-03-23,2221.73,2240.53,2218.23,2228.98,306680700,VNMID,VN Mid Cap
2022-03-24,2230.75,2244.6,2221.18,2231.82,294923000,VNMID,VN Mid Cap
2022-03-25,2231.95,2243.42,2229.07,2235.99,272816700,VNMID,VN Mid Cap
2022-03-28,2235.25,2235.25,2181.31,2210.93,369754700,VNMID,VN Mid Cap
2022-03-29,2216.41,2238.47,2216.41,2231.51,237636600,VNMID,VN Mid Cap
2022-03-30,2218.88,2235.39,2184.84,2208.79,306732500,VNMID,VN Mid Cap
2022-03-31,2215.45,2222.67,2191.82,2197.95,215354300,VNMID,VN Mid Cap
2022-04-01,2186.9,2231.61,2179.59,2231.61,306319300,VNMID,VN Mid Cap
2022-04-04,2251.31,2252.25,2232.49,2232.49,298399000,VNMID,VN Mid Cap
2022-04-05,2230.54,2247.48,2226.34,2227.02,202815200,VNMID,VN Mid Cap
2022-04-06,2209.89,2232.39,2196.52,2210.63,286796900,VNMID,VN Mid Cap
2022-04-07,2210.98,2212.42,2171.77,2171.77,248808300,VNMID,VN Mid Cap
2022-04-08,2169.56,2180.85,2122.92,2122.92,242461300,VNMID,VN Mid Cap
2022-04-12,2134.54,2143.24,2067.7,2067.7,211949200,VNMID,VN Mid Cap
2022-04-13,2074.56,2122.5,2037.8,2122.5,193391500,VNMID,VN Mid Cap
2022-04-14,2134.9,2139.45,2119.49,2121.77,156871300,VNMID,VN Mid Cap
2022-04-15,2115.34,2130.71,2087.3,2092.57,190341700,VNMID,VN Mid Cap
2022-04-18,2079.26,2079.26,2008.35,2038.08,255969400,VNMID,VN Mid Cap
2022-04-19,2046.23,2062.84,1984.18,1984.18,211457000,VNMID,VN Mid Cap
2022-04-20,1978.97,1990.76,1928.06,1928.06,232007900,VNMID,VN Mid Cap
2022-04-21,1907.37,1947.58,1854.69,1914.24,283531000,VNMID,VN Mid Cap
2022-04-22,1922.28,1941.66,1841.49,1900.51,249494500,VNMID,VN Mid Cap
2022-04-25,1898.25,1903.04,1786.58,1789.27,216389600,VNMID,VN Mid Cap
2022-04-26,1749.33,1844.36,1701.54,1844.36,229391000,VNMID,VN Mid Cap
2022-04-27,1840.46,1873.75,1816.1,1873.75,142985300,VNMID,VN Mid Cap
2022-04-28,1877.44,1895.26,1867.44,1870.17,138641600,VNMID,VN Mid Cap
2022-04-29,1868.5,1916.9,1861.79,1909.15,175756100,VNMID,VN Mid Cap
2022-05-04,1900.48,1905.74,1872.42,1872.42,167286300,VNMID,VN Mid Cap
2022-05-05,1892.92,1895.64,1825.6,1863.17,172676600,VNMID,VN Mid Cap
2022-05-06,1844.69,1844.69,1806.44,1806.44,189526500,VNMID,VN Mid Cap
2022-05-09,1767.53,1778.82,1696.16,1708.03,201704900,VNMID,VN Mid Cap
2022-05-10,1692.07,1724.55,1629.31,1724.55,218852900,VNMID,VN Mid Cap
2022-05-11,1738.09,1751.77,1712.86,1751.77,128234900,VNMID,VN Mid Cap
2022-05-12,1734.31,1743.74,1658.73,1658.73,167721400,VNMID,VN Mid Cap
2022-05-13,1641.84,1656.69,1559.34,1568.14,245452000,VNMID,VN Mid Cap
2022-05-16,1595.4,1623.48,1542.44,1548.45,194478800,VNMID,VN Mid Cap
2022-05-17,1525.53,1626.05,1511.45,1626.05,187333200,VNMID,VN Mid Cap
2022-05-18,1653.59,1680.04,1638.05,1659.0,171690600,VNMID,VN Mid Cap
2022-05-19,1611.42,1675.08,1611.42,1665.79,166099800,VNMID,VN Mid Cap
2022-05-20,1669.8,1696.14,1661.2,1677.28,170427300,VNMID,VN Mid Cap
2022-05-23,1689.43,1689.91,1628.19,1645.77,167303400,VNMID,VN Mid Cap
2022-05-24,1646.73,1667.1,1606.69,1667.1,167364900,VNMID,VN Mid Cap
2022-05-25,1679.5,1732.24,1674.61,1732.24,224335800,VNMID,VN Mid Cap
2022-05-26,1735.34,1749.57,1724.57,1734.95,178620400,VNMID,VN Mid Cap
2022-05-27,1736.02,1767.71,1729.82,1757.82,191592600,VNMID,VN Mid Cap
2022-05-30,1764.44,1778.19,1753.62,1773.28,162584100,VNMID,VN Mid Cap
2022-05-31,1773.06,1784.63,1753.78,1767.16,193040800,VNMID,VN Mid Cap
2022-06-01,1763.06,1777.84,1739.47,1770.28,188200400,VNMID,VN Mid Cap
2022-06-02,1771.41,1779.76,1737.78,1747.8,193138300,VNMID,VN Mid Cap
2022-06-03,1751.5,1762.85,1726.87,1750.71,158333400,VNMID,VN Mid Cap
2022-06-06,1757.91,1778.05,1740.2,1740.2,203156100,VNMID,VN Mid Cap
2022-06-07,1729.57,1739.95,1682.61,1739.95,232900000,VNMID,VN Mid Cap
2022-06-08,1758.3,1793.94,1749.82,1786.04,201549300,VNMID,VN Mid Cap
2022-06-09,1792.91,1798.08,1770.27,1789.33,165162800,VNMID,VN Mid Cap
2022-06-10,1772.35,1801.54,1744.63,1744.63,222506000,VNMID,VN Mid Cap
2022-06-13,1683.69,1714.53,1652.51,1652.51,247274800,VNMID,VN Mid Cap
2022-06-14,1630.4,1674.6,1617.58,1647.37,194117100,VNMID,VN Mid Cap
2022-06-15,1652.69,1657.3,1572.26,1609.77,238327300,VNMID,VN Mid Cap
2022-06-16,1639.5,1647.65,1619.95,1629.56,200329800,VNMID,VN Mid Cap
2022-06-17,1586.55,1600.4,1560.69,1589.15,277872600,VNMID,VN Mid Cap
2022-06-20,1589.16,1600.08,1521.02,1523.86,239254600,VNMID,VN Mid Cap
2022-06-21,1497.15,1529.36,1474.14,1485.25,244761500,VNMID,VN Mid Cap
2022-06-22,1499.57,1510.64,1479.39,1504.57,202291200,VNMID,VN Mid Cap
2022-06-23,1505.5,1556.26,1501.88,1556.26,144125500,VNMID,VN Mid Cap
2022-06-24,1565.6,1576.6,1558.51,1559.52,167082100,VNMID,VN Mid Cap
2022-06-27,1565.54,1590.6,1557.56,1581.59,174818000,VNMID,VN Mid Cap
2022-06-28,1584.39,1608.46,1575.69,1607.29,197559300,VNMID,VN Mid Cap
2022-06-29,1593.87,1617.46,1592.02,1609.07,218196000,VNMID,VN Mid Cap
2022-06-30,1614.91,1617.32,1569.94,1569.94,192618400,VNMID,VN Mid Cap
2022-07-01,1559.48,1590.78,1521.38,1581.94,193621600,VNMID,VN Mid Cap
2022-07-04,1590.91,1606.57,1579.22,1588.37,155892300,VNMID,VN Mid Cap
2022-07-05,1589.8,1593.82,1554.43,1555.68,191745300,VNMID,VN Mid Cap
2022-07-06,1549.72,1550.59,1509.86,1513.08,200576600,VNMID,VN Mid Cap
2022-07-07,1510.45,1529.46,1496.06,1529.46,132953600,VNMID,VN Mid Cap
2022-07-08,1544.98,1565.5,1541.58,1555.9,183363600,VNMID,VN Mid Cap
2022-07-11,1548.35,1559.01,1526.09,1537.55,185996100,VNMID,VN Mid Cap
2022-07-12,1539.02,1584.34,1537.41,1584.34,211971400,VNMID,VN Mid Cap
2022-07-13,1587.45,1598.08,1576.71,1581.79,190592400,VNMID,VN Mid Cap
2022-07-14,1570.16,1597.02,1570.16,1597.02,208326000,VNMID,VN Mid Cap
2022-07-15,1600.44,1617.76,1595.98,1595.98,220213800,VNMID,VN Mid Cap
2022-07-18,1606.36,1610.4,1592.73,1599.04,194072300,VNMID,VN Mid Cap
2022-07-19,1598.68,1608.62,1582.06,1603.28,190743200,VNMID,VN Mid Cap
2022-07-20,1617.99,1641.22,1616.84,1631.47,238737300,VNMID,VN Mid Cap
2022-07-21,1635.43,1647.06,1632.59,1633.12,188525100,VNMID,VN Mid Cap
2022-07-22,1636.76,1647.17,1629.91,1629.91,175142800,VNMID,VN Mid Cap
2022-07-25,1624.86,1624.87,1606.96,1615.89,160336800,VNMID,VN Mid Cap
2022-07-26,1618.1,1623.79,1602.62,1604.52,155416000,VNMID,VN Mid Cap
2022-07-27,1603.53,1621.87,1591.65,1621.87,156861600,VNMID,VN Mid Cap
2022-07-28,1622.04,1658.31,1622.04,1646.71,235087700,VNMID,VN Mid Cap
2022-07-29,1651.41,1654.81,1636.69,1639.99,209462600,VNMID,VN Mid Cap
2022-08-01,1640.17,1678.88,1640.17,1678.88,301834100,VNMID,VN Mid Cap
2022-08-02,1678.03,1690.77,1671.33,1683.56,293584100,VNMID,VN Mid Cap
2022-08-03,1673.12,1702.12,1670.48,1702.12,287337500,VNMID,VN Mid Cap
2022-08-04,1708.61,1715.1,1690.04,1696.04,273647800,VNMID,VN Mid Cap
2022-08-05,1691.71,1708.12,1687.6,1706.3,232663200,VNMID,VN Mid Cap
2022-08-08,1710.62,1717.44,1704.42,1713.49,244395300,VNMID,VN Mid Cap
2022-08-09,1718.97,1724.04,1708.9,1718.33,249557200,VNMID,VN Mid Cap
2022-08-10,1714.77,1724.66,1712.22,1717.59,257145100,VNMID,VN Mid Cap
2022-08-11,1727.75,1737.18,1688.54,1696.68,319058300,VNMID,VN Mid Cap
2022-08-12,1694.84,1716.88,1692.55,1716.69,221498900,VNMID,VN Mid Cap
2022-08-15,1727.3,1741.74,1727.02,1739.99,260738300,VNMID,VN Mid Cap
2022-08-16,1741.3,1747.33,1736.54,1743.69,237756900,VNMID,VN Mid Cap
2022-08-17,1747.14,1753.35,1730.5,1735.97,272907700,VNMID,VN Mid Cap
2022-08-18,1730.67,1737.0,1720.64,1727.93,206551900,VNMID,VN Mid Cap
2022-08-19,1730.26,1735.91,1709.23,1718.67,221428000,VNMID,VN Mid Cap
2022-08-22,1716.38,1724.37,1695.51,1713.58,222323500,VNMID,VN Mid Cap
2022-08-23,1700.6,1738.05,1700.0,1738.05,211045100,VNMID,VN Mid Cap
2022-08-24,1741.62,1752.15,1739.32,1746.75,219995600,VNMID,VN Mid Cap
2022-08-25,1751.39,1763.28,1749.15,1761.6,237854800,VNMID,VN Mid Cap
2022-08-26,1766.57,1768.37,1745.95,1751.24,248679700,VNMID,VN Mid Cap
2022-08-29,1730.25,1732.79,1687.44,1732.79,364264200,VNMID,VN Mid Cap
2022-08-30,1733.15,1746.43,1720.91,1722.36,209884000,VNMID,VN Mid Cap
2022-08-31,1713.45,1731.85,1708.5,1729.69,203530400,VNMID,VN Mid Cap
2022-09-05,1731.26,1736.83,1726.3,1730.78,204015200,VNMID,VN Mid Cap
2022-09-06,1735.31,1747.36,1732.22,1732.22,240830000,VNMID,VN Mid Cap
2022-09-07,1728.61,1728.85,1672.36,1672.36,359782700,VNMID,VN Mid Cap
2022-09-08,1685.0,1686.83,1652.2,1652.2,229411200,VNMID,VN Mid Cap
2022-09-09,1664.01,1680.87,1631.52,1680.87,220699300,VNMID,VN Mid Cap
2022-09-12,1692.01,1692.2,1674.54,1674.54,168233163,VNMID,VN Mid Cap
2022-09-13,1678.49,1681.24,1663.78,1680.73,198065400,VNMID,VN Mid Cap
2022-09-14,1652.42,1690.47,1652.42,1690.47,265116700,VNMID,VN Mid Cap
2022-09-15,1702.37,1705.18,1692.8,1693.9,163054100,VNMID,VN Mid Cap
2022-09-16,1690.99,1693.88,1657.22,1659.64,250385200,VNMID,VN Mid Cap
2022-09-19,1659.35,1661.85,1604.4,1606.34,278550900,VNMID,VN Mid Cap
2022-09-20,1618.39,1634.65,1593.23,1634.41,178347100,VNMID,VN Mid Cap
2022-09-21,1624.06,1637.64,1618.56,1624.91,136516200,VNMID,VN Mid Cap
2022-09-22,1612.08,1643.01,1609.52,1643.01,186654600,VNMID,VN Mid Cap
2022-09-23,1643.01,1649.45,1623.85,1626.68,184358600,VNMID,VN Mid Cap
2022-09-26,1591.48,1601.1,1549.39,1565.39,301098900,VNMID,VN Mid Cap
2022-09-27,1569.93,1577.36,1555.79,1557.09,181735100,VNMID,VN Mid Cap
2022-09-28,1551.73,1560.87,1526.45,1533.81,216745244,VNMID,VN Mid Cap
2022-09-29,1544.01,1558.12,1508.52,1508.52,176614402,VNMID,VN Mid Cap
2022-09-30,1498.13,1514.56,1449.92,1510.82,258300615,VNMID,VN Mid Cap
2022-10-03,1502.74,1502.88,1433.8,1433.8,179793190,VNMID,VN Mid Cap
2022-10-04,1456.61,1460.11,1404.54,1404.54,206084968,VNMID,VN Mid Cap
2022-10-05,1427.31,1460.57,1427.31,1457.12,151820244,VNMID,VN Mid Cap
2022-10-06,1461.88,1465.78,1399.82,1409.79,193677929,VNMID,VN Mid Cap
2022-10-07,1373.99,1380.81,1333.47,1355.38,305325619,VNMID,VN Mid Cap
2022-10-10,1332.2,1377.98,1324.96,1372.27,207951894,VNMID,VN Mid Cap
2022-10-11,1367.38,1369.53,1307.38,1316.89,215767480,VNMID,VN Mid Cap
2022-10-12,1307.85,1368.53,1301.64,1364.48,224110794,VNMID,VN Mid Cap
2022-10-13,1366.48,1376.72,1354.88,1376.72,142754168,VNMID,VN Mid Cap
2022-10-14,1398.88,1414.23,1396.19,1402.18,212008525,VNMID,VN Mid Cap
2022-10-17,1394.84,1410.89,1374.53,1410.89,174006076,VNMID,VN Mid Cap
2022-10-18,1432.33,1434.29,1411.51,1416.36,201342714,VNMID,VN Mid Cap
2022-10-19,1417.26,1424.05,1404.18,1413.1,133285945,VNMID,VN Mid Cap
2022-10-20,1409.5,1413.29,1392.49,1396.58,136718247,VNMID,VN Mid Cap
2022-10-21,1396.62,1396.97,1322.6,1333.89,266839264,VNMID,VN Mid Cap
2022-10-24,1333.72,1336.87,1270.78,1284.22,205819896,VNMID,VN Mid Cap
2022-10-25,1277.91,1316.82,1239.04,1295.97,310386113,VNMID,VN Mid Cap
2022-10-26,1301.18,1311.91,1268.72,1285.71,167655859,VNMID,VN Mid Cap
2022-10-27,1281.92,1346.68,1278.76,1346.68,257891706,VNMID,VN Mid Cap
2022-10-28,1359.18,1368.05,1339.8,1339.8,217753945,VNMID,VN Mid Cap
2022-10-31,1334.84,1343.68,1301.4,1330.54,248820821,VNMID,VN Mid Cap
2022-11-01,1332.67,1349.31,1330.64,1332.96,198462952,VNMID,VN Mid Cap
2022-11-02,1334.42,1340.21,1316.58,1319.23,192787961,VNMID,VN Mid Cap
2022-11-03,1297.86,1323.81,1297.86,1318.1,170645201,VNMID,VN Mid Cap
2022-11-04,1309.91,1310.17,1261.4,1276.89,266141851,VNMID,VN Mid Cap
2022-11-07,1269.61,1275.92,1224.98,1225.63,203655865,VNMID,VN Mid Cap
2022-11-08,1197.1,1231.74,1194.52,1231.74,208012847,VNMID,VN Mid Cap
2022-11-09,1233.28,1247.0,1214.89,1220.79,204670344,VNMID,VN Mid Cap
2022-11-10,1201.48,1202.44,1150.32,1158.3,233369748,VNMID,VN Mid Cap
2022-11-11,1165.78,1171.33,1140.72,1144.33,264996350,VNMID,VN Mid Cap
2022-11-14,1127.39,1127.39,1090.77,1105.74,225514065,VNMID,VN Mid Cap
2022-11-15,1069.82,1078.73,1042.21,1055.04,206671578,VNMID,VN Mid Cap
2022-11-16,1022.28,1094.8,1000.22,1094.8,426491628,VNMID,VN Mid Cap
2022-11-17,1094.64,1125.66,1094.64,1121.59,261534283,VNMID,VN Mid Cap
2022-11-18,1123.42,1140.44,1090.95,1133.58,355949369,VNMID,VN Mid Cap
2022-11-21,1144.44,1152.44,1130.87,1135.35,239816628,VNMID,VN Mid Cap
2022-11-22,1135.78,1171.86,1127.98,1143.5,382738854,VNMID,VN Mid Cap
2022-11-23,1142.34,1154.94,1128.74,1132.17,199919883,VNMID,VN Mid Cap
2022-11-24,1126.43,1138.46,1108.77,1134.19,210209585,VNMID,VN Mid Cap
2022-11-25,1145.38,1166.72,1143.47,1166.72,231514432,VNMID,VN Mid Cap
2022-11-28,1190.33,1214.74,1186.83,1214.74,263518650,VNMID,VN Mid Cap
2022-11-29,1225.3,1246.89,1206.37,1246.89,454593800,VNMID,VN Mid Cap
2022-11-30,1256.14,1275.74,1242.71,1275.74,482036085,VNMID,VN Mid Cap
2022-12-01,1295.4,1310.3,1264.82,1272.57,499068847,VNMID,VN Mid Cap
2022-12-02,1266.71,1320.27,1254.84,1320.27,448040616,VNMID,VN Mid Cap
2022-12-05,1331.72,1354.32,1331.39,1345.97,439771503,VNMID,VN Mid Cap
2022-12-06,1338.7,1352.63,1307.1,1307.1,595781495,VNMID,VN Mid Cap
2022-12-07,1299.31,1311.1,1275.73,1285.57,326119526,VNMID,VN Mid Cap
2022-12-08,1298.77,1335.79,1298.77,1324.65,343728721,VNMID,VN Mid Cap
2022-12-09,1330.45,1335.05,1315.33,1334.57,316240446,VNMID,VN Mid Cap
2022-12-12,1340.77,1360.63,1315.07,1318.57,382936772,VNMID,VN Mid Cap
2022-12-13,1324.75,1345.16,1304.52,1345.16,308687367,VNMID,VN Mid Cap
2022-12-14,1346.47,1367.18,1346.47,1352.46,290008457,VNMID,VN Mid Cap
2022-12-15,1344.97,1363.71,1344.69,1359.91,252484498,VNMID,VN Mid Cap
2022-12-16,1343.44,1375.11,1341.89,1365.11,347308390,VNMID,VN Mid Cap
2022-12-19,1365.76,1382.97,1345.48,1345.48,367440330,VNMID,VN Mid Cap
2022-12-20,1340.51,1349.66,1291.3,1318.9,410416514,VNMID,VN Mid Cap
2022-12-21,1326.98,1329.13,1277.1,1304.12,294568819,VNMID,VN Mid Cap
2022-12-22,1307.94,1320.29,1287.34,1310.45,211137871,VNMID,VN Mid Cap
2022-12-23,1306.27,1307.5,1290.47,1302.36,183988744,VNMID,VN Mid Cap
2022-12-26,1299.91,1300.67,1245.95,1246.56,234414309,VNMID,VN Mid Cap
2022-12-27,1240.89,1285.7,1237.92,1285.7,220518765,VNMID,VN Mid Cap
2022-12-28,1292.6,1305.82,1277.46,1305.45,167260828,VNMID,VN Mid Cap
2022-12-29,1305.21,1309.44,1293.14,1296.02,143756633,VNMID,VN Mid Cap
2022-12-30,1298.68,1308.53,1293.07,1308.53,146174075,VNMID,VN Mid Cap
2023-01-03,1309.91,1342.5,1309.06,1342.5,208704297,VNMID,VN Mid Cap
2023-01-04,1347.25,1359.48,1338.92,1343.66,212149263,VNMID,VN Mid Cap
2023-01-05,1349.17,1355.5,1337.73,1351.52,195934468,VNMID,VN Mid Cap
2023-01-06,1352.65,1366.84,1339.2,1343.61,275261083,VNMID,VN Mid Cap
2023-01-09,1353.08,1359.06,1339.15,1340.09,152155949,VNMID,VN Mid Cap
2023-01-10,1343.35,1346.27,1323.55,1340.42,173199707,VNMID,VN Mid Cap
2023-01-11,1349.2,1358.58,1341.31,1341.31,216060574,VNMID,VN Mid Cap
2023-01-12,1347.86,1347.94,1330.99,1338.34,163645011,VNMID,VN Mid Cap
2023-01-13,1346.0,1354.4,1335.28,1341.55,205607124,VNMID,VN Mid Cap
2023-01-16,1344.59,1349.92,1336.59,1344.31,161377311,VNMID,VN Mid Cap
2023-01-17,1347.82,1371.27,1347.82,1371.27,241451692,VNMID,VN Mid Cap
2023-01-18,1379.09,1386.11,1370.46,1383.59,237820939,VNMID,VN Mid Cap
2023-01-19,1380.61,1394.75,1377.84,1394.75,226250785,VNMID,VN Mid Cap
2023-01-27,1406.31,1416.89,1402.33,1409.97,247859838,VNMID,VN Mid Cap
2023-01-30,1411.58,1417.77,1400.4,1400.45,316174954,VNMID,VN Mid Cap
2023-01-31,1398.08,1413.31,1388.14,1413.31,263981490,VNMID,VN Mid Cap
2023-02-01,1417.79,1425.15,1361.86,1361.86,437388097,VNMID,VN Mid Cap
2023-02-02,1365.18,1368.57,1337.19,1347.06,247355132,VNMID,VN Mid Cap
2023-02-03,1351.33,1357.16,1334.34,1337.47,181016756,VNMID,VN Mid Cap
2023-02-06,1337.45,1350.29,1329.29,1350.29,147211444,VNMID,VN Mid Cap
2023-02-07,1354.37,1358.59,1320.26,1321.54,235052650,VNMID,VN Mid Cap
2023-02-08,1328.75,1334.98,1301.25,1323.73,180477235,VNMID,VN Mid Cap
2023-02-09,1324.47,1332.64,1322.25,1324.23,123224427,VNMID,VN Mid Cap
2023-02-10,1323.64,1327.37,1307.05,1307.05,169954595,VNMID,VN Mid Cap
2023-02-13,1298.51,1302.11,1259.04,1269.3,248418481,VNMID,VN Mid Cap
2023-02-14,1276.69,1284.85,1268.99,1276.36,132737189,VNMID,VN Mid Cap
2023-02-15,1277.0,1298.05,1275.03,1289.28,168466733,VNMID,VN Mid Cap
2023-02-16,1295.89,1307.14,1289.78,1307.14,171016592,VNMID,VN Mid Cap
2023-02-17,1310.34,1320.51,1303.72,1312.23,173568179,VNMID,VN Mid Cap
2023-02-20,1315.06,1350.28,1315.06,1350.28,258956204,VNMID,VN Mid Cap
2023-02-21,1358.01,1364.23,1343.8,1343.8,261433258,VNMID,VN Mid Cap
2023-02-22,1338.78,1338.78,1304.04,1304.04,314329488,VNMID,VN Mid Cap
2023-02-23,1302.9,1306.11,1268.29,1303.08,245538598,VNMID,VN Mid Cap
2023-02-24,1305.64,1306.95,1275.81,1279.5,140035458,VNMID,VN Mid Cap
2023-02-27,1276.91,1276.91,1242.52,1242.52,195695726,VNMID,VN Mid Cap
2023-02-28,1251.61,1259.45,1239.45,1247.31,133135447,VNMID,VN Mid Cap
2023-03-01,1244.77,1270.54,1236.85,1270.54,208951017,VNMID,VN Mid Cap
2023-03-02,1275.16,1281.97,1267.84,1272.13,128789787,VNMID,VN Mid Cap
2023-03-03,1273.75,1279.46,1252.15,1252.15,179800245,VNMID,VN Mid Cap
2023-03-06,1268.69,1278.15,1259.43,1262.98,158601580,VNMID,VN Mid Cap
2023-03-07,1270.22,1275.12,1263.74,1274.07,168633429,VNMID,VN Mid Cap
2023-03-08,1264.84,1293.55,1259.57,1293.55,197265454,VNMID,VN Mid Cap
2023-03-09,1297.37,1307.7,1294.73,1302.02,229785597,VNMID,VN Mid Cap
2023-03-10,1296.65,1298.57,1286.13,1294.81,200208602,VNMID,VN Mid Cap
2023-03-13,1282.57,1295.04,1282.45,1285.9,188784972,VNMID,VN Mid Cap
2023-03-14,1286.2,1288.12,1257.57,1263.4,239994502,VNMID,VN Mid Cap
2023-03-15,1270.5,1299.11,1270.5,1298.68,214116966,VNMID,VN Mid Cap
2023-03-16,1291.16,1291.16,1278.45,1282.65,199495041,VNMID,VN Mid Cap
2023-03-17,1293.35,1296.2,1280.07,1285.74,216944579,VNMID,VN Mid Cap
2023-03-20,1283.05,1285.12,1258.99,1259.62,203242446,VNMID,VN Mid Cap
2023-03-21,1266.15,1271.97,1249.17,1271.97,154853241,VNMID,VN Mid Cap
2023-03-22,1272.25,1280.19,1271.23,1272.73,151626890,VNMID,VN Mid Cap
2023-03-23,1266.18,1283.58,1262.85,1283.58,169920496,VNMID,VN Mid Cap
2023-03-24,1288.66,1294.13,1285.24,1289.84,216395906,VNMID,VN Mid Cap
2023-03-27,1291.67,1299.67,1287.67,1299.44,216963787,VNMID,VN Mid Cap
2023-03-28,1306.09,1309.42,1295.35,1298.19,228765247,VNMID,VN Mid Cap
2023-03-29,1299.93,1301.13,1291.08,1299.41,174875713,VNMID,VN Mid Cap
2023-03-30,1309.77,1311.19,1295.33,1296.88,231593270,VNMID,VN Mid Cap
2023-03-31,1297.34,1307.75,1293.07,1306.25,249141995,VNMID,VN Mid Cap
2023-04-03,1316.7,1334.86,1316.7,1334.86,349309994,VNMID,VN Mid Cap
2023-04-04,1337.02,1349.39,1333.08,1348.41,328302793,VNMID,VN Mid Cap
2023-04-05,1347.84,1356.83,1342.32,1356.19,293997631,VNMID,VN Mid Cap
2023-04-06,1361.77,1364.48,1336.47,1336.47,417793277,VNMID,VN Mid Cap
2023-04-07,1338.47,1341.4,1326.87,1340.05,279533357,VNMID,VN Mid Cap
2023-04-10,1349.4,1357.78,1336.15,1343.06,366185915,VNMID,VN Mid Cap
2023-04-11,1340.81,1351.85,1331.03,1351.85,279674430,VNMID,VN Mid Cap
2023-04-12,1358.23,1364.64,1353.98,1357.47,289397679,VNMID,VN Mid Cap
2023-04-13,1359.64,1361.78,1348.5,1352.44,266641505,VNMID,VN Mid Cap
2023-04-14,1358.28,1364.68,1332.54,1332.54,364971961,VNMID,VN Mid Cap
2023-04-17,1332.17,1337.37,1327.07,1335.34,183171654,VNMID,VN Mid Cap
2023-04-18,1336.53,1340.7,1327.8,1338.9,236173882,VNMID,VN Mid Cap
2023-04-19,1343.88,1344.79,1324.88,1326.52,220630076,VNMID,VN Mid Cap
2023-04-20,1329.46,1332.66,1321.66,1327.05,142543710,VNMID,VN Mid Cap
2023-04-21,1330.25,1336.99,1314.98,1320.15,223599121,VNMID,VN Mid Cap
2023-04-24,1319.04,1325.73,1310.95,1314.14,187706396,VNMID,VN Mid Cap
2023-04-25,1315.22,1324.83,1300.28,1303.75,200727266,VNMID,VN Mid Cap
2023-04-26,1303.72,1313.43,1293.67,1313.43,187080062,VNMID,VN Mid Cap
2023-04-27,1319.79,1328.46,1315.33,1320.9,229932806,VNMID,VN Mid Cap
2023-04-28,1329.59,1337.6,1326.64,1337.6,257851061,VNMID,VN Mid Cap
2023-05-04,1337.43,1344.99,1331.53,1334.09,270121163,VNMID,VN Mid Cap
2023-05-05,1334.59,1340.01,1327.56,1332.64,208446332,VNMID,VN Mid Cap
2023-05-08,1340.22,1345.14,1337.33,1343.47,251341872,VNMID,VN Mid Cap
2023-05-09,1343.56,1350.16,1340.7,1347.15,236413895,VNMID,VN Mid Cap
2023-05-10,1351.1,1362.37,1350.64,1360.83,289404519,VNMID,VN Mid Cap
2023-05-11,1366.8,1369.27,1359.76,1362.64,335486247,VNMID,VN Mid Cap
2023-05-12,1363.92,1369.63,1357.83,1369.63,277979050,VNMID,VN Mid Cap
2023-05-15,1372.16,1379.59,1357.57,1357.57,306576168,VNMID,VN Mid Cap
2023-05-16,1360.81,1362.95,1352.8,1358.34,259122047,VNMID,VN Mid Cap
2023-05-17,1358.4,1362.26,1343.46,1344.39,320330211,VNMID,VN Mid Cap
2023-05-18,1348.18,1354.14,1342.42,1346.19,258730605,VNMID,VN Mid Cap
2023-05-19,1351.26,1353.51,1339.45,1353.47,331360233,VNMID,VN Mid Cap
2023-05-22,1358.03,1369.01,1356.28,1369.01,303905215,VNMID,VN Mid Cap
2023-05-23,1370.3,1376.13,1362.02,1367.55,312608458,VNMID,VN Mid Cap
2023-05-24,1373.84,1373.84,1359.22,1360.12,313043425,VNMID,VN Mid Cap
2023-05-25,1357.93,1362.91,1351.26,1357.78,296592138,VNMID,VN Mid Cap
2023-05-26,1361.08,1367.85,1359.71,1365.19,284801755,VNMID,VN Mid Cap
2023-05-29,1371.98,1386.82,1371.98,1385.39,314168664,VNMID,VN Mid Cap
2023-05-30,1391.97,1394.83,1382.93,1394.04,369337016,VNMID,VN Mid Cap
2023-05-31,1395.19,1401.16,1389.37,1395.63,378540844,VNMID,VN Mid Cap
2023-06-01,1397.01,1411.65,1394.12,1411.65,343629852,VNMID,VN Mid Cap
2023-06-02,1424.01,1431.08,1420.84,1429.54,424091107,VNMID,VN Mid Cap
2023-06-05,1443.21,1443.28,1427.01,1432.36,427026147,VNMID,VN Mid Cap
2023-06-06,1433.35,1449.22,1427.08,1449.22,364112966,VNMID,VN Mid Cap
2023-06-07,1452.22,1458.69,1446.51,1458.07,384205539,VNMID,VN Mid Cap
2023-06-08,1460.44,1463.3,1429.82,1429.82,540542649,VNMID,VN Mid Cap
2023-06-09,1433.79,1448.1,1422.93,1448.1,391643841,VNMID,VN Mid Cap
2023-06-12,1455.52,1456.94,1435.84,1456.71,313488218,VNMID,VN Mid Cap
2023-06-13,1461.94,1463.87,1452.98,1456.2,346267949,VNMID,VN Mid Cap
2023-06-14,1461.92,1466.55,1446.4,1446.4,342838598,VNMID,VN Mid Cap
2023-06-15,1444.44,1448.85,1437.31,1446.48,297945196,VNMID,VN Mid Cap
2023-06-16,1446.98,1471.1,1445.05,1447.08,465800372,VNMID,VN Mid Cap
2023-06-19,1450.81,1454.0,1441.22,1446.1,291338979,VNMID,VN Mid Cap
2023-06-20,1449.33,1464.57,1446.88,1464.57,287110085,VNMID,VN Mid Cap
2023-06-21,1465.86,1480.07,1465.86,1480.07,389262760,VNMID,VN Mid Cap
2023-06-22,1488.81,1497.57,1484.55,1494.86,403977544,VNMID,VN Mid Cap
2023-06-23,1499.42,1505.4,1489.65,1499.51,376897677,VNMID,VN Mid Cap
2023-06-26,1500.79,1503.17,1472.97,1498.48,464767952,VNMID,VN Mid Cap
2023-06-27,1503.12,1504.0,1491.31,1497.27,274834432,VNMID,VN Mid Cap
2023-06-28,1498.63,1505.09,1493.56,1497.4,318347416,VNMID,VN Mid Cap
2023-06-29,1499.22,1500.06,1470.4,1470.4,359049532,VNMID,VN Mid Cap
2023-06-30,1471.41,1475.27,1465.1,1474.22,217669176,VNMID,VN Mid Cap
2023-07-03,1481.23,1484.28,1473.65,1480.02,214598017,VNMID,VN Mid Cap
2023-07-04,1482.9,1498.56,1481.13,1498.56,293662006,VNMID,VN Mid Cap
2023-07-05,1506.18,1509.82,1499.4,1499.4,326055791,VNMID,VN Mid Cap
2023-07-06,1500.14,1504.3,1477.23,1493.35,429921857,VNMID,VN Mid Cap
2023-07-07,1490.38,1509.66,1480.77,1509.66,363121990,VNMID,VN Mid Cap
2023-07-10,1517.86,1526.2,1515.94,1524.15,345805243,VNMID,VN Mid Cap
2023-07-11,1524.21,1537.55,1524.21,1528.2,346583158,VNMID,VN Mid Cap
2023-07-12,1532.26,1535.99,1521.69,1526.74,278062269,VNMID,VN Mid Cap
2023-07-13,1534.46,1551.19,1534.35,1551.19,360326576,VNMID,VN Mid Cap
2023-07-14,1560.8,1562.59,1541.18,1558.26,426351872,VNMID,VN Mid Cap
2023-07-17,1566.41,1575.02,1562.42,1569.33,356258488,VNMID,VN Mid Cap
2023-07-18,1569.4,1575.07,1565.18,1573.58,318956768,VNMID,VN Mid Cap
2023-07-19,1579.48,1581.21,1567.0,1567.0,368738872,VNMID,VN Mid Cap
2023-07-20,1568.12,1575.89,1562.66,1574.67,326168276,VNMID,VN Mid Cap
2023-07-21,1580.85,1598.02,1580.33,1597.77,444670189,VNMID,VN Mid Cap
2023-07-24,1610.5,1614.19,1601.24,1611.91,412513047,VNMID,VN Mid Cap
2023-07-25,1615.47,1619.82,1606.25,1613.35,411625317,VNMID,VN Mid Cap
2023-07-26,1613.45,1621.37,1606.81,1620.17,367104977,VNMID,VN Mid Cap
2023-07-27,1623.62,1629.56,1605.57,1626.46,499750478,VNMID,VN Mid Cap
2023-07-28,1629.04,1645.2,1627.11,1643.78,486589197,VNMID,VN Mid Cap
2023-07-31,1653.34,1657.6,1640.59,1649.92,450710424,VNMID,VN Mid Cap
2023-08-01,1654.55,1655.48,1636.73,1636.92,502312550,VNMID,VN Mid Cap
2023-08-02,1636.35,1654.82,1630.04,1654.82,373462964,VNMID,VN Mid Cap
2023-08-03,1655.54,1663.57,1644.58,1650.66,437815822,VNMID,VN Mid Cap
2023-08-04,1652.89,1681.28,1652.68,1673.31,438577135,VNMID,VN Mid Cap
2023-08-07,1676.85,1692.76,1676.3,1687.79,413454396,VNMID,VN Mid Cap
2023-08-08,1691.7,1697.78,1680.63,1682.66,454416256,VNMID,VN Mid Cap
2023-08-09,1679.75,1686.88,1669.41,1675.17,367478478,VNMID,VN Mid Cap
2023-08-10,1678.55,1680.38,1654.2,1656.27,361894291,VNMID,VN Mid Cap
2023-08-11,1660.45,1669.43,1638.53,1669.43,396643580,VNMID,VN Mid Cap
2023-08-14,1678.95,1701.39,1678.3,1695.84,474152202,VNMID,VN Mid Cap
2023-08-15,1702.47,1703.09,1686.84,1690.92,336466379,VNMID,VN Mid Cap
2023-08-16,1690.69,1696.37,1678.99,1696.37,333365465,VNMID,VN Mid Cap
2023-08-17,1699.21,1705.75,1685.81,1685.81,435337645,VNMID,VN Mid Cap
2023-08-18,1673.84,1678.15,1587.42,1590.31,711143673,VNMID,VN Mid Cap
2023-08-21,1586.27,1612.05,1564.33,1595.01,415130669,VNMID,VN Mid Cap
2023-08-22,1600.4,1614.46,1541.93,1614.46,409481237,VNMID,VN Mid Cap
2023-08-23,1630.53,1630.53,1604.06,1605.4,247437188,VNMID,VN Mid Cap
2023-08-24,1609.58,1645.81,1605.51,1645.81,358882373,VNMID,VN Mid Cap
2023-08-25,1645.52,1666.29,1645.19,1656.71,405012170,VNMID,VN Mid Cap
2023-08-28,1668.0,1692.13,1666.56,1692.13,340676704,VNMID,VN Mid Cap
2023-08-29,1700.81,1712.77,1688.66,1700.41,417817483,VNMID,VN Mid Cap
2023-08-30,1706.2,1727.37,1701.46,1727.37,364285238,VNMID,VN Mid Cap
2023-08-31,1731.5,1755.97,1731.5,1755.97,415767763,VNMID,VN Mid Cap
2023-09-05,1768.58,1770.52,1756.91,1767.57,408119495,VNMID,VN Mid Cap
2023-09-06,1771.36,1787.3,1755.5,1787.07,480617547,VNMID,VN Mid Cap
2023-09-07,1794.9,1810.21,1787.36,1790.64,459571966,VNMID,VN Mid Cap
2023-09-08,1791.02,1810.02,1788.95,1804.48,404974972,VNMID,VN Mid Cap
2023-09-11,1813.44,1821.48,1769.15,1769.15,566335988,VNMID,VN Mid Cap
2023-09-12,1769.09,1810.77,1759.11,1810.77,389186018,VNMID,VN Mid Cap
2023-09-13,1823.63,1830.29,1791.37,1802.97,510298329,VNMID,VN Mid Cap
2023-09-14,1803.45,1809.87,1771.93,1774.72,451250887,VNMID,VN Mid Cap
2023-09-15,1780.98,1795.71,1765.66,1775.22,347594686,VNMID,VN Mid Cap
2023-09-18,1773.0,1780.12,1747.55,1757.15,340888040,VNMID,VN Mid Cap
2023-09-19,1764.23,1770.77,1733.83,1764.76,396352164,VNMID,VN Mid Cap
2023-09-20,1776.99,1808.51,1769.3,1808.51,335253949,VNMID,VN Mid Cap
2023-09-21,1808.2,1812.58,1779.92,1780.84,404132924,VNMID,VN Mid Cap
2023-09-22,1761.41,1761.41,1696.32,1716.81,603350983,VNMID,VN Mid Cap
2023-09-25,1710.68,1721.23,1620.78,1620.78,435733062,VNMID,VN Mid Cap
2023-09-26,1606.58,1649.48,1592.41,1592.41,434193469,VNMID,VN Mid Cap
2023-09-27,1599.97,1642.41,1563.57,1642.41,339071511,VNMID,VN Mid Cap
2023-09-28,1642.23,1647.57,1612.23,1639.87,276850154,VNMID,VN Mid Cap
2023-09-29,1652.93,1660.51,1638.78,1644.08,230209428,VNMID,VN Mid Cap
2023-10-02,1647.59,1666.71,1645.24,1652.05,195553753,VNMID,VN Mid Cap
2023-10-03,1637.26,1637.41,1578.62,1579.95,413309868,VNMID,VN Mid Cap
2023-10-04,1564.83,1629.24,1550.39,1611.97,319967424,VNMID,VN Mid Cap
2023-10-05,1623.1,1629.9,1589.46,1589.46,264680404,VNMID,VN Mid Cap
2023-10-06,1591.05,1621.98,1580.19,1621.98,291565004,VNMID,VN Mid Cap
2023-10-09,1625.06,1647.6,1622.81,1647.6,248022764,VNMID,VN Mid Cap
2023-10-10,1656.61,1668.27,1645.23,1645.23,292537437,VNMID,VN Mid Cap
2023-10-11,1649.32,1668.86,1638.33,1668.86,242939818,VNMID,VN Mid Cap
2023-10-12,1671.51,1687.72,1665.34,1671.56,284588932,VNMID,VN Mid Cap
2023-10-13,1655.46,1686.19,1647.49,1683.31,270206609,VNMID,VN Mid Cap
2023-10-16,1684.4,1688.34,1656.52,1656.52,269190370,VNMID,VN Mid Cap
2023-10-17,1664.18,1670.83,1591.53,1591.53,261469079,VNMID,VN Mid Cap
2023-10-18,1599.98,1608.12,1530.51,1563.78,435260447,VNMID,VN Mid Cap
2023-10-19,1563.99,1574.11,1534.82,1539.49,274209851,VNMID,VN Mid Cap
2023-10-20,1539.13,1588.02,1519.08,1588.02,264138700,VNMID,VN Mid Cap
2023-10-23,1586.6,1594.17,1562.48,1569.33,236052001,VNMID,VN Mid Cap
2023-10-24,1572.43,1595.25,1561.97,1595.09,205252265,VNMID,VN Mid Cap
2023-10-25,1597.31,1612.42,1585.19,1585.71,231246247,VNMID,VN Mid Cap
2023-10-26,1555.77,1556.12,1495.04,1509.55,510567040,VNMID,VN Mid Cap
2023-10-27,1522.97,1542.49,1490.69,1538.78,283200334,VNMID,VN Mid Cap
2023-10-30,1530.92,1540.29,1485.14,1485.14,189426654,VNMID,VN Mid Cap
2023-10-31,1489.12,1496.82,1444.29,1444.3,325401084,VNMID,VN Mid Cap
2023-11-01,1447.01,1481.21,1428.97,1481.21,261882298,VNMID,VN Mid Cap
2023-11-02,1481.34,1549.76,1481.34,1549.41,307835600,VNMID,VN Mid Cap
2023-11-03,1554.35,1563.46,1539.13,1556.58,326092750,VNMID,VN Mid Cap
2023-11-06,1567.66,1576.73,1558.43,1576.73,230648600,VNMID,VN Mid Cap
2023-11-07,1569.63,1588.97,1558.82,1563.12,252308309,VNMID,VN Mid Cap
2023-11-08,1562.07,1632.73,1561.37,1632.73,385540700,VNMID,VN Mid Cap
2023-11-09,1644.79,1666.58,1633.89,1644.59,462746610,VNMID,VN Mid Cap
2023-11-10,1631.24,1672.28,1630.11,1637.26,490143267,VNMID,VN Mid Cap
2023-11-13,1639.53,1661.07,1626.04,1648.15,337586751,VNMID,VN Mid Cap
2023-11-14,1663.55,1685.46,1657.93,1668.39,339311163,VNMID,VN Mid Cap
2023-11-15,1690.58,1702.65,1668.21,1673.71,370833522,VNMID,VN Mid Cap
2023-11-16,1669.72,1688.98,1662.51,1688.98,274968407,VNMID,VN Mid Cap
2023-11-17,1692.7,1700.66,1650.47,1662.82,530516897,VNMID,VN Mid Cap
2023-11-20,1641.76,1679.52,1631.48,1671.59,363768245,VNMID,VN Mid Cap
2023-11-21,1672.92,1692.4,1672.92,1690.21,292337282,VNMID,VN Mid Cap
2023-11-22,1691.02,1708.19,1689.23,1708.19,407587932,VNMID,VN Mid Cap
2023-11-23,1713.55,1718.33,1646.65,1646.65,501791484,VNMID,VN Mid Cap
2023-11-24,1656.48,1667.18,1614.2,1667.18,444852977,VNMID,VN Mid Cap
2023-11-27,1668.95,1674.2,1639.47,1639.47,227491304,VNMID,VN Mid Cap
2023-11-28,1639.0,1649.76,1612.93,1649.21,290764963,VNMID,VN Mid Cap
2023-11-29,1656.42,1673.15,1656.42,1670.4,272485916,VNMID,VN Mid Cap
2023-11-30,1673.73,1686.57,1665.57,1665.57,307777545,VNMID,VN Mid Cap
2023-12-01,1676.68,1679.73,1653.87,1678.6,275406669,VNMID,VN Mid Cap
2023-12-04,1696.91,1734.34,1694.87,1724.05,508812301,VNMID,VN Mid Cap
2023-12-05,1727.98,1733.18,1714.23,1718.67,345325566,VNMID,VN Mid Cap
2023-12-06,1721.62,1744.1,1717.83,1743.52,388265575,VNMID,VN Mid Cap
2023-12-07,1746.63,1753.16,1696.3,1723.93,619321143,VNMID,VN Mid Cap
2023-12-08,1725.04,1734.55,1711.09,1723.51,320513472,VNMID,VN Mid Cap
2023-12-11,1727.48,1728.42,1707.63,1719.18,284400429,VNMID,VN Mid Cap
2023-12-12,1724.65,1727.51,1715.89,1720.72,229898705,VNMID,VN Mid Cap
2023-12-13,1729.2,1733.78,1693.21,1695.22,358285685,VNMID,VN Mid Cap
2023-12-14,1705.39,1709.55,1676.13,1677.62,262357892,VNMID,VN Mid Cap
2023-12-15,1678.52,1691.37,1667.2,1672.85,293017865,VNMID,VN Mid Cap
2023-12-18,1677.25,1678.89,1660.75,1664.83,205320857,VNMID,VN Mid Cap
2023-12-19,1665.02,1674.44,1648.91,1674.44,221368260,VNMID,VN Mid Cap
2023-12-20,1674.5,1685.69,1672.18,1682.4,195125445,VNMID,VN Mid Cap
2023-12-21,1676.03,1689.2,1673.81,1689.2,207010263,VNMID,VN Mid Cap
2023-12-22,1689.42,1699.35,1684.4,1688.62,223608232,VNMID,VN Mid Cap
2023-12-25,1693.38,1714.26,1691.24,1710.75,248022031,VNMID,VN Mid Cap
2023-12-26,1713.28,1721.3,1710.94,1718.56,262286065,VNMID,VN Mid Cap
2023-12-27,1725.15,1728.42,1718.71,1718.71,270086804,VNMID,VN Mid Cap
2023-12-28,1719.95,1726.98,1714.58,1722.06,271182854,VNMID,VN Mid Cap
2023-12-29,1723.9,1729.44,1721.14,1729.44,248645948,VNMID,VN Mid Cap
2024-01-02,1740.94,1743.83,1718.88,1721.91,383057523,VNMID,VN Mid Cap
2024-01-03,1721.28,1738.12,1718.42,1738.12,246725071,VNMID,VN Mid Cap
2024-01-04,1740.5,1758.93,1739.09,1739.09,418086326,VNMID,VN Mid Cap
2024-01-05,1740.75,1748.62,1733.64,1741.27,302684700,VNMID,VN Mid Cap
2024-01-08,1746.69,1758.88,1744.77,1747.76,331261433,VNMID,VN Mid Cap
2024-01-09,1750.75,1755.17,1741.08,1744.78,363911480,VNMID,VN Mid Cap
2024-01-10,1745.39,1750.34,1725.97,1734.03,340667625,VNMID,VN Mid Cap
2024-01-11,1737.8,1753.74,1732.57,1745.05,329931708,VNMID,VN Mid Cap
2024-01-12,1736.51,1739.61,1714.11,1725.78,403202036,VNMID,VN Mid Cap
2024-01-15,1733.54,1740.9,1710.66,1710.66,206459202,VNMID,VN Mid Cap
2024-01-16,1708.52,1735.43,1703.31,1735.43,217805457,VNMID,VN Mid Cap
2024-01-17,1738.56,1751.44,1734.01,1739.54,290132962,VNMID,VN Mid Cap
2024-01-18,1744.39,1752.05,1741.3,1749.91,232989818,VNMID,VN Mid Cap
2024-01-19,1758.13,1762.98,1748.12,1751.63,238106517,VNMID,VN Mid Cap
2024-01-22,1754.63,1760.5,1738.84,1754.52,286150213,VNMID,VN Mid Cap
2024-01-23,1759.7,1760.47,1747.35,1751.93,223085677,VNMID,VN Mid Cap
2024-01-24,1751.94,1758.6,1744.35,1746.85,227606152,VNMID,VN Mid Cap
2024-01-25,1749.89,1749.95,1742.69,1749.08,178112268,VNMID,VN Mid Cap
2024-01-26,1753.24,1758.93,1752.19,1756.22,210129134,VNMID,VN Mid Cap
2024-01-29,1760.49,1764.45,1755.07,1757.43,232670817,VNMID,VN Mid Cap
2024-01-30,1759.21,1773.08,1759.21,1773.08,230057936,VNMID,VN Mid Cap
2024-01-31,1778.52,1778.75,1752.1,1753.54,365034894,VNMID,VN Mid Cap
2024-02-01,1753.84,1769.68,1752.91,1766.45,227792565,VNMID,VN Mid Cap
2024-02-02,1769.32,1780.04,1766.72,1766.72,324620133,VNMID,VN Mid Cap
2024-02-05,1770.04,1775.65,1766.9,1775.21,266351194,VNMID,VN Mid Cap
2024-02-06,1777.72,1784.99,1777.72,1782.56,228410214,VNMID,VN Mid Cap
2024-02-07,1786.75,1794.39,1785.61,1792.96,283122386,VNMID,VN Mid Cap
2024-02-15,1796.58,1813.7,1796.58,1808.02,357993536,VNMID,VN Mid Cap
2024-02-16,1813.36,1815.01,1805.47,1808.6,348736961,VNMID,VN Mid Cap
2024-02-19,1810.82,1812.85,1797.26,1811.93,399198538,VNMID,VN Mid Cap
2024-02-20,1817.43,1819.59,1806.87,1814.46,349478380,VNMID,VN Mid Cap
2024-02-21,1818.44,1826.56,1807.4,1819.38,343550311,VNMID,VN Mid Cap
2024-02-22,1819.9,1826.08,1812.68,1814.86,294114871,VNMID,VN Mid Cap
2024-02-23,1816.29,1824.76,1777.62,1777.62,522569300,VNMID,VN Mid Cap
2024-02-26,1779.32,1805.84,1772.75,1805.84,341179582,VNMID,VN Mid Cap
2024-02-27,1817.56,1826.61,1811.19,1826.61,319959281,VNMID,VN Mid Cap
2024-02-28,1835.42,1838.71,1820.69,1832.14,349867322,VNMID,VN Mid Cap
2024-02-29,1837.44,1846.73,1826.93,1841.92,407290783,VNMID,VN Mid Cap
2024-03-01,1846.5,1868.65,1846.18,1868.17,383073886,VNMID,VN Mid Cap
2024-03-04,1882.79,1888.23,1873.73,1879.47,493192872,VNMID,VN Mid Cap
2024-03-05,1881.13,1893.1,1875.33,1893.1,375155707,VNMID,VN Mid Cap
2024-03-06,1892.87,1900.08,1859.66,1871.44,383815744,VNMID,VN Mid Cap
2024-03-07,1870.84,1893.17,1865.23,1891.2,419502371,VNMID,VN Mid Cap
2024-03-08,1894.86,1904.13,1860.77,1863.38,551748851,VNMID,VN Mid Cap
2024-03-11,1864.58,1875.42,1841.77,1850.02,382933477,VNMID,VN Mid Cap
2024-03-12,1849.22,1869.49,1842.67,1859.16,341515918,VNMID,VN Mid Cap
2024-03-13,1860.56,1908.92,1860.56,1908.92,399684842,VNMID,VN Mid Cap
2024-03-14,1911.16,1925.47,1895.44,1906.03,481299986,VNMID,VN Mid Cap
2024-03-15,1906.4,1916.65,1889.35,1905.53,495073866,VNMID,VN Mid Cap
2024-03-18,1906.92,1917.68,1819.74,1871.36,779181688,VNMID,VN Mid Cap
2024-03-19,1873.91,1881.97,1862.11,1868.05,401586530,VNMID,VN Mid Cap
2024-03-20,1871.23,1899.69,1855.82,1899.69,354667936,VNMID,VN Mid Cap
2024-03-21,1916.79,1921.0,1905.52,1921.0,584617073,VNMID,VN Mid Cap
2024-03-22,1930.92,1935.72,1916.95,1930.7,555817731,VNMID,VN Mid Cap
2024-03-25,1931.51,1941.5,1898.05,1907.75,505644569,VNMID,VN Mid Cap
2024-03-26,1903.19,1934.36,1893.5,1934.36,405915629,VNMID,VN Mid Cap
2024-03-27,1939.0,1945.94,1927.49,1939.39,356274950,VNMID,VN Mid Cap
2024-03-28,1949.01,1954.68,1938.91,1947.6,359076286,VNMID,VN Mid Cap
2024-03-29,1948.81,1950.49,1934.61,1941.62,324941664,VNMID,VN Mid Cap
2024-04-01,1936.66,1946.36,1922.19,1935.7,368528200,VNMID,VN Mid Cap
2024-04-02,1931.36,1954.98,1918.51,1954.98,398697249,VNMID,VN Mid Cap
2024-04-03,1956.46,1967.67,1930.05,1930.05,459283806,VNMID,VN Mid Cap
2024-04-04,1931.43,1935.97,1908.75,1917.81,385798524,VNMID,VN Mid Cap
2024-04-05,1900.77,1915.07,1887.81,1887.81,415714313,VNMID,VN Mid Cap
2024-04-08,1889.41,1894.16,1871.53,1871.53,309675961,VNMID,VN Mid Cap
2024-04-09,1875.37,1905.7,1867.14,1905.7,258260285,VNMID,VN Mid Cap
2024-04-10,1913.26,1917.62,1897.24,1898.16,244583887,VNMID,VN Mid Cap
2024-04-11,1891.47,1907.49,1876.9,1898.06,276106813,VNMID,VN Mid Cap
2024-04-12,1900.79,1929.86,1900.79,1929.86,249569193,VNMID,VN Mid Cap
2024-04-15,1928.96,1938.8,1815.4,1815.4,503020239,VNMID,VN Mid Cap
2024-04-16,1810.08,1817.12,1756.26,1804.73,532713672,VNMID,VN Mid Cap
2024-04-17,1805.25,1818.01,1772.5,1772.5,311511357,VNMID,VN Mid Cap
2024-04-19,1760.19,1766.09,1709.22,1731.28,440274323,VNMID,VN Mid Cap
2024-04-22,1749.58,1776.22,1747.44,1773.22,251240377,VNMID,VN Mid Cap
2024-04-23,1775.18,1777.25,1742.28,1751.24,252248881,VNMID,VN Mid Cap
2024-04-24,1766.53,1816.8,1765.23,1813.49,276156462,VNMID,VN Mid Cap
2024-04-25,1812.03,1812.03,1788.97,1806.27,191248878,VNMID,VN Mid Cap
2024-04-26,1790.46,1819.45,1788.84,1811.13,211850048,VNMID,VN Mid Cap
2024-05-02,1814.56,1819.54,1801.21,1819.54,205886657,VNMID,VN Mid Cap
2024-05-03,1827.99,1834.5,1813.04,1823.02,206804048,VNMID,VN Mid Cap
2024-05-06,1834.35,1860.37,1828.73,1859.44,282235747,VNMID,VN Mid Cap
2024-05-07,1867.24,1872.67,1854.36,1868.95,240659848,VNMID,VN Mid Cap
2024-05-08,1857.43,1877.95,1848.16,1875.88,309967490,VNMID,VN Mid Cap
2024-05-09,1885.29,1892.83,1864.93,1868.55,250055474,VNMID,VN Mid Cap
2024-05-10,1876.32,1879.27,1854.61,1872.85,243842000,VNMID,VN Mid Cap
2024-05-13,1880.83,1881.49,1855.37,1868.58,247059021,VNMID,VN Mid Cap
2024-05-14,1874.21,1882.79,1862.38,1872.77,177685524,VNMID,VN Mid Cap
2024-05-15,1880.25,1900.5,1876.71,1894.37,287891756,VNMID,VN Mid Cap
2024-05-16,1913.24,1923.88,1905.87,1921.05,306405882,VNMID,VN Mid Cap
2024-05-17,1927.03,1948.33,1922.88,1948.33,351518941,VNMID,VN Mid Cap
2024-05-20,1968.57,1971.89,1951.29,1953.17,417972705,VNMID,VN Mid Cap
2024-05-21,1954.5,1960.46,1939.6,1959.51,347377063,VNMID,VN Mid Cap
2024-05-22,1969.26,1975.55,1946.52,1955.85,419249930,VNMID,VN Mid Cap
2024-05-23,1954.07,1975.63,1941.55,1975.63,366744463,VNMID,VN Mid Cap
2024-05-24,1973.03,1980.4,1901.44,1930.72,514654335,VNMID,VN Mid Cap
2024-05-27,1930.04,1942.49,1917.54,1942.49,241858553,VNMID,VN Mid Cap
2024-05-28,1953.88,1975.35,1948.78,1975.35,313566336,VNMID,VN Mid Cap
2024-05-29,1984.03,1995.37,1968.66,1977.06,423090622,VNMID,VN Mid Cap
2024-05-30,1966.17,1975.44,1939.48,1973.41,374554417,VNMID,VN Mid Cap
2024-05-31,1980.55,1985.9,1969.14,1975.75,234832248,VNMID,VN Mid Cap
2024-06-03,1993.92,2007.04,1987.73,2003.41,382148108,VNMID,VN Mid Cap
2024-06-04,2011.86,2014.67,1999.29,2001.27,328111492,VNMID,VN Mid Cap
2024-06-05,2002.43,2011.94,1992.96,1992.96,327541599,VNMID,VN Mid Cap
2024-06-06,2001.56,2008.86,1979.69,1989.43,284106345,VNMID,VN Mid Cap
2024-06-07,1991.53,2004.08,1985.63,1995.55,223349698,VNMID,VN Mid Cap
2024-06-10,2002.55,2010.65,1995.0,2002.18,286299798,VNMID,VN Mid Cap
2024-06-11,2010.29,2011.82,1979.94,1989.17,319308413,VNMID,VN Mid Cap
2024-06-12,1991.14,2013.95,1985.62,2011.85,269171402,VNMID,VN Mid Cap
2024-06-13,2013.46,2022.68,2012.04,2019.23,276711368,VNMID,VN Mid Cap
2024-06-14,2024.05,2031.02,1979.73,1979.73,414408160,VNMID,VN Mid Cap
2024-06-17,1982.86,1988.62,1966.37,1975.26,315611552,VNMID,VN Mid Cap
2024-06-18,1983.65,1991.67,1974.94,1983.57,231801272,VNMID,VN Mid Cap
2024-06-19,1988.03,1990.44,1967.89,1980.16,305162720,VNMID,VN Mid Cap
2024-06-20,1982.14,1992.78,1962.66,1976.55,293082587,VNMID,VN Mid Cap
2024-06-21,1983.58,1990.31,1976.43,1983.46,275591987,VNMID,VN Mid Cap
2024-06-24,1984.66,1993.09,1924.48,1932.67,413830872,VNMID,VN Mid Cap
2024-06-25,1934.1,1947.96,1926.39,1946.38,181643420,VNMID,VN Mid Cap
2024-06-26,1946.82,1954.24,1924.53,1951.31,205787857,VNMID,VN Mid Cap
2024-06-27,1949.08,1953.94,1933.74,1948.63,158265148,VNMID,VN Mid Cap
2024-06-28,1950.63,1950.63,1903.62,1921.44,231881730,VNMID,VN Mid Cap
2024-07-01,1920.12,1931.38,1908.06,1929.04,134720566,VNMID,VN Mid Cap
2024-07-02,1939.64,1961.52,1935.26,1961.52,155981337,VNMID,VN Mid Cap
2024-07-03,1962.0,1973.63,1962.0,1972.58,158241963,VNMID,VN Mid Cap
2024-07-04,1976.82,1983.34,1965.35,1982.23,171951808,VNMID,VN Mid Cap
2024-07-05,1987.33,1992.94,1974.18,1988.6,224289940,VNMID,VN Mid Cap
2024-07-08,1998.69,1998.69,1982.05,1990.47,266544673,VNMID,VN Mid Cap
2024-07-09,1994.67,2009.87,1992.61,2009.87,285601020,VNMID,VN Mid Cap
2024-07-10,2014.31,2016.8,1996.82,1996.82,255226924,VNMID,VN Mid Cap
2024-07-11,2005.23,2016.19,1995.25,1998.71,261587873,VNMID,VN Mid Cap
2024-07-12,1998.54,2004.87,1981.18,1991.01,212344277,VNMID,VN Mid Cap
2024-07-15,1991.7,2000.12,1979.13,1989.18,166661681,VNMID,VN Mid Cap
2024-07-16,1990.12,2004.23,1978.0,1983.57,224087118,VNMID,VN Mid Cap
2024-07-17,1992.4,1993.11,1912.3,1942.59,380440165,VNMID,VN Mid Cap
2024-07-18,1946.65,1958.18,1919.48,1958.18,223565056,VNMID,VN Mid Cap
2024-07-19,1958.18,1966.09,1932.88,1941.19,261790062,VNMID,VN Mid Cap
2024-07-22,1932.58,1938.63,1886.8,1911.28,311437335,VNMID,VN Mid Cap
2024-07-23,1915.33,1923.63,1867.42,1872.83,229714440,VNMID,VN Mid Cap
2024-07-24,1861.61,1900.64,1841.19,1894.25,236252533,VNMID,VN Mid Cap
2024-07-25,1882.05,1890.41,1869.14,1884.95,123970650,VNMID,VN Mid Cap
2024-07-26,1888.89,1894.87,1875.6,1894.87,150020002,VNMID,VN Mid Cap
2024-07-29,1900.06,1908.2,1894.02,1901.12,167834883,VNMID,VN Mid Cap
2024-07-30,1901.48,1901.82,1870.8,1885.03,211116957,VNMID,VN Mid Cap
2024-07-31,1889.32,1893.83,1872.15,1880.39,223741231,VNMID,VN Mid Cap
2024-08-01,1880.39,1886.18,1815.23,1829.1,308058968,VNMID,VN Mid Cap
2024-08-02,1817.47,1848.4,1795.59,1848.4,225568113,VNMID,VN Mid Cap
2024-08-05,1818.38,1826.54,1751.66,1755.24,347686507,VNMID,VN Mid Cap
2024-08-06,1773.68,1804.68,1750.99,1802.46,215770346,VNMID,VN Mid Cap
2024-08-07,1809.03,1810.05,1786.66,1809.8,154189312,VNMID,VN Mid Cap
2024-08-08,1799.5,1817.93,1785.1,1798.06,255527717,VNMID,VN Mid Cap
2024-08-09,1813.2,1826.02,1802.84,1825.49,223935858,VNMID,VN Mid Cap
2024-08-12,1827.24,1842.57,1824.08,1842.57,192492092,VNMID,VN Mid Cap
2024-08-13,1844.8,1850.9,1822.37,1837.28,183350046,VNMID,VN Mid Cap
2024-08-14,1847.2,1847.2,1821.6,1827.87,172262455,VNMID,VN Mid Cap
2024-08-15,1827.75,1830.16,1807.27,1819.46,169961977,VNMID,VN Mid Cap
2024-08-16,1824.04,1889.36,1824.04,1889.36,410365102,VNMID,VN Mid Cap
2024-08-19,1904.03,1917.33,1901.94,1912.39,263354834,VNMID,VN Mid Cap
2024-08-20,1917.37,1939.07,1906.16,1933.98,353542823,VNMID,VN Mid Cap
2024-08-21,1936.64,1944.74,1926.21,1943.53,271503029,VNMID,VN Mid Cap
2024-08-22,1945.7,1945.7,1934.11,1941.72,236147256,VNMID,VN Mid Cap
2024-08-23,1940.51,1945.57,1924.95,1943.49,289028424,VNMID,VN Mid Cap
2024-08-26,1948.6,1954.75,1929.95,1931.77,298776854,VNMID,VN Mid Cap
2024-08-27,1928.93,1933.06,1915.48,1924.37,247996851,VNMID,VN Mid Cap
2024-08-28,1929.47,1930.45,1908.94,1925.53,333830930,VNMID,VN Mid Cap
2024-08-29,1927.48,1932.5,1916.7,1917.62,231347473,VNMID,VN Mid Cap
2024-08-30,1919.63,1926.41,1917.07,1921.9,231854720,VNMID,VN Mid Cap
2024-09-04,1907.51,1914.42,1894.08,1911.23,239477021,VNMID,VN Mid Cap
2024-09-05,1913.81,1922.34,1885.24,1896.45,229173179,VNMID,VN Mid Cap
2024-09-06,1891.89,1898.5,1878.29,1898.09,199636565,VNMID,VN Mid Cap
2024-09-09,1893.95,1900.47,1883.82,1892.79,170466793,VNMID,VN Mid Cap
2024-09-10,1898.11,1899.54,1868.88,1875.83,239527862,VNMID,VN Mid Cap
2024-09-11,1872.63,1875.84,1855.28,1868.36,247458476,VNMID,VN Mid Cap
2024-09-12,1879.95,1881.56,1866.04,1867.1,139486687,VNMID,VN Mid Cap
2024-09-13,1869.82,1875.48,1862.72,1871.01,162979649,VNMID,VN Mid Cap
2024-09-16,1872.84,1880.24,1851.85,1851.85,173685517,VNMID,VN Mid Cap
2024-09-17,1852.21,1880.68,1849.72,1880.68,197615821,VNMID,VN Mid Cap
2024-09-18,1885.88,1896.1,1881.35,1886.64,211273834,VNMID,VN Mid Cap
2024-09-19,1893.03,1895.63,1884.43,1895.63,189339303,VNMID,VN Mid Cap
2024-09-20,1909.66,1914.09,1899.22,1900.31,280637399,VNMID,VN Mid Cap
2024-09-23,1901.13,1905.43,1890.59,1894.6,153095626,VNMID,VN Mid Cap
2024-09-24,1894.14,1909.99,1891.88,1909.99,163015531,VNMID,VN Mid Cap
2024-09-25,1920.66,1932.69,1917.43,1931.3,366177868,VNMID,VN Mid Cap
2024-09-26,1936.8,1947.73,1934.17,1939.71,303163005,VNMID,VN Mid Cap
2024-09-27,1947.65,1952.23,1931.97,1940.45,306105140,VNMID,VN Mid Cap
2024-09-30,1940.42,1947.0,1931.12,1943.23,280422477,VNMID,VN Mid Cap
2024-10-01,1948.07,1961.43,1942.91,1945.8,354574108,VNMID,VN Mid Cap
2024-10-02,1938.2,1946.23,1928.98,1930.96,263149826,VNMID,VN Mid Cap
2024-10-03,1934.3,1943.49,1905.56,1909.79,390443803,VNMID,VN Mid Cap
2024-10-04,1910.95,1915.64,1901.69,1901.93,206956317,VNMID,VN Mid Cap
2024-10-07,1911.95,1918.16,1899.07,1910.42,172009702,VNMID,VN Mid Cap
2024-10-08,1912.68,1928.51,1909.41,1918.22,254352628,VNMID,VN Mid Cap
2024-10-09,1923.36,1933.08,1920.75,1932.93,196185365,VNMID,VN Mid Cap
2024-10-10,1937.28,1948.15,1924.62,1924.62,225395581,VNMID,VN Mid Cap
2024-10-11,1927.28,1930.66,1922.06,1928.8,154234413,VNMID,VN Mid Cap
2024-10-14,1931.74,1938.76,1913.55,1913.89,301522360,VNMID,VN Mid Cap
2024-10-15,1915.69,1923.73,1893.42,1894.31,279192487,VNMID,VN Mid Cap
2024-10-16,1893.42,1899.99,1880.85,1884.93,191589431,VNMID,VN Mid Cap
2024-10-17,1890.3,1905.87,1871.1,1905.87,266454499,VNMID,VN Mid Cap
2024-10-18,1912.42,1914.62,1900.75,1900.75,205019196,VNMID,VN Mid Cap
2024-10-21,1898.78,1907.53,1893.87,1893.87,254083383,VNMID,VN Mid Cap
2024-10-22,1894.3,1903.14,1874.56,1884.5,277206266,VNMID,VN Mid Cap
2024-10-23,1887.7,1895.07,1877.26,1894.09,198979998,VNMID,VN Mid Cap
2024-10-24,1896.6,1903.52,1876.3,1876.3,211370761,VNMID,VN Mid Cap
2024-10-25,1881.25,1883.7,1869.33,1870.11,202957139,VNMID,VN Mid Cap
2024-10-28,1874.85,1879.28,1867.01,1874.86,166101348,VNMID,VN Mid Cap
2024-10-29,1874.86,1889.56,1874.86,1887.1,193673436,VNMID,VN Mid Cap
2024-10-30,1891.5,1894.15,1877.86,1885.01,164777069,VNMID,VN Mid Cap
2024-10-31,1888.18,1891.09,1879.53,1888.57,142355806,VNMID,VN Mid Cap
2024-11-01,1883.35,1888.98,1869.28,1869.7,213507705,VNMID,VN Mid Cap
2024-11-04,1869.89,1874.53,1847.45,1854.46,223649327,VNMID,VN Mid Cap
2024-11-05,1855.4,1865.34,1854.82,1858.44,139862446,VNMID,VN Mid Cap
2024-11-06,1858.9,1886.8,1858.9,1886.8,212428899,VNMID,VN Mid Cap
2024-11-07,1895.86,1899.33,1886.44,1887.67,213529269,VNMID,VN Mid Cap
2024-11-08,1891.9,1892.85,1874.38,1880.95,195010274,VNMID,VN Mid Cap
2024-11-11,1881.15,1881.69,1862.43,1876.8,247886876,VNMID,VN Mid Cap
2024-11-12,1880.47,1889.86,1868.47,1873.73,213011670,VNMID,VN Mid Cap
2024-11-13,1869.05,1876.05,1851.9,1875.06,259692428,VNMID,VN Mid Cap
2024-11-14,1874.56,1876.29,1844.53,1846.95,233932782,VNMID,VN Mid Cap
2024-11-15,1839.36,1841.46,1813.03,1823.29,272980558,VNMID,VN Mid Cap
2024-11-18,1823.42,1835.5,1797.24,1823.03,197008652,VNMID,VN Mid Cap
2024-11-19,1823.3,1825.02,1793.02,1793.94,164253288,VNMID,VN Mid Cap
2024-11-20,1793.47,1829.98,1777.65,1817.57,278880272,VNMID,VN Mid Cap
2024-11-21,1817.74,1834.63,1811.59,1834.63,128240590,VNMID,VN Mid Cap
2024-11-22,1834.75,1835.91,1824.22,1826.35,187744439,VNMID,VN Mid Cap
2024-11-25,1827.65,1837.57,1825.6,1837.57,167558188,VNMID,VN Mid Cap
2024-11-26,1838.89,1857.98,1837.7,1850.2,223182026,VNMID,VN Mid Cap
2024-11-27,1851.35,1853.89,1842.14,1849.74,147751888,VNMID,VN Mid Cap
2024-11-28,1857.47,1864.09,1845.58,1849.97,145457414,VNMID,VN Mid Cap
2024-11-29,1850.2,1862.89,1848.05,1858.33,177385529,VNMID,VN Mid Cap
2024-12-02,1864.95,1874.0,1858.33,1865.14,161505990,VNMID,VN Mid Cap
2024-12-03,1864.86,1873.25,1862.58,1866.42,180495146,VNMID,VN Mid Cap
2024-12-04,1867.19,1867.89,1845.2,1848.82,226113167,VNMID,VN Mid Cap
2024-12-05,1849.61,1895.56,1838.53,1895.16,374299732,VNMID,VN Mid Cap
2024-12-06,1896.41,1909.36,1896.41,1899.98,255494436,VNMID,VN Mid Cap
2024-12-09,1904.07,1912.66,1901.58,1909.84,255147182,VNMID,VN Mid Cap
2024-12-10,1910.45,1915.84,1901.47,1906.92,193244492,VNMID,VN Mid Cap
2024-12-11,1907.3,1914.33,1895.15,1901.63,174765761,VNMID,VN Mid Cap
2024-12-12,1902.84,1908.91,1896.29,1899.38,177845262,VNMID,VN Mid Cap
2024-12-13,1897.99,1899.38,1885.73,1887.77,149855260,VNMID,VN Mid Cap
2024-12-16,1889.07,1898.19,1883.3,1893.29,161298092,VNMID,VN Mid Cap
2024-12-17,1895.17,1897.45,1887.67,1891.87,138462337,VNMID,VN Mid Cap
2024-12-18,1892.46,1903.51,1890.66,1903.51,165777230,VNMID,VN Mid Cap
2024-12-19,1902.3,1902.3,1872.98,1887.7,251398933,VNMID,VN Mid Cap
2024-12-20,1887.62,1890.84,1882.12,1883.39,175961252,VNMID,VN Mid Cap
2024-12-23,1891.63,1897.59,1890.72,1894.56,142781331,VNMID,VN Mid Cap
2024-12-24,1893.55,1894.36,1875.41,1890.58,241596071,VNMID,VN Mid Cap
2024-12-25,1891.26,1915.33,1891.26,1909.35,265176424,VNMID,VN Mid Cap
2024-12-26,1911.67,1912.15,1899.16,1899.16,155007292,VNMID,VN Mid Cap
2024-12-27,1899.86,1910.61,1899.86,1907.9,216199834,VNMID,VN Mid Cap
2024-12-30,1909.71,1914.2,1900.58,1906.45,180360880,VNMID,VN Mid Cap
2024-12-31,1904.83,1907.1,1894.75,1900.74,148361957,VNMID,VN Mid Cap
2025-01-02,1901.56,1904.53,1889.5,1900.09,121166814,VNMID,VN Mid Cap
2025-01-03,1900.8,1900.8,1871.89,1871.89,200568561,VNMID,VN Mid Cap
2025-01-06,1874.89,1877.83,1839.19,1846.13,194116156,VNMID,VN Mid Cap
2025-01-07,1848.13,1854.17,1829.6,1836.21,190620745,VNMID,VN Mid Cap
2025-01-08,1834.76,1851.44,1828.11,1850.8,134388475,VNMID,VN Mid Cap
2025-01-09,1851.65,1855.72,1839.09,1842.46,93631066,VNMID,VN Mid Cap
2025-01-10,1843.02,1846.2,1812.67,1812.67,180462072,VNMID,VN Mid Cap
2025-01-13,1807.39,1828.13,1797.76,1828.13,176006664,VNMID,VN Mid Cap
2025-01-14,1830.79,1834.81,1815.13,1817.29,117131423,VNMID,VN Mid Cap
2025-01-15,1820.9,1834.67,1817.29,1834.41,167295519,VNMID,VN Mid Cap
2025-01-16,1842.13,1857.7,1840.39,1846.69,154839817,VNMID,VN Mid Cap
2025-01-17,1849.11,1858.03,1844.5,1858.03,127308136,VNMID,VN Mid Cap
2025-01-20,1862.28,1865.81,1853.04,1855.49,132047690,VNMID,VN Mid Cap
2025-01-21,1858.52,1861.87,1848.85,1852.98,138878480,VNMID,VN Mid Cap
2025-01-22,1856.06,1864.6,1854.61,1855.15,164247486,VNMID,VN Mid Cap
2025-01-23,1855.57,1891.32,1855.57,1891.25,168983614,VNMID,VN Mid Cap
2025-01-24,1893.06,1907.77,1891.0,1907.77,213935063,VNMID,VN Mid Cap
2025-02-03,1899.35,1903.16,1889.17,1896.72,188968103,VNMID,VN Mid Cap
2025-02-04,1901.47,1921.82,1901.3,1921.32,238608243,VNMID,VN Mid Cap
2025-02-05,1928.3,1934.35,1921.32,1931.54,230838106,VNMID,VN Mid Cap
2025-02-06,1936.06,1937.51,1921.77,1929.0,204805710,VNMID,VN Mid Cap
2025-02-07,1930.86,1932.55,1924.47,1926.28,195930910,VNMID,VN Mid Cap
2025-02-10,1920.34,1920.34,1899.03,1899.03,252271305,VNMID,VN Mid Cap
2025-02-11,1900.04,1910.88,1900.04,1909.93,187583757,VNMID,VN Mid Cap
2025-02-12,1915.38,1923.79,1912.34,1912.35,196099570,VNMID,VN Mid Cap
2025-02-13,1913.52,1918.01,1907.5,1918.01,182092533,VNMID,VN Mid Cap
2025-02-14,1919.84,1935.37,1918.01,1925.78,268204858,VNMID,VN Mid Cap
2025-02-17,1928.1,1940.76,1925.78,1933.18,374076468,VNMID,VN Mid Cap
2025-02-18,1935.88,1947.82,1933.18,1941.04,263337009,VNMID,VN Mid Cap
2025-02-19,1943.16,1970.77,1941.04,1970.77,341323596,VNMID,VN Mid Cap
2025-02-20,1978.25,1982.78,1970.49,1972.81,294593304,VNMID,VN Mid Cap
2025-02-21,1971.45,1976.46,1957.74,1968.25,245740939,VNMID,VN Mid Cap
2025-02-24,1966.25,1979.06,1961.47,1979.06,308242257,VNMID,VN Mid Cap
2025-02-25,1986.19,1989.56,1971.66,1980.01,335010741,VNMID,VN Mid Cap
2025-02-26,1982.65,1988.35,1979.8,1982.03,321685590,VNMID,VN Mid Cap
2025-02-27,1983.53,1994.24,1968.32,1994.24,409002335,VNMID,VN Mid Cap
2025-02-28,1994.72,2001.07,1985.04,1995.0,323188270,VNMID,VN Mid Cap
2025-03-03,1994.3,2007.93,1992.29,2002.31,326806162,VNMID,VN Mid Cap
2025-03-04,1998.25,2009.46,1975.27,2001.68,406655126,VNMID,VN Mid Cap
2025-03-05,2002.75,2009.92,1977.97,1977.97,308531075,VNMID,VN Mid Cap
2025-03-06,1985.7,2006.97,1976.82,2006.97,498218506,VNMID,VN Mid Cap
2025-03-07,2013.11,2017.27,2004.69,2004.69,352954182,VNMID,VN Mid Cap
2025-03-10,2011.93,2014.65,1992.08,1997.08,353447089,VNMID,VN Mid Cap
2025-03-11,1978.35,2003.25,1973.1,2003.25,370171543,VNMID,VN Mid Cap
2025-03-12,2007.74,2009.13,1988.87,1994.82,389711165,VNMID,VN Mid Cap
2025-03-13,1996.89,2000.16,1967.59,1970.15,408089205,VNMID,VN Mid Cap
2025-03-14,1968.76,1977.61,1957.26,1961.03,329628830,VNMID,VN Mid Cap
2025-03-17,1970.3,1987.0,1969.92,1987.0,301366442,VNMID,VN Mid Cap
2025-03-18,1994.84,1999.75,1981.19,1981.55,346902767,VNMID,VN Mid Cap
2025-03-19,1979.98,1983.63,1962.7,1975.16,290930275,VNMID,VN Mid Cap
2025-03-20,1983.77,1985.51,1954.03,1971.05,282529681,VNMID,VN Mid Cap
2025-03-21,1970.07,1974.79,1963.41,1963.41,272831654,VNMID,VN Mid Cap
2025-03-24,1964.26,1965.1,1944.02,1964.45,269494100,VNMID,VN Mid Cap
2025-03-25,1966.07,1976.51,1962.2,1966.55,321015751,VNMID,VN Mid Cap
2025-03-26,1968.12,1976.24,1946.66,1953.27,270123007,VNMID,VN Mid Cap
2025-03-27,1952.54,1956.93,1947.6,1950.94,204997074,VNMID,VN Mid Cap
2025-03-28,1953.84,1957.39,1932.98,1939.09,267805579,VNMID,VN Mid Cap
2025-03-31,1927.05,1939.43,1918.69,1931.31,311512579,VNMID,VN Mid Cap
2025-04-01,1936.92,1939.57,1925.75,1939.2,211330768,VNMID,VN Mid Cap
2025-04-02,1945.78,1949.93,1939.64,1939.64,321366822,VNMID,VN Mid Cap
2025-04-03,1857.99,1867.45,1809.57,1810.36,564677619,VNMID,VN Mid Cap
2025-04-04,1765.15,1810.36,1695.81,1743.47,655382170,VNMID,VN Mid Cap
2025-04-08,1674.47,1678.21,1629.37,1630.58,283149635,VNMID,VN Mid Cap
2025-04-09,1592.75,1630.58,1528.73,1546.32,590773468,VNMID,VN Mid Cap
2025-04-10,1649.91,1650.17,1546.32,1649.7,103689000,VNMID,VN Mid Cap
2025-04-11,1678.17,1721.92,1647.7,1721.92,632161961,VNMID,VN Mid Cap
2025-04-14,1746.99,1763.08,1728.87,1762.11,387301690,VNMID,VN Mid Cap
2025-04-15,1747.03,1762.65,1710.37,1730.56,405935211,VNMID,VN Mid Cap
2025-04-16,1726.72,1738.09,1701.72,1707.27,299351802,VNMID,VN Mid Cap
2025-04-17,1687.52,1720.75,1687.35,1720.75,281812393,VNMID,VN Mid Cap
2025-04-18,1738.24,1773.38,1736.62,1746.99,430882441,VNMID,VN Mid Cap
2025-04-21,1747.12,1756.14,1718.68,1730.99,325730527,VNMID,VN Mid Cap
2025-04-22,1717.83,1726.03,1624.97,1697.03,686126831,VNMID,VN Mid Cap
2025-04-23,1717.31,1737.91,1712.96,1734.07,271160508,VNMID,VN Mid Cap
2025-04-24,1740.18,1759.8,1727.29,1750.56,279868829,VNMID,VN Mid Cap
2025-04-25,1750.75,1757.05,1737.33,1750.83,246173032,VNMID,VN Mid Cap
2025-04-28,1753.4,1757.21,1744.7,1753.27,211820864,VNMID,VN Mid Cap
2025-04-29,1755.76,1761.34,1750.31,1755.42,188751681,VNMID,VN Mid Cap
2025-05-05,1755.42,1792.43,1755.42,1792.43,259734241,VNMID,VN Mid Cap
2025-05-06,1792.43,1808.92,1786.22,1788.94,294372709,VNMID,VN Mid Cap
2025-05-07,1788.94,1804.16,1785.93,1799.87,305063305,VNMID,VN Mid Cap
2025-05-08,1799.87,1818.86,1798.04,1818.39,292241475,VNMID,VN Mid Cap
2025-05-09,1818.39,1831.15,1811.4,1816.38,281023539,VNMID,VN Mid Cap
2025-05-12,1816.38,1830.44,1808.71,1830.41,260986156,VNMID,VN Mid Cap
2025-05-13,1830.41,1855.79,1830.41,1852.46,351739190,VNMID,VN Mid Cap
2025-05-14,1852.46,1870.01,1848.01,1869.7,338223043,VNMID,VN Mid Cap
2025-05-15,1869.7,1881.93,1853.93,1870.63,344478024,VNMID,VN Mid Cap
2025-05-16,1870.63,1877.26,1853.62,1855.67,360671410,VNMID,VN Mid Cap
2025-05-19,1855.67,1858.64,1840.35,1843.57,341241095,VNMID,VN Mid Cap
2025-05-20,1843.57,1865.66,1836.96,1864.67,320215478,VNMID,VN Mid Cap
2025-05-21,1864.67,1876.91,1849.89,1870.69,390272603,VNMID,VN Mid Cap
2025-05-22,1870.69,1888.09,1858.6,1862.32,566203666,VNMID,VN Mid Cap
2025-05-23,1862.32,1874.07,1859.47,1867.59,291731228,VNMID,VN Mid Cap
2025-05-26,1867.59,1906.07,1839.06,1906.07,420368243,VNMID,VN Mid Cap
2025-05-27,1906.07,1935.96,1906.07,1935.8,500356587,VNMID,VN Mid Cap
2025-05-28,1935.8,1951.97,1916.7,1925.02,432424648,VNMID,VN Mid Cap
2025-05-29,1925.02,1949.14,1923.11,1935.34,411575066,VNMID,VN Mid Cap
2025-05-30,1935.34,1943.79,1905.09,1913.71,387146042,VNMID,VN Mid Cap
2025-06-02,1913.71,1933.94,1897.92,1933.48,390605841,VNMID,VN Mid Cap
2025-06-03,1933.48,1957.77,1931.28,1950.06,494872773,VNMID,VN Mid Cap
2025-06-04,1950.06,1971.03,1950.06,1960.94,454771037,VNMID,VN Mid Cap
2025-06-05,1960.94,1967.53,1939.21,1952.32,363299576,VNMID,VN Mid Cap
2025-06-06,1952.32,1956.69,1925.76,1927.99,448686046,VNMID,VN Mid Cap
2025-06-09,1927.99,1935.27,1897.51,1899.76,334023703,VNMID,VN Mid Cap
2025-06-10,1899.76,1923.15,1892.86,1912.31,305224166,VNMID,VN Mid Cap
2025-06-11,1912.31,1925.32,1900.17,1910.37,239716837,VNMID,VN Mid Cap
2025-06-12,1910.37,1937.64,1907.65,1935.12,300919322,VNMID,VN Mid Cap
2025-06-13,1935.12,1935.12,1886.3,1907.08,524626041,VNMID,VN Mid Cap
2025-06-16,1907.08,1950.06,1900.93,1950.06,284705702,VNMID,VN Mid Cap
2025-06-17,1950.06,1962.09,1940.98,1956.98,328997600,VNMID,VN Mid Cap
2025-06-18,1956.98,1966.88,1941.48,1948.51,310778757,VNMID,VN Mid Cap
2025-06-19,1948.51,1952.39,1933.43,1949.45,244387607,VNMID,VN Mid Cap
2025-06-20,1949.45,1961.55,1949.45,1956.16,279009535,VNMID,VN Mid Cap
2025-06-23,1956.16,1956.16,1936.16,1951.18,332761656,VNMID,VN Mid Cap
2025-06-24,1951.18,1974.23,1948.11,1967.55,415224921,VNMID,VN Mid Cap
2025-06-25,1967.55,1981.71,1963.99,1968.12,316535320,VNMID,VN Mid Cap
2025-06-26,1968.12,1972.92,1954.89,1969.57,257025418,VNMID,VN Mid Cap
2025-06-27,1969.57,1979.43,1969.57,1973.64,289770800,VNMID,VN Mid Cap
2025-06-30,1973.64,1996.19,1973.64,1995.4,307080937,VNMID,VN Mid Cap
2025-07-01,1995.4,2003.86,1979.25,1988.25,347296627,VNMID,VN Mid Cap
2025-07-02,1988.25,2017.45,1988.25,2017.45,489783426,VNMID,VN Mid Cap
2025-07-03,2017.45,2043.65,2009.73,2025.08,687315500,VNMID,VN Mid Cap
2025-07-04,2025.08,2043.02,2025.08,2037.52,430439914,VNMID,VN Mid Cap
2025-07-07,2037.52,2054.39,2037.52,2054.35,494183320,VNMID,VN Mid Cap
2025-07-08,2054.35,2072.05,2051.26,2071.91,487963028,VNMID,VN Mid Cap
2025-07-09,2071.91,2090.8,2071.91,2084.47,582205523,VNMID,VN Mid Cap
2025-07-10,2084.47,2097.9,2081.19,2086.38,444309708,VNMID,VN Mid Cap
2025-07-11,2086.38,2099.37,2071.57,2092.68,550724300,VNMID,VN Mid Cap
2025-07-14,2092.68,2126.3,2072.81,2125.76,596743713,VNMID,VN Mid Cap
2025-07-15,2125.76,2148.14,2123.02,2123.02,653965017,VNMID,VN Mid Cap
2025-07-16,2123.02,2142.8,2116.06,2142.8,597784599,VNMID,VN Mid Cap
2025-07-17,2142.8,2168.02,2139.77,2151.78,663017177,VNMID,VN Mid Cap
2025-07-18,2151.78,2179.5,2149.16,2166.29,624056315,VNMID,VN Mid Cap
2025-07-21,2166.29,2190.88,2159.26,2162.5,638443093,VNMID,VN Mid Cap
2025-07-22,2162.5,2211.89,2149.33,2211.89,578059907,VNMID,VN Mid Cap
2025-07-23,2211.89,2257.19,2211.89,2242.86,685749088,VNMID,VN Mid Cap
2025-07-24,2242.86,2265.41,2237.47,2265.41,575691551,VNMID,VN Mid Cap
2025-07-25,2265.41,2316.8,2265.41,2316.78,702673241,VNMID,VN Mid Cap
2025-07-28,2316.78,2401.88,2316.78,2397.62,720589467,VNMID,VN Mid Cap
2025-07-29,2397.62,2434.04,2269.73,2270.71,1277385371,VNMID,VN Mid Cap
2025-07-30,2270.71,2312.7,2250.71,2310.0,722295007,VNMID,VN Mid Cap
2025-07-31,2310.0,2340.51,2279.81,2335.5,695947278,VNMID,VN Mid Cap
2025-08-01,2335.5,2354.36,2301.69,2315.64,605043434,VNMID,VN Mid Cap
2025-08-04,2315.64,2354.31,2293.76,2354.31,498847761,VNMID,VN Mid Cap
2025-08-05,2354.31,2414.34,2286.64,2348.06,1085728397,VNMID,VN Mid Cap
2025-08-06,2348.06,2392.14,2348.06,2392.14,540297693,VNMID,VN Mid Cap
2025-08-07,2392.14,2421.95,2391.99,2417.69,652975494,VNMID,VN Mid Cap
2025-08-08,2417.69,2448.69,2402.79,2443.02,789626061,VNMID,VN Mid Cap
2025-08-11,2443.02,2482.63,2443.02,2473.25,652419061,VNMID,VN Mid Cap
2025-08-12,2473.25,2494.86,2450.82,2494.86,726342798,VNMID,VN Mid Cap
2025-08-13,2514.85,2523.12,2468.64,2520.88,834268996,VNMID,VN Mid Cap
2025-08-14,2545.34,2559.06,2536.33,2553.01,694913254,VNMID,VN Mid Cap
2025-08-15,2565.39,2580.19,2523.96,2546.14,825765737,VNMID,VN Mid Cap
2025-08-18,2556.8,2586.66,2545.6,2581.88,733883125,VNMID,VN Mid Cap
2025-08-19,2605.7,2621.72,2585.5,2594.04,768004469,VNMID,VN Mid Cap
2025-08-20,2607.14,2607.14,2483.93,2565.04,975569133,VNMID,VN Mid Cap
2025-08-21,2589.19,2592.81,2551.51,2553.27,632947070,VNMID,VN Mid Cap
2025-08-22,2536.8,2558.38,2455.84,2495.4,891655414,VNMID,VN Mid Cap
2025-08-25,2527.75,2530.48,2414.05,2419.76,578626281,VNMID,VN Mid Cap
2025-08-26,2406.8,2519.49,2401.73,2519.49,622360620,VNMID,VN Mid Cap
2025-08-27,2546.67,2565.85,2529.87,2535.09,668010127,VNMID,VN Mid Cap
2025-08-28,2545.51,2568.85,2522.11,2568.85,494416166,VNMID,VN Mid Cap
2025-08-29,2587.46,2607.2,2571.77,2574.28,597340045,VNMID,VN Mid Cap
2025-09-03,2581.8,2610.84,2577.2,2608.57,538053295,VNMID,VN Mid Cap
2025-09-04,2628.67,2643.32,2613.55,2632.59,589261432,VNMID,VN Mid Cap
2025-09-05,2651.73,2660.78,2572.78,2572.78,722038598,VNMID,VN Mid Cap
2025-09-08,2564.65,2576.72,2469.19,2469.19,810000240,VNMID,VN Mid Cap
2025-09-09,2475.3,2501.13,2437.62,2501.13,461837073,VNMID,VN Mid Cap
2025-09-10,2519.4,2519.4,2476.36,2496.5,381305654,VNMID,VN Mid Cap
2025-09-11,2492.45,2503.51,2415.05,2502.42,530111620,VNMID,VN Mid Cap
2025-09-12,2518.31,2539.88,2513.66,2535.73,498053799,VNMID,VN Mid Cap
2025-09-15,2558.78,2586.54,2553.31,2586.54,486275932,VNMID,VN Mid Cap
2025-09-16,2622.23,2622.23,2554.3,2564.36,522285277,VNMID,VN Mid Cap
2025-09-17,2557.72,2569.45,2520.11,2520.11,382695872,VNMID,VN Mid Cap
2025-09-18,2530.59,2533.77,2494.92,2517.88,357778274,VNMID,VN Mid Cap
2025-09-19,2533.22,2533.39,2475.8,2496.2,360063144,VNMID,VN Mid Cap
2025-09-22,2506.84,2506.84,2432.94,2469.77,496793566,VNMID,VN Mid Cap
2025-09-23,2474.22,2483.88,2455.47,2462.6,278059083,VNMID,VN Mid Cap
2025-09-24,2463.61,2504.97,2442.02,2504.97,355796258,VNMID,VN Mid Cap
2025-09-25,2516.9,2533.34,2511.25,2521.96,459711128,VNMID,VN Mid Cap
2025-09-26,2525.71,2527.96,2494.26,2494.26,427058692,VNMID,VN Mid Cap
2025-09-29,2495.45,2506.53,2480.23,2488.01,419171120,VNMID,VN Mid Cap
2025-09-30,2492.39,2493.6,2426.13,2463.63,546905516,VNMID,VN Mid Cap
2025-10-01,2475.32,2485.63,2466.04,2476.47,337462060,VNMID,VN Mid Cap
2025-10-02,2487.58,2487.58,2430.57,2430.57,308476764,VNMID,VN Mid Cap
2025-10-03,2424.86,2425.15,2389.07,2394.74,368996586,VNMID,VN Mid Cap
2025-10-06,2415.92,2488.17,2414.2,2488.17,377795371,VNMID,VN Mid Cap
2025-10-07,2502.61,2502.61,2451.28,2454.81,334944612,VNMID,VN Mid Cap
2025-10-08,2496.18,2496.18,2441.49,2474.36,440417515,VNMID,VN Mid Cap
2025-10-09,2489.55,2494.69,2471.9,2491.55,361958497,VNMID,VN Mid Cap
2025-10-10,2505.54,2523.93,2503.91,2513.3,417191360,VNMID,VN Mid Cap
2025-10-13,2488.35,2518.66,2476.79,2518.66,501750197,VNMID,VN Mid Cap
2025-10-14,2541.93,2547.38,2507.66,2511.92,642718376,VNMID,VN Mid Cap
2025-10-15,2525.09,2540.48,2508.67,2532.16,462782419,VNMID,VN Mid Cap
2025-10-16,2549.21,2570.12,2543.47,2570.12,524892945,VNMID,VN Mid Cap
2025-10-17,2582.89,2586.09,2532.93,2532.93,534648159,VNMID,VN Mid Cap
2025-10-20,2525.44,2542.06,2375.52,2376.18,632715784,VNMID,VN Mid Cap
2025-10-21,2375.05,2395.61,2310.2,2374.35,668176402,VNMID,VN Mid Cap
2025-10-22,2397.46,2398.29,2324.26,2397.18,378082813,VNMID,VN Mid Cap
2025-10-23,2402.5,2426.27,2379.3,2379.3,274205228,VNMID,VN Mid Cap
2025-10-24,2369.45,2379.57,2327.98,2363.85,366807327,VNMID,VN Mid Cap
2025-10-27,2379.37,2382.81,2330.7,2330.7,384365223,VNMID,VN Mid Cap
2025-10-28,2327.06,2375.43,2295.5,2375.43,352668774,VNMID,VN Mid Cap
2025-10-29,2386.96,2411.44,2382.69,2400.97,336648178,VNMID,VN Mid Cap
2025-10-30,2407.6,2411.99,2370.97,2380.39,346068827,VNMID,VN Mid Cap
2025-10-31,2380.26,2385.98,2342.56,2346.31,380628600,VNMID,VN Mid Cap
2025-11-03,2348.15,2351.63,2278.14,2278.14,447424599,VNMID,VN Mid Cap
2025-11-04,2271.87,2349.49,2213.32,2345.44,524614175,VNMID,VN Mid Cap
2025-11-05,2337.6,2340.78,2310.96,2323.32,303559694,VNMID,VN Mid Cap
2025-11-06,2325.36,2326.13,2287.77,2303.18,245429320,VNMID,VN Mid Cap
2025-11-07,2300.43,2306.12,2236.35,2239.14,330014797,VNMID,VN Mid Cap
2025-11-10,2230.64,2249.67,2195.91,2200.08,311158200,VNMID,VN Mid Cap
2025-11-11,2212.85,2229.24,2187.34,2229.24,263894617,VNMID,VN Mid Cap
2025-11-12,2240.39,2281.53,2235.53,2280.39,307095366,VNMID,VN Mid Cap
2025-11-13,2284.79,2297.26,2275.76,2280.26,321131567,VNMID,VN Mid Cap
2025-11-14,2272.33,2309.05,2272.11,2296.95,320556364,VNMID,VN Mid Cap
2025-11-17,2306.2,2335.81,2304.61,2335.81,363161839,VNMID,VN Mid Cap
2025-11-18,2338.1,2345.71,2323.83,2339.17,340549910,VNMID,VN Mid Cap
2025-11-19,2337.93,2342.76,2290.47,2305.95,410663216,VNMID,VN Mid Cap
2025-11-20,2309.63,2309.67,2274.19,2296.26,295877422,VNMID,VN Mid Cap
2025-11-21,2282.62,2287.74,2259.35,2280.74,298134902,VNMID,VN Mid Cap
2025-11-24,2285.56,2294.44,2268.95,2272.46,216619716,VNMID,VN Mid Cap
2025-11-25,2275.68,2277.64,2240.51,2247.13,384704092,VNMID,VN Mid Cap
2025-11-26,2254.66,2305.23,2253.24,2305.23,348172582,VNMID,VN Mid Cap
2025-11-27,2315.19,2329.35,2305.88,2310.75,345385590,VNMID,VN Mid Cap
2025-11-28,2316.25,2318.89,2281.37,2295.67,341987891,VNMID,VN Mid Cap
2025-12-01,2302.0,2302.06,2279.67,2282.47,246438451,VNMID,VN Mid Cap
2025-12-02,2280.97,2288.02,2247.51,2285.96,282273101,VNMID,VN Mid Cap
2025-12-03,2295.47,2310.57,2284.05,2310.55,261474396,VNMID,VN Mid Cap
2025-12-04,2321.19,2333.15,2319.4,2328.21,389097072,VNMID,VN Mid Cap
2025-12-05,2335.5,2336.56,2306.1,2309.86,254119015,VNMID,VN Mid Cap
2025-12-08,2313.35,2313.47,2270.63,2276.25,275471654,VNMID,VN Mid Cap
2025-12-09,2273.92,2275.41,2218.62,2258.67,356032571,VNMID,VN Mid Cap
2025-12-10,2263.85,2268.81,2235.23,2239.97,246777459,VNMID,VN Mid Cap
2025-12-11,2245.48,2257.45,2232.55,2238.19,224371781,VNMID,VN Mid Cap
2025-12-12,2242.99,2243.14,2142.29,2142.29,378291637,VNMID,VN Mid Cap
2025-12-15,2140.14,2163.09,2125.42,2133.47,265266941,VNMID,VN Mid Cap
2025-12-16,2140.86,2211.17,2102.73,2204.0,348584068,VNMID,VN Mid Cap
2025-12-17,2203.81,2204.54,2190.53,2195.26,231142781,VNMID,VN Mid Cap
2025-12-18,2195.62,2202.51,2183.22,2197.15,251750612,VNMID,VN Mid Cap
2025-12-19,2201.96,2217.76,2193.23,2213.98,277166853,VNMID,VN Mid Cap
2025-12-22,2222.33,2259.15,2219.4,2259.15,358749457,VNMID,VN Mid Cap
2025-12-23,2267.12,2268.93,2232.41,2244.64,369501343,VNMID,VN Mid Cap
2025-12-24,2243.69,2252.82,2227.46,2252.07,264496927,VNMID,VN Mid Cap
2025-12-25,2252.18,2264.43,2220.68,2220.68,313864124,VNMID,VN Mid Cap
2025-12-26,2210.54,2220.34,2159.17,2210.52,397885163,VNMID,VN Mid Cap
2025-12-29,2214.99,2223.65,2212.96,2223.27,234426444,VNMID,VN Mid Cap
2025-12-30,2226.91,2233.27,2214.87,2230.45,207930913,VNMID,VN Mid Cap
2025-12-31,2232.89,2233.06,2207.54,2217.21,258468096,VNMID,VN Mid Cap
2026-01-05,2223.43,2223.43,2169.04,2183.61,356194904,VNMID,VN Mid Cap
2026-01-06,2188.46,2196.64,2162.06,2186.79,372338083,VNMID,VN Mid Cap
2026-01-07,2199.35,2227.87,2193.73,2227.87,298458022,VNMID,VN Mid Cap
2026-01-08,2238.89,2242.14,2209.81,2220.81,418314166,VNMID,VN Mid Cap
2026-01-09,2229.54,2231.04,2172.79,2175.65,496053447,VNMID,VN Mid Cap
2026-01-12,2185.28,2239.86,2175.58,2236.28,491657846,VNMID,VN Mid Cap
2026-01-13,2258.8,2280.16,2250.29,2274.23,572453185,VNMID,VN Mid Cap
2026-01-14,2281.93,2294.15,2244.14,2266.7,529742477,VNMID,VN Mid Cap
2026-01-15,2265.91,2287.08,2255.59,2280.63,450047532,VNMID,VN Mid Cap
2026-01-16,2293.13,2298.44,2273.33,2277.93,373206908,VNMID,VN Mid Cap
2026-01-19,2283.76,2306.73,2279.26,2297.36,353751535,VNMID,VN Mid Cap
2026-01-20,2307.07,2308.0,2277.33,2284.13,400081100,VNMID,VN Mid Cap
2026-01-21,2269.94,2279.56,2222.5,2245.6,525457631,VNMID,VN Mid Cap
2026-01-22,2260.96,2289.46,2253.68,2277.85,408554077,VNMID,VN Mid Cap
2026-01-23,2284.53,2284.99,2238.29,2248.06,312655526,VNMID,VN Mid Cap
2026-01-26,2250.87,2253.79,2172.07,2182.19,480581852,VNMID,VN Mid Cap
2026-01-27,2182.95,2190.89,2171.59,2184.25,313040619,VNMID,VN Mid Cap
2026-01-28,2193.46,2198.84,2164.33,2187.77,358613457,VNMID,VN Mid Cap
2026-01-29,2199.1,2207.66,2190.4,2203.76,235874777,VNMID,VN Mid Cap
2026-01-30,2213.28,2227.23,2205.33,2227.23,321092624,VNMID,VN Mid Cap
2026-02-02,2229.79,2229.79,2183.7,2217.83,409878333,VNMID,VN Mid Cap
2026-02-03,2228.71,2257.39,2228.39,2257.39,408873519,VNMID,VN Mid Cap
2026-02-04,2264.33,2270.02,2250.97,2261.0,416633279,VNMID,VN Mid Cap
2026-02-05,2266.15,2268.12,2221.39,2221.56,288750770,VNMID,VN Mid Cap
2026-02-06,2201.38,2201.82,2154.2,2154.2,483642798,VNMID,VN Mid Cap
2026-02-09,2175.77,2177.42,2150.92,2160.15,315307827,VNMID,VN Mid Cap
2026-02-10,2165.76,2173.23,2133.27,2149.34,395337383,VNMID,VN Mid Cap
2026-02-11,2157.25,2208.27,2154.47,2208.27,570324765,VNMID,VN Mid Cap
2026-02-12,2219.48,2226.4,2210.65,2220.94,209351031,VNMID,VN Mid Cap
2026-02-13,2215.3,2243.69,2209.68,2243.4,263427929,VNMID,VN Mid Cap
2026-02-23,2252.64,2284.47,2249.28,2284.47,328792975,VNMID,VN Mid Cap
2026-02-24,2285.02,2304.88,2280.28,2304.24,391590480,VNMID,VN Mid Cap
2026-02-25,2313.49,2313.49,2288.22,2293.16,394358571,VNMID,VN Mid Cap
2026-02-26,2296.77,2302.35,2280.17,2302.01,323542178,VNMID,VN Mid Cap
2026-02-27,2310.09,2312.25,2286.57,2300.03,439377662,VNMID,VN Mid Cap
2026-03-02,2295.69,2307.92,2249.0,2273.86,675214049,VNMID,VN Mid Cap
2026-03-03,2281.57,2297.94,2259.44,2273.36,565957092,VNMID,VN Mid Cap
2026-03-04,2270.27,2280.86,2171.29,2247.12,710886691,VNMID,VN Mid Cap
2026-03-05,2267.46,2276.12,2225.85,2225.85,532191693,VNMID,VN Mid Cap
2026-03-06,2231.5,2233.36,2194.8,2200.78,452078639,VNMID,VN Mid Cap
2026-03-09,2194.19,2194.19,2056.42,2058.13,425495685,VNMID,VN Mid Cap
2026-03-10,2069.22,2121.06,2046.07,2076.51,654432057,VNMID,VN Mid Cap
2026-03-11,2081.03,2170.96,2080.04,2169.33,407370104,VNMID,VN Mid Cap
2026-03-12,2163.02,2185.91,2138.72,2169.16,419171130,VNMID,VN Mid Cap
2026-03-13,2155.41,2188.64,2152.43,2161.06,519458006,VNMID,VN Mid Cap
2026-03-16,2170.67,2174.09,2134.4,2151.46,394299365,VNMID,VN Mid Cap
2026-03-17,2169.21,2181.78,2151.49,2156.31,403311410,VNMID,VN Mid Cap
2026-03-18,2162.51,2174.54,2123.33,2154.22,350738179,VNMID,VN Mid Cap
2026-03-19,2128.6,2149.91,2121.64,2136.07,387789090,VNMID,VN Mid Cap
2026-03-20,2138.08,2143.4,2079.86,2111.97,408470188,VNMID,VN Mid Cap
2026-03-23,2084.81,2090.26,2010.43,2019.95,474667036,VNMID,VN Mid Cap
2026-03-24,2062.11,2091.55,2047.7,2076.57,348567736,VNMID,VN Mid Cap
2026-03-25,2098.07,2143.91,2096.59,2143.91,429569818,VNMID,VN Mid Cap
2026-03-26,2152.21,2152.4,2118.11,2140.17,427269156,VNMID,VN Mid Cap
2026-03-27,2136.58,2190.74,2133.28,2190.66,490005589,VNMID,VN Mid Cap
2026-03-30,2151.19,2199.39,2145.13,2181.71,393919141,VNMID,VN Mid Cap
2026-03-31,2194.72,2210.16,2183.53,2195.29,439705181,VNMID,VN Mid Cap
2026-04-01,2229.23,2229.86,2197.13,2202.12,426524693,VNMID,VN Mid Cap
2026-04-02,2184.29,2192.75,2159.86,2177.37,336310557,VNMID,VN Mid Cap
2026-04-03,2179.78,2184.06,2139.91,2141.97,380791931,VNMID,VN Mid Cap
2026-04-06,2139.9,2153.09,2112.62,2115.92,321971163,VNMID,VN Mid Cap
2026-04-07,2127.14,2135.97,2099.92,2134.68,292802377,VNMID,VN Mid Cap
2026-04-08,2185.89,2235.84,2179.28,2234.53,551064595,VNMID,VN Mid Cap
2026-04-09,2224.86,2246.81,2215.29,2233.44,536325520,VNMID,VN Mid Cap
2026-04-10,2251.12,2259.89,2240.0,2242.64,433145225,VNMID,VN Mid Cap
2026-04-13,2228.73,2261.7,2224.69,2254.76,428764547,VNMID,VN Mid Cap
2026-04-14,2274.98,2281.28,2249.42,2258.59,405185224,VNMID,VN Mid Cap
2026-04-15,2273.11,2280.95,2245.67,2247.84,470911091,VNMID,VN Mid Cap
2026-04-16,2249.83,2250.0,2219.91,2238.44,427045443,VNMID,VN Mid Cap
2026-04-17,2247.69,2256.64,2235.94,2235.94,332820505,VNMID,VN Mid Cap
2026-04-20,2239.38,2258.16,2237.49,2247.67,309645435,VNMID,VN Mid Cap
2026-04-21,2255.54,2259.31,2226.44,2228.94,401132218,VNMID,VN Mid Cap
2026-04-22,2233.96,2241.67,2222.17,2229.82,370274993,VNMID,VN Mid Cap
2026-04-23,2239.94,2243.89,2183.11,2212.42,482362672,VNMID,VN Mid Cap
2026-04-24,2213.87,2213.87,2186.72,2206.44,292972625,VNMID,VN Mid Cap
2026-04-28,2207.39,2211.17,2176.7,2182.07,291670089,VNMID,VN Mid Cap
2026-04-29,2180.81,2196.23,2177.33,2194.26,361444148,VNMID,VN Mid Cap
2026-05-04,2211.01,2222.38,2190.98,2198.17,307523705,VNMID,VN Mid Cap
2026-05-05,2196.81,2200.39,2170.82,2187.48,361306946,VNMID,VN Mid Cap
2026-05-06,2191.9,2227.73,2184.36,2224.83,477770615,VNMID,VN Mid Cap
2026-05-07,2239.36,2250.17,2222.46,2222.46,488702744,VNMID,VN Mid Cap
2026-05-08,2225.58,2243.41,2213.94,2237.7,499785941,VNMID,VN Mid Cap
2026-05-11,2246.91,2265.22,2236.68,2243.79,544306228,VNMID,VN Mid Cap
2026-05-12,2249.82,2255.63,2232.0,2247.13,366471854,VNMID,VN Mid Cap
2026-05-13,2251.04,2256.77,2226.06,2249.55,495633013,VNMID,VN Mid Cap
2026-05-14,2254.65,2263.33,2242.34,2251.3,287255142,VNMID,VN Mid Cap
2026-05-15,2255.4,2257.11,2236.81,2242.25,302040184,VNMID,VN Mid Cap
2026-05-18,2232.69,2243.79,2224.32,2243.79,381659657,VNMID,VN Mid Cap
2026-05-19,2253.31,2259.18,2232.67,2243.36,486632255,VNMID,VN Mid Cap
2026-05-20,2240.19,2242.77,2142.47,2208.87,538627229,VNMID,VN Mid Cap
2026-05-21,2218.51,2218.51,2177.18,2192.94,278823935,VNMID,VN Mid Cap
2026-05-22,2191.49,2192.16,2158.48,2181.34,497237871,VNMID,VN Mid Cap
2026-05-25,2185.12,2196.04,2179.84,2183.93,346084658,VNMID,VN Mid Cap
2026-05-26,2185.97,2204.95,2184.26,2200.38,333111636,VNMID,VN Mid Cap
2026-05-27,2207.43,2213.83,2192.27,2199.57,321547544,VNMID,VN Mid Cap
2026-05-28,2201.02,2208.67,2168.74,2169.55,313290807,VNMID,VN Mid Cap
2026-05-29,2164.27,2171.38,2145.6,2149.68,305739945,VNMID,VN Mid Cap
2026-06-01,2152.63,2160.26,2144.82,2152.33,231171014,VNMID,VN Mid Cap
2026-06-02,2150.16,2156.76,2111.7,2115.69,298187621,VNMID,VN Mid Cap
2026-06-03,2113.04,2138.63,2103.4,2133.63,304296159,VNMID,VN Mid Cap
2026-06-04,2135.04,2143.4,2119.48,2140.73,187831894,VNMID,VN Mid Cap
2026-06-05,2145.9,2145.9,2122.49,2127.48,190406159,VNMID,VN Mid Cap
2026-06-08,2111.54,2112.28,2083.96,2089.28,311532266,VNMID,VN Mid Cap
2026-06-09,2094.69,2100.19,2080.56,2098.1,187660726,VNMID,VN Mid Cap
2026-06-10,2096.25,2122.83,2095.28,2116.78,288588100,VNMID,VN Mid Cap
2026-06-11,2106.54,2112.95,2102.94,2107.59,180244201,VNMID,VN Mid Cap
2026-06-12,2124.92,2124.92,2099.81,2103.89,228729901,VNMID,VN Mid Cap
2026-06-15,2125.22,2146.62,2124.46,2146.62,300549906,VNMID,VN Mid Cap
2026-06-16,2154.68,2174.08,2149.83,2172.93,305874738,VNMID,VN Mid Cap
2026-06-17,2176.5,2186.61,2166.91,2177.82,398026425,VNMID,VN Mid Cap
2026-06-18,2178.39,2182.27,2163.8,2164.06,317314660,VNMID,VN Mid Cap
2026-06-19,2162.33,2168.48,2131.15,2149.37,255759941,VNMID,VN Mid Cap
2026-06-22,2147.84,2150.9,2129.75,2149.3,240046789,VNMID,VN Mid Cap
2026-06-23,2153.22,2155.25,2119.31,2120.21,300260916,VNMID,VN Mid Cap
2026-06-24,2119.75,2122.69,2096.14,2119.61,288784703,VNMID,VN Mid Cap
2026-06-25,2121.04,2123.42,2101.94,2108.29,199607417,VNMID,VN Mid Cap
2026-06-26,2107.22,2115.19,2099.8,2106.56,231125862,VNMID,VN Mid Cap
2026-06-29,2109.77,2121.81,2108.73,2121.17,286426475,VNMID,VN Mid Cap
2026-06-30,2125.15,2136.31,2116.27,2130.54,296289865,VNMID,VN Mid Cap
2026-07-01,2131.04,2142.31,2129.57,2139.55,206459594,VNMID,VN Mid Cap
2026-07-02,2146.56,2151.66,2133.68,2135.14,239388835,VNMID,VN Mid Cap
2026-07-03,2130.22,2133.39,2107.29,2120.69,284461584,VNMID,VN Mid Cap
2026-07-06,2117.52,2118.55,2046.36,2069.86,375112949,VNMID,VN Mid Cap
2026-07-07,2064.03,2082.48,2053.32,2082.46,218484128,VNMID,VN Mid Cap
2026-07-08,2078.81,2095.11,2078.52,2092.86,277594716,VNMID,VN Mid Cap
2026-07-09,2082.4,2087.07,2060.2,2063.26,274597006,VNMID,VN Mid Cap
2026-07-10,2059.89,2068.53,2032.3,2033.86,268111632,VNMID,VN Mid Cap
2026-07-13,2029.5,2029.5,1978.3,2001.95,358111998,VNMID,VN Mid Cap
2026-07-14,1994.03,2024.37,1992.83,2023.79,218697301,VNMID,VN Mid Cap
2026-07-15,2023.16,2025.47,1979.28,1988.98,285946610,VNMID,VN Mid Cap
2026-07-16,1978.24,1995.37,1928.01,1993.33,348156856,VNMID,VN Mid Cap
2026-07-17,1993.87,1995.43,1964.08,1977.05,180588419,VNMID,VN Mid Cap
2026-07-20,1958.44,1960.33,1892.91,1904.6,378349476,VNMID,VN Mid Cap
2026-07-21,1892.32,1918.48,1874.08,1881.48,267738177,VNMID,VN Mid Cap
2026-07-22,1879.66,1894.38,1835.64,1841.49,378910556,VNMID,VN Mid Cap
2026-07-23,1829.19,1876.45,1792.54,1871.91,373069105,VNMID,VN Mid Cap
2026-07-24,1860.67,1867.09,1839.19,1845.8,279335703,VNMID,VN Mid Cap
2026-07-27,1850.06,1853.65,1794.65,1798.01,306170751,VNMID,VN Mid Cap
2026-07-28,1777.16,1835.75,1771.43,1826.22,361070656,VNMID,VN Mid Cap
2026-07-29,1832.18,1833.53,1814.24,1831.47,220505752,VNMID,VN Mid Cap
2026-07-30,1832.91,1887.11,1832.91,1882.59,401874176,VNMID,VN Mid Cap
2026-07-31,1896.63,1896.63,1859.92,1873.4,378755034,VNMID,VN Mid Cap
2026-08-03,1879.63,1923.59,1879.31,1913.16,368529658,VNMID,VN Mid Cap
