time,open,high,low,close,volume,symbol,name
2018-08-06,1330.21,1336.26,1318.63,1330.53,41274150,VNREAL,Bất động sản
2018-08-07,1330.53,1330.53,1318.52,1320.87,31492030,VNREAL,Bất động sản
2018-08-08,1317.46,1327.04,1312.45,1315.75,35402070,VNREAL,Bất động sản
2018-08-09,1316.53,1316.53,1281.82,1281.82,32982770,VNREAL,Bất động sản
2018-08-10,1263.02,1283.78,1256.44,1280.84,29194280,VNREAL,Bất động sản
2018-08-13,1275.97,1275.97,1260.1,1273.29,33016140,VNREAL,Bất động sản
2018-08-14,1273.29,1287.33,1267.94,1279.21,29531760,VNREAL,Bất động sản
2018-08-15,1273.29,1285.53,1263.18,1264.88,32206300,VNREAL,Bất động sản
2018-08-16,1273.29,1270.32,1256.96,1266.75,27406790,VNREAL,Bất động sản
2018-08-17,1273.29,1277.87,1266.55,1267.44,22110810,VNREAL,Bất động sản
2018-08-20,1273.29,1272.74,1263.82,1268.85,38879780,VNREAL,Bất động sản
2018-08-21,1273.29,1276.12,1266.48,1276.12,48781180,VNREAL,Bất động sản
2018-08-22,1273.29,1289.42,1275.81,1282.11,47452760,VNREAL,Bất động sản
2018-08-23,1273.29,1300.33,1283.89,1290.54,37418410,VNREAL,Bất động sản
2018-08-24,1273.29,1297.5,1287.8,1290.73,35123270,VNREAL,Bất động sản
2018-08-27,1273.29,1297.36,1288.6,1290.9,38818130,VNREAL,Bất động sản
2018-08-28,1273.29,1292.2,1283.03,1288.8,33182750,VNREAL,Bất động sản
2018-08-29,1273.29,1287.82,1278.5,1279.24,36421920,VNREAL,Bất động sản
2018-08-30,1278.0,1284.96,1273.77,1284.96,33880080,VNREAL,Bất động sản
2018-08-31,1278.0,1284.6,1272.52,1280.77,33618210,VNREAL,Bất động sản
2018-09-04,1278.0,1284.6,1257.93,1260.32,44901640,VNREAL,Bất động sản
2018-09-05,1278.0,1261.75,1244.49,1244.77,37647710,VNREAL,Bất động sản
2018-09-06,1278.0,1247.85,1223.96,1223.96,29732790,VNREAL,Bất động sản
2018-09-07,1278.0,1232.89,1213.98,1228.85,34211330,VNREAL,Bất động sản
2018-09-10,1278.0,1245.42,1224.92,1245.42,30982990,VNREAL,Bất động sản
2018-09-11,1278.0,1266.35,1239.26,1265.37,31767400,VNREAL,Bất động sản
2018-09-12,1278.0,1279.15,1265.22,1265.22,33402150,VNREAL,Bất động sản
2018-09-13,1278.0,1271.08,1257.95,1259.63,29267960,VNREAL,Bất động sản
2018-09-14,1278.0,1270.88,1256.86,1263.52,26734480,VNREAL,Bất động sản
2018-09-17,1278.0,1263.62,1245.25,1245.71,29264210,VNREAL,Bất động sản
2018-09-18,1278.0,1250.88,1236.81,1250.88,30188070,VNREAL,Bất động sản
2018-09-19,1278.0,1258.24,1244.73,1244.73,41637290,VNREAL,Bất động sản
2018-09-20,1278.0,1253.04,1242.58,1246.94,32325470,VNREAL,Bất động sản
2018-09-21,1278.0,1256.48,1241.78,1241.78,55073760,VNREAL,Bất động sản
2018-09-24,1278.0,1266.31,1252.15,1266.31,35329130,VNREAL,Bất động sản
2018-09-25,1278.0,1273.91,1262.23,1272.07,57348500,VNREAL,Bất động sản
2018-09-26,1278.0,1278.58,1263.59,1274.05,57546300,VNREAL,Bất động sản
2018-09-27,1278.0,1285.53,1275.24,1280.41,41883180,VNREAL,Bất động sản
2018-09-28,1278.0,1283.04,1276.2,1282.38,43506510,VNREAL,Bất động sản
2018-10-01,1278.0,1304.55,1271.32,1271.32,52901890,VNREAL,Bất động sản
2018-10-02,1278.0,1292.78,1274.93,1287.91,47049370,VNREAL,Bất động sản
2018-10-03,1278.0,1303.36,1289.32,1294.81,32795410,VNREAL,Bất động sản
2018-10-04,1278.0,1296.27,1285.81,1290.69,30617560,VNREAL,Bất động sản
2018-10-05,1278.0,1288.23,1267.27,1270.85,39567280,VNREAL,Bất động sản
2018-10-08,1278.0,1265.68,1248.37,1248.37,32115230,VNREAL,Bất động sản
2018-10-09,1278.0,1254.83,1247.26,1249.82,45503440,VNREAL,Bất động sản
2018-10-10,1278.0,1259.62,1244.04,1250.79,36105340,VNREAL,Bất động sản
2018-10-11,1278.0,1238.85,1174.0,1195.99,78427870,VNREAL,Bất động sản
2018-10-12,1278.0,1238.02,1187.55,1231.97,39493790,VNREAL,Bất động sản
2018-10-15,1278.0,1232.5,1215.09,1225.42,27794610,VNREAL,Bất động sản
2018-10-16,1224.82,1256.09,1216.69,1256.09,25598920,VNREAL,Bất động sản
2018-10-17,1262.31,1266.94,1257.22,1263.98,26048210,VNREAL,Bất động sản
2018-10-18,1263.46,1263.46,1251.96,1255.95,20749230,VNREAL,Bất động sản
2018-10-19,1255.96,1255.96,1231.31,1251.02,25521270,VNREAL,Bất động sản
2018-10-22,1251.02,1260.43,1243.33,1251.37,27119100,VNREAL,Bất động sản
2018-10-23,1250.05,1250.05,1215.08,1241.29,37583740,VNREAL,Bất động sản
2018-10-24,1232.64,1245.22,1230.1,1237.07,24184310,VNREAL,Bất động sản
2018-10-25,1207.38,1230.74,1189.96,1220.15,30034660,VNREAL,Bất động sản
2018-10-26,1222.19,1226.68,1208.35,1210.17,26436800,VNREAL,Bất động sản
2018-10-29,1203.86,1215.73,1193.86,1208.72,23455910,VNREAL,Bất động sản
2018-10-30,1196.66,1210.11,1192.05,1195.8,22256590,VNREAL,Bất động sản
2018-10-31,1198.51,1220.1,1198.51,1220.1,32297080,VNREAL,Bất động sản
2018-11-01,1198.51,1220.74,1198.51,1204.96,24680180,VNREAL,Bất động sản
2018-11-02,1198.51,1221.0,1198.51,1215.18,31606110,VNREAL,Bất động sản
2018-11-05,1212.56,1221.49,1210.82,1220.42,25909140,VNREAL,Bất động sản
2018-11-06,1222.46,1226.92,1213.67,1216.49,23697570,VNREAL,Bất động sản
2018-11-07,1215.98,1219.78,1203.36,1216.03,23943070,VNREAL,Bất động sản
2018-11-08,1218.66,1226.55,1218.66,1221.38,41436690,VNREAL,Bất động sản
2018-11-09,1221.38,1221.9,1214.05,1219.84,34459040,VNREAL,Bất động sản
2018-11-12,1215.48,1220.6,1209.27,1220.28,22683040,VNREAL,Bất động sản
2018-11-13,1205.27,1209.07,1201.57,1203.66,17935160,VNREAL,Bất động sản
2018-11-14,1199.67,1213.48,1199.67,1206.49,21682190,VNREAL,Bất động sản
2018-11-15,1206.12,1206.78,1182.0,1190.19,31045410,VNREAL,Bất động sản
2018-11-16,1191.48,1197.36,1171.07,1173.57,37696280,VNREAL,Bất động sản
2018-11-19,1173.57,1216.77,1173.57,1216.77,29511940,VNREAL,Bất động sản
2018-11-20,1210.29,1224.59,1204.01,1224.59,23819650,VNREAL,Bất động sản
2018-11-21,1224.59,1227.59,1205.36,1227.28,24600050,VNREAL,Bất động sản
2018-11-22,1229.5,1232.08,1222.66,1230.1,23540340,VNREAL,Bất động sản
2018-11-23,1232.36,1235.11,1220.76,1231.84,22266880,VNREAL,Bất động sản
2018-11-26,1231.89,1241.8,1222.97,1241.8,18935640,VNREAL,Bất động sản
2018-11-27,1243.4,1263.12,1242.54,1242.54,23923160,VNREAL,Bất động sản
2018-11-28,1243.93,1252.42,1238.65,1252.42,19238610,VNREAL,Bất động sản
2018-11-29,1253.24,1263.95,1252.96,1253.94,21579440,VNREAL,Bất động sản
2018-11-30,1247.46,1254.14,1223.44,1247.31,20291390,VNREAL,Bất động sản
2018-12-03,1250.51,1263.63,1250.51,1260.35,29121250,VNREAL,Bất động sản
2018-12-04,1260.31,1271.29,1260.18,1269.64,28279010,VNREAL,Bất động sản
2018-12-05,1269.6,1272.33,1257.55,1271.88,30859050,VNREAL,Bất động sản
2018-12-06,1269.98,1276.43,1262.33,1272.65,23202560,VNREAL,Bất động sản
2018-12-07,1272.71,1279.15,1268.8,1277.4,34101780,VNREAL,Bất động sản
2018-12-10,1276.38,1276.38,1263.36,1266.05,22827790,VNREAL,Bất động sản
2018-12-11,1265.34,1269.44,1259.59,1269.44,23612970,VNREAL,Bất động sản
2018-12-12,1269.47,1275.63,1268.33,1275.63,32191760,VNREAL,Bất động sản
2018-12-13,1275.61,1289.8,1273.09,1278.14,30870800,VNREAL,Bất động sản
2018-12-14,1274.18,1279.26,1266.33,1271.66,20930840,VNREAL,Bất động sản
2018-12-17,1264.14,1269.32,1260.57,1263.98,31792140,VNREAL,Bất động sản
2018-12-18,1251.54,1252.37,1235.16,1251.62,29594290,VNREAL,Bất động sản
2018-12-19,1251.38,1252.35,1240.54,1244.69,19597520,VNREAL,Bất động sản
2018-12-20,1235.95,1247.28,1232.33,1244.73,20185880,VNREAL,Bất động sản
2018-12-21,1244.73,1244.73,1230.72,1237.26,23161080,VNREAL,Bất động sản
2018-12-24,1244.73,1244.73,1230.72,1238.1,19565820,VNREAL,Bất động sản
2018-12-25,1244.73,1244.73,1210.81,1233.47,32082850,VNREAL,Bất động sản
2018-12-26,1244.73,1244.73,1210.81,1225.55,21489760,VNREAL,Bất động sản
2018-12-27,1244.73,1244.73,1210.81,1233.08,25604860,VNREAL,Bất động sản
2018-12-28,1244.73,1239.73,1178.5,1178.5,27999480,VNREAL,Bất động sản
2019-01-02,1244.73,1239.73,1178.5,1211.38,17567980,VNREAL,Bất động sản
2019-01-03,1207.53,1209.13,1181.72,1195.93,28437150,VNREAL,Bất động sản
2019-01-04,1188.78,1200.76,1170.55,1198.73,29126020,VNREAL,Bất động sản
2019-01-07,1212.82,1219.89,1194.92,1203.58,19049370,VNREAL,Bất động sản
2019-01-08,1203.58,1209.87,1184.42,1193.45,22444580,VNREAL,Bất động sản
2019-01-09,1194.43,1210.65,1182.68,1210.65,32409310,VNREAL,Bất động sản
2019-01-10,1210.63,1214.64,1201.4,1214.64,22237230,VNREAL,Bất động sản
2019-01-11,1210.97,1217.25,1206.82,1217.25,21801600,VNREAL,Bất động sản
2019-01-14,1214.72,1217.68,1205.15,1215.9,25464460,VNREAL,Bất động sản
2019-01-15,1214.61,1222.71,1207.58,1222.71,24181650,VNREAL,Bất động sản
2019-01-16,1222.53,1228.05,1216.43,1228.05,28249450,VNREAL,Bất động sản
2019-01-17,1227.7,1228.14,1213.54,1216.76,43507830,VNREAL,Bất động sản
2019-01-18,1210.87,1220.74,1205.49,1211.34,25687280,VNREAL,Bất động sản
2019-01-21,1212.12,1215.58,1206.66,1214.29,23042810,VNREAL,Bất động sản
2019-01-22,1214.29,1216.65,1205.83,1210.91,26651860,VNREAL,Bất động sản
2019-01-23,1211.22,1221.16,1204.45,1215.12,19009330,VNREAL,Bất động sản
2019-01-24,1212.03,1219.89,1210.76,1216.43,17291570,VNREAL,Bất động sản
2019-01-25,1216.62,1221.63,1210.42,1216.57,17385060,VNREAL,Bất động sản
2019-01-28,1216.18,1223.48,1215.77,1223.3,19067280,VNREAL,Bất động sản
2019-01-29,1226.46,1226.48,1216.81,1225.72,15787800,VNREAL,Bất động sản
2019-01-30,1225.22,1226.31,1217.18,1224.14,17610280,VNREAL,Bất động sản
2019-01-31,1229.7,1230.59,1212.24,1222.78,16288310,VNREAL,Bất động sản
2019-02-01,1222.95,1223.11,1191.71,1191.71,19269560,VNREAL,Bất động sản
2019-02-11,1212.54,1220.6,1206.14,1220.6,22065630,VNREAL,Bất động sản
2019-02-12,1224.2,1246.82,1220.71,1246.82,33915840,VNREAL,Bất động sản
2019-02-13,1240.69,1249.96,1240.69,1249.96,35319160,VNREAL,Bất động sản
2019-02-14,1252.37,1281.4,1251.62,1281.13,35317560,VNREAL,Bất động sản
2019-02-15,1279.84,1279.84,1271.65,1271.65,25611660,VNREAL,Bất động sản
2019-02-18,1275.85,1288.73,1271.97,1288.73,32747370,VNREAL,Bất động sản
2019-02-19,1290.4,1326.33,1290.4,1315.65,36578840,VNREAL,Bất động sản
2019-02-20,1316.13,1336.07,1316.13,1333.31,26206300,VNREAL,Bất động sản
2019-02-21,1333.76,1376.86,1328.17,1376.86,35540030,VNREAL,Bất động sản
2019-02-22,1366.27,1384.83,1360.23,1361.19,30785760,VNREAL,Bất động sản
2019-02-25,1369.65,1377.63,1345.08,1350.94,31005570,VNREAL,Bất động sản
2019-02-26,1349.24,1359.08,1332.18,1349.83,38565460,VNREAL,Bất động sản
2019-02-27,1349.84,1370.01,1349.84,1362.58,48620760,VNREAL,Bất động sản
2019-02-28,1363.23,1363.23,1312.67,1312.67,40079470,VNREAL,Bất động sản
2019-03-01,1312.75,1348.18,1312.75,1341.71,25305730,VNREAL,Bất động sản
2019-03-04,1353.86,1369.78,1344.89,1367.93,42989180,VNREAL,Bất động sản
2019-03-05,1367.93,1369.63,1354.75,1356.3,55990920,VNREAL,Bất động sản
2019-03-06,1356.38,1362.3,1351.57,1361.89,45436900,VNREAL,Bất động sản
2019-03-07,1363.12,1402.67,1363.12,1370.22,45951290,VNREAL,Bất động sản
2019-03-08,1368.63,1375.21,1359.52,1359.52,40164540,VNREAL,Bất động sản
2019-03-11,1352.73,1371.53,1352.73,1365.18,32847330,VNREAL,Bất động sản
2019-03-12,1374.37,1389.28,1374.37,1386.81,37761810,VNREAL,Bất động sản
2019-03-13,1388.13,1408.14,1387.68,1391.59,39109720,VNREAL,Bất động sản
2019-03-14,1391.52,1405.2,1386.19,1401.11,34019310,VNREAL,Bất động sản
2019-03-15,1402.8,1402.8,1386.74,1391.6,40247960,VNREAL,Bất động sản
2019-03-18,1392.58,1409.63,1392.58,1409.1,31804000,VNREAL,Bất động sản
2019-03-19,1409.09,1416.1,1398.18,1402.47,41357590,VNREAL,Bất động sản
2019-03-20,1397.15,1397.15,1373.61,1383.57,32733840,VNREAL,Bất động sản
2019-03-21,1386.24,1389.58,1339.18,1339.18,38101040,VNREAL,Bất động sản
2019-03-22,1347.12,1363.74,1344.34,1361.03,31404190,VNREAL,Bất động sản
2019-03-25,1339.37,1339.37,1312.8,1322.72,37317440,VNREAL,Bất động sản
2019-03-26,1322.71,1338.93,1311.33,1318.75,23718710,VNREAL,Bất động sản
2019-03-27,1325.91,1338.6,1324.26,1327.7,20193790,VNREAL,Bất động sản
2019-03-28,1327.0,1351.93,1325.12,1348.96,19023190,VNREAL,Bất động sản
2019-03-29,1350.06,1361.73,1346.53,1346.53,26999250,VNREAL,Bất động sản
2019-04-01,1346.54,1362.24,1346.54,1360.63,28946410,VNREAL,Bất động sản
2019-04-02,1369.56,1374.19,1357.79,1358.26,28517960,VNREAL,Bất động sản
2019-04-03,1358.28,1358.28,1343.26,1349.0,23283980,VNREAL,Bất động sản
2019-04-04,1355.25,1358.01,1343.54,1351.04,27825750,VNREAL,Bất động sản
2019-04-05,1355.73,1362.57,1352.78,1358.88,26693800,VNREAL,Bất động sản
2019-04-08,1359.33,1368.89,1357.75,1368.89,23684930,VNREAL,Bất động sản
2019-04-09,1368.89,1374.98,1343.21,1344.85,29180060,VNREAL,Bất động sản
2019-04-10,1342.81,1346.82,1325.28,1334.18,23568840,VNREAL,Bất động sản
2019-04-11,1337.27,1352.13,1332.89,1352.13,28322520,VNREAL,Bất động sản
2019-04-12,1352.13,1352.13,1340.1,1344.62,22821190,VNREAL,Bất động sản
2019-04-16,1314.92,1330.96,1291.82,1328.95,27709910,VNREAL,Bất động sản
2019-04-17,1320.9,1333.12,1306.56,1306.56,27001570,VNREAL,Bất động sản
2019-04-18,1304.13,1309.46,1276.68,1298.18,27130580,VNREAL,Bất động sản
2019-04-19,1298.36,1312.46,1295.04,1305.83,17373960,VNREAL,Bất động sản
2019-04-22,1309.0,1315.82,1290.93,1315.82,23910760,VNREAL,Bất động sản
2019-04-23,1314.27,1327.07,1313.36,1321.77,19637770,VNREAL,Bất động sản
2019-04-24,1326.14,1335.57,1326.14,1334.01,25898720,VNREAL,Bất động sản
2019-04-25,1332.39,1332.88,1323.09,1332.88,18161910,VNREAL,Bất động sản
2019-04-26,1330.66,1346.2,1324.55,1346.2,22486150,VNREAL,Bất động sản
2019-05-02,1346.18,1349.5,1338.96,1343.3,24211290,VNREAL,Bất động sản
2019-05-03,1344.43,1344.73,1329.92,1333.06,26879470,VNREAL,Bất động sản
2019-05-06,1331.72,1331.72,1306.91,1315.2,27420120,VNREAL,Bất động sản
2019-05-07,1315.2,1325.1,1302.09,1310.09,25894700,VNREAL,Bất động sản
2019-05-08,1301.09,1304.84,1294.69,1299.31,29423000,VNREAL,Bất động sản
2019-05-09,1298.24,1302.07,1287.03,1295.81,23710460,VNREAL,Bất động sản
2019-05-10,1303.69,1306.35,1292.17,1296.66,23059070,VNREAL,Bất động sản
2019-05-13,1293.74,1307.29,1292.74,1307.29,30054930,VNREAL,Bất động sản
2019-05-14,1305.53,1312.83,1300.58,1309.6,29810640,VNREAL,Bất động sản
2019-05-15,1314.01,1333.16,1313.92,1328.81,33663330,VNREAL,Bất động sản
2019-05-16,1330.2,1351.7,1330.2,1340.67,37768470,VNREAL,Bất động sản
2019-05-17,1338.52,1344.86,1332.67,1335.31,25632550,VNREAL,Bất động sản
2019-05-20,1337.79,1342.22,1335.24,1341.66,28085210,VNREAL,Bất động sản
2019-05-21,1352.04,1352.04,1334.84,1339.02,24553690,VNREAL,Bất động sản
2019-05-22,1337.13,1347.11,1329.85,1335.21,18944960,VNREAL,Bất động sản
2019-05-23,1332.39,1337.22,1327.46,1332.84,21833830,VNREAL,Bất động sản
2019-05-24,1323.94,1333.2,1311.9,1313.69,23544050,VNREAL,Bất động sản
2019-05-27,1308.17,1320.08,1308.17,1314.63,15689620,VNREAL,Bất động sản
2019-05-28,1320.38,1320.38,1303.96,1303.96,22428270,VNREAL,Bất động sản
2019-05-29,1303.97,1314.48,1303.35,1310.99,21217860,VNREAL,Bất động sản
2019-05-30,1312.27,1318.08,1308.04,1308.65,23519640,VNREAL,Bất động sản
2019-05-31,1315.22,1315.22,1298.72,1301.58,21146790,VNREAL,Bất động sản
2019-06-03,1295.15,1299.3,1279.06,1287.87,24761490,VNREAL,Bất động sản
2019-06-04,1287.87,1294.22,1279.12,1291.3,24098900,VNREAL,Bất động sản
2019-06-05,1298.83,1302.47,1296.54,1298.86,24102280,VNREAL,Bất động sản
2019-06-06,1297.91,1300.54,1281.83,1297.93,17980730,VNREAL,Bất động sản
2019-06-07,1301.45,1317.11,1299.72,1315.24,22721360,VNREAL,Bất động sản
2019-06-10,1320.47,1328.67,1315.03,1319.61,25903250,VNREAL,Bất động sản
2019-06-11,1320.51,1323.12,1314.18,1316.4,22195640,VNREAL,Bất động sản
2019-06-12,1314.75,1315.21,1301.82,1301.82,24696620,VNREAL,Bất động sản
2019-06-13,1298.98,1299.17,1283.98,1297.17,22123940,VNREAL,Bất động sản
2019-06-14,1295.33,1299.88,1289.8,1299.31,18349970,VNREAL,Bất động sản
2019-06-17,1301.32,1303.84,1277.07,1279.06,16963000,VNREAL,Bất động sản
2019-06-18,1279.46,1281.48,1266.52,1273.44,19729710,VNREAL,Bất động sản
2019-06-19,1278.68,1286.87,1278.01,1286.87,18874620,VNREAL,Bất động sản
2019-06-20,1278.68,1286.87,1278.01,1286.87,18874620,VNREAL,Bất động sản
2019-06-21,1278.68,1286.87,1278.01,1286.87,18874620,VNREAL,Bất động sản
2019-06-24,1289.45,1304.35,1295.74,1297.93,20303730,VNREAL,Bất động sản
2019-06-25,1289.45,1305.15,1298.16,1298.16,20166770,VNREAL,Bất động sản
2019-06-26,1289.45,1300.53,1293.42,1299.16,19746630,VNREAL,Bất động sản
2019-06-27,1289.45,1295.79,1281.08,1281.08,22473020,VNREAL,Bất động sản
2019-06-28,1289.45,1292.3,1272.88,1292.3,19797550,VNREAL,Bất động sản
2019-07-01,1289.45,1310.69,1292.79,1310.69,20855090,VNREAL,Bất động sản
2019-07-02,1308.99,1313.38,1300.16,1304.78,22529250,VNREAL,Bất động sản
2019-07-03,1304.25,1304.25,1291.36,1301.97,15915140,VNREAL,Bất động sản
2019-07-04,1301.93,1323.18,1301.67,1323.18,21063090,VNREAL,Bất động sản
2019-07-05,1323.3,1333.97,1318.18,1333.97,23264800,VNREAL,Bất động sản
2019-07-08,1327.92,1331.43,1318.48,1318.48,18824980,VNREAL,Bất động sản
2019-07-09,1318.49,1324.67,1312.57,1322.52,20732260,VNREAL,Bất động sản
2019-07-10,1328.28,1331.3,1324.48,1327.07,18302800,VNREAL,Bất động sản
2019-07-11,1331.2,1333.35,1322.23,1327.69,27033750,VNREAL,Bất động sản
2019-07-12,1327.57,1331.34,1318.55,1320.54,21991130,VNREAL,Bất động sản
2019-07-15,1327.57,1320.5,1303.08,1307.63,19069110,VNREAL,Bất động sản
2019-07-16,1307.87,1327.14,1307.87,1325.2,23574270,VNREAL,Bất động sản
2019-07-17,1324.23,1332.47,1320.94,1324.03,20515010,VNREAL,Bất động sản
2019-07-18,1316.2,1322.06,1313.91,1316.14,21391870,VNREAL,Bất động sản
2019-07-19,1317.71,1330.31,1316.57,1329.31,33676170,VNREAL,Bất động sản
2019-07-22,1329.3,1330.8,1323.15,1326.56,27511400,VNREAL,Bất động sản
2019-07-23,1326.57,1352.18,1324.89,1349.75,24733560,VNREAL,Bất động sản
2019-07-24,1350.95,1364.83,1350.95,1360.56,26445870,VNREAL,Bất động sản
2019-07-25,1360.34,1385.96,1354.26,1372.31,24849870,VNREAL,Bất động sản
2019-07-26,1372.29,1374.89,1361.95,1366.65,19113690,VNREAL,Bất động sản
2019-07-29,1371.61,1377.46,1359.66,1375.2,18128370,VNREAL,Bất động sản
2019-07-30,1375.2,1383.95,1346.14,1346.14,21789270,VNREAL,Bất động sản
2019-07-31,1346.14,1373.8,1340.99,1363.69,26824450,VNREAL,Bất động sản
2019-08-01,1363.69,1391.26,1363.69,1389.53,28161240,VNREAL,Bất động sản
2019-08-02,1367.88,1378.45,1365.47,1377.71,23974140,VNREAL,Bất động sản
2019-08-05,1371.28,1374.75,1329.46,1329.46,27960270,VNREAL,Bất động sản
2019-08-06,1328.55,1329.15,1306.51,1329.15,38307540,VNREAL,Bất động sản
2019-08-07,1336.41,1339.52,1318.81,1323.07,29410110,VNREAL,Bất động sản
2019-08-08,1323.06,1350.66,1322.81,1347.15,31566510,VNREAL,Bất động sản
2019-08-09,1350.63,1353.17,1339.6,1341.1,30224300,VNREAL,Bất động sản
2019-08-12,1338.98,1344.66,1338.28,1340.95,26623730,VNREAL,Bất động sản
2019-08-13,1340.96,1340.96,1321.24,1324.98,26823930,VNREAL,Bất động sản
2019-08-14,1325.7,1340.25,1325.7,1327.24,22653140,VNREAL,Bất động sản
2019-08-15,1327.08,1347.25,1310.93,1347.25,26921640,VNREAL,Bất động sản
2019-08-16,1347.23,1357.58,1339.76,1349.89,23778300,VNREAL,Bất động sản
2019-08-19,1355.42,1355.9,1349.55,1354.65,21373470,VNREAL,Bất động sản
2019-08-20,1355.11,1368.73,1355.11,1363.68,23297590,VNREAL,Bất động sản
2019-08-21,1362.79,1377.72,1361.52,1373.41,26108570,VNREAL,Bất động sản
2019-08-22,1377.74,1393.41,1373.54,1391.3,20705010,VNREAL,Bất động sản
2019-08-23,1390.35,1391.63,1376.9,1377.99,20565610,VNREAL,Bất động sản
2019-08-26,1368.74,1373.4,1361.27,1373.13,26784810,VNREAL,Bất động sản
2019-08-27,1373.17,1383.21,1362.05,1362.05,28130300,VNREAL,Bất động sản
2019-08-28,1360.33,1373.34,1360.33,1364.09,20852400,VNREAL,Bất động sản
2019-08-29,1371.45,1371.53,1354.69,1366.4,27121520,VNREAL,Bất động sản
2019-08-30,1366.4,1376.81,1366.4,1375.24,27442930,VNREAL,Bất động sản
2019-09-03,1375.25,1378.62,1365.57,1368.18,31845390,VNREAL,Bất động sản
2019-09-04,1367.64,1371.09,1360.93,1369.78,28841620,VNREAL,Bất động sản
2019-09-05,1369.81,1375.69,1366.71,1366.71,24638850,VNREAL,Bất động sản
2019-09-06,1366.15,1371.18,1361.62,1363.19,26363380,VNREAL,Bất động sản
2019-09-09,1367.73,1367.73,1359.3,1365.47,20069470,VNREAL,Bất động sản
2019-09-10,1367.11,1369.48,1359.18,1360.01,26087070,VNREAL,Bất động sản
2019-09-11,1360.01,1362.6,1350.26,1353.5,19223080,VNREAL,Bất động sản
2019-09-12,1353.94,1361.66,1353.94,1358.63,23379520,VNREAL,Bất động sản
2019-09-13,1363.73,1370.41,1350.62,1367.79,24164290,VNREAL,Bất động sản
2019-09-16,1363.66,1380.96,1363.37,1374.58,28787800,VNREAL,Bất động sản
2019-09-17,1374.58,1388.92,1369.91,1387.59,31765960,VNREAL,Bất động sản
2019-09-18,1387.59,1390.31,1380.65,1382.77,31228000,VNREAL,Bất động sản
2019-09-19,1384.37,1385.43,1370.87,1379.7,29416740,VNREAL,Bất động sản
2019-09-20,1381.07,1381.69,1362.19,1362.19,34293860,VNREAL,Bất động sản
2019-09-23,1361.94,1368.04,1355.06,1356.68,27762400,VNREAL,Bất động sản
2019-09-24,1357.07,1367.85,1354.82,1363.65,27172030,VNREAL,Bất động sản
2019-09-25,1363.68,1366.62,1355.97,1361.44,21433700,VNREAL,Bất động sản
2019-09-26,1361.44,1365.46,1348.56,1352.65,25936210,VNREAL,Bất động sản
2019-09-27,1352.59,1364.38,1351.62,1362.24,27008980,VNREAL,Bất động sản
2019-09-30,1366.14,1373.71,1360.88,1362.95,30405650,VNREAL,Bất động sản
2019-10-01,1365.37,1367.98,1358.91,1361.77,28050320,VNREAL,Bất động sản
2019-10-02,1360.63,1364.15,1346.58,1348.11,27521100,VNREAL,Bất động sản
2019-10-03,1348.06,1349.87,1337.13,1349.87,41590910,VNREAL,Bất động sản
2019-10-04,1351.3,1351.61,1345.56,1348.05,29799950,VNREAL,Bất động sản
2019-10-07,1348.09,1350.1,1336.32,1337.58,40607640,VNREAL,Bất động sản
2019-10-08,1337.27,1339.89,1331.01,1336.61,35394760,VNREAL,Bất động sản
2019-10-09,1336.21,1344.51,1334.18,1338.67,26297090,VNREAL,Bất động sản
2019-10-10,1338.67,1345.52,1334.34,1337.52,25945960,VNREAL,Bất động sản
2019-10-11,1340.76,1342.95,1336.01,1342.35,28644100,VNREAL,Bất động sản
2019-10-14,1342.38,1346.57,1336.32,1338.09,30599410,VNREAL,Bất động sản
2019-10-15,1338.99,1342.67,1332.5,1336.61,23630310,VNREAL,Bất động sản
2019-10-16,1337.57,1340.1,1330.9,1334.38,47499030,VNREAL,Bất động sản
2019-10-17,1334.41,1336.29,1323.56,1327.44,42362650,VNREAL,Bất động sản
2019-10-18,1328.22,1332.82,1327.93,1329.93,41343840,VNREAL,Bất động sản
2019-10-21,1330.75,1333.13,1324.85,1327.71,38837880,VNREAL,Bất động sản
2019-10-22,1327.63,1334.63,1326.35,1326.44,69285820,VNREAL,Bất động sản
2019-10-23,1326.28,1331.62,1325.1,1328.14,48695180,VNREAL,Bất động sản
2019-10-24,1327.67,1332.85,1323.58,1332.85,28796550,VNREAL,Bất động sản
2019-10-25,1331.58,1333.04,1327.75,1331.32,26232310,VNREAL,Bất động sản
2019-10-28,1330.52,1336.78,1326.75,1332.43,30597040,VNREAL,Bất động sản
2019-10-29,1332.4,1340.7,1332.4,1339.29,53633540,VNREAL,Bất động sản
2019-10-30,1339.29,1357.77,1339.29,1355.07,44889660,VNREAL,Bất động sản
2019-10-31,1357.26,1359.34,1349.85,1349.85,49995470,VNREAL,Bất động sản
2019-11-01,1348.79,1396.52,1348.79,1396.18,58667880,VNREAL,Bất động sản
2019-11-04,1397.8,1404.76,1388.57,1397.14,43691620,VNREAL,Bất động sản
2019-11-05,1397.44,1410.34,1394.65,1406.61,37449640,VNREAL,Bất động sản
2019-11-06,1406.61,1421.69,1400.93,1412.8,43723220,VNREAL,Bất động sản
2019-11-07,1412.94,1423.24,1407.74,1407.74,38692530,VNREAL,Bất động sản
2019-11-08,1408.68,1414.07,1399.17,1400.28,32232320,VNREAL,Bất động sản
2019-11-11,1400.75,1403.31,1390.36,1392.98,34903650,VNREAL,Bất động sản
2019-11-12,1392.98,1401.22,1388.98,1391.36,32281940,VNREAL,Bất động sản
2019-11-13,1389.26,1392.71,1380.57,1384.45,32387880,VNREAL,Bất động sản
2019-11-14,1384.46,1395.35,1382.63,1386.73,35290120,VNREAL,Bất động sản
2019-11-15,1387.74,1396.77,1385.13,1387.42,42818900,VNREAL,Bất động sản
2019-11-18,1389.2,1390.16,1376.23,1378.84,36399320,VNREAL,Bất động sản
2019-11-19,1379.78,1384.27,1374.56,1376.76,26568660,VNREAL,Bất động sản
2019-11-20,1377.71,1380.99,1366.68,1371.84,55078620,VNREAL,Bất động sản
2019-11-21,1375.44,1375.44,1357.8,1362.27,34328490,VNREAL,Bất động sản
2019-11-22,1365.6,1367.97,1337.01,1356.03,47030310,VNREAL,Bất động sản
2019-11-25,1356.11,1356.7,1341.19,1348.0,32606660,VNREAL,Bất động sản
2019-11-26,1351.72,1355.24,1345.56,1345.56,35859670,VNREAL,Bất động sản
2019-11-27,1345.82,1350.97,1345.77,1347.34,42898000,VNREAL,Bất động sản
2019-11-28,1347.91,1350.34,1332.21,1338.14,30613920,VNREAL,Bất động sản
2019-11-29,1338.93,1344.76,1334.05,1344.76,25185120,VNREAL,Bất động sản
2019-12-02,1346.64,1349.87,1331.12,1336.17,38001540,VNREAL,Bất động sản
2019-12-03,1333.22,1337.52,1322.14,1334.69,28577360,VNREAL,Bất động sản
2019-12-04,1330.09,1340.14,1327.21,1340.14,29141860,VNREAL,Bất động sản
2019-12-05,1340.14,1352.9,1340.14,1345.33,38343400,VNREAL,Bất động sản
2019-12-06,1344.64,1347.48,1343.44,1347.48,27372410,VNREAL,Bất động sản
2019-12-09,1347.48,1350.57,1343.44,1349.26,30506090,VNREAL,Bất động sản
2019-12-10,1349.03,1349.03,1324.61,1343.08,29186240,VNREAL,Bất động sản
2019-12-11,1336.65,1343.82,1328.83,1343.82,25646930,VNREAL,Bất động sản
2019-12-12,1343.83,1345.41,1337.9,1345.41,31422090,VNREAL,Bất động sản
2019-12-13,1345.4,1346.47,1330.14,1330.14,29940430,VNREAL,Bất động sản
2019-12-16,1330.15,1332.39,1319.33,1321.91,48942960,VNREAL,Bất động sản
2019-12-17,1321.94,1326.41,1312.3,1312.83,57972050,VNREAL,Bất động sản
2019-12-18,1312.83,1312.83,1295.22,1299.54,40816930,VNREAL,Bất động sản
2019-12-19,1294.26,1305.9,1285.34,1301.38,33293600,VNREAL,Bất động sản
2019-12-20,1301.39,1311.92,1297.53,1306.76,37092580,VNREAL,Bất động sản
2019-12-23,1306.78,1312.76,1298.73,1305.6,40165780,VNREAL,Bất động sản
2019-12-24,1305.14,1306.08,1291.74,1305.9,39293500,VNREAL,Bất động sản
2019-12-25,1305.2,1308.13,1297.46,1307.05,43662870,VNREAL,Bất động sản
2019-12-26,1305.69,1313.74,1301.58,1311.55,39903720,VNREAL,Bất động sản
2019-12-27,1308.89,1314.86,1303.99,1314.86,29883120,VNREAL,Bất động sản
2019-12-30,1310.88,1323.94,1310.24,1323.94,37302940,VNREAL,Bất động sản
2019-12-31,1323.94,1323.94,1313.07,1319.96,28395050,VNREAL,Bất động sản
2020-01-02,1319.96,1319.96,1310.89,1317.82,25307080,VNREAL,Bất động sản
2020-01-03,1317.47,1320.09,1313.52,1317.05,26003460,VNREAL,Bất động sản
2020-01-06,1317.07,1317.07,1296.3,1298.94,34673890,VNREAL,Bất động sản
2020-01-07,1298.94,1306.6,1296.52,1303.09,26734690,VNREAL,Bất động sản
2020-01-08,1295.91,1303.09,1273.52,1283.2,39591450,VNREAL,Bất động sản
2020-01-09,1300.05,1300.85,1283.27,1298.82,24362660,VNREAL,Bất động sản
2020-01-10,1298.48,1304.27,1293.77,1302.57,22505510,VNREAL,Bất động sản
2020-01-13,1301.25,1309.85,1300.38,1306.88,26209900,VNREAL,Bất động sản
2020-01-14,1306.82,1311.96,1305.22,1310.51,24382230,VNREAL,Bất động sản
2020-01-15,1309.95,1311.18,1302.25,1306.71,16755890,VNREAL,Bất động sản
2020-01-16,1309.4,1310.4,1302.35,1305.62,20192710,VNREAL,Bất động sản
2020-01-17,1305.62,1312.56,1302.74,1302.74,16940710,VNREAL,Bất động sản
2020-01-20,1302.76,1302.96,1296.15,1298.99,18167940,VNREAL,Bất động sản
2020-01-21,1298.99,1308.71,1295.89,1308.71,18264160,VNREAL,Bất động sản
2020-01-22,1308.79,1317.65,1304.6,1317.65,19241630,VNREAL,Bất động sản
2020-01-30,1317.69,1317.69,1279.95,1295.77,25786950,VNREAL,Bất động sản
2020-01-31,1295.77,1298.09,1282.24,1285.6,36963700,VNREAL,Bất động sản
2020-02-03,1278.26,1278.26,1240.59,1274.41,48162780,VNREAL,Bất động sản
2020-02-04,1274.42,1275.81,1251.81,1270.8,34105130,VNREAL,Bất động sản
2020-02-05,1270.98,1280.08,1259.52,1268.99,32284320,VNREAL,Bất động sản
2020-02-06,1269.3,1281.78,1265.32,1281.78,34720070,VNREAL,Bất động sản
2020-02-07,1281.77,1290.21,1277.57,1290.21,28787180,VNREAL,Bất động sản
2020-02-10,1290.21,1290.21,1271.56,1279.3,23664450,VNREAL,Bất động sản
2020-02-11,1279.32,1284.23,1276.12,1280.68,22724520,VNREAL,Bất động sản
2020-02-12,1280.68,1285.17,1276.73,1277.06,27932990,VNREAL,Bất động sản
2020-02-13,1277.02,1278.41,1268.86,1277.04,19593360,VNREAL,Bất động sản
2020-02-14,1276.57,1282.91,1271.24,1272.55,21834760,VNREAL,Bất động sản
2020-02-17,1272.62,1274.51,1243.76,1257.98,26401300,VNREAL,Bất động sản
2020-02-18,1252.52,1254.48,1232.01,1235.44,30055580,VNREAL,Bất động sản
2020-02-19,1235.44,1247.34,1227.18,1237.17,35756440,VNREAL,Bất động sản
2020-02-20,1237.17,1268.57,1237.17,1268.57,32781710,VNREAL,Bất động sản
2020-02-21,1268.58,1268.58,1255.67,1263.12,30606120,VNREAL,Bất động sản
2020-02-24,1262.89,1263.12,1225.9,1229.67,52401070,VNREAL,Bất động sản
2020-02-25,1223.24,1227.64,1209.33,1227.01,29287710,VNREAL,Bất động sản
2020-02-26,1227.01,1227.01,1206.5,1211.48,21472280,VNREAL,Bất động sản
2020-02-27,1211.27,1213.49,1197.12,1211.46,22821260,VNREAL,Bất động sản
2020-02-28,1210.79,1211.46,1182.59,1203.18,36178430,VNREAL,Bất động sản
2020-03-02,1203.18,1205.14,1188.19,1205.14,28324010,VNREAL,Bất động sản
2020-03-03,1205.14,1211.61,1202.78,1208.32,38180740,VNREAL,Bất động sản
2020-03-04,1208.32,1210.96,1193.45,1210.96,56232060,VNREAL,Bất động sản
2020-03-05,1210.96,1219.63,1205.86,1214.24,52726330,VNREAL,Bất động sản
2020-03-06,1214.24,1214.24,1193.48,1212.14,47132970,VNREAL,Bất động sản
2020-03-09,1212.08,1212.08,1133.15,1135.13,48931310,VNREAL,Bất động sản
2020-03-10,1117.74,1145.86,1080.31,1139.2,50496320,VNREAL,Bất động sản
2020-03-11,1139.53,1143.6,1071.18,1129.07,56906570,VNREAL,Bất động sản
2020-03-12,1128.77,1128.77,1056.67,1070.58,62760960,VNREAL,Bất động sản
2020-03-13,1011.32,1073.09,1003.77,1073.09,53148240,VNREAL,Bất động sản
2020-03-16,1073.09,1073.09,1019.2,1063.81,56527820,VNREAL,Bất động sản
2020-03-17,1063.71,1063.81,1018.71,1034.72,41062940,VNREAL,Bất động sản
2020-03-18,1034.76,1039.03,1011.89,1034.48,39856340,VNREAL,Bất động sản
2020-03-19,1034.48,1034.48,980.44,1025.87,86289950,VNREAL,Bất động sản
2020-03-20,1025.79,1025.79,969.81,969.81,41640950,VNREAL,Bất động sản
2020-03-23,964.78,964.78,909.27,913.51,46774670,VNREAL,Bất động sản
2020-03-24,913.5,913.5,864.46,866.96,49423230,VNREAL,Bất động sản
2020-03-25,868.19,914.73,846.2,914.73,37329290,VNREAL,Bất động sản
2020-03-26,914.64,956.56,900.98,949.42,38190660,VNREAL,Bất động sản
2020-03-27,949.42,974.11,922.55,968.64,43500220,VNREAL,Bất động sản
2020-03-30,968.59,968.59,911.16,916.39,31530680,VNREAL,Bất động sản
2020-03-31,916.39,950.68,897.99,920.74,47996850,VNREAL,Bất động sản
2020-04-01,919.64,946.26,903.03,935.2,53698270,VNREAL,Bất động sản
2020-04-03,935.2,972.0,935.2,972.0,33268460,VNREAL,Bất động sản
2020-04-06,972.31,1027.31,972.0,1027.31,52776950,VNREAL,Bất động sản
2020-04-07,1027.34,1059.96,1010.84,1048.97,54336550,VNREAL,Bất động sản
2020-04-08,1048.98,1052.87,1023.48,1052.87,40302330,VNREAL,Bất động sản
2020-04-09,1052.9,1074.79,1052.87,1057.78,40712210,VNREAL,Bất động sản
2020-04-10,1065.54,1069.02,1044.12,1053.95,43079870,VNREAL,Bất động sản
2020-04-13,1054.12,1074.54,1054.12,1067.42,29469490,VNREAL,Bất động sản
2020-04-14,1067.4,1078.53,1054.07,1069.74,37534620,VNREAL,Bất động sản
2020-04-15,1069.75,1074.36,1065.81,1074.36,40212640,VNREAL,Bất động sản
2020-04-16,1074.36,1074.4,1060.31,1073.72,37333850,VNREAL,Bất động sản
2020-04-17,1073.72,1083.25,1051.58,1083.25,50109690,VNREAL,Bất động sản
2020-04-20,1083.25,1088.06,1072.34,1085.11,48198650,VNREAL,Bất động sản
2020-04-21,1084.45,1084.45,1043.27,1053.99,60991280,VNREAL,Bất động sản
2020-04-22,1053.72,1053.72,1026.09,1039.42,39418400,VNREAL,Bất động sản
2020-04-23,1046.67,1064.33,1039.33,1048.54,35928610,VNREAL,Bất động sản
2020-04-24,1048.6,1055.15,1036.59,1042.84,28987860,VNREAL,Bất động sản
2020-04-27,1040.25,1058.99,1036.26,1036.49,41723580,VNREAL,Bất động sản
2020-04-28,1036.67,1057.68,1030.67,1035.01,35311170,VNREAL,Bất động sản
2020-04-29,1035.12,1043.88,1028.45,1034.4,34413840,VNREAL,Bất động sản
2020-05-04,1034.41,1040.61,1023.66,1037.16,52617310,VNREAL,Bất động sản
2020-05-05,1037.16,1044.94,1034.19,1037.86,30345900,VNREAL,Bất động sản
2020-05-06,1037.74,1068.88,1034.51,1068.88,34614700,VNREAL,Bất động sản
2020-05-07,1068.88,1076.11,1063.49,1076.11,33468330,VNREAL,Bất động sản
2020-05-08,1076.14,1118.18,1076.14,1099.87,52005630,VNREAL,Bất động sản
2020-05-11,1099.86,1113.13,1093.8,1112.77,37791920,VNREAL,Bất động sản
2020-05-12,1112.77,1114.42,1094.74,1111.7,42044090,VNREAL,Bất động sản
2020-05-13,1111.7,1111.7,1071.33,1093.73,61703960,VNREAL,Bất động sản
2020-05-14,1093.73,1097.68,1082.17,1094.17,44506490,VNREAL,Bất động sản
2020-05-15,1094.17,1106.54,1092.68,1099.08,38954340,VNREAL,Bất động sản
2020-05-18,1098.84,1104.28,1087.24,1099.72,33232370,VNREAL,Bất động sản
2020-05-19,1101.62,1121.51,1099.72,1108.89,48476750,VNREAL,Bất động sản
2020-05-20,1113.87,1130.26,1105.37,1130.26,36356700,VNREAL,Bất động sản
2020-05-21,1132.15,1144.01,1130.26,1140.54,43786910,VNREAL,Bất động sản
2020-05-22,1140.54,1140.58,1120.19,1121.97,41587400,VNREAL,Bất động sản
2020-05-25,1121.99,1137.0,1113.55,1131.05,43797520,VNREAL,Bất động sản
2020-05-26,1131.05,1140.39,1128.5,1133.91,49485470,VNREAL,Bất động sản
2020-05-27,1134.69,1140.46,1121.7,1121.7,52784330,VNREAL,Bất động sản
2020-05-28,1121.7,1133.62,1117.67,1131.15,42460080,VNREAL,Bất động sản
2020-05-29,1130.85,1145.88,1130.85,1141.24,49325660,VNREAL,Bất động sản
2020-06-01,1141.61,1158.94,1141.61,1158.94,73167600,VNREAL,Bất động sản
2020-06-02,1159.09,1160.93,1145.87,1147.58,59235360,VNREAL,Bất động sản
2020-06-03,1147.26,1153.61,1138.71,1153.2,75820030,VNREAL,Bất động sản
2020-06-04,1155.46,1160.29,1148.52,1150.44,58287120,VNREAL,Bất động sản
2020-06-05,1150.43,1154.26,1144.02,1148.08,93893220,VNREAL,Bất động sản
2020-06-08,1149.54,1172.15,1149.54,1159.64,90275680,VNREAL,Bất động sản
2020-06-09,1159.74,1166.47,1155.27,1156.47,70235740,VNREAL,Bất động sản
2020-06-10,1156.26,1158.5,1145.15,1157.35,86713860,VNREAL,Bất động sản
2020-06-11,1157.35,1168.33,1128.0,1128.7,125642980,VNREAL,Bất động sản
2020-06-12,1117.34,1117.62,1093.38,1117.18,147355290,VNREAL,Bất động sản
2020-06-15,1117.34,1127.41,1076.59,1076.59,73582490,VNREAL,Bất động sản
2020-06-16,1076.77,1134.75,1076.59,1129.59,103543570,VNREAL,Bất động sản
2020-06-17,1129.59,1137.2,1119.84,1128.98,71277780,VNREAL,Bất động sản
2020-06-18,1128.41,1136.68,1115.75,1129.06,43896450,VNREAL,Bất động sản
2020-06-19,1129.06,1166.49,1128.76,1166.49,114034480,VNREAL,Bất động sản
2020-06-22,1170.15,1174.71,1160.01,1171.75,68433360,VNREAL,Bất động sản
2020-06-23,1161.04,1171.17,1147.2,1153.81,102828250,VNREAL,Bất động sản
2020-06-24,1153.81,1162.51,1140.25,1143.38,94304260,VNREAL,Bất động sản
2020-06-25,1143.28,1143.28,1127.43,1137.21,70282350,VNREAL,Bất động sản
2020-06-26,1137.21,1148.39,1131.24,1131.24,76992110,VNREAL,Bất động sản
2020-06-29,1131.24,1131.24,1100.37,1103.36,68936700,VNREAL,Bất động sản
2020-06-30,1117.56,1121.59,1098.82,1104.78,69303610,VNREAL,Bất động sản
2020-07-01,1104.78,1131.77,1103.29,1128.93,71386550,VNREAL,Bất động sản
2020-07-02,1127.28,1129.62,1116.23,1121.31,47333720,VNREAL,Bất động sản
2020-07-03,1121.25,1132.28,1121.25,1130.98,37551800,VNREAL,Bất động sản
2020-07-06,1131.5,1157.73,1130.92,1154.23,41160920,VNREAL,Bất động sản
2020-07-07,1154.26,1162.9,1152.48,1153.45,74387440,VNREAL,Bất động sản
2020-07-08,1153.45,1154.37,1146.58,1150.7,34239710,VNREAL,Bất động sản
2020-07-09,1151.11,1162.7,1150.99,1156.07,44547680,VNREAL,Bất động sản
2020-07-10,1156.03,1159.01,1143.53,1149.59,49897730,VNREAL,Bất động sản
2020-07-13,1149.62,1156.18,1142.4,1143.87,34564000,VNREAL,Bất động sản
2020-07-14,1143.84,1147.72,1133.46,1147.72,40002170,VNREAL,Bất động sản
2020-07-15,1147.74,1161.54,1147.72,1148.57,49021360,VNREAL,Bất động sản
2020-07-16,1148.57,1163.96,1147.85,1163.96,39210210,VNREAL,Bất động sản
2020-07-17,1163.95,1163.95,1150.6,1150.77,40515400,VNREAL,Bất động sản
2020-07-20,1150.71,1150.98,1134.53,1134.53,51297610,VNREAL,Bất động sản
2020-07-21,1134.53,1141.13,1126.68,1133.57,42867350,VNREAL,Bất động sản
2020-07-22,1134.83,1141.85,1127.57,1129.86,42346470,VNREAL,Bất động sản
2020-07-23,1129.86,1140.51,1129.79,1140.51,47290580,VNREAL,Bất động sản
2020-07-24,1140.48,1140.48,1088.82,1112.49,80897450,VNREAL,Bất động sản
2020-07-27,1112.11,1112.49,1052.61,1065.55,68669250,VNREAL,Bất động sản
2020-07-28,1065.55,1099.97,1049.89,1093.42,52894110,VNREAL,Bất động sản
2020-07-29,1069.78,1093.49,1058.55,1067.63,45929410,VNREAL,Bất động sản
2020-07-30,1067.86,1091.45,1067.86,1088.44,32980030,VNREAL,Bất động sản
2020-07-31,1083.31,1107.84,1070.39,1098.22,40483250,VNREAL,Bất động sản
2020-08-03,1098.14,1109.19,1082.17,1107.14,39440660,VNREAL,Bất động sản
2020-08-04,1107.26,1119.47,1107.14,1117.53,52726950,VNREAL,Bất động sản
2020-08-05,1117.54,1124.83,1097.27,1117.05,44445280,VNREAL,Bất động sản
2020-08-06,1117.06,1124.52,1112.52,1119.18,35441280,VNREAL,Bất động sản
2020-08-07,1120.26,1123.29,1114.02,1119.16,36221240,VNREAL,Bất động sản
2020-08-10,1119.11,1136.4,1119.11,1126.57,53735810,VNREAL,Bất động sản
2020-08-11,1126.58,1132.49,1119.57,1120.51,37955800,VNREAL,Bất động sản
2020-08-12,1120.53,1127.1,1114.76,1119.69,40250170,VNREAL,Bất động sản
2020-08-13,1119.69,1128.09,1119.31,1125.94,36103180,VNREAL,Bất động sản
2020-08-14,1125.91,1138.44,1119.46,1122.16,50714680,VNREAL,Bất động sản
2020-08-17,1122.17,1126.62,1111.23,1123.16,37314760,VNREAL,Bất động sản
2020-08-18,1123.16,1123.16,1109.65,1114.57,29959820,VNREAL,Bất động sản
2020-08-19,1114.56,1125.73,1112.53,1117.63,37831260,VNREAL,Bất động sản
2020-08-20,1118.14,1131.32,1114.19,1115.5,38400280,VNREAL,Bất động sản
2020-08-21,1115.5,1121.96,1113.97,1117.27,34226400,VNREAL,Bất động sản
2020-08-24,1117.3,1139.73,1117.2,1137.31,63996780,VNREAL,Bất động sản
2020-08-25,1136.13,1155.71,1136.13,1148.73,68481030,VNREAL,Bất động sản
2020-08-26,1148.73,1154.13,1143.07,1150.44,52528930,VNREAL,Bất động sản
2020-08-27,1150.5,1151.18,1144.69,1148.82,43006200,VNREAL,Bất động sản
2020-08-28,1154.25,1158.89,1143.23,1143.23,53798170,VNREAL,Bất động sản
2020-08-31,1142.9,1156.62,1139.7,1141.13,56384110,VNREAL,Bất động sản
2020-09-01,1140.84,1163.6,1136.89,1157.42,46332140,VNREAL,Bất động sản
2020-09-03,1157.41,1181.68,1157.41,1174.17,55572360,VNREAL,Bất động sản
2020-09-04,1173.97,1182.7,1163.08,1174.34,55937480,VNREAL,Bất động sản
2020-09-07,1174.34,1185.26,1154.65,1154.65,59266210,VNREAL,Bất động sản
2020-09-08,1154.77,1163.34,1145.18,1150.97,45520650,VNREAL,Bất động sản
2020-09-09,1150.46,1160.29,1140.05,1151.91,37493250,VNREAL,Bất động sản
2020-09-10,1151.92,1170.12,1150.95,1151.78,56065480,VNREAL,Bất động sản
2020-09-11,1151.78,1163.03,1146.26,1156.54,47719790,VNREAL,Bất động sản
2020-09-14,1156.53,1171.63,1156.53,1169.62,63511070,VNREAL,Bất động sản
2020-09-15,1176.89,1180.12,1169.62,1179.02,69980230,VNREAL,Bất động sản
2020-09-16,1178.51,1184.04,1168.43,1184.04,48317370,VNREAL,Bất động sản
2020-09-17,1184.03,1184.29,1165.95,1171.79,68231810,VNREAL,Bất động sản
2020-09-18,1171.79,1182.6,1171.29,1175.44,55224660,VNREAL,Bất động sản
2020-09-21,1175.65,1191.67,1175.65,1189.76,58911700,VNREAL,Bất động sản
2020-09-22,1189.74,1190.2,1180.26,1189.54,54220160,VNREAL,Bất động sản
2020-09-23,1181.38,1190.54,1181.28,1185.78,50511320,VNREAL,Bất động sản
2020-09-24,1185.75,1190.65,1173.81,1173.81,49634560,VNREAL,Bất động sản
2020-09-25,1173.81,1183.97,1169.38,1169.38,46512130,VNREAL,Bất động sản
2020-09-28,1169.07,1179.01,1166.99,1166.99,70987660,VNREAL,Bất động sản
2020-09-29,1175.17,1175.91,1152.54,1152.54,76593020,VNREAL,Bất động sản
2020-09-30,1152.54,1161.76,1150.89,1156.16,50264490,VNREAL,Bất động sản
2020-10-01,1156.28,1173.53,1155.77,1169.87,59010010,VNREAL,Bất động sản
2020-10-02,1169.88,1174.3,1155.88,1170.65,93815360,VNREAL,Bất động sản
2020-10-05,1170.91,1174.81,1163.01,1171.89,93635190,VNREAL,Bất động sản
2020-10-06,1171.92,1177.02,1167.52,1168.1,101428830,VNREAL,Bất động sản
2020-10-07,1168.14,1182.99,1166.25,1174.5,99341800,VNREAL,Bất động sản
2020-10-08,1174.5,1177.82,1167.44,1169.67,68410270,VNREAL,Bất động sản
2020-10-09,1169.69,1178.19,1167.9,1177.75,59475770,VNREAL,Bất động sản
2020-10-12,1179.05,1185.17,1174.2,1177.66,76222190,VNREAL,Bất động sản
2020-10-13,1177.67,1182.86,1175.92,1181.03,60924650,VNREAL,Bất động sản
2020-10-14,1181.03,1189.38,1181.03,1188.35,47014010,VNREAL,Bất động sản
2020-10-15,1188.35,1198.75,1168.88,1198.31,78117340,VNREAL,Bất động sản
2020-10-16,1198.31,1203.53,1192.0,1196.74,61001630,VNREAL,Bất động sản
2020-10-19,1197.08,1199.18,1192.75,1193.24,35883420,VNREAL,Bất động sản
2020-10-20,1196.0,1198.78,1183.53,1196.76,42932240,VNREAL,Bất động sản
2020-10-21,1196.87,1202.33,1192.69,1195.16,58946960,VNREAL,Bất động sản
2020-10-22,1195.18,1215.88,1190.0,1215.88,47222310,VNREAL,Bất động sản
2020-10-23,1215.88,1245.17,1215.88,1245.17,72923190,VNREAL,Bất động sản
2020-10-26,1245.17,1278.36,1242.16,1242.16,65866440,VNREAL,Bất động sản
2020-10-27,1241.95,1253.65,1231.78,1237.93,59488480,VNREAL,Bất động sản
2020-10-28,1236.37,1244.6,1194.31,1195.28,69071420,VNREAL,Bất động sản
2020-10-29,1204.49,1213.79,1191.69,1200.55,49531890,VNREAL,Bất động sản
2020-10-30,1204.63,1229.54,1191.78,1229.54,52485680,VNREAL,Bất động sản
2020-11-02,1228.89,1233.83,1220.94,1231.83,68607770,VNREAL,Bất động sản
2020-11-03,1231.93,1236.32,1222.53,1223.12,48123900,VNREAL,Bất động sản
2020-11-04,1223.5,1228.39,1217.03,1222.74,69985130,VNREAL,Bất động sản
2020-11-05,1222.73,1244.01,1222.26,1227.97,46278330,VNREAL,Bất động sản
2020-11-06,1227.97,1237.69,1227.97,1230.18,60550290,VNREAL,Bất động sản
2020-11-09,1231.54,1246.81,1231.54,1246.81,83139200,VNREAL,Bất động sản
2020-11-10,1246.83,1259.8,1243.23,1243.23,93983650,VNREAL,Bất động sản
2020-11-11,1243.23,1247.18,1226.58,1240.14,70600850,VNREAL,Bất động sản
2020-11-12,1240.35,1252.5,1236.88,1252.5,69752460,VNREAL,Bất động sản
2020-11-13,1252.48,1262.4,1250.44,1262.33,95069380,VNREAL,Bất động sản
2020-11-16,1263.11,1269.77,1223.19,1223.39,101076390,VNREAL,Bất động sản
2020-11-17,1223.38,1255.95,1223.38,1255.95,57174120,VNREAL,Bất động sản
2020-11-18,1256.23,1256.68,1237.46,1249.26,57458700,VNREAL,Bất động sản
2020-11-19,1249.21,1250.03,1238.97,1246.89,69796990,VNREAL,Bất động sản
2020-11-20,1246.89,1256.71,1243.81,1255.86,108191480,VNREAL,Bất động sản
2020-11-23,1255.86,1269.82,1255.86,1263.88,63573460,VNREAL,Bất động sản
2020-11-24,1263.88,1274.54,1258.86,1274.54,65143670,VNREAL,Bất động sản
2020-11-25,1274.52,1290.86,1274.46,1280.86,66002020,VNREAL,Bất động sản
2020-11-26,1280.85,1281.02,1266.99,1280.32,51083620,VNREAL,Bất động sản
2020-11-27,1280.44,1283.24,1273.38,1278.69,55772940,VNREAL,Bất động sản
2020-11-30,1279.62,1284.52,1268.11,1271.63,66245870,VNREAL,Bất động sản
2020-12-01,1271.47,1280.4,1256.45,1280.4,70791800,VNREAL,Bất động sản
2020-12-02,1279.89,1291.69,1277.08,1288.84,69197490,VNREAL,Bất động sản
2020-12-03,1290.26,1294.87,1283.84,1294.87,71138530,VNREAL,Bất động sản
2020-12-04,1294.86,1297.85,1287.28,1295.38,78690170,VNREAL,Bất động sản
2020-12-07,1295.39,1298.92,1289.69,1298.67,69962430,VNREAL,Bất động sản
2020-12-08,1298.67,1301.3,1288.7,1292.84,66683350,VNREAL,Bất động sản
2020-12-09,1292.89,1304.72,1291.89,1304.72,77623750,VNREAL,Bất động sản
2020-12-10,1304.78,1310.46,1292.54,1292.54,81777890,VNREAL,Bất động sản
2020-12-11,1292.54,1309.53,1292.47,1309.53,54609210,VNREAL,Bất động sản
2020-12-14,1309.54,1337.51,1309.54,1337.51,80830960,VNREAL,Bất động sản
2020-12-15,1338.29,1347.34,1321.3,1326.92,125557420,VNREAL,Bất động sản
2020-12-16,1326.92,1333.98,1323.64,1333.98,77024820,VNREAL,Bất động sản
2020-12-17,1333.9,1333.9,1310.5,1312.37,101188010,VNREAL,Bất động sản
2020-12-18,1312.15,1329.05,1312.08,1317.83,99974060,VNREAL,Bất động sản
2020-12-21,1317.87,1340.38,1317.87,1340.38,106668830,VNREAL,Bất động sản
2020-12-22,1340.57,1348.85,1332.81,1345.44,133832840,VNREAL,Bất động sản
2020-12-23,1345.52,1365.79,1345.12,1347.17,144374830,VNREAL,Bất động sản
2020-12-24,1347.41,1358.36,1311.89,1337.17,120612160,VNREAL,Bất động sản
2020-12-25,1337.15,1353.1,1328.61,1351.42,107808570,VNREAL,Bất động sản
2020-12-28,1352.47,1362.46,1348.08,1357.34,117689530,VNREAL,Bất động sản
2020-12-29,1357.39,1385.77,1354.59,1380.85,141672690,VNREAL,Bất động sản
2020-12-30,1380.59,1403.43,1380.28,1385.95,124054810,VNREAL,Bất động sản
2020-12-31,1386.14,1395.48,1372.92,1384.53,85509730,VNREAL,Bất động sản
2021-01-04,1387.01,1408.52,1384.35,1396.47,125127100,VNREAL,Bất động sản
2021-01-05,1396.44,1429.37,1390.39,1427.02,149943200,VNREAL,Bất động sản
2021-01-06,1427.24,1444.11,1421.66,1431.23,124429500,VNREAL,Bất động sản
2021-01-07,1431.29,1446.89,1430.5,1446.89,124202200,VNREAL,Bất động sản
2021-01-08,1448.45,1484.52,1448.45,1475.37,129421100,VNREAL,Bất động sản
2021-01-11,1475.52,1523.16,1475.52,1523.16,143887700,VNREAL,Bất động sản
2021-01-12,1523.16,1542.24,1523.16,1529.7,117714900,VNREAL,Bất động sản
2021-01-13,1529.67,1534.7,1500.12,1502.53,129531000,VNREAL,Bất động sản
2021-01-14,1502.53,1510.68,1496.48,1503.52,137804500,VNREAL,Bất động sản
2021-01-15,1506.29,1523.1,1501.55,1513.61,151971000,VNREAL,Bất động sản
2021-01-18,1513.95,1526.23,1507.92,1514.24,112335900,VNREAL,Bất động sản
2021-01-19,1514.6,1515.24,1414.94,1445.66,160106700,VNREAL,Bất động sản
2021-01-20,1445.93,1469.37,1421.92,1453.55,156445100,VNREAL,Bất động sản
2021-01-21,1453.64,1484.35,1451.95,1484.35,135970600,VNREAL,Bất động sản
2021-01-22,1484.55,1518.91,1484.55,1502.66,163324700,VNREAL,Bất động sản
2021-01-25,1506.32,1526.0,1506.21,1522.12,140139300,VNREAL,Bất động sản
2021-01-26,1522.11,1525.23,1463.51,1492.87,162259000,VNREAL,Bất động sản
2021-01-27,1491.48,1495.77,1442.01,1450.82,156025700,VNREAL,Bất động sản
2021-01-28,1450.12,1450.12,1351.58,1353.89,102360900,VNREAL,Bất động sản
2021-01-29,1352.78,1429.15,1316.05,1418.61,174146100,VNREAL,Bất động sản
2021-02-01,1418.07,1429.47,1375.31,1375.31,128538500,VNREAL,Bất động sản
2021-02-02,1375.3,1449.13,1365.33,1449.13,119454100,VNREAL,Bất động sản
2021-02-03,1449.16,1500.99,1449.16,1489.65,94244900,VNREAL,Bất động sản
2021-02-04,1489.57,1495.5,1454.58,1480.2,72797700,VNREAL,Bất động sản
2021-02-05,1480.2,1500.89,1480.2,1500.89,93156900,VNREAL,Bất động sản
2021-02-08,1500.92,1500.94,1414.09,1424.1,120340400,VNREAL,Bất động sản
2021-02-09,1427.13,1477.7,1420.46,1475.64,88483700,VNREAL,Bất động sản
2021-02-17,1479.98,1529.68,1475.64,1529.68,85124600,VNREAL,Bất động sản
2021-02-18,1529.57,1559.59,1513.97,1559.59,118931000,VNREAL,Bất động sản
2021-02-19,1559.59,1559.59,1532.31,1547.94,86936900,VNREAL,Bất động sản
2021-02-22,1548.09,1568.94,1544.53,1559.7,94853400,VNREAL,Bất động sản
2021-02-23,1559.69,1571.23,1541.09,1556.85,86656400,VNREAL,Bất động sản
2021-02-24,1557.0,1569.02,1511.01,1529.24,92968200,VNREAL,Bất động sản
2021-02-25,1530.07,1541.51,1513.85,1530.04,89518700,VNREAL,Bất động sản
2021-02-26,1528.42,1531.97,1502.18,1524.23,80500900,VNREAL,Bất động sản
2021-03-01,1524.26,1540.86,1524.24,1537.57,83562900,VNREAL,Bất động sản
2021-03-02,1537.66,1549.15,1519.49,1532.28,76649800,VNREAL,Bất động sản
2021-03-03,1532.23,1533.42,1517.83,1529.57,110172400,VNREAL,Bất động sản
2021-03-04,1529.63,1537.94,1500.85,1511.95,104397600,VNREAL,Bất động sản
2021-03-05,1512.65,1512.65,1490.65,1501.48,79839300,VNREAL,Bất động sản
2021-03-08,1501.58,1514.23,1493.3,1501.1,105714400,VNREAL,Bất động sản
2021-03-09,1501.24,1507.17,1470.96,1500.11,103825800,VNREAL,Bất động sản
2021-03-10,1500.11,1520.7,1490.72,1519.27,86690500,VNREAL,Bất động sản
2021-03-11,1519.32,1536.01,1517.66,1523.63,97831000,VNREAL,Bất động sản
2021-03-12,1523.53,1532.09,1518.89,1524.15,117098200,VNREAL,Bất động sản
2021-03-15,1524.15,1527.78,1518.18,1525.24,118204800,VNREAL,Bất động sản
2021-03-16,1525.3,1526.51,1511.86,1523.09,123597100,VNREAL,Bất động sản
2021-03-17,1523.11,1523.11,1507.78,1517.17,138901100,VNREAL,Bất động sản
2021-03-18,1517.17,1533.99,1517.17,1533.99,103805200,VNREAL,Bất động sản
2021-03-19,1534.01,1538.53,1525.62,1534.25,109145300,VNREAL,Bất động sản
2021-03-22,1536.95,1543.58,1522.55,1536.76,131326300,VNREAL,Bất động sản
2021-03-23,1536.6,1537.06,1516.29,1523.77,127109800,VNREAL,Bất động sản
2021-03-24,1523.73,1523.73,1488.53,1515.87,122708100,VNREAL,Bất động sản
2021-03-25,1517.42,1540.55,1499.64,1526.84,136927300,VNREAL,Bất động sản
2021-03-26,1526.42,1539.78,1502.47,1527.47,136241300,VNREAL,Bất động sản
2021-03-29,1527.6,1542.63,1527.6,1540.31,116632700,VNREAL,Bất động sản
2021-03-30,1541.29,1577.57,1535.79,1565.95,126075000,VNREAL,Bất động sản
2021-03-31,1565.95,1586.89,1565.95,1574.55,146713200,VNREAL,Bất động sản
2021-04-01,1574.6,1625.45,1570.35,1617.65,117982200,VNREAL,Bất động sản
2021-04-02,1617.65,1631.67,1617.1,1627.16,96174200,VNREAL,Bất động sản
2021-04-05,1634.76,1662.65,1627.16,1646.81,115139200,VNREAL,Bất động sản
2021-04-06,1646.78,1679.29,1643.9,1662.82,114426000,VNREAL,Bất động sản
2021-04-07,1662.87,1665.01,1651.03,1664.16,108767600,VNREAL,Bất động sản
2021-04-08,1664.08,1671.67,1645.8,1653.91,126354300,VNREAL,Bất động sản
2021-04-09,1653.88,1655.28,1643.39,1653.93,111639100,VNREAL,Bất động sản
2021-04-12,1654.53,1715.75,1654.53,1715.55,162244100,VNREAL,Bất động sản
2021-04-13,1716.03,1780.51,1716.03,1755.21,171175000,VNREAL,Bất động sản
2021-04-14,1755.01,1755.21,1719.44,1751.62,151904400,VNREAL,Bất động sản
2021-04-15,1751.61,1791.96,1751.61,1757.43,150934200,VNREAL,Bất động sản
2021-04-16,1757.43,1793.37,1748.66,1776.38,187169000,VNREAL,Bất động sản
2021-04-19,1776.42,1803.99,1762.29,1803.99,160508000,VNREAL,Bất động sản
2021-04-20,1803.99,1851.79,1803.99,1816.73,186456400,VNREAL,Bất động sản
2021-04-22,1816.62,1825.27,1746.71,1746.71,142250700,VNREAL,Bất động sản
2021-04-23,1746.54,1765.19,1713.85,1765.19,117968500,VNREAL,Bất động sản
2021-04-26,1765.25,1774.95,1707.56,1712.08,150891000,VNREAL,Bất động sản
2021-04-27,1712.01,1735.93,1701.26,1722.21,98732600,VNREAL,Bất động sản
2021-04-28,1722.25,1738.43,1713.98,1738.43,136892200,VNREAL,Bất động sản
2021-04-29,1738.43,1755.49,1737.91,1739.4,112435000,VNREAL,Bất động sản
2021-05-04,1739.25,1755.37,1694.07,1750.87,130309900,VNREAL,Bất động sản
2021-05-05,1750.85,1777.17,1750.5,1759.79,101737100,VNREAL,Bất động sản
2021-05-06,1760.3,1772.84,1751.99,1752.91,111321000,VNREAL,Bất động sản
2021-05-07,1752.95,1756.17,1723.55,1739.83,118984900,VNREAL,Bất động sản
2021-05-10,1739.21,1740.03,1714.37,1737.77,108576900,VNREAL,Bất động sản
2021-05-11,1737.96,1749.65,1726.92,1726.92,108246700,VNREAL,Bất động sản
2021-05-12,1725.17,1734.58,1709.04,1731.65,94293500,VNREAL,Bất động sản
2021-05-13,1731.61,1737.75,1715.7,1715.7,83030800,VNREAL,Bất động sản
2021-05-14,1715.7,1726.49,1701.64,1712.57,111931700,VNREAL,Bất động sản
2021-05-17,1712.56,1761.53,1712.56,1719.05,125530400,VNREAL,Bất động sản
2021-05-18,1719.73,1732.01,1693.06,1696.86,109769500,VNREAL,Bất động sản
2021-05-19,1696.86,1701.42,1683.02,1697.92,117518700,VNREAL,Bất động sản
2021-05-20,1697.82,1715.63,1683.42,1715.63,103598900,VNREAL,Bất động sản
2021-05-21,1715.1,1732.68,1699.48,1732.16,110089800,VNREAL,Bất động sản
2021-05-24,1732.23,1754.45,1732.16,1743.79,125436300,VNREAL,Bất động sản
2021-05-25,1745.56,1745.75,1731.95,1739.78,108001600,VNREAL,Bất động sản
2021-05-26,1739.93,1744.66,1727.72,1736.61,105335000,VNREAL,Bất động sản
2021-05-27,1736.5,1750.09,1719.38,1731.96,118200300,VNREAL,Bất động sản
2021-05-28,1734.18,1743.67,1728.44,1731.54,100723400,VNREAL,Bất động sản
2021-05-31,1731.54,1731.54,1697.25,1710.49,93248900,VNREAL,Bất động sản
2021-06-01,1709.67,1743.64,1699.99,1735.95,86275700,VNREAL,Bất động sản
2021-06-02,1735.82,1752.38,1724.08,1733.25,138173300,VNREAL,Bất động sản
2021-06-03,1734.18,1755.56,1733.25,1755.15,142532800,VNREAL,Bất động sản
2021-06-04,1755.16,1780.32,1755.16,1774.38,157126200,VNREAL,Bất động sản
2021-06-07,1774.4,1814.09,1773.8,1787.73,146037500,VNREAL,Bất động sản
2021-06-08,1787.77,1814.13,1743.75,1748.28,177261800,VNREAL,Bất động sản
2021-06-09,1747.56,1769.62,1735.68,1761.08,152437600,VNREAL,Bất động sản
2021-06-10,1761.08,1765.32,1735.37,1735.37,124230700,VNREAL,Bất động sản
2021-06-11,1736.29,1766.84,1736.29,1766.84,134015800,VNREAL,Bất động sản
2021-06-14,1767.0,1804.4,1766.75,1795.96,139222700,VNREAL,Bất động sản
2021-06-15,1795.98,1824.41,1795.97,1824.41,124856600,VNREAL,Bất động sản
2021-06-16,1824.41,1825.65,1794.5,1799.21,120930400,VNREAL,Bất động sản
2021-06-17,1793.04,1797.4,1775.87,1789.38,150112400,VNREAL,Bất động sản
2021-06-18,1789.78,1808.6,1789.78,1807.75,154036600,VNREAL,Bất động sản
2021-06-21,1807.97,1830.36,1798.66,1812.11,142473300,VNREAL,Bất động sản
2021-06-22,1812.13,1827.94,1812.13,1819.02,132094800,VNREAL,Bất động sản
2021-06-23,1819.02,1826.01,1793.38,1801.39,135018600,VNREAL,Bất động sản
2021-06-24,1801.39,1826.8,1794.32,1817.7,93903400,VNREAL,Bất động sản
2021-06-25,1818.11,1835.25,1813.74,1833.21,95252000,VNREAL,Bất động sản
2021-06-28,1833.54,1853.89,1833.54,1846.51,105514400,VNREAL,Bất động sản
2021-06-29,1847.12,1872.59,1847.12,1866.48,92629300,VNREAL,Bất động sản
2021-06-30,1866.48,1894.19,1864.93,1864.93,105426000,VNREAL,Bất động sản
2021-07-01,1865.15,1874.61,1859.18,1864.04,119142500,VNREAL,Bất động sản
2021-07-02,1864.41,1870.98,1852.75,1857.52,93668200,VNREAL,Bất động sản
2021-07-05,1819.23,1857.88,1810.18,1819.23,122513400,VNREAL,Bất động sản
2021-07-06,1819.23,1828.74,1763.69,1763.69,134512200,VNREAL,Bất động sản
2021-07-07,1765.93,1806.41,1738.54,1806.41,110504200,VNREAL,Bất động sản
2021-07-08,1786.24,1795.53,1755.01,1765.41,83791800,VNREAL,Bất động sản
2021-07-09,1757.28,1757.79,1702.83,1713.33,117091700,VNREAL,Bất động sản
2021-07-12,1709.56,1723.64,1617.36,1660.91,127174100,VNREAL,Bất động sản
2021-07-13,1671.4,1673.55,1637.43,1667.29,87779900,VNREAL,Bất động sản
2021-07-14,1670.41,1697.45,1648.68,1669.59,98931500,VNREAL,Bất động sản
2021-07-15,1660.31,1671.15,1655.02,1667.3,64987300,VNREAL,Bất động sản
2021-07-16,1672.91,1690.9,1667.52,1683.36,74045200,VNREAL,Bất động sản
2021-07-19,1648.52,1664.65,1612.48,1631.78,124175900,VNREAL,Bất động sản
2021-07-20,1632.85,1651.49,1600.52,1651.49,81635800,VNREAL,Bất động sản
2021-07-21,1654.87,1674.03,1645.61,1662.19,62511900,VNREAL,Bất động sản
2021-07-22,1659.41,1706.06,1653.02,1706.06,117482900,VNREAL,Bất động sản
2021-07-23,1703.75,1718.84,1665.29,1665.29,87535200,VNREAL,Bất động sản
2021-07-26,1662.31,1695.41,1658.46,1690.98,70616500,VNREAL,Bất động sản
2021-07-27,1698.96,1704.41,1684.21,1686.0,102409800,VNREAL,Bất động sản
2021-07-28,1678.34,1685.16,1671.82,1678.4,63811900,VNREAL,Bất động sản
2021-07-29,1692.12,1694.17,1675.33,1688.76,61799300,VNREAL,Bất động sản
2021-07-30,1698.95,1710.14,1693.16,1708.51,100615800,VNREAL,Bất động sản
2021-08-02,1704.97,1725.01,1698.31,1711.13,96153700,VNREAL,Bất động sản
2021-08-03,1718.29,1773.7,1716.3,1765.4,109060100,VNREAL,Bất động sản
2021-08-04,1774.84,1781.56,1758.25,1764.7,98456600,VNREAL,Bất động sản
2021-08-05,1762.54,1781.41,1756.98,1775.49,86946200,VNREAL,Bất động sản
2021-08-06,1782.9,1794.84,1775.47,1780.18,134339500,VNREAL,Bất động sản
2021-08-09,1779.68,1802.92,1774.73,1798.91,104975200,VNREAL,Bất động sản
2021-08-10,1812.96,1817.52,1791.0,1791.0,102774600,VNREAL,Bất động sản
2021-08-11,1790.32,1795.14,1765.37,1765.37,142711700,VNREAL,Bất động sản
2021-08-12,1763.23,1785.59,1761.61,1772.61,118661800,VNREAL,Bất động sản
2021-08-13,1777.71,1791.39,1767.1,1785.84,109924200,VNREAL,Bất động sản
2021-08-16,1800.86,1804.13,1776.85,1778.73,153969100,VNREAL,Bất động sản
2021-08-17,1785.1,1801.86,1753.54,1756.27,118095300,VNREAL,Bất động sản
2021-08-18,1753.36,1768.59,1739.14,1744.57,107258500,VNREAL,Bất động sản
2021-08-19,1743.28,1788.74,1732.12,1788.74,103106100,VNREAL,Bất động sản
2021-08-20,1766.99,1788.74,1709.51,1719.53,188723900,VNREAL,Bất động sản
2021-08-23,1711.46,1719.31,1694.27,1696.42,116772400,VNREAL,Bất động sản
2021-08-24,1698.44,1709.74,1682.47,1696.83,101957700,VNREAL,Bất động sản
2021-08-25,1697.44,1701.91,1679.68,1696.99,80401400,VNREAL,Bất động sản
2021-08-26,1699.08,1700.18,1673.45,1682.07,80089200,VNREAL,Bất động sản
2021-08-27,1677.14,1705.47,1662.74,1705.47,94888600,VNREAL,Bất động sản
2021-08-30,1712.46,1717.74,1706.23,1711.23,92875700,VNREAL,Bất động sản
2021-08-31,1711.4,1725.87,1706.12,1719.85,125508800,VNREAL,Bất động sản
2021-09-01,1723.72,1733.45,1717.57,1722.8,113535600,VNREAL,Bất động sản
2021-09-06,1733.01,1749.12,1731.52,1743.83,154085300,VNREAL,Bất động sản
2021-09-07,1748.55,1749.46,1725.05,1726.07,132729500,VNREAL,Bất động sản
2021-09-08,1726.07,1728.59,1705.67,1706.79,91293300,VNREAL,Bất động sản
2021-09-09,1705.86,1711.19,1703.09,1704.78,87680400,VNREAL,Bất động sản
2021-09-10,1710.9,1717.69,1705.98,1705.98,97286600,VNREAL,Bất động sản
2021-09-13,1711.22,1720.48,1701.84,1701.84,144006900,VNREAL,Bất động sản
2021-09-14,1707.31,1715.41,1701.73,1702.88,139024300,VNREAL,Bất động sản
2021-09-15,1699.87,1708.17,1695.68,1701.56,102614500,VNREAL,Bất động sản
2021-09-16,1705.66,1707.76,1679.64,1683.3,118259800,VNREAL,Bất động sản
2021-09-17,1686.72,1697.14,1680.06,1681.01,135092700,VNREAL,Bất động sản
2021-09-20,1685.64,1697.99,1674.13,1674.46,151660100,VNREAL,Bất động sản
2021-09-21,1653.22,1674.46,1635.02,1654.5,162290100,VNREAL,Bất động sản
2021-09-22,1658.75,1672.44,1646.05,1668.37,170196400,VNREAL,Bất động sản
2021-09-23,1680.39,1688.63,1673.49,1682.8,209799900,VNREAL,Bất động sản
2021-09-24,1682.52,1685.79,1673.34,1679.25,108458500,VNREAL,Bất động sản
2021-09-27,1677.06,1677.28,1649.12,1649.12,146646400,VNREAL,Bất động sản
2021-09-28,1635.96,1668.06,1635.96,1662.7,98337000,VNREAL,Bất động sản
2021-09-29,1661.07,1663.76,1646.39,1659.47,80625900,VNREAL,Bất động sản
2021-09-30,1660.04,1683.5,1659.47,1671.74,69214000,VNREAL,Bất động sản
2021-10-01,1669.63,1671.74,1656.21,1657.41,86169300,VNREAL,Bất động sản
2021-10-04,1656.02,1667.35,1648.98,1666.35,94699600,VNREAL,Bất động sản
2021-10-05,1666.78,1690.9,1660.74,1687.85,84777300,VNREAL,Bất động sản
2021-10-06,1696.7,1704.55,1693.35,1704.55,99539500,VNREAL,Bất động sản
2021-10-07,1704.56,1717.44,1704.55,1711.25,124729300,VNREAL,Bất động sản
2021-10-08,1714.87,1721.76,1710.81,1716.88,109411200,VNREAL,Bất động sản
2021-10-11,1719.07,1746.17,1716.88,1744.81,126413400,VNREAL,Bất động sản
2021-10-12,1746.26,1752.99,1739.81,1751.7,136831000,VNREAL,Bất động sản
2021-10-13,1753.69,1762.39,1749.89,1751.43,134117000,VNREAL,Bất động sản
2021-10-14,1754.53,1759.17,1743.05,1750.7,134297800,VNREAL,Bất động sản
2021-10-15,1752.01,1758.06,1738.91,1746.99,156812000,VNREAL,Bất động sản
2021-10-18,1748.48,1761.27,1743.22,1751.63,167333800,VNREAL,Bất động sản
2021-10-19,1752.27,1759.13,1742.3,1752.61,113119900,VNREAL,Bất động sản
2021-10-20,1753.97,1763.44,1727.15,1754.05,168808100,VNREAL,Bất động sản
2021-10-21,1753.28,1760.51,1746.1,1747.08,132192600,VNREAL,Bất động sản
2021-10-22,1750.45,1766.13,1747.08,1765.45,158286400,VNREAL,Bất động sản
2021-10-25,1772.23,1782.86,1770.31,1771.66,152033100,VNREAL,Bất động sản
2021-10-26,1768.56,1776.97,1756.0,1775.0,154740400,VNREAL,Bất động sản
2021-10-27,1779.35,1822.72,1778.51,1822.72,182922100,VNREAL,Bất động sản
2021-10-28,1828.74,1849.51,1817.38,1838.89,140309200,VNREAL,Bất động sản
2021-10-29,1844.46,1885.47,1842.2,1873.85,196709200,VNREAL,Bất động sản
2021-11-01,1885.15,1886.02,1857.49,1866.25,179735000,VNREAL,Bất động sản
2021-11-02,1865.02,1887.38,1864.36,1886.93,193658300,VNREAL,Bất động sản
2021-11-03,1895.37,1896.47,1836.64,1838.18,283353600,VNREAL,Bất động sản
2021-11-04,1833.21,1846.48,1820.91,1837.3,160619400,VNREAL,Bất động sản
2021-11-05,1835.87,1843.88,1824.91,1839.26,142981300,VNREAL,Bất động sản
2021-11-08,1839.27,1852.18,1833.74,1845.83,179108100,VNREAL,Bất động sản
2021-11-09,1851.96,1867.24,1837.74,1851.42,164891500,VNREAL,Bất động sản
2021-11-10,1857.55,1862.45,1844.59,1856.46,137221300,VNREAL,Bất động sản
2021-11-11,1865.63,1883.5,1854.74,1869.26,230182900,VNREAL,Bất động sản
2021-11-12,1877.18,1879.32,1853.7,1875.97,152892700,VNREAL,Bất động sản
2021-11-15,1888.55,1894.06,1864.74,1886.44,199858200,VNREAL,Bất động sản
2021-11-16,1877.59,1886.44,1852.01,1864.45,226035900,VNREAL,Bất động sản
2021-11-17,1864.57,1886.2,1859.21,1882.05,142682200,VNREAL,Bất động sản
2021-11-18,1888.86,1904.13,1880.81,1880.81,179865000,VNREAL,Bất động sản
2021-11-19,1887.12,1895.6,1832.57,1853.45,250272100,VNREAL,Bất động sản
2021-11-22,1852.27,1853.45,1812.58,1822.12,201670300,VNREAL,Bất động sản
2021-11-23,1808.48,1849.54,1806.38,1849.54,148132000,VNREAL,Bất động sản
2021-11-24,1860.84,1863.19,1843.61,1858.79,127700300,VNREAL,Bất động sản
2021-11-25,1869.04,1888.83,1858.79,1882.1,162218400,VNREAL,Bất động sản
2021-11-26,1897.9,1930.48,1893.99,1900.81,157636600,VNREAL,Bất động sản
2021-11-29,1870.37,1950.06,1870.37,1948.33,162451800,VNREAL,Bất động sản
2021-11-30,1968.85,1973.76,1934.73,1952.86,171228800,VNREAL,Bất động sản
2021-12-01,1956.69,1979.83,1944.64,1961.75,149945600,VNREAL,Bất động sản
2021-12-02,1969.25,1982.97,1959.99,1970.8,147611600,VNREAL,Bất động sản
2021-12-03,1990.34,1996.8,1928.9,1928.9,166570000,VNREAL,Bất động sản
2021-12-06,1948.2,1956.06,1887.52,1904.43,168192900,VNREAL,Bất động sản
2021-12-07,1925.31,1950.52,1914.64,1950.52,119100700,VNREAL,Bất động sản
2021-12-08,1954.19,1962.71,1934.29,1951.97,122546700,VNREAL,Bất động sản
2021-12-09,1945.57,1977.67,1943.2,1977.67,109726500,VNREAL,Bất động sản
2021-12-10,1976.09,1977.45,1950.75,1950.75,128063900,VNREAL,Bất động sản
2021-12-13,1954.85,1995.08,1949.27,1976.59,175276900,VNREAL,Bất động sản
2021-12-14,1980.07,1983.18,1955.51,1967.37,172751500,VNREAL,Bất động sản
2021-12-15,1968.64,1970.99,1944.95,1961.05,137372300,VNREAL,Bất động sản
2021-12-16,1965.93,1979.38,1963.28,1979.38,182569700,VNREAL,Bất động sản
2021-12-17,1987.65,2015.71,1979.38,2005.81,236665100,VNREAL,Bất động sản
2021-12-20,2008.89,2008.99,1971.1,1980.97,161940800,VNREAL,Bất động sản
2021-12-21,1977.46,2021.37,1975.99,2006.17,161250000,VNREAL,Bất động sản
2021-12-22,2015.44,2036.55,2008.19,2025.01,185962500,VNREAL,Bất động sản
2021-12-23,2028.54,2032.7,1966.24,1968.1,251216500,VNREAL,Bất động sản
2021-12-24,1985.74,1989.72,1952.91,1978.58,168657900,VNREAL,Bất động sản
2021-12-27,1983.26,2002.56,1955.83,2002.56,135058800,VNREAL,Bất động sản
2021-12-28,2012.3,2013.54,1984.48,2000.88,147461400,VNREAL,Bất động sản
2021-12-29,2007.23,2008.63,1971.31,1972.48,141111500,VNREAL,Bất động sản
2021-12-30,1972.65,1982.54,1959.6,1959.66,129164000,VNREAL,Bất động sản
2021-12-31,1963.82,1974.7,1952.05,1974.7,130239400,VNREAL,Bất động sản
2022-01-04,1974.7,2042.07,1974.7,2036.52,122923800,VNREAL,Bất động sản
2022-01-05,2041.96,2065.9,2038.26,2042.83,173513700,VNREAL,Bất động sản
2022-01-06,2055.31,2112.99,2052.47,2097.04,227661300,VNREAL,Bất động sản
2022-01-07,2114.09,2114.09,2081.78,2088.3,183640700,VNREAL,Bất động sản
2022-01-10,2086.7,2125.14,2061.63,2061.63,318153000,VNREAL,Bất động sản
2022-01-11,2061.53,2064.68,2023.43,2035.74,347297400,VNREAL,Bất động sản
2022-01-12,2016.62,2028.66,1962.76,2028.66,188150500,VNREAL,Bất động sản
2022-01-13,2028.82,2033.5,1972.98,1978.93,141554100,VNREAL,Bất động sản
2022-01-14,1964.61,1991.76,1946.61,1977.64,142586600,VNREAL,Bất động sản
2022-01-17,1978.92,1984.19,1887.36,1896.64,120448600,VNREAL,Bất động sản
2022-01-18,1876.88,1890.14,1839.75,1857.9,86238000,VNREAL,Bất động sản
2022-01-19,1849.24,1871.55,1840.92,1871.55,109484100,VNREAL,Bất động sản
2022-01-20,1858.09,1902.22,1857.47,1892.02,165160400,VNREAL,Bất động sản
2022-01-21,1906.57,1906.57,1873.41,1899.2,154696900,VNREAL,Bất động sản
2022-01-24,1883.29,1885.66,1829.05,1836.07,122359400,VNREAL,Bất động sản
2022-01-25,1828.16,1890.36,1817.23,1890.36,126747600,VNREAL,Bất động sản
2022-01-26,1895.63,1899.85,1869.34,1890.08,126704000,VNREAL,Bất động sản
2022-01-27,1885.12,1900.99,1861.55,1880.3,89430600,VNREAL,Bất động sản
2022-01-28,1879.43,1891.92,1863.54,1891.92,110526300,VNREAL,Bất động sản
2022-02-07,1905.34,1922.37,1886.5,1886.5,101524500,VNREAL,Bất động sản
2022-02-08,1888.84,1892.29,1852.49,1859.6,116904000,VNREAL,Bất động sản
2022-02-09,1859.45,1871.72,1854.35,1867.36,152147500,VNREAL,Bất động sản
2022-02-10,1872.99,1874.82,1827.12,1849.14,101693400,VNREAL,Bất động sản
2022-02-11,1840.55,1842.16,1825.4,1828.94,90308800,VNREAL,Bất động sản
2022-02-14,1812.31,1826.78,1802.46,1809.21,106255400,VNREAL,Bất động sản
2022-02-15,1810.49,1850.7,1810.49,1847.45,83006200,VNREAL,Bất động sản
2022-02-16,1858.84,1860.23,1847.69,1852.62,126500700,VNREAL,Bất động sản
2022-02-17,1852.74,1866.91,1843.03,1866.91,111851000,VNREAL,Bất động sản
2022-02-18,1850.3,1862.41,1845.33,1856.58,105851700,VNREAL,Bất động sản
2022-02-21,1859.98,1879.12,1858.01,1876.91,134938400,VNREAL,Bất động sản
2022-02-22,1876.25,1876.25,1832.59,1851.67,165727600,VNREAL,Bất động sản
2022-02-23,1857.59,1869.97,1854.87,1862.95,96148500,VNREAL,Bất động sản
2022-02-24,1863.94,1863.94,1798.28,1833.81,189430900,VNREAL,Bất động sản
2022-02-25,1848.0,1851.39,1832.16,1833.74,112767700,VNREAL,Bất động sản
2022-02-28,1832.1,1835.22,1808.26,1808.26,91081900,VNREAL,Bất động sản
2022-03-01,1807.4,1838.6,1807.4,1835.87,135712200,VNREAL,Bất động sản
2022-03-02,1834.37,1846.06,1811.82,1829.37,120297600,VNREAL,Bất động sản
2022-03-03,1834.38,1842.65,1824.0,1842.65,123420200,VNREAL,Bất động sản
2022-03-04,1845.32,1853.31,1832.19,1847.45,125023000,VNREAL,Bất động sản
2022-03-07,1833.35,1833.35,1816.8,1819.61,158432100,VNREAL,Bất động sản
2022-03-08,1804.96,1810.84,1780.16,1785.13,152330100,VNREAL,Bất động sản
2022-03-09,1788.6,1791.93,1767.06,1779.67,128014100,VNREAL,Bất động sản
2022-03-10,1786.3,1819.27,1786.3,1803.27,102485100,VNREAL,Bất động sản
2022-03-11,1801.3,1803.25,1779.89,1795.71,112684100,VNREAL,Bất động sản
2022-03-14,1787.99,1787.99,1763.77,1783.66,112587400,VNREAL,Bất động sản
2022-03-15,1785.91,1791.21,1767.62,1789.13,95988500,VNREAL,Bất động sản
2022-03-16,1793.85,1799.73,1785.31,1796.43,108433700,VNREAL,Bất động sản
2022-03-17,1802.4,1816.54,1795.62,1806.88,171578400,VNREAL,Bất động sản
2022-03-18,1810.08,1825.57,1807.53,1817.22,180141200,VNREAL,Bất động sản
2022-03-21,1821.14,1886.11,1821.14,1886.11,185445000,VNREAL,Bất động sản
2022-03-22,1897.53,1908.89,1893.62,1898.94,190023800,VNREAL,Bất động sản
2022-03-23,1901.96,1906.55,1888.43,1888.97,155312600,VNREAL,Bất động sản
2022-03-24,1887.53,1891.29,1875.04,1883.82,183443000,VNREAL,Bất động sản
2022-03-25,1883.39,1892.97,1880.14,1890.27,129708200,VNREAL,Bất động sản
2022-03-28,1889.72,1889.72,1848.12,1859.63,189472900,VNREAL,Bất động sản
2022-03-29,1862.23,1886.63,1859.48,1880.56,123853400,VNREAL,Bất động sản
2022-03-30,1871.6,1884.97,1847.03,1856.52,165207000,VNREAL,Bất động sản
2022-03-31,1857.14,1869.0,1851.33,1857.18,107710600,VNREAL,Bất động sản
2022-04-01,1848.89,1883.71,1838.94,1882.45,209600700,VNREAL,Bất động sản
2022-04-04,1896.35,1898.44,1880.87,1889.87,123834900,VNREAL,Bất động sản
2022-04-05,1883.54,1898.23,1876.06,1886.78,89603000,VNREAL,Bất động sản
2022-04-06,1878.78,1879.54,1839.86,1860.83,129213900,VNREAL,Bất động sản
2022-04-07,1856.24,1857.28,1816.36,1827.22,99800800,VNREAL,Bất động sản
2022-04-08,1825.26,1850.42,1822.62,1822.62,98062400,VNREAL,Bất động sản
2022-04-12,1820.96,1828.96,1784.21,1784.46,104038500,VNREAL,Bất động sản
2022-04-13,1787.52,1816.99,1768.27,1816.99,96743700,VNREAL,Bất động sản
2022-04-14,1821.81,1821.81,1795.2,1799.45,63076100,VNREAL,Bất động sản
2022-04-15,1793.0,1795.57,1768.53,1768.53,71605900,VNREAL,Bất động sản
2022-04-18,1757.17,1757.17,1712.21,1735.32,114664900,VNREAL,Bất động sản
2022-04-19,1730.44,1741.98,1703.59,1706.11,80978200,VNREAL,Bất động sản
2022-04-20,1701.76,1704.46,1671.29,1680.22,95597100,VNREAL,Bất động sản
2022-04-21,1669.66,1669.66,1632.17,1632.17,105040300,VNREAL,Bất động sản
2022-04-22,1635.67,1659.91,1625.78,1647.58,119345300,VNREAL,Bất động sản
2022-04-25,1655.55,1660.39,1556.22,1595.55,93051000,VNREAL,Bất động sản
2022-04-26,1568.61,1641.86,1542.76,1641.86,89999800,VNREAL,Bất động sản
2022-04-27,1641.92,1652.47,1604.77,1652.47,70823200,VNREAL,Bất động sản
2022-04-28,1651.54,1652.34,1631.23,1647.91,73098200,VNREAL,Bất động sản
2022-04-29,1647.01,1678.48,1631.05,1678.48,73543100,VNREAL,Bất động sản
2022-05-04,1670.4,1671.26,1642.57,1654.16,61547300,VNREAL,Bất động sản
2022-05-05,1659.48,1678.0,1634.03,1677.41,75029700,VNREAL,Bất động sản
2022-05-06,1669.73,1669.73,1639.42,1656.74,70028000,VNREAL,Bất động sản
2022-05-09,1633.29,1636.31,1593.93,1609.35,70832000,VNREAL,Bất động sản
2022-05-10,1607.21,1633.88,1565.24,1633.88,84340100,VNREAL,Bất động sản
2022-05-11,1635.5,1654.4,1615.52,1647.95,61434200,VNREAL,Bất động sản
2022-05-12,1635.34,1635.84,1574.1,1589.65,59372300,VNREAL,Bất động sản
2022-05-13,1582.93,1583.82,1517.94,1544.38,82318000,VNREAL,Bất động sản
2022-05-16,1556.77,1556.78,1509.72,1526.11,72796600,VNREAL,Bất động sản
2022-05-17,1508.22,1573.76,1494.97,1573.76,77345300,VNREAL,Bất động sản
2022-05-18,1578.72,1578.72,1546.14,1576.88,66219100,VNREAL,Bất động sản
2022-05-19,1541.22,1582.0,1534.75,1573.28,55070800,VNREAL,Bất động sản
2022-05-20,1572.6,1584.83,1557.37,1575.88,64956500,VNREAL,Bất động sản
2022-05-23,1577.07,1577.85,1536.03,1559.8,66478700,VNREAL,Bất động sản
2022-05-24,1559.54,1569.3,1529.36,1569.3,51426100,VNREAL,Bất động sản
2022-05-25,1572.39,1599.48,1561.27,1599.48,72855700,VNREAL,Bất động sản
2022-05-26,1600.98,1610.89,1589.94,1603.63,64887600,VNREAL,Bất động sản
2022-05-27,1603.8,1616.61,1597.51,1616.61,58663700,VNREAL,Bất động sản
2022-05-30,1618.56,1630.91,1605.2,1630.91,67591500,VNREAL,Bất động sản
2022-05-31,1630.86,1630.86,1608.52,1622.67,76915000,VNREAL,Bất động sản
2022-06-01,1619.41,1624.53,1605.58,1624.53,68025300,VNREAL,Bất động sản
2022-06-02,1622.33,1625.35,1597.98,1611.19,71568100,VNREAL,Bất động sản
2022-06-03,1609.6,1609.6,1583.33,1602.4,56135700,VNREAL,Bất động sản
2022-06-06,1600.73,1600.73,1577.08,1586.36,73349100,VNREAL,Bất động sản
2022-06-07,1576.35,1578.12,1555.12,1568.7,86785200,VNREAL,Bất động sản
2022-06-08,1571.18,1594.93,1569.29,1588.94,59514800,VNREAL,Bất động sản
2022-06-09,1593.34,1598.6,1581.55,1596.01,57055400,VNREAL,Bất động sản
2022-06-10,1584.3,1593.62,1580.45,1588.64,60655200,VNREAL,Bất động sản
2022-06-13,1552.95,1559.43,1527.6,1534.81,74712500,VNREAL,Bất động sản
2022-06-14,1515.59,1535.74,1512.57,1534.31,60875100,VNREAL,Bất động sản
2022-06-15,1534.43,1535.05,1496.49,1517.97,76067900,VNREAL,Bất động sản
2022-06-16,1523.39,1535.24,1517.17,1521.08,57951000,VNREAL,Bất động sản
2022-06-17,1494.99,1504.69,1476.46,1504.69,75719300,VNREAL,Bất động sản
2022-06-20,1504.62,1506.03,1469.61,1474.35,65690400,VNREAL,Bất động sản
2022-06-21,1457.4,1472.24,1446.89,1463.45,69462700,VNREAL,Bất động sản
2022-06-22,1463.76,1472.55,1456.46,1472.09,55284800,VNREAL,Bất động sản
2022-06-23,1461.83,1466.89,1456.3,1466.89,45777000,VNREAL,Bất động sản
2022-06-24,1457.37,1474.93,1457.11,1468.87,44286800,VNREAL,Bất động sản
2022-06-27,1468.54,1493.04,1467.9,1493.04,48041200,VNREAL,Bất động sản
2022-06-28,1484.19,1490.06,1478.53,1490.06,53801400,VNREAL,Bất động sản
2022-06-29,1481.5,1490.98,1476.33,1483.64,43584600,VNREAL,Bất động sản
2022-06-30,1483.69,1483.69,1466.29,1467.75,45977300,VNREAL,Bất động sản
2022-07-01,1465.35,1469.82,1446.95,1460.23,49149700,VNREAL,Bất động sản
2022-07-04,1463.16,1468.85,1451.25,1457.27,33273100,VNREAL,Bất động sản
2022-07-05,1458.83,1464.34,1440.1,1443.41,37692800,VNREAL,Bất động sản
2022-07-06,1439.6,1439.6,1397.47,1397.47,50581000,VNREAL,Bất động sản
2022-07-07,1399.79,1428.31,1391.72,1428.31,40265800,VNREAL,Bất động sản
2022-07-08,1434.42,1439.41,1417.79,1439.41,57680600,VNREAL,Bất động sản
2022-07-11,1426.09,1430.92,1394.88,1430.92,54864100,VNREAL,Bất động sản
2022-07-12,1419.92,1443.37,1414.07,1443.37,62194900,VNREAL,Bất động sản
2022-07-13,1435.85,1444.86,1425.71,1440.98,58174400,VNREAL,Bất động sản
2022-07-14,1438.31,1446.47,1428.0,1446.47,48065800,VNREAL,Bất động sản
2022-07-15,1445.38,1451.54,1435.81,1446.5,62223000,VNREAL,Bất động sản
2022-07-18,1450.3,1450.32,1430.76,1430.76,49756400,VNREAL,Bất động sản
2022-07-19,1431.25,1435.99,1425.76,1433.67,61046200,VNREAL,Bất động sản
2022-07-20,1440.08,1446.36,1438.06,1446.36,56909000,VNREAL,Bất động sản
2022-07-21,1446.43,1450.14,1440.46,1445.46,61564600,VNREAL,Bất động sản
2022-07-22,1442.66,1446.19,1428.63,1428.63,49545200,VNREAL,Bất động sản
2022-07-25,1427.46,1434.4,1421.91,1430.87,44219600,VNREAL,Bất động sản
2022-07-26,1422.79,1435.37,1422.79,1424.22,43521300,VNREAL,Bất động sản
2022-07-27,1424.08,1434.11,1421.5,1434.11,47677400,VNREAL,Bất động sản
2022-07-28,1434.14,1455.57,1434.14,1454.53,78066000,VNREAL,Bất động sản
2022-07-29,1461.05,1464.79,1443.92,1443.92,67669300,VNREAL,Bất động sản
2022-08-01,1447.68,1467.25,1445.1,1467.25,68960900,VNREAL,Bất động sản
2022-08-02,1465.67,1493.72,1460.36,1493.72,94110300,VNREAL,Bất động sản
2022-08-03,1479.96,1494.18,1479.25,1493.55,70728300,VNREAL,Bất động sản
2022-08-04,1494.22,1505.8,1490.25,1505.68,69155800,VNREAL,Bất động sản
2022-08-05,1498.81,1510.87,1496.63,1507.73,63441200,VNREAL,Bất động sản
2022-08-08,1497.34,1512.2,1497.24,1502.74,66849400,VNREAL,Bất động sản
2022-08-09,1506.51,1511.45,1499.63,1509.64,67838000,VNREAL,Bất động sản
2022-08-10,1508.26,1521.13,1506.64,1514.78,75720800,VNREAL,Bất động sản
2022-08-11,1522.57,1532.72,1500.09,1509.89,82084800,VNREAL,Bất động sản
2022-08-12,1505.5,1516.18,1499.93,1515.6,60857500,VNREAL,Bất động sản
2022-08-15,1522.27,1525.04,1512.5,1522.04,54303900,VNREAL,Bất động sản
2022-08-16,1520.83,1523.06,1512.42,1522.16,52166700,VNREAL,Bất động sản
2022-08-17,1525.19,1543.97,1525.08,1539.37,93627800,VNREAL,Bất động sản
2022-08-18,1537.48,1545.66,1531.58,1533.07,66546600,VNREAL,Bất động sản
2022-08-19,1531.33,1535.8,1507.79,1518.84,65318400,VNREAL,Bất động sản
2022-08-22,1517.9,1517.9,1491.57,1497.31,71177000,VNREAL,Bất động sản
2022-08-23,1483.81,1503.37,1483.11,1501.67,60074800,VNREAL,Bất động sản
2022-08-24,1505.83,1507.78,1497.99,1504.13,49448200,VNREAL,Bất động sản
2022-08-25,1505.72,1523.38,1505.72,1523.38,54776800,VNREAL,Bất động sản
2022-08-26,1524.04,1529.79,1507.97,1511.81,73494300,VNREAL,Bất động sản
2022-08-29,1498.85,1498.85,1465.4,1484.84,93766800,VNREAL,Bất động sản
2022-08-30,1484.97,1496.28,1480.55,1482.39,65815800,VNREAL,Bất động sản
2022-08-31,1481.37,1494.49,1479.04,1485.37,53756300,VNREAL,Bất động sản
2022-09-05,1488.8,1497.9,1483.35,1483.58,45163600,VNREAL,Bất động sản
2022-09-06,1483.7,1492.5,1481.12,1485.34,55379200,VNREAL,Bất động sản
2022-09-07,1484.2,1485.42,1456.59,1456.59,82433300,VNREAL,Bất động sản
2022-09-08,1462.28,1468.09,1448.65,1455.87,62979400,VNREAL,Bất động sản
2022-09-09,1462.08,1469.86,1449.31,1469.86,59354900,VNREAL,Bất động sản
2022-09-12,1476.36,1483.42,1472.11,1477.25,43560693,VNREAL,Bất động sản
2022-09-13,1479.21,1480.74,1465.24,1468.21,52929000,VNREAL,Bất động sản
2022-09-14,1452.3,1464.53,1442.03,1463.06,61089000,VNREAL,Bất động sản
2022-09-15,1466.66,1475.41,1462.71,1475.41,46831500,VNREAL,Bất động sản
2022-09-16,1470.17,1474.16,1454.92,1463.46,69140400,VNREAL,Bất động sản
2022-09-19,1462.94,1462.98,1434.58,1434.91,67436500,VNREAL,Bất động sản
2022-09-20,1438.12,1446.48,1429.74,1446.48,48825200,VNREAL,Bất động sản
2022-09-21,1440.76,1441.38,1427.37,1433.43,44548600,VNREAL,Bất động sản
2022-09-22,1418.84,1436.74,1403.36,1436.74,61332400,VNREAL,Bất động sản
2022-09-23,1437.23,1437.23,1418.77,1424.83,51894300,VNREAL,Bất động sản
2022-09-26,1406.65,1410.69,1378.68,1387.25,84560800,VNREAL,Bất động sản
2022-09-27,1390.77,1392.03,1364.53,1364.53,65106200,VNREAL,Bất động sản
2022-09-28,1353.28,1360.51,1332.51,1334.03,53513392,VNREAL,Bất động sản
2022-09-29,1337.02,1355.86,1315.28,1315.28,58151348,VNREAL,Bất động sản
2022-09-30,1304.16,1322.46,1280.88,1320.81,80348603,VNREAL,Bất động sản
2022-10-03,1312.39,1316.96,1258.33,1284.35,57909621,VNREAL,Bất động sản
2022-10-04,1292.42,1294.43,1261.19,1287.69,61789645,VNREAL,Bất động sản
2022-10-05,1298.55,1339.91,1297.94,1333.37,46048385,VNREAL,Bất động sản
2022-10-06,1331.59,1331.74,1304.93,1309.01,54578249,VNREAL,Bất động sản
2022-10-07,1300.79,1301.38,1261.53,1287.6,95430040,VNREAL,Bất động sản
2022-10-10,1265.19,1285.63,1243.43,1280.71,55300653,VNREAL,Bất động sản
2022-10-11,1262.98,1264.84,1207.88,1239.45,65876412,VNREAL,Bất động sản
2022-10-12,1234.12,1260.44,1216.15,1258.22,66290651,VNREAL,Bất động sản
2022-10-13,1253.77,1266.58,1232.41,1266.58,44589224,VNREAL,Bất động sản
2022-10-14,1270.76,1275.26,1248.34,1262.6,50412280,VNREAL,Bất động sản
2022-10-17,1254.46,1254.46,1216.26,1226.52,37073475,VNREAL,Bất động sản
2022-10-18,1240.1,1253.88,1235.7,1253.88,63236546,VNREAL,Bất động sản
2022-10-19,1254.3,1255.31,1229.46,1246.57,33059758,VNREAL,Bất động sản
2022-10-20,1237.2,1244.01,1226.32,1240.97,39745319,VNREAL,Bất động sản
2022-10-21,1239.4,1239.44,1175.97,1199.99,63634729,VNREAL,Bất động sản
2022-10-24,1199.87,1199.87,1134.07,1153.83,52135006,VNREAL,Bất động sản
2022-10-25,1140.26,1150.45,1100.18,1145.66,83032055,VNREAL,Bất động sản
2022-10-26,1144.17,1146.61,1105.25,1123.02,60344675,VNREAL,Bất động sản
2022-10-27,1123.29,1140.14,1110.23,1140.14,76788609,VNREAL,Bất động sản
2022-10-28,1147.79,1157.24,1132.56,1145.92,53795419,VNREAL,Bất động sản
2022-10-31,1145.01,1151.5,1106.26,1138.01,57519001,VNREAL,Bất động sản
2022-11-01,1138.87,1155.26,1121.4,1144.71,57307328,VNREAL,Bất động sản
2022-11-02,1147.62,1148.67,1120.86,1139.33,54736065,VNREAL,Bất động sản
2022-11-03,1122.78,1127.65,1112.55,1120.58,41416063,VNREAL,Bất động sản
2022-11-04,1096.29,1096.29,1058.15,1083.04,61731308,VNREAL,Bất động sản
2022-11-07,1054.6,1056.02,1028.43,1042.74,45813153,VNREAL,Bất động sản
2022-11-08,1006.4,1021.68,987.04,1021.68,77012703,VNREAL,Bất động sản
2022-11-09,1007.41,1023.38,1002.41,1010.56,54674945,VNREAL,Bất động sản
2022-11-10,989.36,989.68,961.46,975.8,69278280,VNREAL,Bất động sản
2022-11-11,966.78,975.52,959.06,970.75,73936050,VNREAL,Bất động sản
2022-11-14,965.81,965.81,933.31,954.65,58746621,VNREAL,Bất động sản
2022-11-15,932.69,939.46,923.92,936.69,64801150,VNREAL,Bất động sản
2022-11-16,917.55,962.5,898.78,960.34,133005903,VNREAL,Bất động sản
2022-11-17,961.84,998.04,953.13,997.65,84071838,VNREAL,Bất động sản
2022-11-18,997.53,1000.18,970.81,997.32,108766596,VNREAL,Bất động sản
2022-11-21,994.88,997.18,967.74,976.09,81027580,VNREAL,Bất động sản
2022-11-22,976.23,1002.54,945.92,945.92,274523434,VNREAL,Bất động sản
2022-11-23,931.46,947.98,920.09,922.81,94938534,VNREAL,Bất động sản
2022-11-24,915.88,932.91,910.98,928.49,65639714,VNREAL,Bất động sản
2022-11-25,938.21,961.62,937.24,961.62,79762825,VNREAL,Bất động sản
2022-11-28,974.16,1005.01,970.86,995.9,210841716,VNREAL,Bất động sản
2022-11-29,1010.93,1050.26,1002.66,1050.26,272936225,VNREAL,Bất động sản
2022-11-30,1060.96,1076.88,1049.23,1076.88,278027757,VNREAL,Bất động sản
2022-12-01,1091.65,1101.8,1057.89,1057.89,273916911,VNREAL,Bất động sản
2022-12-02,1050.1,1109.59,1045.92,1109.59,279042205,VNREAL,Bất động sản
2022-12-05,1112.9,1123.55,1105.09,1113.4,239749816,VNREAL,Bất động sản
2022-12-06,1106.77,1106.77,1057.34,1063.26,262447554,VNREAL,Bất động sản
2022-12-07,1060.3,1081.63,1058.92,1072.39,152252921,VNREAL,Bất động sản
2022-12-08,1084.58,1099.09,1066.49,1069.65,215930897,VNREAL,Bất động sản
2022-12-09,1068.76,1076.89,1044.43,1052.64,175973869,VNREAL,Bất động sản
2022-12-12,1060.32,1062.37,998.52,998.52,124376771,VNREAL,Bất động sản
2022-12-13,1000.89,1014.99,978.93,1014.99,170558810,VNREAL,Bất động sản
2022-12-14,1015.08,1032.32,1003.79,1015.12,116980780,VNREAL,Bất động sản
2022-12-15,1015.26,1020.1,1002.68,1002.68,114462918,VNREAL,Bất động sản
2022-12-16,994.42,1010.9,979.65,979.65,120043300,VNREAL,Bất động sản
2022-12-19,979.89,993.88,959.71,959.71,128306767,VNREAL,Bất động sản
2022-12-20,956.96,959.11,919.42,937.81,165595196,VNREAL,Bất động sản
2022-12-21,946.28,948.94,906.78,926.1,120110781,VNREAL,Bất động sản
2022-12-22,925.82,941.55,922.63,934.68,93274104,VNREAL,Bất động sản
2022-12-23,937.2,938.27,921.71,934.21,58007977,VNREAL,Bất động sản
2022-12-26,931.87,932.21,888.29,888.29,86427058,VNREAL,Bất động sản
2022-12-27,882.63,923.85,877.18,910.4,96397159,VNREAL,Bất động sản
2022-12-28,914.42,925.76,904.86,921.92,70715195,VNREAL,Bất động sản
2022-12-29,921.89,934.53,914.94,924.41,74622089,VNREAL,Bất động sản
2022-12-30,931.73,932.75,918.4,922.86,66469470,VNREAL,Bất động sản
2023-01-03,927.08,963.56,919.57,963.56,91928294,VNREAL,Bất động sản
2023-01-04,971.23,971.23,955.34,958.1,91637744,VNREAL,Bất động sản
2023-01-05,957.22,968.3,956.5,962.24,76763208,VNREAL,Bất động sản
2023-01-06,962.32,968.16,948.86,958.54,84684517,VNREAL,Bất động sản
2023-01-09,961.25,964.93,951.63,954.13,57794275,VNREAL,Bất động sản
2023-01-10,953.98,954.81,938.72,947.83,57849693,VNREAL,Bất động sản
2023-01-11,952.24,963.62,950.56,958.67,105008386,VNREAL,Bất động sản
2023-01-12,965.04,967.63,951.99,958.66,62866557,VNREAL,Bất động sản
2023-01-13,962.65,966.96,947.19,954.45,65270026,VNREAL,Bất động sản
2023-01-16,952.61,955.08,939.79,945.63,63369551,VNREAL,Bất động sản
2023-01-17,941.46,964.1,936.31,964.1,62327443,VNREAL,Bất động sản
2023-01-18,967.14,979.22,960.65,979.22,84793595,VNREAL,Bất động sản
2023-01-19,975.75,989.89,972.98,981.94,74237372,VNREAL,Bất động sản
2023-01-27,986.75,1003.88,986.7,1000.74,82931143,VNREAL,Bất động sản
2023-01-30,1001.33,1002.77,985.34,986.89,111351518,VNREAL,Bất động sản
2023-01-31,989.76,991.81,974.39,983.51,85883299,VNREAL,Bất động sản
2023-02-01,987.21,988.66,942.47,942.47,178209121,VNREAL,Bất động sản
2023-02-02,946.75,953.6,934.93,940.8,87278517,VNREAL,Bất động sản
2023-02-03,944.76,949.54,938.27,949.54,83769028,VNREAL,Bất động sản
2023-02-06,942.82,955.01,936.23,955.01,72922296,VNREAL,Bất động sản
2023-02-07,955.7,955.7,923.56,931.3,99037806,VNREAL,Bất động sản
2023-02-08,931.77,931.84,905.91,925.4,84067113,VNREAL,Bất động sản
2023-02-09,916.61,924.05,911.37,915.81,55105873,VNREAL,Bất động sản
2023-02-10,911.6,913.05,902.68,908.02,66691147,VNREAL,Bất động sản
2023-02-13,893.65,895.08,871.98,886.26,110644259,VNREAL,Bất động sản
2023-02-14,881.7,883.95,860.53,872.73,79330349,VNREAL,Bất động sản
2023-02-15,867.46,877.79,856.27,877.79,119181603,VNREAL,Bất động sản
2023-02-16,882.38,887.08,869.97,887.08,66692318,VNREAL,Bất động sản
2023-02-17,887.79,896.27,883.13,891.92,86369736,VNREAL,Bất động sản
2023-02-20,894.63,927.02,893.62,920.31,107880121,VNREAL,Bất động sản
2023-02-21,927.99,938.16,918.73,922.19,130403213,VNREAL,Bất động sản
2023-02-22,920.08,920.08,884.64,884.64,186506226,VNREAL,Bất động sản
2023-02-23,883.7,884.16,849.15,873.88,115883341,VNREAL,Bất động sản
2023-02-24,870.51,873.43,855.14,861.41,99640939,VNREAL,Bất động sản
2023-02-27,860.27,860.27,836.93,846.27,106993908,VNREAL,Bất động sản
2023-02-28,850.27,861.68,841.74,851.38,82583592,VNREAL,Bất động sản
2023-03-01,849.38,853.07,831.43,851.4,95607579,VNREAL,Bất động sản
2023-03-02,850.59,859.98,845.01,849.66,56755285,VNREAL,Bất động sản
2023-03-03,849.68,853.68,838.17,842.54,69954765,VNREAL,Bất động sản
2023-03-06,858.45,871.7,857.04,859.92,82872411,VNREAL,Bất động sản
2023-03-07,869.75,871.89,858.17,861.91,77300825,VNREAL,Bất động sản
2023-03-08,851.35,872.22,848.63,872.22,95355586,VNREAL,Bất động sản
2023-03-09,874.14,879.1,867.92,871.75,69710851,VNREAL,Bất động sản
2023-03-10,869.06,874.93,864.69,874.91,67342856,VNREAL,Bất động sản
2023-03-13,871.72,890.97,869.33,888.25,91498592,VNREAL,Bất động sản
2023-03-14,882.94,886.95,870.19,877.23,87935314,VNREAL,Bất động sản
2023-03-15,878.22,903.08,878.22,899.53,92789368,VNREAL,Bất động sản
2023-03-16,895.11,902.96,886.1,887.05,82809140,VNREAL,Bất động sản
2023-03-17,894.19,897.45,881.95,887.43,85490591,VNREAL,Bất động sản
2023-03-20,887.37,888.69,864.02,871.64,74361127,VNREAL,Bất động sản
2023-03-21,875.08,889.79,863.07,889.43,69058815,VNREAL,Bất động sản
2023-03-22,889.45,903.16,889.13,900.76,61709574,VNREAL,Bất động sản
2023-03-23,896.02,901.86,890.62,901.86,45930140,VNREAL,Bất động sản
2023-03-24,903.4,921.76,902.9,916.06,116791491,VNREAL,Bất động sản
2023-03-27,918.96,925.36,912.61,920.25,87393624,VNREAL,Bất động sản
2023-03-28,923.24,929.69,915.85,918.58,123406363,VNREAL,Bất động sản
2023-03-29,918.1,919.54,908.74,918.85,62844158,VNREAL,Bất động sản
2023-03-30,926.76,943.75,923.91,929.73,94230337,VNREAL,Bất động sản
2023-03-31,930.4,950.86,930.16,948.79,93967008,VNREAL,Bất động sản
2023-04-03,959.19,985.92,959.19,980.25,168249820,VNREAL,Bất động sản
2023-04-04,986.12,986.12,968.32,968.32,145078252,VNREAL,Bất động sản
2023-04-05,968.35,976.73,966.26,974.74,170891991,VNREAL,Bất động sản
2023-04-06,981.37,982.83,962.07,962.07,227743392,VNREAL,Bất động sản
2023-04-07,964.85,967.11,949.55,960.06,127129163,VNREAL,Bất động sản
2023-04-10,968.68,969.23,951.35,954.8,143617028,VNREAL,Bất động sản
2023-04-11,949.26,967.26,938.62,967.26,167038119,VNREAL,Bất động sản
2023-04-12,971.35,976.37,965.39,974.94,178955935,VNREAL,Bất động sản
2023-04-13,975.94,975.95,962.52,964.61,135779789,VNREAL,Bất động sản
2023-04-14,967.74,970.75,945.8,945.8,165988233,VNREAL,Bất động sản
2023-04-17,946.58,953.36,941.98,952.68,86796517,VNREAL,Bất động sản
2023-04-18,955.75,957.21,947.75,957.21,98570843,VNREAL,Bất động sản
2023-04-19,958.87,960.75,941.61,945.64,106822129,VNREAL,Bất động sản
2023-04-20,946.2,948.57,939.36,946.91,66217009,VNREAL,Bất động sản
2023-04-21,946.74,947.21,934.6,940.17,103192982,VNREAL,Bất động sản
2023-04-24,946.14,950.97,937.29,945.16,107061983,VNREAL,Bất động sản
2023-04-25,945.21,952.11,934.06,940.26,95512905,VNREAL,Bất động sản
2023-04-26,938.55,938.66,924.37,928.4,72835908,VNREAL,Bất động sản
2023-04-27,929.29,932.62,921.27,924.67,135688364,VNREAL,Bất động sản
2023-04-28,929.86,952.18,929.49,952.18,137271327,VNREAL,Bất động sản
2023-05-04,949.09,951.65,937.5,944.12,127993406,VNREAL,Bất động sản
2023-05-05,940.15,942.42,933.49,937.13,93732878,VNREAL,Bất động sản
2023-05-08,939.09,942.34,933.55,940.96,140394186,VNREAL,Bất động sản
2023-05-09,941.02,943.99,935.8,939.88,95329653,VNREAL,Bất động sản
2023-05-10,943.34,950.25,941.14,949.64,157473502,VNREAL,Bất động sản
2023-05-11,954.44,956.95,948.71,952.97,144005250,VNREAL,Bất động sản
2023-05-12,952.94,969.41,950.63,969.41,133669716,VNREAL,Bất động sản
2023-05-15,970.86,992.72,970.86,978.01,143661741,VNREAL,Bất động sản
2023-05-16,979.12,980.46,968.23,973.93,102925741,VNREAL,Bất động sản
2023-05-17,973.43,983.58,970.09,970.09,132017393,VNREAL,Bất động sản
2023-05-18,975.57,986.71,969.77,979.25,90860434,VNREAL,Bất động sản
2023-05-19,982.87,982.87,964.26,973.58,97467743,VNREAL,Bất động sản
2023-05-22,979.41,979.41,970.9,976.13,83582008,VNREAL,Bất động sản
2023-05-23,976.18,981.05,968.37,972.53,104162052,VNREAL,Bất động sản
2023-05-24,976.58,979.61,970.78,976.24,116542722,VNREAL,Bất động sản
2023-05-25,976.46,981.87,971.06,978.1,88232052,VNREAL,Bất động sản
2023-05-26,978.49,986.82,977.04,978.89,105163818,VNREAL,Bất động sản
2023-05-29,981.81,993.35,981.81,990.71,130733084,VNREAL,Bất động sản
2023-05-30,996.41,998.48,986.28,990.27,175641268,VNREAL,Bất động sản
2023-05-31,991.77,993.44,982.15,982.15,150779501,VNREAL,Bất động sản
2023-06-01,983.6,990.04,981.01,983.5,154305677,VNREAL,Bất động sản
2023-06-02,990.6,991.21,982.07,985.5,145114118,VNREAL,Bất động sản
2023-06-05,992.63,994.43,982.34,982.34,153554924,VNREAL,Bất động sản
2023-06-06,982.22,997.5,982.22,997.5,113945706,VNREAL,Bất động sản
2023-06-07,1000.59,1008.78,998.04,1007.55,186781970,VNREAL,Bất động sản
2023-06-08,1010.54,1013.86,998.2,998.2,210417741,VNREAL,Bất động sản
2023-06-09,997.74,1001.29,992.66,1001.29,150686108,VNREAL,Bất động sản
2023-06-12,1004.87,1009.07,992.28,1009.07,134595135,VNREAL,Bất động sản
2023-06-13,1011.38,1025.22,1007.7,1025.22,205447670,VNREAL,Bất động sản
2023-06-14,1027.65,1034.08,1020.18,1020.18,156938720,VNREAL,Bất động sản
2023-06-15,1019.69,1027.71,1011.14,1014.66,126310962,VNREAL,Bất động sản
2023-06-16,1014.66,1023.07,1002.43,1008.33,174965363,VNREAL,Bất động sản
2023-06-19,1011.06,1011.94,991.04,991.43,179743652,VNREAL,Bất động sản
2023-06-20,991.96,1003.07,991.96,1002.14,122733402,VNREAL,Bất động sản
2023-06-21,1002.81,1005.59,998.01,1005.2,125113496,VNREAL,Bất động sản
2023-06-22,1010.84,1018.83,1007.98,1015.31,156526749,VNREAL,Bất động sản
2023-06-23,1013.97,1015.91,1007.18,1012.4,141467456,VNREAL,Bất động sản
2023-06-26,1012.17,1017.0,1003.09,1012.07,173996091,VNREAL,Bất động sản
2023-06-27,1014.39,1020.47,1011.32,1018.14,116770593,VNREAL,Bất động sản
2023-06-28,1020.17,1023.93,1011.85,1014.48,175650524,VNREAL,Bất động sản
2023-06-29,1014.35,1015.93,999.2,999.2,141163509,VNREAL,Bất động sản
2023-06-30,999.14,1002.6,993.06,994.62,107930088,VNREAL,Bất động sản
2023-07-03,999.03,1001.16,995.14,998.95,89497735,VNREAL,Bất động sản
2023-07-04,1000.53,1007.73,995.74,1007.61,92563975,VNREAL,Bất động sản
2023-07-05,1010.03,1011.67,1001.77,1006.42,121329304,VNREAL,Bất động sản
2023-07-06,1006.58,1007.2,988.88,988.88,117022010,VNREAL,Bất động sản
2023-07-07,988.17,991.08,982.01,988.05,103068929,VNREAL,Bất động sản
2023-07-10,992.23,1000.19,991.74,997.32,142733739,VNREAL,Bất động sản
2023-07-11,999.83,1002.84,996.23,997.97,119443339,VNREAL,Bất động sản
2023-07-12,1000.58,1013.31,1000.58,1009.54,118844420,VNREAL,Bất động sản
2023-07-13,1014.61,1025.75,1014.44,1025.75,160022550,VNREAL,Bất động sản
2023-07-14,1030.45,1031.63,1018.78,1029.66,179766653,VNREAL,Bất động sản
2023-07-17,1034.44,1056.47,1033.42,1056.47,185406021,VNREAL,Bất động sản
2023-07-18,1056.46,1056.92,1045.67,1054.25,143918432,VNREAL,Bất động sản
2023-07-19,1056.86,1057.36,1043.15,1043.15,161933646,VNREAL,Bất động sản
2023-07-20,1042.6,1045.84,1032.86,1043.53,115061808,VNREAL,Bất động sản
2023-07-21,1044.2,1062.96,1042.46,1062.96,175115918,VNREAL,Bất động sản
2023-07-24,1069.85,1075.32,1062.5,1072.44,231408071,VNREAL,Bất động sản
2023-07-25,1071.37,1075.21,1065.07,1067.61,172929626,VNREAL,Bất động sản
2023-07-26,1066.94,1076.2,1063.28,1076.2,187335231,VNREAL,Bất động sản
2023-07-27,1076.8,1088.92,1071.31,1080.02,271352612,VNREAL,Bất động sản
2023-07-28,1084.41,1097.3,1082.17,1097.3,231572229,VNREAL,Bất động sản
2023-07-31,1131.91,1138.38,1117.43,1138.38,224969207,VNREAL,Bất động sản
2023-08-01,1158.48,1169.3,1135.68,1135.69,232309541,VNREAL,Bất động sản
2023-08-02,1134.79,1143.19,1127.41,1133.69,167674541,VNREAL,Bất động sản
2023-08-03,1134.38,1139.73,1122.03,1122.41,171217262,VNREAL,Bất động sản
2023-08-04,1123.78,1169.3,1123.78,1169.3,297265783,VNREAL,Bất động sản
2023-08-07,1169.81,1184.19,1160.71,1179.2,198704536,VNREAL,Bất động sản
2023-08-08,1180.2,1202.34,1176.24,1192.46,188113784,VNREAL,Bất động sản
2023-08-09,1189.2,1195.37,1175.79,1176.25,152197823,VNREAL,Bất động sản
2023-08-10,1181.03,1197.47,1179.39,1180.0,147572104,VNREAL,Bất động sản
2023-08-11,1215.45,1217.96,1195.96,1217.96,174243544,VNREAL,Bất động sản
2023-08-14,1231.38,1242.58,1216.78,1226.15,175479855,VNREAL,Bất động sản
2023-08-15,1226.55,1226.71,1216.6,1217.03,157849673,VNREAL,Bất động sản
2023-08-16,1222.98,1253.82,1222.98,1247.58,136156793,VNREAL,Bất động sản
2023-08-17,1249.46,1249.65,1212.69,1212.69,161641553,VNREAL,Bất động sản
2023-08-18,1191.64,1197.06,1133.97,1134.69,261177376,VNREAL,Bất động sản
2023-08-21,1132.06,1132.84,1098.18,1124.69,152305821,VNREAL,Bất động sản
2023-08-22,1128.04,1137.96,1083.9,1119.98,126308970,VNREAL,Bất động sản
2023-08-23,1154.65,1154.65,1112.92,1112.92,105130138,VNREAL,Bất động sản
2023-08-24,1119.14,1134.65,1108.82,1130.17,129391153,VNREAL,Bất động sản
2023-08-25,1130.26,1143.82,1121.48,1121.48,129425452,VNREAL,Bất động sản
2023-08-28,1134.28,1146.64,1132.38,1143.73,109793964,VNREAL,Bất động sản
2023-08-29,1153.2,1159.97,1137.94,1140.31,158845550,VNREAL,Bất động sản
2023-08-30,1140.91,1145.1,1124.71,1140.3,120227562,VNREAL,Bất động sản
2023-08-31,1142.08,1159.81,1142.08,1148.92,120908889,VNREAL,Bất động sản
2023-09-05,1157.91,1163.55,1142.12,1150.83,127042764,VNREAL,Bất động sản
2023-09-06,1152.84,1156.69,1143.35,1155.14,168976057,VNREAL,Bất động sản
2023-09-07,1159.24,1168.98,1149.55,1150.93,164406634,VNREAL,Bất động sản
2023-09-08,1148.43,1154.01,1136.9,1136.9,151695124,VNREAL,Bất động sản
2023-09-11,1142.88,1153.29,1107.71,1107.71,194393519,VNREAL,Bất động sản
2023-09-12,1107.71,1132.95,1104.39,1132.95,123407621,VNREAL,Bất động sản
2023-09-13,1140.64,1142.58,1111.35,1115.24,150739867,VNREAL,Bất động sản
2023-09-14,1114.89,1115.7,1073.81,1073.81,157788242,VNREAL,Bất động sản
2023-09-15,1075.74,1085.53,1062.77,1073.24,128043649,VNREAL,Bất động sản
2023-09-18,1071.22,1072.72,1052.22,1058.71,96456100,VNREAL,Bất động sản
2023-09-19,1059.7,1073.79,1044.54,1051.64,111103196,VNREAL,Bất động sản
2023-09-20,1056.53,1084.9,1051.06,1084.9,107219422,VNREAL,Bất động sản
2023-09-21,1089.73,1089.73,1068.51,1070.04,98549255,VNREAL,Bất động sản
2023-09-22,1062.44,1062.44,1022.1,1024.55,156639773,VNREAL,Bất động sản
2023-09-25,1023.31,1030.36,972.23,975.99,128411138,VNREAL,Bất động sản
2023-09-26,969.75,982.95,946.98,946.98,121574465,VNREAL,Bất động sản
2023-09-27,947.32,963.39,929.12,963.39,99342432,VNREAL,Bất động sản
2023-09-28,963.69,963.69,942.4,957.75,75330776,VNREAL,Bất động sản
2023-09-29,964.83,995.96,964.25,973.58,79813960,VNREAL,Bất động sản
2023-10-02,975.12,987.34,969.51,979.39,49786468,VNREAL,Bất động sản
2023-10-03,967.17,968.82,933.7,936.63,110576158,VNREAL,Bất động sản
2023-10-04,932.01,961.7,920.87,954.97,79494056,VNREAL,Bất động sản
2023-10-05,959.22,962.9,939.21,943.9,67376526,VNREAL,Bất động sản
2023-10-06,945.77,962.38,937.74,962.38,70250168,VNREAL,Bất động sản
2023-10-09,961.29,968.42,957.1,965.99,57227913,VNREAL,Bất động sản
2023-10-10,968.69,979.28,965.33,968.22,73367593,VNREAL,Bất động sản
2023-10-11,968.53,971.35,958.67,971.35,55083721,VNREAL,Bất động sản
2023-10-12,971.81,990.25,971.81,983.84,84827640,VNREAL,Bất động sản
2023-10-13,975.17,991.39,970.53,990.64,80153974,VNREAL,Bất động sản
2023-10-16,991.35,991.55,968.8,968.8,71481337,VNREAL,Bất động sản
2023-10-17,970.95,974.51,940.43,940.43,69661490,VNREAL,Bất động sản
2023-10-18,942.85,950.82,898.09,919.66,105553208,VNREAL,Bất động sản
2023-10-19,919.21,921.67,898.55,908.19,75878889,VNREAL,Bất động sản
2023-10-20,908.34,934.81,892.59,934.81,72215200,VNREAL,Bất động sản
2023-10-23,934.66,938.57,924.59,932.45,66861458,VNREAL,Bất động sản
2023-10-24,933.2,943.83,925.11,943.83,54103555,VNREAL,Bất động sản
2023-10-25,944.09,958.64,944.09,946.48,67982703,VNREAL,Bất động sản
2023-10-26,912.19,912.19,885.23,890.32,146149730,VNREAL,Bất động sản
2023-10-27,887.87,893.13,846.08,878.13,114689170,VNREAL,Bất động sản
2023-10-30,873.59,879.38,852.51,863.26,61887197,VNREAL,Bất động sản
2023-10-31,864.15,867.13,840.49,843.45,93270856,VNREAL,Bất động sản
2023-11-01,843.5,847.15,818.1,847.15,84492338,VNREAL,Bất động sản
2023-11-02,847.15,882.29,844.88,882.29,97323327,VNREAL,Bất động sản
2023-11-03,883.37,892.78,879.83,889.47,93295313,VNREAL,Bất động sản
2023-11-06,894.89,898.84,887.29,896.31,68810001,VNREAL,Bất động sản
2023-11-07,890.79,894.99,879.79,882.74,62260936,VNREAL,Bất động sản
2023-11-08,881.3,916.94,877.46,915.67,112270803,VNREAL,Bất động sản
2023-11-09,928.55,955.88,926.91,949.43,173222549,VNREAL,Bất động sản
2023-11-10,940.08,957.53,938.06,940.95,138763447,VNREAL,Bất động sản
2023-11-13,941.42,948.85,928.41,936.54,93968476,VNREAL,Bất động sản
2023-11-14,944.09,947.13,929.21,936.97,91690312,VNREAL,Bất động sản
2023-11-15,949.63,958.87,939.21,942.87,110023047,VNREAL,Bất động sản
2023-11-16,941.1,944.98,934.1,944.98,89429197,VNREAL,Bất động sản
2023-11-17,949.53,952.48,905.92,913.78,192757600,VNREAL,Bất động sản
2023-11-20,901.06,922.87,896.41,917.97,93381394,VNREAL,Bất động sản
2023-11-21,918.29,929.64,915.52,921.36,79851506,VNREAL,Bất động sản
2023-11-22,924.34,929.78,916.73,926.03,123557953,VNREAL,Bất động sản
2023-11-23,927.75,936.28,902.79,902.79,132158429,VNREAL,Bất động sản
2023-11-24,904.85,908.1,882.01,908.1,121439032,VNREAL,Bất động sản
2023-11-27,908.3,920.6,907.52,910.53,60425204,VNREAL,Bất động sản
2023-11-28,909.94,919.85,898.01,919.85,78706062,VNREAL,Bất động sản
2023-11-29,922.82,926.87,920.11,926.5,62821092,VNREAL,Bất động sản
2023-11-30,926.8,930.99,919.99,919.99,104596227,VNREAL,Bất động sản
2023-12-01,925.58,926.33,912.6,923.49,92298880,VNREAL,Bất động sản
2023-12-04,928.4,947.37,928.25,943.84,123773153,VNREAL,Bất động sản
2023-12-05,945.55,945.93,935.43,937.3,109801974,VNREAL,Bất động sản
2023-12-06,938.02,942.96,933.13,942.96,127492056,VNREAL,Bất động sản
2023-12-07,944.87,947.67,919.44,933.27,199856887,VNREAL,Bất động sản
2023-12-08,933.69,938.76,928.29,934.0,119590615,VNREAL,Bất động sản
2023-12-11,939.69,949.09,937.46,942.87,96385476,VNREAL,Bất động sản
2023-12-12,944.59,948.71,941.01,943.67,82191264,VNREAL,Bất động sản
2023-12-13,946.21,949.76,926.89,931.1,111186194,VNREAL,Bất động sản
2023-12-14,937.95,939.25,921.43,924.04,85419230,VNREAL,Bất động sản
2023-12-15,924.28,928.11,916.17,919.7,104437945,VNREAL,Bất động sản
2023-12-18,921.93,922.42,914.78,916.76,70082401,VNREAL,Bất động sản
2023-12-19,916.76,917.74,904.59,917.25,76896746,VNREAL,Bất động sản
2023-12-20,917.42,922.44,915.39,921.63,61661208,VNREAL,Bất động sản
2023-12-21,916.74,923.08,914.74,923.08,48057843,VNREAL,Bất động sản
2023-12-22,922.95,927.15,918.26,922.4,57812203,VNREAL,Bất động sản
2023-12-25,921.96,935.81,921.67,935.79,74922841,VNREAL,Bất động sản
2023-12-26,936.67,945.08,936.67,942.01,69306249,VNREAL,Bất động sản
2023-12-27,942.6,946.48,939.99,939.99,62946329,VNREAL,Bất động sản
2023-12-28,941.26,958.15,941.0,954.81,79318547,VNREAL,Bất động sản
2023-12-29,956.38,959.77,952.99,955.57,73224238,VNREAL,Bất động sản
2024-01-02,959.98,961.35,943.89,946.51,77725973,VNREAL,Bất động sản
2024-01-03,945.92,953.46,940.6,953.46,82082449,VNREAL,Bất động sản
2024-01-04,953.71,960.03,951.42,953.41,118162670,VNREAL,Bất động sản
2024-01-05,952.92,956.84,949.77,952.84,83867165,VNREAL,Bất động sản
2024-01-08,955.16,967.41,955.16,961.25,109555464,VNREAL,Bất động sản
2024-01-09,962.43,962.43,952.57,953.88,96606150,VNREAL,Bất động sản
2024-01-10,953.12,954.01,937.18,944.02,94796314,VNREAL,Bất động sản
2024-01-11,943.17,948.66,938.15,940.68,71420764,VNREAL,Bất động sản
2024-01-12,939.08,939.08,920.76,925.98,116909190,VNREAL,Bất động sản
2024-01-15,932.84,935.11,923.33,923.33,50148885,VNREAL,Bất động sản
2024-01-16,921.56,934.75,919.51,934.75,49070783,VNREAL,Bất động sản
2024-01-17,935.2,940.65,932.22,932.96,55783959,VNREAL,Bất động sản
2024-01-18,935.89,950.43,934.53,948.35,77307434,VNREAL,Bất động sản
2024-01-19,950.48,954.59,945.9,947.5,63028643,VNREAL,Bất động sản
2024-01-22,949.5,951.12,938.23,946.78,83143588,VNREAL,Bất động sản
2024-01-23,948.55,949.19,935.9,938.77,56177054,VNREAL,Bất động sản
2024-01-24,938.48,944.44,936.71,939.1,60278648,VNREAL,Bất động sản
2024-01-25,939.67,939.7,934.7,935.01,47576883,VNREAL,Bất động sản
2024-01-26,936.84,941.93,935.16,937.16,74335937,VNREAL,Bất động sản
2024-01-29,940.35,940.96,931.5,932.8,53183121,VNREAL,Bất động sản
2024-01-30,933.14,936.69,930.03,936.69,60594047,VNREAL,Bất động sản
2024-01-31,938.98,941.16,923.97,924.5,91139461,VNREAL,Bất động sản
2024-02-01,923.23,928.29,920.18,926.72,59275585,VNREAL,Bất động sản
2024-02-02,927.06,941.86,926.56,926.56,98289845,VNREAL,Bất động sản
2024-02-05,928.71,930.21,922.52,925.41,64682750,VNREAL,Bất động sản
2024-02-06,925.83,928.22,924.13,925.63,56087784,VNREAL,Bất động sản
2024-02-07,927.4,930.69,922.89,930.69,54894713,VNREAL,Bất động sản
2024-02-15,931.05,937.19,931.05,934.08,66842546,VNREAL,Bất động sản
2024-02-16,936.13,953.31,935.87,949.85,101638849,VNREAL,Bất động sản
2024-02-19,954.71,985.24,954.29,984.23,133619965,VNREAL,Bất động sản
2024-02-20,995.27,1008.15,994.71,1001.54,111883339,VNREAL,Bất động sản
2024-02-21,1001.8,1003.61,986.88,994.29,99150275,VNREAL,Bất động sản
2024-02-22,994.57,998.99,990.86,994.91,91381996,VNREAL,Bất động sản
2024-02-23,995.09,998.37,960.73,960.73,140684909,VNREAL,Bất động sản
2024-02-26,961.47,966.62,956.35,960.5,83218572,VNREAL,Bất động sản
2024-02-27,967.9,977.27,962.72,976.3,90497437,VNREAL,Bất động sản
2024-02-28,984.64,989.63,976.11,983.97,79626461,VNREAL,Bất động sản
2024-02-29,988.11,989.34,975.3,978.2,126727004,VNREAL,Bất động sản
2024-03-01,980.71,985.46,973.3,985.01,82241490,VNREAL,Bất động sản
2024-03-04,989.56,1004.8,989.56,999.56,161287884,VNREAL,Bất động sản
2024-03-05,999.76,1001.63,991.07,996.38,99066193,VNREAL,Bất động sản
2024-03-06,996.64,1008.93,983.51,987.3,155422896,VNREAL,Bất động sản
2024-03-07,988.91,993.96,984.39,992.59,103011421,VNREAL,Bất động sản
2024-03-08,994.56,1000.4,978.9,978.9,128092774,VNREAL,Bất động sản
2024-03-11,978.85,984.47,967.64,967.64,102512996,VNREAL,Bất động sản
2024-03-12,966.5,975.09,962.23,970.55,90252167,VNREAL,Bất động sản
2024-03-13,970.6,990.18,970.6,990.18,93597538,VNREAL,Bất động sản
2024-03-14,990.66,1010.35,990.66,997.11,134264303,VNREAL,Bất động sản
2024-03-15,996.63,1004.29,986.83,986.83,151882670,VNREAL,Bất động sản
2024-03-18,990.11,1006.92,960.31,1000.71,260713647,VNREAL,Bất động sản
2024-03-19,1000.97,1011.99,996.32,1001.68,119256806,VNREAL,Bất động sản
2024-03-20,1002.54,1002.86,989.51,998.95,92796122,VNREAL,Bất động sản
2024-03-21,1004.47,1017.39,998.45,1016.42,216438227,VNREAL,Bất động sản
2024-03-22,1021.63,1023.8,1009.88,1019.34,157023913,VNREAL,Bất động sản
2024-03-25,1019.37,1031.01,1008.88,1013.59,156523708,VNREAL,Bất động sản
2024-03-26,1014.57,1028.51,1006.16,1027.41,123555699,VNREAL,Bất động sản
2024-03-27,1029.52,1030.6,1019.77,1024.58,106900330,VNREAL,Bất động sản
2024-03-28,1028.18,1038.14,1025.78,1027.87,115956935,VNREAL,Bất động sản
2024-03-29,1030.62,1030.72,1019.08,1022.52,91412186,VNREAL,Bất động sản
2024-04-01,1022.09,1029.48,1018.09,1026.08,129425676,VNREAL,Bất động sản
2024-04-02,1019.99,1032.95,1015.18,1032.95,128681365,VNREAL,Bất động sản
2024-04-03,1031.11,1035.39,1021.34,1024.01,134507229,VNREAL,Bất động sản
2024-04-04,1023.89,1026.37,1012.66,1019.53,132028582,VNREAL,Bất động sản
2024-04-05,1009.66,1019.46,1004.4,1010.21,131831412,VNREAL,Bất động sản
2024-04-08,1011.28,1011.3,998.12,1001.2,100629785,VNREAL,Bất động sản
2024-04-09,1002.02,1009.49,995.14,1009.49,84040562,VNREAL,Bất động sản
2024-04-10,1013.13,1022.36,1012.02,1012.85,91346596,VNREAL,Bất động sản
2024-04-11,1011.93,1013.11,1001.08,1007.82,88855060,VNREAL,Bất động sản
2024-04-12,1008.52,1016.34,1008.52,1016.34,82838347,VNREAL,Bất động sản
2024-04-15,1016.22,1016.22,961.48,964.6,155776581,VNREAL,Bất động sản
2024-04-16,963.53,963.53,926.05,955.69,159334404,VNREAL,Bất động sản
2024-04-17,955.8,960.14,931.41,933.85,85168407,VNREAL,Bất động sản
2024-04-19,928.56,928.56,894.36,901.47,122490148,VNREAL,Bất động sản
2024-04-22,906.35,913.88,901.48,911.01,74805734,VNREAL,Bất động sản
2024-04-23,912.91,912.91,889.9,890.62,70649164,VNREAL,Bất động sản
2024-04-24,897.73,920.13,896.8,915.48,76949039,VNREAL,Bất động sản
2024-04-25,915.49,916.56,906.86,916.03,47536749,VNREAL,Bất động sản
2024-04-26,908.43,926.41,908.17,926.41,62010723,VNREAL,Bất động sản
2024-05-02,923.31,931.85,915.87,931.85,52319054,VNREAL,Bất động sản
2024-05-03,933.88,940.79,932.05,939.49,72077168,VNREAL,Bất động sản
2024-05-06,941.67,948.65,935.67,948.65,70111475,VNREAL,Bất động sản
2024-05-07,953.7,953.7,942.68,949.94,61939325,VNREAL,Bất động sản
2024-05-08,945.8,948.54,934.21,948.54,73953867,VNREAL,Bất động sản
2024-05-09,950.45,956.45,944.71,946.28,66505334,VNREAL,Bất động sản
2024-05-10,948.44,951.42,936.28,942.25,62235057,VNREAL,Bất động sản
2024-05-13,946.57,947.26,933.81,941.51,76146243,VNREAL,Bất động sản
2024-05-14,962.19,962.36,946.55,947.17,64397390,VNREAL,Bất động sản
2024-05-15,948.92,953.37,946.61,952.55,67476006,VNREAL,Bất động sản
2024-05-16,957.36,963.02,955.81,959.97,72838312,VNREAL,Bất động sản
2024-05-17,960.84,967.96,956.1,967.96,83101785,VNREAL,Bất động sản
2024-05-20,974.03,976.85,965.53,966.65,89559240,VNREAL,Bất động sản
2024-05-21,968.83,975.18,961.03,966.42,100651049,VNREAL,Bất động sản
2024-05-22,968.03,979.18,964.66,965.45,118150566,VNREAL,Bất động sản
2024-05-23,964.63,969.34,956.16,969.34,86346736,VNREAL,Bất động sản
2024-05-24,969.17,969.17,936.32,946.88,133165971,VNREAL,Bất động sản
2024-05-27,947.74,948.83,942.13,947.52,55347763,VNREAL,Bất động sản
2024-05-28,949.49,955.2,947.16,955.2,70521393,VNREAL,Bất động sản
2024-05-29,956.75,956.99,945.6,948.24,118870924,VNREAL,Bất động sản
2024-05-30,946.78,946.78,931.05,937.33,96914985,VNREAL,Bất động sản
2024-05-31,942.46,949.85,937.75,938.36,66292566,VNREAL,Bất động sản
2024-06-03,946.16,959.33,945.79,955.35,101501336,VNREAL,Bất động sản
2024-06-04,959.57,963.42,952.49,952.85,60985010,VNREAL,Bất động sản
2024-06-05,953.04,960.67,950.58,950.58,88686277,VNREAL,Bất động sản
2024-06-06,955.06,955.69,939.88,942.95,68981752,VNREAL,Bất động sản
2024-06-07,943.17,947.87,939.69,942.31,57126328,VNREAL,Bất động sản
2024-06-10,944.99,946.7,939.21,941.57,71302796,VNREAL,Bất động sản
2024-06-11,942.83,943.88,926.55,931.67,83948173,VNREAL,Bất động sản
2024-06-12,933.66,941.36,925.73,939.44,70662295,VNREAL,Bất động sản
2024-06-13,939.62,946.09,936.7,940.4,82392096,VNREAL,Bất động sản
2024-06-14,941.93,942.24,921.02,921.02,84540290,VNREAL,Bất động sản
2024-06-17,925.08,925.08,914.58,915.79,75527260,VNREAL,Bất động sản
2024-06-18,920.62,924.65,918.35,919.18,56245057,VNREAL,Bất động sản
2024-06-19,921.55,922.25,907.55,911.11,66723764,VNREAL,Bất động sản
2024-06-20,911.16,913.09,900.46,907.64,68152488,VNREAL,Bất động sản
2024-06-21,906.86,907.24,898.05,903.59,71549911,VNREAL,Bất động sản
2024-06-24,903.55,913.19,891.97,895.64,97869015,VNREAL,Bất động sản
2024-06-25,896.33,908.25,895.86,907.14,65647827,VNREAL,Bất động sản
2024-06-26,907.18,911.97,898.41,903.07,45740642,VNREAL,Bất động sản
2024-06-27,901.28,904.39,897.05,903.21,47044178,VNREAL,Bất động sản
2024-06-28,903.91,907.06,891.92,898.78,59259691,VNREAL,Bất động sản
2024-07-01,898.9,906.32,893.84,906.32,43241758,VNREAL,Bất động sản
2024-07-02,908.44,916.05,905.26,916.05,48809712,VNREAL,Bất động sản
2024-07-03,916.12,916.3,907.71,913.03,69222717,VNREAL,Bất động sản
2024-07-04,914.28,917.2,908.81,914.26,58830166,VNREAL,Bất động sản
2024-07-05,915.11,915.18,904.46,911.54,82807098,VNREAL,Bất động sản
2024-07-08,912.15,912.15,894.91,896.24,104068169,VNREAL,Bất động sản
2024-07-09,896.58,902.12,895.15,901.94,69705440,VNREAL,Bất động sản
2024-07-10,903.61,905.94,899.58,900.83,61917437,VNREAL,Bất động sản
2024-07-11,905.77,915.75,904.99,909.49,80873769,VNREAL,Bất động sản
2024-07-12,913.65,922.68,908.9,910.47,55353452,VNREAL,Bất động sản
2024-07-15,910.6,915.27,901.65,904.09,60451414,VNREAL,Bất động sản
2024-07-16,904.26,908.8,896.9,899.5,71960932,VNREAL,Bất động sản
2024-07-17,902.03,902.26,869.89,876.25,118132919,VNREAL,Bất động sản
2024-07-18,878.15,883.76,867.79,883.76,65446113,VNREAL,Bất động sản
2024-07-19,886.43,889.44,873.29,878.65,55797715,VNREAL,Bất động sản
2024-07-22,876.83,877.95,861.78,876.58,71809721,VNREAL,Bất động sản
2024-07-23,876.33,878.13,866.74,872.05,49798883,VNREAL,Bất động sản
2024-07-24,868.84,883.53,863.15,882.9,60121824,VNREAL,Bất động sản
2024-07-25,880.6,890.61,876.91,883.88,54868435,VNREAL,Bất động sản
2024-07-26,885.82,887.81,876.91,883.22,50241878,VNREAL,Bất động sản
2024-07-29,884.83,886.07,875.7,878.96,55536697,VNREAL,Bất động sản
2024-07-30,881.16,881.73,866.88,875.16,62751877,VNREAL,Bất động sản
2024-07-31,876.73,881.57,871.69,874.71,58299725,VNREAL,Bất động sản
2024-08-01,874.71,876.81,846.7,853.62,79683468,VNREAL,Bất động sản
2024-08-02,851.95,852.83,831.93,852.83,66849598,VNREAL,Bất động sản
2024-08-05,839.72,840.43,811.51,819.13,109082824,VNREAL,Bất động sản
2024-08-06,827.9,831.7,813.66,831.7,77704192,VNREAL,Bất động sản
2024-08-07,846.89,858.39,845.26,854.63,112573864,VNREAL,Bất động sản
2024-08-08,852.87,855.7,840.58,847.31,64503331,VNREAL,Bất động sản
2024-08-09,851.51,852.42,840.81,848.28,56365182,VNREAL,Bất động sản
2024-08-12,846.04,846.12,837.34,841.66,46114211,VNREAL,Bất động sản
2024-08-13,840.86,847.08,838.26,843.12,58696115,VNREAL,Bất động sản
2024-08-14,845.0,850.22,840.41,847.52,62846778,VNREAL,Bất động sản
2024-08-15,847.33,849.87,842.36,846.07,65369556,VNREAL,Bất động sản
2024-08-16,846.72,874.86,846.72,873.34,152628906,VNREAL,Bất động sản
2024-08-19,882.17,883.59,875.58,877.16,93381132,VNREAL,Bất động sản
2024-08-20,877.87,902.99,877.01,897.61,154851945,VNREAL,Bất động sản
2024-08-21,898.03,903.08,891.25,900.49,97952543,VNREAL,Bất động sản
2024-08-22,900.39,910.34,896.93,903.06,112296626,VNREAL,Bất động sản
2024-08-23,901.75,907.05,896.59,903.59,110839715,VNREAL,Bất động sản
2024-08-26,905.43,914.84,905.43,910.47,114649157,VNREAL,Bất động sản
2024-08-27,909.38,935.75,908.26,928.55,138821220,VNREAL,Bất động sản
2024-08-28,932.31,935.08,915.8,920.79,119633708,VNREAL,Bất động sản
2024-08-29,919.83,924.42,914.31,919.07,81981110,VNREAL,Bất động sản
2024-08-30,920.83,924.71,917.97,920.25,87291821,VNREAL,Bất động sản
2024-09-04,912.64,926.78,906.03,926.78,103299942,VNREAL,Bất động sản
2024-09-05,928.11,946.86,928.11,932.96,113443018,VNREAL,Bất động sản
2024-09-06,934.48,934.7,922.55,933.99,74434765,VNREAL,Bất động sản
2024-09-09,930.47,931.33,921.99,925.36,72851827,VNREAL,Bất động sản
2024-09-10,928.32,930.41,904.06,909.95,112852499,VNREAL,Bất động sản
2024-09-11,906.2,908.57,891.97,906.25,144236036,VNREAL,Bất động sản
2024-09-12,909.73,910.59,902.22,902.89,53640727,VNREAL,Bất động sản
2024-09-13,903.8,907.06,899.0,906.92,64561389,VNREAL,Bất động sản
2024-09-16,905.04,909.23,891.03,891.03,60965569,VNREAL,Bất động sản
2024-09-17,891.9,914.25,890.19,914.25,107543839,VNREAL,Bất động sản
2024-09-18,915.57,923.29,912.59,912.59,79098634,VNREAL,Bất động sản
2024-09-19,915.46,921.02,914.36,921.02,84176358,VNREAL,Bất động sản
2024-09-20,925.05,930.11,914.05,914.05,110150912,VNREAL,Bất động sản
2024-09-23,916.77,917.57,908.35,909.91,58527431,VNREAL,Bất động sản
2024-09-24,909.61,921.12,908.26,921.12,66673576,VNREAL,Bất động sản
2024-09-25,926.08,927.34,921.35,927.19,114909712,VNREAL,Bất động sản
2024-09-26,929.65,936.4,925.86,928.01,94409221,VNREAL,Bất động sản
2024-09-27,933.02,933.02,919.6,923.55,109467342,VNREAL,Bất động sản
2024-09-30,923.6,923.6,912.17,914.52,98738045,VNREAL,Bất động sản
2024-10-01,917.36,929.93,917.26,921.87,89471366,VNREAL,Bất động sản
2024-10-02,917.5,918.87,910.38,911.05,90285690,VNREAL,Bất động sản
2024-10-03,909.08,912.33,888.03,888.43,147915376,VNREAL,Bất động sản
2024-10-04,889.07,892.04,884.19,884.19,63364187,VNREAL,Bất động sản
2024-10-07,887.67,891.47,880.08,883.17,50024783,VNREAL,Bất động sản
2024-10-08,884.73,886.36,875.95,885.57,61782995,VNREAL,Bất động sản
2024-10-09,887.86,896.94,887.86,896.11,48718105,VNREAL,Bất động sản
2024-10-10,896.42,900.75,891.73,891.73,52944608,VNREAL,Bất động sản
2024-10-11,893.62,906.22,893.25,904.63,75988206,VNREAL,Bất động sản
2024-10-14,904.89,928.08,904.89,911.83,81080015,VNREAL,Bất động sản
2024-10-15,912.61,915.94,899.15,899.59,93276257,VNREAL,Bất động sản
2024-10-16,899.37,904.08,893.61,896.93,57006252,VNREAL,Bất động sản
2024-10-17,900.99,907.05,892.11,907.05,105749488,VNREAL,Bất động sản
2024-10-18,911.83,916.31,906.06,906.06,66569982,VNREAL,Bất động sản
2024-10-21,907.97,923.24,907.8,917.29,92993459,VNREAL,Bất động sản
2024-10-22,917.64,921.77,912.56,915.66,102751462,VNREAL,Bất động sản
2024-10-23,919.66,927.28,911.68,918.85,112755802,VNREAL,Bất động sản
2024-10-24,916.91,917.52,894.62,894.62,96049016,VNREAL,Bất động sản
2024-10-25,900.08,900.67,890.87,892.65,102255985,VNREAL,Bất động sản
2024-10-28,893.0,896.15,887.83,889.63,75474990,VNREAL,Bất động sản
2024-10-29,889.68,896.03,886.8,889.27,105934434,VNREAL,Bất động sản
2024-10-30,892.33,893.52,880.51,883.87,89409919,VNREAL,Bất động sản
2024-10-31,886.43,888.46,878.38,885.95,71625582,VNREAL,Bất động sản
2024-11-01,884.62,890.15,879.66,883.59,85935372,VNREAL,Bất động sản
2024-11-04,882.79,884.4,872.42,881.44,91908560,VNREAL,Bất động sản
2024-11-05,881.19,884.89,880.46,882.17,67122833,VNREAL,Bất động sản
2024-11-06,882.26,895.06,882.26,895.06,88130715,VNREAL,Bất động sản
2024-11-07,899.92,904.69,896.42,897.53,122614341,VNREAL,Bất động sản
2024-11-08,898.64,899.02,882.86,884.36,91842674,VNREAL,Bất động sản
2024-11-11,884.35,887.11,875.94,885.49,92015828,VNREAL,Bất động sản
2024-11-12,886.31,892.36,880.44,881.12,74826034,VNREAL,Bất động sản
2024-11-13,881.01,888.96,878.57,886.0,95303766,VNREAL,Bất động sản
2024-11-14,886.27,894.77,880.11,880.66,82477719,VNREAL,Bất động sản
2024-11-15,878.44,883.43,872.29,875.53,102253998,VNREAL,Bất động sản
2024-11-18,875.54,877.61,861.74,874.1,89510830,VNREAL,Bất động sản
2024-11-19,875.07,881.56,872.45,874.13,85070592,VNREAL,Bất động sản
2024-11-20,874.24,896.22,872.64,889.95,162834536,VNREAL,Bất động sản
2024-11-21,889.84,894.52,887.15,893.31,86654457,VNREAL,Bất động sản
2024-11-22,893.02,893.02,879.81,880.79,75823861,VNREAL,Bất động sản
2024-11-25,881.51,891.98,880.79,891.98,70673958,VNREAL,Bất động sản
2024-11-26,891.63,904.57,891.52,896.8,105870136,VNREAL,Bất động sản
2024-11-27,896.58,899.98,890.93,891.88,62238052,VNREAL,Bất động sản
2024-11-28,896.98,898.17,885.0,886.59,64932937,VNREAL,Bất động sản
2024-11-29,885.91,887.58,881.18,884.49,67265553,VNREAL,Bất động sản
2024-12-02,887.46,889.84,880.65,882.67,61747728,VNREAL,Bất động sản
2024-12-03,882.68,886.09,879.38,882.26,67490388,VNREAL,Bất động sản
2024-12-04,881.09,882.99,871.93,871.93,88883848,VNREAL,Bất động sản
2024-12-05,878.11,898.88,874.81,896.9,127495998,VNREAL,Bất động sản
2024-12-06,896.86,905.18,895.43,899.22,83342257,VNREAL,Bất động sản
2024-12-09,900.53,909.55,900.12,903.54,104825749,VNREAL,Bất động sản
2024-12-10,903.43,906.5,895.29,896.72,83602074,VNREAL,Bất động sản
2024-12-11,896.72,900.64,891.26,895.06,73929382,VNREAL,Bất động sản
2024-12-12,895.23,899.47,891.31,891.5,67172502,VNREAL,Bất động sản
2024-12-13,890.95,890.95,885.85,887.6,53457776,VNREAL,Bất động sản
2024-12-16,887.53,892.99,886.18,889.87,50074298,VNREAL,Bất động sản
2024-12-17,890.7,893.56,888.0,890.95,56092434,VNREAL,Bất động sản
2024-12-18,891.46,894.67,889.15,890.75,58208838,VNREAL,Bất động sản
2024-12-19,890.56,890.56,877.94,881.93,95491039,VNREAL,Bất động sản
2024-12-20,883.37,885.87,881.18,883.15,76743080,VNREAL,Bất động sản
2024-12-23,887.32,891.21,885.52,887.04,55864983,VNREAL,Bất động sản
2024-12-24,885.33,885.75,874.39,880.35,136414405,VNREAL,Bất động sản
2024-12-25,880.12,888.04,880.11,885.98,104060207,VNREAL,Bất động sản
2024-12-26,887.36,892.08,885.31,885.31,84190881,VNREAL,Bất động sản
2024-12-27,885.16,887.7,880.4,880.4,79127607,VNREAL,Bất động sản
2024-12-30,880.44,882.33,877.45,880.45,86539551,VNREAL,Bất động sản
2024-12-31,881.08,881.08,875.22,878.58,51563591,VNREAL,Bất động sản
2025-01-02,878.57,881.05,874.77,877.67,49551027,VNREAL,Bất động sản
2025-01-03,877.63,878.28,870.57,873.73,72070226,VNREAL,Bất động sản
2025-01-06,874.41,875.65,864.98,867.76,67760558,VNREAL,Bất động sản
2025-01-07,867.18,869.13,859.87,863.87,78862966,VNREAL,Bất động sản
2025-01-08,862.6,867.84,858.65,867.84,53139828,VNREAL,Bất động sản
2025-01-09,867.89,876.44,867.06,869.84,34641917,VNREAL,Bất động sản
2025-01-10,870.08,873.66,859.15,859.15,59656382,VNREAL,Bất động sản
2025-01-13,855.19,860.55,846.38,860.55,58806450,VNREAL,Bất động sản
2025-01-14,859.2,859.76,851.6,855.22,56833907,VNREAL,Bất động sản
2025-01-15,857.8,862.35,855.22,862.35,52769976,VNREAL,Bất động sản
2025-01-16,863.29,868.63,859.97,864.16,52519316,VNREAL,Bất động sản
2025-01-17,865.68,866.32,862.13,866.32,51923220,VNREAL,Bất động sản
2025-01-20,865.36,866.87,860.99,863.04,44888143,VNREAL,Bất động sản
2025-01-21,863.97,865.36,858.47,860.97,48855012,VNREAL,Bất động sản
2025-01-22,861.06,861.94,853.82,854.82,59541445,VNREAL,Bất động sản
2025-01-23,854.82,864.48,854.54,860.78,52250265,VNREAL,Bất động sản
2025-01-24,861.23,865.11,858.8,864.58,59977957,VNREAL,Bất động sản
2025-02-03,860.85,861.12,853.08,858.44,51347065,VNREAL,Bất động sản
2025-02-04,858.83,860.88,854.66,860.88,57364394,VNREAL,Bất động sản
2025-02-05,864.3,875.17,863.52,866.87,82372542,VNREAL,Bất động sản
2025-02-06,869.49,870.18,861.85,865.8,49198143,VNREAL,Bất động sản
2025-02-07,865.9,867.99,864.11,865.94,57615407,VNREAL,Bất động sản
2025-02-10,862.54,862.54,850.12,850.12,66920263,VNREAL,Bất động sản
2025-02-11,850.72,851.46,847.45,850.48,53646606,VNREAL,Bất động sản
2025-02-12,852.65,855.59,850.13,850.79,51406264,VNREAL,Bất động sản
2025-02-13,851.02,854.87,847.71,854.31,45944571,VNREAL,Bất động sản
2025-02-14,854.6,860.99,854.31,857.73,60872572,VNREAL,Bất động sản
2025-02-17,858.29,862.16,857.29,858.03,61434343,VNREAL,Bất động sản
2025-02-18,859.29,868.49,858.55,862.51,64459135,VNREAL,Bất động sản
2025-02-19,862.94,875.74,862.94,875.74,117284127,VNREAL,Bất động sản
2025-02-20,878.61,887.59,877.94,883.53,90150684,VNREAL,Bất động sản
2025-02-21,883.55,884.39,876.87,878.55,73595811,VNREAL,Bất động sản
2025-02-24,875.99,881.04,873.47,881.04,72469563,VNREAL,Bất động sản
2025-02-25,883.42,892.46,882.03,883.39,79140040,VNREAL,Bất động sản
2025-02-26,885.51,887.54,881.08,882.59,66495217,VNREAL,Bất động sản
2025-02-27,883.53,891.31,879.71,891.31,93605721,VNREAL,Bất động sản
2025-02-28,892.65,898.88,889.23,896.12,105347243,VNREAL,Bất động sản
2025-03-03,896.29,909.9,896.16,907.89,80486050,VNREAL,Bất động sản
2025-03-04,908.42,913.8,903.56,906.57,115016688,VNREAL,Bất động sản
2025-03-05,907.89,912.45,904.61,904.64,87360700,VNREAL,Bất động sản
2025-03-06,906.76,912.88,905.77,912.88,82136407,VNREAL,Bất động sản
2025-03-07,914.5,939.72,914.49,932.7,134912045,VNREAL,Bất động sản
2025-03-10,938.76,950.5,932.7,941.88,101528466,VNREAL,Bất động sản
2025-03-11,931.42,943.76,927.9,943.76,95881368,VNREAL,Bất động sản
2025-03-12,945.07,952.17,944.64,951.15,131084599,VNREAL,Bất động sản
2025-03-13,951.49,976.89,946.64,965.12,161965086,VNREAL,Bất động sản
2025-03-14,966.16,980.68,966.1,970.27,126130044,VNREAL,Bất động sản
2025-03-17,974.83,980.12,964.09,980.12,123927759,VNREAL,Bất động sản
2025-03-18,981.74,987.13,967.49,967.87,101987077,VNREAL,Bất động sản
2025-03-19,962.0,972.74,952.02,971.28,108918708,VNREAL,Bất động sản
2025-03-20,973.94,981.81,960.94,967.13,84364415,VNREAL,Bất động sản
2025-03-21,965.65,977.05,962.74,976.97,101447867,VNREAL,Bất động sản
2025-03-24,976.04,1008.7,974.81,1008.7,128671908,VNREAL,Bất động sản
2025-03-25,1008.72,1027.94,1008.7,1015.65,119406817,VNREAL,Bất động sản
2025-03-26,1020.78,1023.63,1003.17,1012.96,92974528,VNREAL,Bất động sản
2025-03-27,1014.4,1020.75,1006.69,1011.36,69574364,VNREAL,Bất động sản
2025-03-28,1011.56,1018.01,1008.07,1013.38,78741703,VNREAL,Bất động sản
2025-03-31,1009.05,1020.34,1007.31,1011.51,117216789,VNREAL,Bất động sản
2025-04-01,1016.97,1037.37,1016.39,1030.94,78183156,VNREAL,Bất động sản
2025-04-02,1035.79,1039.54,1028.29,1031.07,102816693,VNREAL,Bất động sản
2025-04-03,990.77,1002.26,961.71,961.85,170417250,VNREAL,Bất động sản
2025-04-04,946.6,961.85,905.94,953.21,212647870,VNREAL,Bất động sản
2025-04-08,921.22,923.87,890.61,895.29,106797021,VNREAL,Bất động sản
2025-04-09,890.02,899.92,855.32,889.08,174485699,VNREAL,Bất động sản
2025-04-10,947.37,948.53,889.08,948.52,46376617,VNREAL,Bất động sản
2025-04-11,943.24,987.86,938.24,987.01,223995034,VNREAL,Bất động sản
2025-04-14,1002.31,1031.88,996.78,1030.47,123218195,VNREAL,Bất động sản
2025-04-15,1029.65,1055.24,1021.92,1021.92,134229365,VNREAL,Bất động sản
2025-04-16,1021.61,1030.25,989.3,998.62,115657685,VNREAL,Bất động sản
2025-04-17,988.76,1014.99,981.19,1014.99,90786069,VNREAL,Bất động sản
2025-04-18,1022.3,1023.57,981.72,986.9,110272193,VNREAL,Bất động sản
2025-04-21,987.08,995.21,955.21,965.81,89150327,VNREAL,Bất động sản
2025-04-22,963.67,966.37,912.94,952.66,169373954,VNREAL,Bất động sản
2025-04-23,958.94,974.51,952.5,970.69,128684963,VNREAL,Bất động sản
2025-04-24,973.45,1011.4,971.41,1009.27,99145438,VNREAL,Bất động sản
2025-04-25,1009.24,1032.52,1009.24,1032.52,88949429,VNREAL,Bất động sản
2025-04-28,1032.64,1035.89,1019.38,1019.38,70265866,VNREAL,Bất động sản
2025-04-29,1015.14,1024.67,993.35,1023.2,89756671,VNREAL,Bất động sản
2025-05-05,1023.2,1058.89,1023.2,1054.26,67982338,VNREAL,Bất động sản
2025-05-06,1054.26,1066.25,1050.03,1056.19,92674424,VNREAL,Bất động sản
2025-05-07,1056.19,1087.51,1045.83,1085.61,110362133,VNREAL,Bất động sản
2025-05-08,1085.61,1117.54,1085.61,1115.03,99809083,VNREAL,Bất động sản
2025-05-09,1115.03,1139.84,1097.0,1105.12,90878261,VNREAL,Bất động sản
2025-05-12,1105.12,1125.82,1101.22,1123.23,78944544,VNREAL,Bất động sản
2025-05-13,1123.23,1134.3,1106.91,1128.14,95030589,VNREAL,Bất động sản
2025-05-14,1128.14,1140.35,1118.14,1121.67,97219945,VNREAL,Bất động sản
2025-05-15,1121.67,1123.19,1091.17,1107.52,114502895,VNREAL,Bất động sản
2025-05-16,1107.52,1115.47,1099.35,1109.28,101372690,VNREAL,Bất động sản
2025-05-19,1109.28,1146.79,1105.03,1139.89,103651010,VNREAL,Bất động sản
2025-05-20,1139.89,1189.6,1139.89,1189.47,102898794,VNREAL,Bất động sản
2025-05-21,1189.47,1238.91,1189.26,1214.32,98653970,VNREAL,Bất động sản
2025-05-22,1214.32,1248.18,1203.89,1206.78,100964531,VNREAL,Bất động sản
2025-05-23,1206.78,1229.34,1198.35,1212.3,74425454,VNREAL,Bất động sản
2025-05-26,1212.3,1249.23,1164.92,1248.33,126999581,VNREAL,Bất động sản
2025-05-27,1248.33,1262.43,1228.79,1261.9,160540789,VNREAL,Bất động sản
2025-05-28,1261.9,1286.12,1252.77,1280.31,126131684,VNREAL,Bất động sản
2025-05-29,1280.31,1298.14,1274.11,1294.97,136461914,VNREAL,Bất động sản
2025-05-30,1294.97,1303.81,1285.68,1298.2,105517532,VNREAL,Bất động sản
2025-06-02,1298.2,1312.14,1272.15,1301.25,168049699,VNREAL,Bất động sản
2025-06-03,1301.25,1309.55,1286.63,1304.48,125836775,VNREAL,Bất động sản
2025-06-04,1304.48,1307.6,1292.77,1305.78,161040443,VNREAL,Bất động sản
2025-06-05,1305.78,1307.77,1281.63,1301.63,126975410,VNREAL,Bất động sản
2025-06-06,1301.63,1302.24,1269.2,1286.04,131037910,VNREAL,Bất động sản
2025-06-09,1286.04,1286.06,1227.4,1228.9,103966781,VNREAL,Bất động sản
2025-06-10,1228.9,1250.94,1188.31,1240.76,104586035,VNREAL,Bất động sản
2025-06-11,1240.76,1254.97,1198.64,1233.21,75237385,VNREAL,Bất động sản
2025-06-12,1233.21,1244.32,1195.51,1212.67,95365096,VNREAL,Bất động sản
2025-06-13,1212.67,1220.08,1157.6,1190.74,159452870,VNREAL,Bất động sản
2025-06-16,1190.74,1195.26,1146.87,1192.05,91491470,VNREAL,Bất động sản
2025-06-17,1192.05,1237.32,1188.47,1215.54,103824666,VNREAL,Bất động sản
2025-06-18,1215.54,1225.94,1207.98,1223.05,81978823,VNREAL,Bất động sản
2025-06-19,1223.05,1238.13,1215.94,1231.67,89080533,VNREAL,Bất động sản
2025-06-20,1231.67,1233.66,1183.38,1214.02,95426859,VNREAL,Bất động sản
2025-06-23,1214.02,1255.99,1196.53,1255.99,76812482,VNREAL,Bất động sản
2025-06-24,1255.99,1295.5,1255.99,1285.65,105834892,VNREAL,Bất động sản
2025-06-25,1285.65,1296.4,1268.05,1288.14,90695230,VNREAL,Bất động sản
2025-06-26,1288.14,1296.5,1272.35,1275.74,66161863,VNREAL,Bất động sản
2025-06-30,1285.26,1290.34,1281.22,1289.76,88380003,VNREAL,Bất động sản
2025-07-01,1289.76,1294.24,1267.57,1284.47,86648969,VNREAL,Bất động sản
2025-07-02,1284.47,1288.42,1273.86,1287.85,76448087,VNREAL,Bất động sản
2025-07-03,1287.85,1289.93,1276.57,1282.41,124789413,VNREAL,Bất động sản
2025-07-04,1282.41,1285.6,1269.78,1275.03,118687548,VNREAL,Bất động sản
2025-07-07,1275.03,1293.47,1270.67,1290.61,125070292,VNREAL,Bất động sản
2025-07-08,1290.61,1312.88,1290.61,1305.82,135613762,VNREAL,Bất động sản
2025-07-09,1305.82,1332.22,1305.82,1332.22,172121212,VNREAL,Bất động sản
2025-07-10,1332.22,1387.99,1332.22,1384.6,150697543,VNREAL,Bất động sản
2025-07-11,1384.6,1425.04,1384.6,1416.37,164146703,VNREAL,Bất động sản
2025-07-14,1416.37,1461.4,1415.66,1454.57,246706596,VNREAL,Bất động sản
2025-07-15,1454.57,1461.05,1441.81,1441.81,174679049,VNREAL,Bất động sản
2025-07-16,1441.81,1484.23,1431.57,1476.71,170023410,VNREAL,Bất động sản
2025-07-17,1476.71,1541.28,1476.71,1535.66,217162383,VNREAL,Bất động sản
2025-07-18,1535.66,1565.1,1515.58,1530.26,205991587,VNREAL,Bất động sản
2025-07-21,1530.26,1545.34,1471.93,1477.52,182102210,VNREAL,Bất động sản
2025-07-22,1477.52,1527.65,1474.44,1527.65,150886145,VNREAL,Bất động sản
2025-07-23,1527.65,1540.59,1504.26,1504.26,141243526,VNREAL,Bất động sản
2025-07-24,1504.26,1520.16,1465.08,1517.12,169795223,VNREAL,Bất động sản
2025-07-25,1517.12,1534.63,1495.65,1522.27,144563983,VNREAL,Bất động sản
2025-07-28,1522.27,1561.77,1522.27,1554.5,230219081,VNREAL,Bất động sản
2025-07-29,1554.5,1564.48,1497.43,1497.43,293755677,VNREAL,Bất động sản
2025-07-30,1497.43,1511.27,1459.15,1485.67,182694459,VNREAL,Bất động sản
2025-07-31,1485.67,1493.68,1453.0,1475.2,211062430,VNREAL,Bất động sản
2025-08-01,1475.2,1499.03,1417.51,1469.75,131856539,VNREAL,Bất động sản
2025-08-04,1469.75,1526.86,1469.71,1523.03,216892104,VNREAL,Bất động sản
2025-08-05,1523.03,1599.23,1523.03,1572.79,293483986,VNREAL,Bất động sản
2025-08-06,1572.79,1590.22,1548.77,1586.7,125708484,VNREAL,Bất động sản
2025-08-07,1586.7,1611.52,1563.59,1571.57,170396091,VNREAL,Bất động sản
2025-08-08,1571.57,1592.52,1555.75,1588.45,229647807,VNREAL,Bất động sản
2025-08-11,1588.45,1604.84,1575.23,1580.24,193133346,VNREAL,Bất động sản
2025-08-12,1580.24,1589.88,1565.08,1586.46,194735060,VNREAL,Bất động sản
2025-08-13,1587.22,1600.42,1570.18,1600.42,222236390,VNREAL,Bất động sản
2025-08-14,1606.56,1622.26,1592.96,1619.49,182131714,VNREAL,Bất động sản
2025-08-15,1621.24,1675.4,1541.35,1607.22,202912695,VNREAL,Bất động sản
2025-08-18,1606.33,1617.63,1585.57,1617.63,196789635,VNREAL,Bất động sản
2025-08-19,1623.49,1646.79,1598.07,1626.26,258695294,VNREAL,Bất động sản
2025-08-20,1632.41,1675.44,1597.63,1672.96,249013516,VNREAL,Bất động sản
2025-08-21,1657.06,1678.68,1639.06,1669.09,175495828,VNREAL,Bất động sản
2025-08-22,1661.77,1672.78,1617.49,1647.04,271672336,VNREAL,Bất động sản
2025-08-25,1653.21,1703.4,1641.55,1672.48,143544908,VNREAL,Bất động sản
2025-08-26,1671.73,1755.82,1656.36,1746.04,130188968,VNREAL,Bất động sản
2025-08-27,1749.24,1754.41,1721.28,1732.6,210613480,VNREAL,Bất động sản
2025-08-28,1736.22,1745.25,1703.42,1725.92,108912669,VNREAL,Bất động sản
2025-08-29,1734.93,1741.95,1700.26,1715.09,156080665,VNREAL,Bất động sản
2025-09-03,1702.54,1716.14,1684.06,1701.99,167521600,VNREAL,Bất động sản
2025-09-04,1705.48,1713.3,1678.8,1701.73,133280262,VNREAL,Bất động sản
2025-09-05,1701.8,1744.01,1645.23,1686.96,210554430,VNREAL,Bất động sản
2025-09-08,1682.59,1702.2,1668.39,1672.57,194654099,VNREAL,Bất động sản
2025-09-09,1674.38,1702.59,1667.73,1702.59,117734754,VNREAL,Bất động sản
2025-09-10,1704.88,1712.14,1682.19,1709.51,94582860,VNREAL,Bất động sản
2025-09-11,1698.3,1759.2,1677.74,1756.71,134541757,VNREAL,Bất động sản
2025-09-12,1750.67,1771.65,1733.62,1771.65,128230034,VNREAL,Bất động sản
2025-09-15,1768.01,1774.66,1745.12,1774.66,110946394,VNREAL,Bất động sản
2025-09-16,1781.84,1781.84,1729.5,1742.91,129276742,VNREAL,Bất động sản
2025-09-17,1730.6,1788.0,1729.25,1774.56,136963546,VNREAL,Bất động sản
2025-09-18,1781.41,1824.79,1751.83,1786.21,126999257,VNREAL,Bất động sản
2025-09-19,1792.57,1818.32,1696.66,1816.6,123110112,VNREAL,Bất động sản
2025-09-22,1801.13,1821.91,1737.49,1780.26,143561211,VNREAL,Bất động sản
2025-09-23,1769.57,1782.21,1732.78,1773.83,66767824,VNREAL,Bất động sản
2025-09-24,1768.08,1790.82,1739.96,1781.1,118780688,VNREAL,Bất động sản
2025-09-25,1783.95,1836.3,1770.07,1836.3,159887194,VNREAL,Bất động sản
2025-09-26,1837.05,1879.47,1827.69,1865.96,138670043,VNREAL,Bất động sản
2025-09-29,1857.34,1948.18,1844.28,1919.36,137549712,VNREAL,Bất động sản
2025-09-30,1928.76,1986.76,1901.38,1926.53,199866525,VNREAL,Bất động sản
2025-10-01,1923.73,1934.37,1874.37,1898.66,83407774,VNREAL,Bất động sản
2025-10-02,1894.88,1925.62,1869.17,1877.43,96526652,VNREAL,Bất động sản
2025-10-03,1880.61,1915.92,1863.72,1903.28,135533430,VNREAL,Bất động sản
2025-10-06,1965.99,1965.99,1926.07,1955.62,111821336,VNREAL,Bất động sản
2025-10-07,1968.63,1976.72,1923.99,1949.06,101196062,VNREAL,Bất động sản
2025-10-08,1954.44,1977.5,1918.59,1963.23,133166875,VNREAL,Bất động sản
2025-10-09,1966.42,2023.32,1960.45,2008.93,134406450,VNREAL,Bất động sản
2025-10-10,2018.37,2117.15,2009.45,2117.15,136818158,VNREAL,Bất động sản
2025-10-13,2110.85,2214.95,2110.85,2208.16,233350289,VNREAL,Bất động sản
2025-10-14,2267.24,2318.87,2212.29,2243.24,223447027,VNREAL,Bất động sản
2025-10-15,2245.59,2249.56,2184.63,2220.59,171518476,VNREAL,Bất động sản
2025-10-16,2231.49,2275.37,2200.12,2254.32,219346335,VNREAL,Bất động sản
2025-10-17,2263.98,2263.98,2147.2,2170.93,207455447,VNREAL,Bất động sản
2025-10-20,2134.59,2156.28,2048.86,2048.86,211202745,VNREAL,Bất động sản
2025-10-21,2047.94,2123.95,2023.9,2101.85,222428772,VNREAL,Bất động sản
2025-10-22,2114.06,2115.7,2007.12,2115.7,159109381,VNREAL,Bất động sản
2025-10-23,2114.99,2199.91,2090.32,2186.53,107697215,VNREAL,Bất động sản
2025-10-24,2184.53,2223.34,2164.7,2205.19,122786418,VNREAL,Bất động sản
2025-10-27,2230.16,2249.33,2127.58,2127.58,127886977,VNREAL,Bất động sản
2025-10-28,2111.26,2173.56,2005.45,2173.56,159086867,VNREAL,Bất động sản
2025-10-29,2171.16,2171.16,2093.27,2123.39,128309192,VNREAL,Bất động sản
2025-10-30,2114.19,2126.37,2057.29,2087.26,128854994,VNREAL,Bất động sản
2025-10-31,2083.27,2083.27,1983.56,1990.18,124273044,VNREAL,Bất động sản
2025-11-03,1991.53,2034.63,1945.99,1981.23,150890280,VNREAL,Bất động sản
2025-11-04,1991.84,2065.82,1980.89,2040.76,172798802,VNREAL,Bất động sản
2025-11-05,2042.54,2066.35,2019.93,2053.87,81803283,VNREAL,Bất động sản
2025-11-06,2049.99,2084.79,2034.5,2052.1,89919220,VNREAL,Bất động sản
2025-11-07,2040.26,2043.87,1963.05,1965.81,110820944,VNREAL,Bất động sản
2025-11-10,1954.5,1979.92,1918.51,1925.74,91085304,VNREAL,Bất động sản
2025-11-11,1926.88,1974.18,1926.82,1956.06,90496027,VNREAL,Bất động sản
2025-11-12,1959.46,2044.63,1953.26,2040.14,87660583,VNREAL,Bất động sản
2025-11-13,2040.99,2061.06,2021.06,2035.21,65682411,VNREAL,Bất động sản
2025-11-14,2028.44,2041.44,2009.22,2041.44,73376699,VNREAL,Bất động sản
2025-11-17,2049.32,2105.98,2049.09,2086.11,99886997,VNREAL,Bất động sản
2025-11-18,2088.34,2108.6,2073.05,2108.5,78704621,VNREAL,Bất động sản
2025-11-19,2106.64,2129.37,2091.03,2098.86,84505197,VNREAL,Bất động sản
2025-11-20,2101.2,2150.22,2093.41,2141.75,73951469,VNREAL,Bất động sản
2025-11-21,2120.51,2162.84,2104.15,2156.96,108364521,VNREAL,Bất động sản
2025-11-24,2155.09,2245.59,2155.09,2224.25,90235673,VNREAL,Bất động sản
2025-11-25,2231.5,2273.94,2220.32,2230.55,110868112,VNREAL,Bất động sản
2025-11-26,2251.88,2259.17,2205.32,2249.96,94578040,VNREAL,Bất động sản
2025-11-27,2259.37,2299.16,2247.87,2262.63,82048334,VNREAL,Bất động sản
2025-11-28,2260.2,2333.92,2260.2,2323.54,87711786,VNREAL,Bất động sản
2025-12-01,2357.18,2432.45,2349.69,2375.66,79369967,VNREAL,Bất động sản
2025-12-02,2376.16,2408.01,2335.64,2402.84,93267788,VNREAL,Bất động sản
2025-12-03,2422.18,2422.18,2362.85,2379.91,84211272,VNREAL,Bất động sản
2025-12-04,2373.66,2385.52,2334.94,2367.94,99979913,VNREAL,Bất động sản
2025-12-05,2457.05,2472.18,2426.94,2456.32,73632011,VNREAL,Bất động sản
2025-12-08,2546.32,2557.85,2512.13,2557.78,86637636,VNREAL,Bất động sản
2025-12-09,2661.76,2661.96,2524.28,2608.25,111476110,VNREAL,Bất động sản
2025-12-10,2602.6,2602.6,2459.38,2473.28,91996009,VNREAL,Bất động sản
2025-12-11,2431.83,2461.54,2364.95,2435.25,96979068,VNREAL,Bất động sản
2025-12-12,2447.7,2447.7,2305.88,2355.23,125224320,VNREAL,Bất động sản
2025-12-15,2355.53,2403.26,2305.03,2338.21,100206195,VNREAL,Bất động sản
2025-12-16,2338.42,2419.65,2251.37,2365.94,112258978,VNREAL,Bất động sản
2025-12-17,2371.37,2392.91,2353.28,2358.69,60874892,VNREAL,Bất động sản
2025-12-18,2359.42,2360.44,2324.65,2360.44,130347328,VNREAL,Bất động sản
2025-12-19,2362.82,2486.47,2309.1,2455.83,98428898,VNREAL,Bất động sản
2025-12-22,2506.54,2591.68,2491.88,2591.68,106713918,VNREAL,Bất động sản
2025-12-23,2645.3,2733.21,2634.98,2731.65,98663250,VNREAL,Bất động sản
2025-12-24,2779.46,2811.46,2673.03,2767.19,105410695,VNREAL,Bất động sản
2025-12-25,2751.51,2852.41,2600.28,2600.28,101780949,VNREAL,Bất động sản
2025-12-26,2450.0,2552.6,2436.45,2547.86,140130370,VNREAL,Bất động sản
2025-12-29,2555.77,2632.46,2551.21,2632.46,77437595,VNREAL,Bất động sản
2025-12-30,2643.37,2665.57,2553.31,2663.96,79279754,VNREAL,Bất động sản
2025-12-31,2624.73,2774.04,2621.29,2757.18,88093734,VNREAL,Bất động sản
2026-01-05,2769.26,2851.04,2741.63,2831.94,96848816,VNREAL,Bất động sản
2026-01-06,2862.84,2906.01,2852.76,2877.85,126503515,VNREAL,Bất động sản
2026-01-07,2918.92,2973.14,2845.19,2973.14,106092405,VNREAL,Bất động sản
2026-01-08,3019.45,3081.44,2888.72,2890.72,134690696,VNREAL,Bất động sản
2026-01-09,2879.85,2931.99,2825.86,2868.88,197797861,VNREAL,Bất động sản
2026-01-12,2849.49,2851.46,2708.91,2710.05,157566736,VNREAL,Bất động sản
2026-01-13,2652.73,2818.71,2608.94,2772.4,130896093,VNREAL,Bất động sản
2026-01-14,2801.89,2803.77,2632.9,2655.62,150544669,VNREAL,Bất động sản
2026-01-15,2641.93,2643.45,2522.13,2563.79,154496058,VNREAL,Bất động sản
2026-01-16,2570.84,2682.09,2570.68,2645.59,104710047,VNREAL,Bất động sản
2026-01-19,2704.23,2704.23,2624.56,2673.0,119859366,VNREAL,Bất động sản
2026-01-20,2654.13,2671.19,2578.48,2649.65,124406976,VNREAL,Bất động sản
2026-01-21,2619.44,2689.57,2610.81,2638.85,115119189,VNREAL,Bất động sản
2026-01-22,2634.92,2652.36,2600.57,2646.46,161984353,VNREAL,Bất động sản
2026-01-23,2679.62,2735.98,2659.07,2687.87,92509036,VNREAL,Bất động sản
2026-01-26,2713.13,2713.13,2586.31,2599.42,106747116,VNREAL,Bất động sản
2026-01-27,2593.38,2595.66,2457.11,2472.74,97453949,VNREAL,Bất động sản
2026-01-28,2459.65,2490.9,2325.17,2341.84,127772512,VNREAL,Bất động sản
2026-01-29,2327.28,2373.52,2327.28,2355.48,84404989,VNREAL,Bất động sản
2026-01-30,2358.51,2367.51,2252.31,2359.74,112874621,VNREAL,Bất động sản
2026-02-02,2346.97,2359.77,2219.36,2228.84,125876423,VNREAL,Bất động sản
2026-02-03,2180.02,2265.76,2175.3,2228.77,132071623,VNREAL,Bất động sản
2026-02-04,2218.97,2223.31,2107.04,2114.88,115860552,VNREAL,Bất động sản
2026-02-05,2090.19,2223.34,2090.19,2216.78,102089727,VNREAL,Bất động sản
2026-02-06,2211.1,2290.66,2179.17,2206.77,116464491,VNREAL,Bất động sản
2026-02-09,2230.69,2232.88,2180.72,2214.81,75034193,VNREAL,Bất động sản
2026-02-10,2216.37,2332.24,2212.24,2328.98,89324365,VNREAL,Bất động sản
2026-02-11,2394.87,2441.66,2387.2,2438.36,129974713,VNREAL,Bất động sản
2026-02-12,2470.84,2555.59,2451.27,2543.65,64216484,VNREAL,Bất động sản
2026-02-13,2572.22,2587.2,2464.57,2549.39,83986948,VNREAL,Bất động sản
2026-02-23,2551.64,2627.52,2542.18,2583.87,79145007,VNREAL,Bất động sản
2026-02-24,2581.28,2590.31,2535.52,2589.98,79431672,VNREAL,Bất động sản
2026-02-25,2580.41,2580.41,2498.96,2522.55,97973988,VNREAL,Bất động sản
2026-02-26,2509.86,2649.78,2508.72,2629.06,83820080,VNREAL,Bất động sản
2026-02-27,2634.1,2718.06,2576.88,2647.24,115066365,VNREAL,Bất động sản
2026-03-02,2646.12,2674.32,2552.68,2553.08,144588207,VNREAL,Bất động sản
2026-03-03,2552.22,2552.22,2401.52,2406.01,122983304,VNREAL,Bất động sản
2026-03-04,2350.17,2457.48,2310.84,2403.36,178557132,VNREAL,Bất động sản
2026-03-05,2448.01,2535.25,2429.67,2492.64,113017102,VNREAL,Bất động sản
2026-03-06,2479.91,2495.08,2398.88,2408.24,112913332,VNREAL,Bất động sản
2026-03-09,2406.99,2406.99,2243.09,2243.55,98027582,VNREAL,Bất động sản
2026-03-10,2243.98,2338.14,2199.0,2221.27,142818625,VNREAL,Bất động sản
2026-03-11,2230.98,2329.93,2230.98,2307.93,130081876,VNREAL,Bất động sản
2026-03-12,2284.66,2339.15,2264.37,2301.58,104674813,VNREAL,Bất động sản
2026-03-13,2281.29,2341.01,2259.29,2311.41,111653674,VNREAL,Bất động sản
2026-03-16,2325.61,2365.91,2294.92,2329.38,129652692,VNREAL,Bất động sản
2026-03-17,2342.47,2407.42,2342.47,2351.01,104188222,VNREAL,Bất động sản
2026-03-18,2372.66,2458.91,2253.68,2346.11,93262822,VNREAL,Bất động sản
2026-03-19,2349.27,2393.99,2256.84,2345.11,110614536,VNREAL,Bất động sản
2026-03-20,2371.94,2371.94,2203.77,2230.45,110130913,VNREAL,Bất động sản
2026-03-23,2224.92,2242.38,2109.58,2109.58,119024699,VNREAL,Bất động sản
2026-03-24,2181.81,2181.86,2094.86,2115.54,110286171,VNREAL,Bất động sản
2026-03-25,2164.01,2208.3,2139.84,2196.9,107840267,VNREAL,Bất động sản
2026-03-26,2210.29,2213.76,2154.46,2191.13,93831385,VNREAL,Bất động sản
2026-03-27,2194.99,2245.75,2175.41,2240.49,163478935,VNREAL,Bất động sản
2026-03-30,2187.78,2238.02,2169.95,2209.86,111859733,VNREAL,Bất động sản
2026-03-31,2221.88,2287.97,2214.82,2263.19,107127736,VNREAL,Bất động sản
2026-04-01,2378.02,2389.73,2341.09,2358.35,153749818,VNREAL,Bất động sản
2026-04-02,2401.58,2401.58,2352.77,2376.13,97758261,VNREAL,Bất động sản
2026-04-03,2383.88,2448.78,2365.71,2384.51,108872381,VNREAL,Bất động sản
2026-04-06,2378.65,2409.99,2359.4,2374.34,90098075,VNREAL,Bất động sản
2026-04-07,2375.09,2428.46,2345.7,2384.69,105288662,VNREAL,Bất động sản
2026-04-08,2397.39,2539.29,2397.39,2538.47,159564835,VNREAL,Bất động sản
2026-04-09,2543.88,2567.69,2504.97,2504.97,217986975,VNREAL,Bất động sản
2026-04-10,2541.01,2567.82,2520.94,2524.2,112314005,VNREAL,Bất động sản
2026-04-13,2510.25,2634.11,2488.0,2611.95,110665343,VNREAL,Bất động sản
2026-04-14,2643.81,2692.37,2637.21,2688.04,96081452,VNREAL,Bất động sản
2026-04-15,2706.57,2840.37,2704.66,2835.23,166256113,VNREAL,Bất động sản
2026-04-16,2863.51,2988.69,2851.33,2975.31,126199487,VNREAL,Bất động sản
2026-04-17,3016.8,3089.64,2927.32,2927.32,101208647,VNREAL,Bất động sản
2026-04-20,2917.36,3016.13,2821.72,2999.0,79222513,VNREAL,Bất động sản
2026-04-21,3046.54,3134.53,3025.38,3025.38,130735505,VNREAL,Bất động sản
2026-04-22,3017.46,3196.09,2984.21,3178.5,112783914,VNREAL,Bất động sản
2026-04-23,3227.62,3299.69,3191.67,3240.04,123950273,VNREAL,Bất động sản
2026-04-24,3246.9,3298.81,3143.19,3185.56,100596004,VNREAL,Bất động sản
2026-04-28,3163.82,3375.08,3158.88,3361.08,112765850,VNREAL,Bất động sản
2026-04-29,3392.49,3398.62,3191.76,3241.55,132554127,VNREAL,Bất động sản
2026-05-04,3286.94,3315.32,3131.51,3204.7,129951580,VNREAL,Bất động sản
2026-05-05,3195.76,3355.67,3181.83,3307.6,128768779,VNREAL,Bất động sản
2026-05-06,3320.63,3348.33,3244.26,3309.92,180840403,VNREAL,Bất động sản
2026-05-07,3319.84,3455.92,3303.5,3389.18,161912765,VNREAL,Bất động sản
2026-05-08,3387.12,3428.31,3311.75,3415.89,127896423,VNREAL,Bất động sản
2026-05-11,3421.63,3482.83,3342.82,3363.01,129773268,VNREAL,Bất động sản
2026-05-12,3345.06,3402.22,3214.6,3358.31,131703859,VNREAL,Bất động sản
2026-05-13,3382.32,3386.92,3153.1,3306.88,124954879,VNREAL,Bất động sản
2026-05-14,3281.0,3430.69,3206.2,3411.49,88348503,VNREAL,Bất động sản
2026-05-15,3412.49,3431.05,3344.02,3399.37,106064581,VNREAL,Bất động sản
2026-05-18,3383.54,3415.03,3316.37,3349.58,89176315,VNREAL,Bất động sản
2026-05-19,3350.61,3385.8,3303.81,3360.31,124283267,VNREAL,Bất động sản
2026-05-20,3355.09,3420.68,3296.01,3373.22,185352064,VNREAL,Bất động sản
2026-05-21,3386.95,3404.65,3256.38,3291.6,87474785,VNREAL,Bất động sản
2026-05-22,3284.24,3284.24,3158.11,3242.34,84489251,VNREAL,Bất động sản
2026-05-25,3251.68,3302.66,3249.38,3290.47,67635867,VNREAL,Bất động sản
2026-05-26,3286.85,3286.85,3217.79,3221.26,108086296,VNREAL,Bất động sản
2026-05-27,3235.94,3235.94,3111.89,3167.61,104926600,VNREAL,Bất động sản
2026-05-28,3147.18,3266.38,3113.45,3208.41,79936706,VNREAL,Bất động sản
2026-05-29,3215.12,3239.49,3136.29,3203.13,82525275,VNREAL,Bất động sản
2026-06-01,3209.4,3221.77,3115.85,3125.98,53875457,VNREAL,Bất động sản
2026-06-02,3120.02,3192.73,3094.37,3109.49,109305857,VNREAL,Bất động sản
2026-06-03,3105.02,3107.91,2938.62,3027.56,127196832,VNREAL,Bất động sản
2026-06-04,3032.94,3060.69,2984.87,3059.08,85015399,VNREAL,Bất động sản
2026-06-05,3056.71,3166.89,3056.71,3127.38,56992467,VNREAL,Bất động sản
2026-06-08,3089.41,3094.36,2981.73,2986.83,92930014,VNREAL,Bất động sản
2026-06-09,3018.64,3018.64,2951.56,2965.93,61819155,VNREAL,Bất động sản
2026-06-10,2967.16,3011.67,2939.83,3006.12,102598244,VNREAL,Bất động sản
2026-06-11,2970.96,3002.12,2954.66,2994.91,53376880,VNREAL,Bất động sản
2026-06-12,3030.7,3034.6,2940.63,2960.93,66213744,VNREAL,Bất động sản
2026-06-15,2978.34,2996.02,2830.59,2928.18,102218358,VNREAL,Bất động sản
2026-06-16,2946.46,2963.28,2905.32,2949.79,92749869,VNREAL,Bất động sản
2026-06-17,2895.17,2924.1,2851.69,2920.2,95182846,VNREAL,Bất động sản
2026-06-18,2999.59,3088.41,2990.85,3085.96,72706964,VNREAL,Bất động sản
2026-06-19,3118.57,3125.96,3003.26,3084.25,82475319,VNREAL,Bất động sản
2026-06-22,3087.88,3260.86,3060.29,3258.56,78317080,VNREAL,Bất động sản
2026-06-23,3309.08,3375.35,3292.53,3334.2,102318018,VNREAL,Bất động sản
2026-06-24,3333.89,3472.57,3313.8,3367.88,87274857,VNREAL,Bất động sản
2026-06-25,3370.05,3381.76,3260.52,3299.44,58918240,VNREAL,Bất động sản
2026-06-26,3270.57,3359.18,3270.57,3351.71,62212918,VNREAL,Bất động sản
2026-06-29,3324.93,3329.85,3199.14,3201.71,64485317,VNREAL,Bất động sản
2026-06-30,3199.2,3239.23,3137.17,3231.81,69739502,VNREAL,Bất động sản
2026-07-01,3227.78,3228.74,3181.05,3192.06,50572408,VNREAL,Bất động sản
2026-07-02,3192.79,3237.01,3183.3,3224.55,52610672,VNREAL,Bất động sản
2026-07-03,3221.64,3268.59,3215.56,3225.38,63943750,VNREAL,Bất động sản
2026-07-06,3273.48,3273.65,3199.53,3228.71,110230619,VNREAL,Bất động sản
2026-07-07,3209.84,3222.7,3159.53,3213.65,55726188,VNREAL,Bất động sản
2026-07-08,3199.08,3230.27,3190.89,3218.66,99449647,VNREAL,Bất động sản
2026-07-09,3194.03,3224.36,3191.43,3212.01,39268278,VNREAL,Bất động sản
2026-07-10,3208.75,3248.34,3206.44,3219.54,75556756,VNREAL,Bất động sản
2026-07-13,3224.45,3224.45,3135.48,3182.33,83542330,VNREAL,Bất động sản
2026-07-14,3155.46,3158.13,3078.01,3152.26,61322565,VNREAL,Bất động sản
2026-07-15,3145.72,3145.72,3062.51,3104.82,69672709,VNREAL,Bất động sản
2026-07-16,3073.46,3191.8,3047.05,3191.28,103243165,VNREAL,Bất động sản
2026-07-17,3182.81,3206.8,3120.65,3148.51,51566535,VNREAL,Bất động sản
2026-07-20,3137.18,3147.01,3099.27,3114.96,106017534,VNREAL,Bất động sản
2026-07-21,3082.93,3111.64,3056.74,3085.0,78977976,VNREAL,Bất động sản
2026-07-22,3072.65,3083.32,2895.32,2897.79,104697493,VNREAL,Bất động sản
2026-07-23,2883.47,3038.09,2877.68,3031.03,100680614,VNREAL,Bất động sản
2026-07-24,2970.95,3023.15,2963.5,3010.14,72215239,VNREAL,Bất động sản
2026-07-27,3031.76,3037.37,2982.97,3005.42,101394968,VNREAL,Bất động sản
2026-07-28,2964.35,3020.82,2959.13,3018.36,107261707,VNREAL,Bất động sản
2026-07-29,3024.24,3136.86,2994.86,3109.93,68686935,VNREAL,Bất động sản
2026-07-30,3089.62,3164.58,3084.0,3161.35,95767915,VNREAL,Bất động sản
2026-07-31,3226.1,3226.1,3002.57,3105.89,99107742,VNREAL,Bất động sản
2026-08-03,3127.73,3128.0,3074.11,3106.82,96636434,VNREAL,Bất động sản
