time,open,high,low,close,volume,symbol,name
2018-08-06,803.09,805.73,800.9,801.63,23858580,VNSML,VN Small Cap
2018-08-07,801.63,802.55,797.35,798.52,24732920,VNSML,VN Small Cap
2018-08-08,798.55,803.88,798.55,801.25,19301030,VNSML,VN Small Cap
2018-08-09,801.21,803.15,797.47,801.66,21163380,VNSML,VN Small Cap
2018-08-10,796.44,802.16,795.57,802.16,21885880,VNSML,VN Small Cap
2018-08-13,802.56,803.51,798.25,803.51,21434230,VNSML,VN Small Cap
2018-08-14,803.3,805.71,802.41,805.35,21978840,VNSML,VN Small Cap
2018-08-15,805.35,807.73,797.67,800.54,21813890,VNSML,VN Small Cap
2018-08-16,800.39,801.9,796.54,801.9,18012860,VNSML,VN Small Cap
2018-08-17,802.42,806.15,800.87,802.28,21554450,VNSML,VN Small Cap
2018-08-20,802.39,803.45,798.73,800.67,18607010,VNSML,VN Small Cap
2018-08-21,800.95,804.99,800.92,804.99,21194900,VNSML,VN Small Cap
2018-08-22,804.56,809.98,804.56,808.68,18540570,VNSML,VN Small Cap
2018-08-23,808.79,812.99,807.98,812.57,18023450,VNSML,VN Small Cap
2018-08-24,812.65,815.04,811.54,815.04,22352150,VNSML,VN Small Cap
2018-08-27,815.28,818.84,815.28,818.84,22656280,VNSML,VN Small Cap
2018-08-28,818.94,821.82,813.52,814.85,22616960,VNSML,VN Small Cap
2018-08-29,813.98,814.0,808.06,812.18,19792670,VNSML,VN Small Cap
2018-08-30,810.12,814.5,808.32,814.5,21979330,VNSML,VN Small Cap
2018-08-31,814.84,817.47,813.03,814.92,20921140,VNSML,VN Small Cap
2018-09-04,814.97,817.47,809.79,812.37,24237850,VNSML,VN Small Cap
2018-09-05,812.44,813.13,806.04,808.86,22249830,VNSML,VN Small Cap
2018-09-06,806.23,807.9,803.32,805.1,19614530,VNSML,VN Small Cap
2018-09-07,805.54,807.99,803.05,807.99,24261000,VNSML,VN Small Cap
2018-09-10,807.96,808.64,806.02,807.87,24429810,VNSML,VN Small Cap
2018-09-11,807.93,814.48,806.13,814.48,27024070,VNSML,VN Small Cap
2018-09-12,814.48,818.81,814.48,817.29,28756980,VNSML,VN Small Cap
2018-09-13,817.34,821.17,817.09,820.68,28800970,VNSML,VN Small Cap
2018-09-14,819.53,823.98,819.53,823.98,25331940,VNSML,VN Small Cap
2018-09-17,823.98,827.1,822.36,827.1,31689840,VNSML,VN Small Cap
2018-09-18,827.33,832.94,824.44,832.94,34227380,VNSML,VN Small Cap
2018-09-19,832.99,841.05,832.99,838.49,41559000,VNSML,VN Small Cap
2018-09-20,839.45,842.92,839.23,841.15,37115120,VNSML,VN Small Cap
2018-09-21,841.52,844.97,836.25,841.74,42682410,VNSML,VN Small Cap
2018-09-24,842.83,846.04,840.88,846.04,35611750,VNSML,VN Small Cap
2018-09-25,846.57,851.27,846.57,851.27,39808740,VNSML,VN Small Cap
2018-09-26,850.28,860.59,850.28,859.74,46144150,VNSML,VN Small Cap
2018-09-27,860.01,865.24,860.01,865.24,40732330,VNSML,VN Small Cap
2018-09-28,865.21,868.47,863.99,863.99,39984250,VNSML,VN Small Cap
2018-10-01,864.53,867.18,856.05,860.07,36820010,VNSML,VN Small Cap
2018-10-02,860.07,861.56,856.4,858.94,34868860,VNSML,VN Small Cap
2018-10-03,858.95,863.76,857.81,861.74,33566660,VNSML,VN Small Cap
2018-10-04,862.0,866.22,861.38,864.8,32262290,VNSML,VN Small Cap
2018-10-05,864.8,864.91,858.67,859.48,34899170,VNSML,VN Small Cap
2018-10-08,859.54,860.91,854.57,857.39,31840660,VNSML,VN Small Cap
2018-10-09,858.23,861.43,854.97,857.36,29738610,VNSML,VN Small Cap
2018-10-10,857.45,860.58,854.69,855.36,29899530,VNSML,VN Small Cap
2018-10-11,854.34,854.34,818.16,820.51,47701110,VNSML,VN Small Cap
2018-10-12,814.36,831.24,811.43,831.24,28123310,VNSML,VN Small Cap
2018-10-15,810.12,833.68,823.16,824.16,20849790,VNSML,VN Small Cap
2018-10-16,823.45,831.4,823.45,831.4,21594860,VNSML,VN Small Cap
2018-10-17,833.81,837.85,832.14,834.75,23591470,VNSML,VN Small Cap
2018-10-18,834.98,835.38,829.94,831.69,28888350,VNSML,VN Small Cap
2018-10-19,831.46,831.46,822.28,829.7,21490460,VNSML,VN Small Cap
2018-10-22,829.13,830.87,821.29,822.13,22757830,VNSML,VN Small Cap
2018-10-23,820.34,820.34,804.13,811.44,26336720,VNSML,VN Small Cap
2018-10-24,811.52,813.4,803.82,806.9,22555060,VNSML,VN Small Cap
2018-10-25,791.39,798.27,786.98,798.27,23759740,VNSML,VN Small Cap
2018-10-26,803.83,806.58,794.19,795.33,20710870,VNSML,VN Small Cap
2018-10-29,795.4,796.24,787.3,791.03,15544750,VNSML,VN Small Cap
2018-10-30,791.04,793.8,787.2,789.15,20316890,VNSML,VN Small Cap
2018-10-31,793.35,802.03,793.32,801.65,24809600,VNSML,VN Small Cap
2018-11-01,793.35,804.56,793.32,797.79,17509310,VNSML,VN Small Cap
2018-11-02,793.35,806.19,793.32,806.19,24831280,VNSML,VN Small Cap
2018-11-05,805.09,807.44,803.36,806.39,17994730,VNSML,VN Small Cap
2018-11-06,806.76,810.99,806.31,810.72,21129050,VNSML,VN Small Cap
2018-11-07,810.97,812.03,804.75,809.89,21444180,VNSML,VN Small Cap
2018-11-08,808.97,814.6,808.97,810.04,27353880,VNSML,VN Small Cap
2018-11-09,809.27,812.03,806.55,807.8,20920560,VNSML,VN Small Cap
2018-11-12,807.76,807.9,801.44,807.9,23053590,VNSML,VN Small Cap
2018-11-13,803.16,807.17,801.95,807.14,15444750,VNSML,VN Small Cap
2018-11-14,809.08,814.52,805.29,805.63,24284060,VNSML,VN Small Cap
2018-11-15,805.89,809.36,802.92,804.34,20591340,VNSML,VN Small Cap
2018-11-16,803.73,808.49,803.73,805.62,19620880,VNSML,VN Small Cap
2018-11-19,805.62,810.53,805.62,810.53,19992230,VNSML,VN Small Cap
2018-11-20,810.15,812.17,808.15,812.17,21258910,VNSML,VN Small Cap
2018-11-21,812.17,814.78,809.32,813.91,21618480,VNSML,VN Small Cap
2018-11-22,816.97,819.69,813.54,814.98,20371120,VNSML,VN Small Cap
2018-11-23,815.72,816.2,812.88,813.01,19811340,VNSML,VN Small Cap
2018-11-26,812.31,815.7,808.52,811.3,20065480,VNSML,VN Small Cap
2018-11-27,811.58,814.92,804.88,807.83,19739230,VNSML,VN Small Cap
2018-11-28,809.11,810.39,804.4,806.84,17859190,VNSML,VN Small Cap
2018-11-29,807.16,810.28,802.07,802.07,18098120,VNSML,VN Small Cap
2018-11-30,801.85,805.25,799.39,803.65,18706900,VNSML,VN Small Cap
2018-12-03,804.12,812.0,804.12,809.85,21586340,VNSML,VN Small Cap
2018-12-04,809.77,812.57,808.92,812.31,20462600,VNSML,VN Small Cap
2018-12-05,811.79,812.69,808.19,812.69,23237950,VNSML,VN Small Cap
2018-12-06,813.15,814.67,806.72,810.81,18639450,VNSML,VN Small Cap
2018-12-07,811.73,815.06,811.73,814.48,20165390,VNSML,VN Small Cap
2018-12-10,812.74,814.64,811.59,814.22,17821320,VNSML,VN Small Cap
2018-12-11,814.25,814.97,807.56,811.87,18306010,VNSML,VN Small Cap
2018-12-12,811.87,814.14,809.34,814.14,17265760,VNSML,VN Small Cap
2018-12-13,814.78,816.36,811.18,814.45,20278490,VNSML,VN Small Cap
2018-12-14,814.21,814.54,809.98,812.81,17717250,VNSML,VN Small Cap
2018-12-17,811.47,812.13,802.26,802.26,14987480,VNSML,VN Small Cap
2018-12-18,798.59,798.62,789.67,795.44,20143680,VNSML,VN Small Cap
2018-12-19,798.57,799.95,789.67,791.81,15920250,VNSML,VN Small Cap
2018-12-20,790.64,792.92,787.24,791.39,19890570,VNSML,VN Small Cap
2018-12-21,790.12,791.84,786.99,791.84,21370420,VNSML,VN Small Cap
2018-12-24,790.12,794.35,784.97,784.97,15995380,VNSML,VN Small Cap
2018-12-25,790.12,794.35,765.53,774.64,27045530,VNSML,VN Small Cap
2018-12-26,790.12,794.35,765.53,773.74,16370420,VNSML,VN Small Cap
2018-12-27,790.12,794.35,765.53,777.72,16181680,VNSML,VN Small Cap
2018-12-28,790.12,781.83,769.98,773.39,21357200,VNSML,VN Small Cap
2019-01-02,790.12,781.83,766.48,767.38,13868660,VNSML,VN Small Cap
2019-01-03,765.4,767.71,752.18,755.12,19935850,VNSML,VN Small Cap
2019-01-04,750.89,754.02,746.21,754.02,22135230,VNSML,VN Small Cap
2019-01-07,756.06,760.59,755.83,760.03,16322540,VNSML,VN Small Cap
2019-01-08,760.8,761.51,756.72,759.91,17324080,VNSML,VN Small Cap
2019-01-09,759.91,764.88,759.91,763.35,24694500,VNSML,VN Small Cap
2019-01-10,764.84,767.19,762.83,763.22,19796310,VNSML,VN Small Cap
2019-01-11,764.06,765.92,763.74,765.34,17576330,VNSML,VN Small Cap
2019-01-14,765.69,769.49,763.23,764.56,14804670,VNSML,VN Small Cap
2019-01-15,763.64,770.87,763.64,770.87,21606000,VNSML,VN Small Cap
2019-01-16,770.59,772.88,767.77,769.79,16684860,VNSML,VN Small Cap
2019-01-17,769.79,770.88,765.34,768.5,15617960,VNSML,VN Small Cap
2019-01-18,768.08,769.22,766.16,768.83,18630020,VNSML,VN Small Cap
2019-01-21,768.75,772.9,768.75,769.66,19243640,VNSML,VN Small Cap
2019-01-22,769.31,774.21,767.73,768.45,21523870,VNSML,VN Small Cap
2019-01-23,768.44,769.45,766.9,768.36,15560020,VNSML,VN Small Cap
2019-01-24,772.16,774.34,769.9,771.86,17268910,VNSML,VN Small Cap
2019-01-25,772.17,774.69,770.78,773.14,16669390,VNSML,VN Small Cap
2019-01-28,773.24,777.15,767.28,768.04,33631050,VNSML,VN Small Cap
2019-01-29,766.98,769.33,764.7,767.88,18268540,VNSML,VN Small Cap
2019-01-30,768.22,772.45,767.57,770.33,20257450,VNSML,VN Small Cap
2019-01-31,770.87,772.7,769.3,771.07,17214840,VNSML,VN Small Cap
2019-02-01,770.72,778.93,770.72,778.93,12587680,VNSML,VN Small Cap
2019-02-11,780.37,785.13,780.37,785.01,19125590,VNSML,VN Small Cap
2019-02-12,784.86,789.38,784.52,789.38,27832960,VNSML,VN Small Cap
2019-02-13,789.56,795.76,788.51,795.76,31464650,VNSML,VN Small Cap
2019-02-14,797.24,797.55,794.24,797.15,29111470,VNSML,VN Small Cap
2019-02-15,796.9,797.76,793.82,796.38,24882760,VNSML,VN Small Cap
2019-02-18,797.57,799.32,795.27,798.47,37015340,VNSML,VN Small Cap
2019-02-19,798.72,799.5,791.7,791.7,30809400,VNSML,VN Small Cap
2019-02-20,791.52,792.55,788.3,791.25,27854590,VNSML,VN Small Cap
2019-02-21,791.59,792.67,788.28,790.01,26927950,VNSML,VN Small Cap
2019-02-22,790.14,790.7,786.96,788.21,40759620,VNSML,VN Small Cap
2019-02-25,788.66,792.82,788.66,792.23,47299500,VNSML,VN Small Cap
2019-02-26,793.68,795.74,790.85,793.7,47968280,VNSML,VN Small Cap
2019-02-27,794.97,797.03,793.04,795.39,39352970,VNSML,VN Small Cap
2019-02-28,795.39,798.28,789.84,791.24,31717760,VNSML,VN Small Cap
2019-03-01,791.34,803.18,791.34,803.18,30252840,VNSML,VN Small Cap
2019-03-04,803.56,813.68,803.56,812.58,37652160,VNSML,VN Small Cap
2019-03-05,812.6,816.87,810.93,815.66,51984990,VNSML,VN Small Cap
2019-03-06,815.62,826.04,815.41,826.04,52442310,VNSML,VN Small Cap
2019-03-07,826.0,830.47,825.87,825.87,44978370,VNSML,VN Small Cap
2019-03-08,825.58,825.58,819.34,822.19,38792220,VNSML,VN Small Cap
2019-03-11,821.81,827.25,820.41,827.25,33091810,VNSML,VN Small Cap
2019-03-12,828.05,832.76,828.05,831.97,34385260,VNSML,VN Small Cap
2019-03-13,831.97,835.89,831.97,835.53,40953630,VNSML,VN Small Cap
2019-03-14,835.43,840.8,834.82,840.76,43810550,VNSML,VN Small Cap
2019-03-15,840.66,842.34,836.42,838.62,46502060,VNSML,VN Small Cap
2019-03-18,838.65,845.5,838.06,845.46,39934120,VNSML,VN Small Cap
2019-03-19,845.53,848.5,842.22,844.4,52576780,VNSML,VN Small Cap
2019-03-20,845.22,847.48,839.69,847.48,37870100,VNSML,VN Small Cap
2019-03-21,847.87,850.61,838.05,838.05,43775770,VNSML,VN Small Cap
2019-03-22,838.21,840.76,832.39,834.93,35526330,VNSML,VN Small Cap
2019-03-25,833.45,833.45,820.44,823.28,35785360,VNSML,VN Small Cap
2019-03-26,823.24,827.38,822.78,822.84,26681230,VNSML,VN Small Cap
2019-03-27,822.88,832.4,822.88,830.12,23265450,VNSML,VN Small Cap
2019-03-28,829.96,833.87,827.85,831.89,25080710,VNSML,VN Small Cap
2019-03-29,831.99,837.63,831.71,833.98,25327500,VNSML,VN Small Cap
2019-04-01,834.03,836.53,832.68,833.31,31454060,VNSML,VN Small Cap
2019-04-02,833.57,840.04,831.17,833.13,32553000,VNSML,VN Small Cap
2019-04-03,832.79,834.45,830.77,834.32,30071460,VNSML,VN Small Cap
2019-04-04,833.54,842.35,833.39,842.35,37585540,VNSML,VN Small Cap
2019-04-05,842.41,845.41,841.01,844.41,30175580,VNSML,VN Small Cap
2019-04-08,844.53,846.33,842.93,843.7,31581850,VNSML,VN Small Cap
2019-04-09,844.97,846.22,837.77,837.77,33216320,VNSML,VN Small Cap
2019-04-10,834.83,838.2,832.87,836.15,30560610,VNSML,VN Small Cap
2019-04-11,837.52,840.46,837.52,840.29,32355210,VNSML,VN Small Cap
2019-04-12,840.15,843.22,838.49,843.2,30529950,VNSML,VN Small Cap
2019-04-16,843.07,843.07,837.51,839.88,26187480,VNSML,VN Small Cap
2019-04-17,839.89,842.49,831.49,831.89,33036980,VNSML,VN Small Cap
2019-04-18,831.02,832.32,820.97,826.32,32241410,VNSML,VN Small Cap
2019-04-19,826.32,830.04,825.53,828.98,19752000,VNSML,VN Small Cap
2019-04-22,828.0,828.34,819.83,820.36,28752350,VNSML,VN Small Cap
2019-04-23,820.12,823.01,819.63,821.74,23427870,VNSML,VN Small Cap
2019-04-24,823.14,827.29,823.14,827.29,24278470,VNSML,VN Small Cap
2019-04-25,827.65,828.33,823.8,825.67,24806410,VNSML,VN Small Cap
2019-04-26,823.5,827.6,823.22,826.05,25678650,VNSML,VN Small Cap
2019-05-02,826.04,828.1,823.15,823.75,24219430,VNSML,VN Small Cap
2019-05-03,824.62,824.62,818.85,819.84,24266290,VNSML,VN Small Cap
2019-05-06,819.38,819.38,809.33,813.21,28077570,VNSML,VN Small Cap
2019-05-07,814.56,817.59,811.96,814.28,23120770,VNSML,VN Small Cap
2019-05-08,812.31,814.13,810.78,814.13,28167340,VNSML,VN Small Cap
2019-05-09,814.62,816.27,810.2,810.2,21221560,VNSML,VN Small Cap
2019-05-10,811.2,813.96,809.52,812.94,21809120,VNSML,VN Small Cap
2019-05-13,812.92,816.81,812.78,814.01,24309560,VNSML,VN Small Cap
2019-05-14,811.89,814.46,810.16,814.46,23885580,VNSML,VN Small Cap
2019-05-15,813.54,819.53,813.54,819.53,23068640,VNSML,VN Small Cap
2019-05-16,820.07,821.58,816.67,816.79,23366850,VNSML,VN Small Cap
2019-05-17,817.89,819.65,815.33,818.72,20876500,VNSML,VN Small Cap
2019-05-20,820.14,821.42,819.4,821.13,21600170,VNSML,VN Small Cap
2019-05-21,821.55,822.9,819.55,822.9,21094340,VNSML,VN Small Cap
2019-05-22,823.45,825.56,821.03,822.81,22991730,VNSML,VN Small Cap
2019-05-23,822.75,823.32,818.63,823.32,20497330,VNSML,VN Small Cap
2019-05-24,820.23,823.24,817.92,819.61,21772040,VNSML,VN Small Cap
2019-05-27,819.48,821.54,816.52,818.68,17177940,VNSML,VN Small Cap
2019-05-28,820.2,821.24,816.81,820.0,22364100,VNSML,VN Small Cap
2019-05-29,820.76,823.13,820.02,821.72,23575830,VNSML,VN Small Cap
2019-05-30,823.07,823.25,819.43,821.49,26083290,VNSML,VN Small Cap
2019-05-31,821.86,823.51,814.37,814.37,20085890,VNSML,VN Small Cap
2019-06-03,813.72,813.72,802.08,802.08,23223130,VNSML,VN Small Cap
2019-06-04,803.03,807.23,803.03,805.07,18413310,VNSML,VN Small Cap
2019-06-05,807.52,812.06,807.08,810.29,16909730,VNSML,VN Small Cap
2019-06-06,808.95,811.06,804.62,807.92,16550690,VNSML,VN Small Cap
2019-06-07,809.38,814.73,809.26,814.73,13489810,VNSML,VN Small Cap
2019-06-10,815.63,818.24,813.7,818.24,19112410,VNSML,VN Small Cap
2019-06-11,817.04,818.29,815.95,816.8,22672660,VNSML,VN Small Cap
2019-06-12,816.34,817.25,814.56,814.63,22553930,VNSML,VN Small Cap
2019-06-13,816.58,817.75,814.31,815.6,21648590,VNSML,VN Small Cap
2019-06-14,817.26,818.07,814.32,815.42,25257760,VNSML,VN Small Cap
2019-06-17,815.57,815.66,810.56,812.6,19199290,VNSML,VN Small Cap
2019-06-18,812.61,816.38,809.29,811.83,20760520,VNSML,VN Small Cap
2019-06-19,811.88,816.97,811.01,813.5,22219330,VNSML,VN Small Cap
2019-06-20,811.88,816.97,811.01,813.5,22219330,VNSML,VN Small Cap
2019-06-21,811.88,816.97,811.01,813.5,22219330,VNSML,VN Small Cap
2019-06-24,813.7,815.9,813.8,815.29,25391190,VNSML,VN Small Cap
2019-06-25,813.7,815.69,812.2,812.71,25838570,VNSML,VN Small Cap
2019-06-26,813.7,815.86,812.99,813.93,22931470,VNSML,VN Small Cap
2019-06-27,813.7,813.61,807.93,809.47,20183210,VNSML,VN Small Cap
2019-06-28,813.7,810.87,806.0,810.87,17993700,VNSML,VN Small Cap
2019-07-01,813.7,817.63,810.97,817.63,20337810,VNSML,VN Small Cap
2019-07-02,817.67,819.52,814.62,816.36,21801680,VNSML,VN Small Cap
2019-07-03,816.36,818.6,815.56,818.6,19986330,VNSML,VN Small Cap
2019-07-04,818.73,821.25,818.2,820.13,20602520,VNSML,VN Small Cap
2019-07-05,820.13,822.63,820.13,822.06,19016740,VNSML,VN Small Cap
2019-07-08,822.06,822.06,817.06,820.14,18602130,VNSML,VN Small Cap
2019-07-09,820.34,823.73,819.66,823.73,26161360,VNSML,VN Small Cap
2019-07-10,823.46,827.38,823.46,825.13,25747180,VNSML,VN Small Cap
2019-07-11,826.98,830.25,825.2,826.55,26824720,VNSML,VN Small Cap
2019-07-12,826.24,828.19,825.37,825.45,22974720,VNSML,VN Small Cap
2019-07-15,826.24,827.08,824.25,827.08,23880130,VNSML,VN Small Cap
2019-07-16,827.08,828.53,823.17,824.49,23556130,VNSML,VN Small Cap
2019-07-17,824.3,826.35,822.91,824.17,20605590,VNSML,VN Small Cap
2019-07-18,824.18,824.18,820.12,822.64,25282490,VNSML,VN Small Cap
2019-07-19,821.67,824.27,821.28,822.95,26933990,VNSML,VN Small Cap
2019-07-22,821.19,821.42,815.24,816.63,22253360,VNSML,VN Small Cap
2019-07-23,816.22,817.55,815.07,815.5,23897210,VNSML,VN Small Cap
2019-07-24,815.45,818.55,812.54,813.58,23683820,VNSML,VN Small Cap
2019-07-25,812.06,816.96,811.77,816.96,25582460,VNSML,VN Small Cap
2019-07-26,817.66,818.57,815.38,817.13,20198740,VNSML,VN Small Cap
2019-07-29,816.82,818.26,811.9,814.35,18989460,VNSML,VN Small Cap
2019-07-30,814.41,816.07,807.82,808.59,22080010,VNSML,VN Small Cap
2019-07-31,808.6,808.6,804.34,807.64,25935530,VNSML,VN Small Cap
2019-08-01,806.43,810.14,805.92,810.14,26152200,VNSML,VN Small Cap
2019-08-02,810.14,816.38,808.82,816.38,23724530,VNSML,VN Small Cap
2019-08-05,816.34,818.33,814.03,817.21,28967690,VNSML,VN Small Cap
2019-08-06,817.21,817.21,809.02,814.93,30197000,VNSML,VN Small Cap
2019-08-07,815.15,818.6,811.99,815.89,26901010,VNSML,VN Small Cap
2019-08-08,815.89,822.17,815.45,822.17,29087920,VNSML,VN Small Cap
2019-08-09,822.14,826.63,820.98,821.19,23878550,VNSML,VN Small Cap
2019-08-12,821.15,822.63,818.0,819.64,22099850,VNSML,VN Small Cap
2019-08-13,819.35,819.35,811.94,815.9,23700140,VNSML,VN Small Cap
2019-08-14,818.63,821.94,815.49,816.87,24773850,VNSML,VN Small Cap
2019-08-15,815.3,818.03,808.26,818.03,24795130,VNSML,VN Small Cap
2019-08-16,818.17,821.34,817.02,818.79,27295070,VNSML,VN Small Cap
2019-08-19,819.08,821.99,817.96,821.99,22235230,VNSML,VN Small Cap
2019-08-20,822.4,828.62,822.4,828.62,27447340,VNSML,VN Small Cap
2019-08-21,828.57,830.97,828.4,828.9,29132690,VNSML,VN Small Cap
2019-08-22,828.9,832.32,828.35,831.12,28255100,VNSML,VN Small Cap
2019-08-23,831.12,832.41,826.88,830.99,26768420,VNSML,VN Small Cap
2019-08-26,830.89,831.17,825.28,831.17,29238150,VNSML,VN Small Cap
2019-08-27,830.94,835.11,827.43,828.7,34991970,VNSML,VN Small Cap
2019-08-28,828.18,830.13,825.33,825.33,29942560,VNSML,VN Small Cap
2019-08-29,826.02,827.38,820.01,823.87,27387380,VNSML,VN Small Cap
2019-08-30,823.87,825.93,821.08,822.74,31792760,VNSML,VN Small Cap
2019-09-03,822.76,823.02,813.36,813.36,31986520,VNSML,VN Small Cap
2019-09-04,810.2,811.84,803.59,811.84,29370130,VNSML,VN Small Cap
2019-09-05,811.79,816.26,810.57,810.57,25970890,VNSML,VN Small Cap
2019-09-06,810.58,813.69,808.01,809.09,25311310,VNSML,VN Small Cap
2019-09-09,809.07,809.07,802.65,803.45,20901840,VNSML,VN Small Cap
2019-09-10,803.45,805.68,793.89,795.54,25802220,VNSML,VN Small Cap
2019-09-11,795.86,800.24,795.69,800.24,17940520,VNSML,VN Small Cap
2019-09-12,802.48,806.51,802.48,805.63,22271250,VNSML,VN Small Cap
2019-09-13,805.35,807.52,804.41,807.52,30324830,VNSML,VN Small Cap
2019-09-16,807.51,811.09,806.86,809.13,29752240,VNSML,VN Small Cap
2019-09-17,809.3,809.68,805.75,809.68,32658770,VNSML,VN Small Cap
2019-09-18,809.69,812.31,806.99,808.32,21903310,VNSML,VN Small Cap
2019-09-19,808.29,810.35,807.52,810.35,27463130,VNSML,VN Small Cap
2019-09-20,810.41,812.44,808.36,809.75,27375430,VNSML,VN Small Cap
2019-09-23,809.86,811.38,801.87,801.87,27871170,VNSML,VN Small Cap
2019-09-24,801.87,802.98,799.87,801.97,21010840,VNSML,VN Small Cap
2019-09-25,801.89,805.35,800.75,805.35,23914440,VNSML,VN Small Cap
2019-09-26,805.37,808.79,803.61,804.76,21420760,VNSML,VN Small Cap
2019-09-27,804.76,805.71,799.07,801.42,27308860,VNSML,VN Small Cap
2019-09-30,801.56,804.74,799.8,801.07,24692140,VNSML,VN Small Cap
2019-10-01,801.77,805.25,801.77,805.01,23667940,VNSML,VN Small Cap
2019-10-02,805.53,806.94,799.25,799.76,27183560,VNSML,VN Small Cap
2019-10-03,799.04,805.21,795.9,805.21,40068900,VNSML,VN Small Cap
2019-10-04,805.21,809.97,805.21,807.57,29698400,VNSML,VN Small Cap
2019-10-07,808.89,810.76,803.74,804.13,25777930,VNSML,VN Small Cap
2019-10-08,803.92,805.84,801.95,804.85,31062430,VNSML,VN Small Cap
2019-10-09,804.87,806.47,801.82,803.53,32320150,VNSML,VN Small Cap
2019-10-10,803.55,804.27,798.94,799.65,26513470,VNSML,VN Small Cap
2019-10-11,799.65,802.15,797.71,801.52,27675820,VNSML,VN Small Cap
2019-10-14,801.9,805.42,800.12,801.58,33728560,VNSML,VN Small Cap
2019-10-15,801.71,802.69,799.21,801.69,24251510,VNSML,VN Small Cap
2019-10-16,801.71,803.6,798.65,801.23,23097160,VNSML,VN Small Cap
2019-10-17,801.28,802.58,797.62,799.23,20652350,VNSML,VN Small Cap
2019-10-18,800.3,802.7,798.93,799.47,28146310,VNSML,VN Small Cap
2019-10-21,799.92,801.23,797.71,797.86,34230870,VNSML,VN Small Cap
2019-10-22,798.0,801.25,797.34,799.28,32359870,VNSML,VN Small Cap
2019-10-23,799.3,799.78,796.93,797.87,27049900,VNSML,VN Small Cap
2019-10-24,797.81,799.67,795.28,796.93,21657130,VNSML,VN Small Cap
2019-10-25,797.21,799.5,795.02,796.01,23716250,VNSML,VN Small Cap
2019-10-28,796.05,798.59,796.01,797.76,21326450,VNSML,VN Small Cap
2019-10-29,797.64,799.59,793.71,794.37,27200500,VNSML,VN Small Cap
2019-10-30,794.35,794.97,791.71,793.6,29039130,VNSML,VN Small Cap
2019-10-31,793.73,793.73,787.71,788.69,43059870,VNSML,VN Small Cap
2019-11-01,788.57,789.11,784.9,786.32,28161140,VNSML,VN Small Cap
2019-11-04,786.47,789.48,783.78,785.26,28777690,VNSML,VN Small Cap
2019-11-05,784.91,788.05,782.87,788.05,24431240,VNSML,VN Small Cap
2019-11-06,788.05,790.78,788.05,789.6,22107340,VNSML,VN Small Cap
2019-11-07,789.56,789.9,786.46,789.48,22604810,VNSML,VN Small Cap
2019-11-08,789.42,791.99,788.89,789.84,21301460,VNSML,VN Small Cap
2019-11-11,789.89,790.21,786.56,788.78,28952600,VNSML,VN Small Cap
2019-11-12,788.76,791.95,786.91,791.95,29208540,VNSML,VN Small Cap
2019-11-13,791.82,793.16,788.31,790.63,26283460,VNSML,VN Small Cap
2019-11-14,790.65,791.71,786.95,788.13,43614000,VNSML,VN Small Cap
2019-11-15,787.67,789.92,784.59,785.87,31741120,VNSML,VN Small Cap
2019-11-18,785.73,787.99,783.45,785.39,25050840,VNSML,VN Small Cap
2019-11-19,785.7,787.27,783.87,785.89,29306600,VNSML,VN Small Cap
2019-11-20,785.89,787.12,784.52,786.51,28839530,VNSML,VN Small Cap
2019-11-21,785.71,788.32,784.82,788.31,22579980,VNSML,VN Small Cap
2019-11-22,786.69,788.71,776.18,777.87,26549690,VNSML,VN Small Cap
2019-11-25,777.92,778.44,773.5,776.96,20943180,VNSML,VN Small Cap
2019-11-26,778.79,781.06,777.93,781.06,19030430,VNSML,VN Small Cap
2019-11-27,780.97,783.96,780.77,783.14,28548520,VNSML,VN Small Cap
2019-11-28,784.7,785.73,778.37,781.68,27432760,VNSML,VN Small Cap
2019-11-29,781.68,784.96,780.23,784.96,26410020,VNSML,VN Small Cap
2019-12-02,784.71,786.27,777.44,778.42,32434290,VNSML,VN Small Cap
2019-12-03,778.42,779.9,774.64,777.51,30456500,VNSML,VN Small Cap
2019-12-04,777.42,782.6,775.93,782.03,32323690,VNSML,VN Small Cap
2019-12-05,782.06,784.32,780.49,782.92,38461920,VNSML,VN Small Cap
2019-12-06,782.73,785.78,781.61,784.8,29476440,VNSML,VN Small Cap
2019-12-09,786.14,790.1,785.73,788.5,49664970,VNSML,VN Small Cap
2019-12-10,788.56,789.93,782.37,785.63,36620000,VNSML,VN Small Cap
2019-12-11,784.94,789.12,783.14,789.12,36154770,VNSML,VN Small Cap
2019-12-12,789.17,791.38,788.18,791.38,38300580,VNSML,VN Small Cap
2019-12-13,791.53,795.89,790.22,792.08,42878220,VNSML,VN Small Cap
2019-12-16,792.1,796.4,791.97,796.4,64193410,VNSML,VN Small Cap
2019-12-17,796.85,801.49,794.82,796.05,69967070,VNSML,VN Small Cap
2019-12-18,796.0,798.62,792.78,793.14,56035260,VNSML,VN Small Cap
2019-12-19,791.29,792.9,789.61,792.11,47289530,VNSML,VN Small Cap
2019-12-20,792.1,797.66,792.1,797.66,47912740,VNSML,VN Small Cap
2019-12-23,802.19,804.02,795.6,796.33,53390310,VNSML,VN Small Cap
2019-12-24,797.32,799.17,794.35,797.2,53923070,VNSML,VN Small Cap
2019-12-25,797.91,799.88,796.39,797.41,70563180,VNSML,VN Small Cap
2019-12-26,795.86,796.74,791.57,792.54,51868250,VNSML,VN Small Cap
2019-12-27,790.53,791.72,785.72,788.73,39581250,VNSML,VN Small Cap
2019-12-30,788.63,788.63,778.08,781.94,49825080,VNSML,VN Small Cap
2019-12-31,781.02,782.06,775.38,780.61,41048150,VNSML,VN Small Cap
2020-01-02,780.61,781.35,776.23,781.32,29584880,VNSML,VN Small Cap
2020-01-03,781.32,782.23,776.6,778.41,42171690,VNSML,VN Small Cap
2020-01-06,778.38,778.48,767.02,767.2,39511820,VNSML,VN Small Cap
2020-01-07,767.2,767.94,762.22,764.93,38204720,VNSML,VN Small Cap
2020-01-08,764.87,764.93,747.98,752.0,44044810,VNSML,VN Small Cap
2020-01-09,753.99,757.25,752.0,754.93,33026820,VNSML,VN Small Cap
2020-01-10,754.94,755.63,749.55,751.17,34486230,VNSML,VN Small Cap
2020-01-13,751.39,752.16,744.92,746.2,35364180,VNSML,VN Small Cap
2020-01-14,746.33,746.33,742.01,744.76,27370580,VNSML,VN Small Cap
2020-01-15,744.81,747.04,743.1,744.31,29679200,VNSML,VN Small Cap
2020-01-16,744.16,746.56,742.25,744.38,30430340,VNSML,VN Small Cap
2020-01-17,744.75,745.37,740.36,741.81,23217670,VNSML,VN Small Cap
2020-01-20,741.76,741.83,737.71,740.77,20872320,VNSML,VN Small Cap
2020-01-21,740.77,744.02,740.45,744.02,22349510,VNSML,VN Small Cap
2020-01-22,744.02,753.04,744.02,752.97,26142160,VNSML,VN Small Cap
2020-01-30,753.13,753.8,741.11,744.89,31727530,VNSML,VN Small Cap
2020-01-31,744.93,746.77,730.21,730.48,43310790,VNSML,VN Small Cap
2020-02-03,730.09,730.09,698.25,710.51,48920880,VNSML,VN Small Cap
2020-02-04,710.44,712.05,701.05,704.66,38572020,VNSML,VN Small Cap
2020-02-05,704.66,709.71,703.17,708.08,43354150,VNSML,VN Small Cap
2020-02-06,708.2,720.42,707.99,720.42,38521390,VNSML,VN Small Cap
2020-02-07,720.42,723.06,719.72,722.0,36851040,VNSML,VN Small Cap
2020-02-10,721.97,722.0,714.91,717.71,35752350,VNSML,VN Small Cap
2020-02-11,717.87,723.58,717.08,723.58,38073680,VNSML,VN Small Cap
2020-02-12,723.56,733.83,723.56,733.53,42507970,VNSML,VN Small Cap
2020-02-13,733.49,739.76,733.11,739.75,44035570,VNSML,VN Small Cap
2020-02-14,739.75,743.3,739.09,741.43,44201660,VNSML,VN Small Cap
2020-02-17,741.56,744.42,739.43,742.6,38507430,VNSML,VN Small Cap
2020-02-18,742.48,746.66,742.32,745.51,42216950,VNSML,VN Small Cap
2020-02-19,745.51,752.76,745.51,752.6,48919550,VNSML,VN Small Cap
2020-02-20,752.93,758.34,752.6,757.27,57333830,VNSML,VN Small Cap
2020-02-21,757.27,758.9,750.49,751.56,50501870,VNSML,VN Small Cap
2020-02-24,751.02,751.56,724.24,725.18,57157460,VNSML,VN Small Cap
2020-02-25,725.16,726.65,710.72,726.65,50367260,VNSML,VN Small Cap
2020-02-26,726.65,726.65,717.63,720.13,30183090,VNSML,VN Small Cap
2020-02-27,720.06,728.65,718.82,728.52,33147380,VNSML,VN Small Cap
2020-02-28,728.65,728.65,711.32,717.55,46350280,VNSML,VN Small Cap
2020-03-02,717.59,721.55,716.15,719.55,49899410,VNSML,VN Small Cap
2020-03-03,719.63,729.12,719.63,728.41,45595550,VNSML,VN Small Cap
2020-03-04,728.41,733.24,726.6,732.59,48266180,VNSML,VN Small Cap
2020-03-05,732.62,739.94,732.59,733.59,58291010,VNSML,VN Small Cap
2020-03-06,733.59,736.13,731.73,736.13,51679780,VNSML,VN Small Cap
2020-03-09,732.28,732.28,697.03,698.52,67758080,VNSML,VN Small Cap
2020-03-10,698.34,701.33,680.09,699.41,67441440,VNSML,VN Small Cap
2020-03-11,700.18,708.2,678.0,684.43,87139900,VNSML,VN Small Cap
2020-03-12,684.45,684.45,651.76,657.79,70379190,VNSML,VN Small Cap
2020-03-13,633.2,656.59,628.52,649.1,63598970,VNSML,VN Small Cap
2020-03-16,649.1,656.44,646.67,650.46,55995410,VNSML,VN Small Cap
2020-03-17,650.3,657.47,643.0,657.47,45925380,VNSML,VN Small Cap
2020-03-18,657.54,672.06,657.54,667.98,43725750,VNSML,VN Small Cap
2020-03-19,667.96,669.01,649.13,653.83,143562240,VNSML,VN Small Cap
2020-03-20,653.82,653.82,639.98,646.55,56151080,VNSML,VN Small Cap
2020-03-23,646.55,646.55,608.59,611.41,49605740,VNSML,VN Small Cap
2020-03-24,611.12,611.12,598.43,610.14,46291780,VNSML,VN Small Cap
2020-03-25,610.48,621.77,610.48,620.91,55732480,VNSML,VN Small Cap
2020-03-26,620.89,620.91,609.04,611.06,33970440,VNSML,VN Small Cap
2020-03-27,611.06,611.06,598.85,601.52,36741600,VNSML,VN Small Cap
2020-03-30,601.33,601.33,574.91,578.2,44803330,VNSML,VN Small Cap
2020-03-31,578.2,584.34,563.24,571.92,66107710,VNSML,VN Small Cap
2020-04-01,571.82,585.31,569.12,585.31,45054490,VNSML,VN Small Cap
2020-04-03,585.52,600.01,585.52,600.01,45100080,VNSML,VN Small Cap
2020-04-06,600.08,618.15,600.01,618.05,81132500,VNSML,VN Small Cap
2020-04-07,619.0,623.93,614.73,619.23,54676130,VNSML,VN Small Cap
2020-04-08,619.21,623.34,612.18,623.34,38671640,VNSML,VN Small Cap
2020-04-09,623.34,633.64,623.34,631.72,49943280,VNSML,VN Small Cap
2020-04-10,631.07,634.57,628.21,633.07,55892470,VNSML,VN Small Cap
2020-04-13,632.91,639.23,632.91,638.97,34018090,VNSML,VN Small Cap
2020-04-14,639.22,642.03,631.67,642.03,42403710,VNSML,VN Small Cap
2020-04-15,642.05,654.71,641.72,653.44,60313180,VNSML,VN Small Cap
2020-04-16,653.71,659.12,649.96,657.14,47942290,VNSML,VN Small Cap
2020-04-17,657.2,670.55,657.14,669.5,53497230,VNSML,VN Small Cap
2020-04-20,669.74,678.46,667.04,672.79,56503070,VNSML,VN Small Cap
2020-04-21,671.98,671.98,648.08,653.49,81290160,VNSML,VN Small Cap
2020-04-22,653.06,664.93,643.62,664.45,48430530,VNSML,VN Small Cap
2020-04-23,667.6,674.61,664.45,667.22,42336010,VNSML,VN Small Cap
2020-04-24,667.23,671.84,662.5,671.84,50513530,VNSML,VN Small Cap
2020-04-27,677.92,680.36,671.84,679.61,57475640,VNSML,VN Small Cap
2020-04-28,679.75,683.09,675.14,681.53,37143840,VNSML,VN Small Cap
2020-04-29,681.5,685.28,680.5,683.18,52395800,VNSML,VN Small Cap
2020-05-04,683.2,683.25,670.32,670.64,60181920,VNSML,VN Small Cap
2020-05-05,670.64,674.39,667.4,673.85,45843940,VNSML,VN Small Cap
2020-05-06,673.98,683.8,673.85,683.8,45525790,VNSML,VN Small Cap
2020-05-07,683.8,689.93,683.8,689.25,39612840,VNSML,VN Small Cap
2020-05-08,689.17,696.56,689.17,690.97,57347970,VNSML,VN Small Cap
2020-05-11,691.27,698.8,691.09,698.36,44449720,VNSML,VN Small Cap
2020-05-12,698.38,706.76,696.66,706.71,51768610,VNSML,VN Small Cap
2020-05-13,706.65,717.23,704.37,716.25,72563260,VNSML,VN Small Cap
2020-05-14,716.25,723.47,712.7,719.56,61419950,VNSML,VN Small Cap
2020-05-15,719.38,723.56,708.85,712.43,57993570,VNSML,VN Small Cap
2020-05-18,712.36,716.17,708.81,715.73,45713210,VNSML,VN Small Cap
2020-05-19,715.88,724.28,715.73,717.22,47983030,VNSML,VN Small Cap
2020-05-20,717.81,721.22,714.77,721.22,38217520,VNSML,VN Small Cap
2020-05-21,721.29,724.96,720.15,721.07,53819260,VNSML,VN Small Cap
2020-05-22,721.07,724.01,717.36,719.73,49044780,VNSML,VN Small Cap
2020-05-25,719.83,728.0,719.83,728.0,61076700,VNSML,VN Small Cap
2020-05-26,728.02,735.82,728.02,735.47,56612970,VNSML,VN Small Cap
2020-05-27,735.65,739.7,730.26,731.07,69157190,VNSML,VN Small Cap
2020-05-28,731.1,733.45,728.88,732.69,52858900,VNSML,VN Small Cap
2020-05-29,732.52,739.02,731.15,739.02,75862510,VNSML,VN Small Cap
2020-06-01,739.11,754.02,739.11,754.02,100649540,VNSML,VN Small Cap
2020-06-02,755.15,759.42,744.04,744.79,75190020,VNSML,VN Small Cap
2020-06-03,744.65,751.61,740.3,750.24,98311940,VNSML,VN Small Cap
2020-06-04,754.42,759.84,750.26,759.71,92277580,VNSML,VN Small Cap
2020-06-05,760.06,772.93,758.54,772.69,129223730,VNSML,VN Small Cap
2020-06-08,773.57,789.57,773.57,787.93,137461350,VNSML,VN Small Cap
2020-06-09,787.93,795.36,783.86,791.1,114398980,VNSML,VN Small Cap
2020-06-10,790.89,805.16,785.51,803.63,109871370,VNSML,VN Small Cap
2020-06-11,804.12,815.41,779.03,779.14,191070380,VNSML,VN Small Cap
2020-06-12,778.69,778.69,749.63,774.54,179538660,VNSML,VN Small Cap
2020-06-15,776.99,782.45,759.48,760.15,119829290,VNSML,VN Small Cap
2020-06-16,760.24,774.11,760.24,773.51,136982360,VNSML,VN Small Cap
2020-06-17,773.51,776.56,766.8,770.68,116617480,VNSML,VN Small Cap
2020-06-18,770.36,774.16,762.15,772.66,84863600,VNSML,VN Small Cap
2020-06-19,772.82,786.97,771.01,786.97,129573790,VNSML,VN Small Cap
2020-06-22,786.95,796.71,785.42,787.04,81171320,VNSML,VN Small Cap
2020-06-23,791.33,792.8,783.45,789.09,128731820,VNSML,VN Small Cap
2020-06-24,789.18,793.08,776.58,778.23,103160540,VNSML,VN Small Cap
2020-06-25,777.73,778.58,765.89,778.58,74648210,VNSML,VN Small Cap
2020-06-26,778.58,783.38,764.08,768.0,71004620,VNSML,VN Small Cap
2020-06-29,767.66,767.81,739.68,744.31,88303870,VNSML,VN Small Cap
2020-06-30,744.31,752.93,728.16,733.94,91170380,VNSML,VN Small Cap
2020-07-01,734.69,752.0,732.84,751.11,72052620,VNSML,VN Small Cap
2020-07-02,750.94,756.11,748.67,750.45,37388380,VNSML,VN Small Cap
2020-07-03,750.21,755.28,750.19,754.42,47951660,VNSML,VN Small Cap
2020-07-06,754.43,760.11,754.25,758.45,45820790,VNSML,VN Small Cap
2020-07-07,758.61,764.5,758.45,758.58,59491060,VNSML,VN Small Cap
2020-07-08,758.42,759.98,755.59,759.72,43741920,VNSML,VN Small Cap
2020-07-09,759.64,771.16,759.64,771.05,68392650,VNSML,VN Small Cap
2020-07-10,770.92,774.02,764.5,769.37,76981520,VNSML,VN Small Cap
2020-07-13,769.32,772.57,764.53,766.6,48443800,VNSML,VN Small Cap
2020-07-14,766.52,768.28,762.39,768.16,54842510,VNSML,VN Small Cap
2020-07-15,768.16,775.91,768.09,772.18,70373320,VNSML,VN Small Cap
2020-07-16,772.3,775.87,770.64,771.27,55272670,VNSML,VN Small Cap
2020-07-17,771.29,776.55,771.03,775.64,65190980,VNSML,VN Small Cap
2020-07-20,775.65,777.94,769.77,770.45,61878050,VNSML,VN Small Cap
2020-07-21,770.52,772.99,765.93,771.88,47967540,VNSML,VN Small Cap
2020-07-22,772.02,774.27,766.14,767.5,47351550,VNSML,VN Small Cap
2020-07-23,767.5,768.85,758.12,762.13,55416050,VNSML,VN Small Cap
2020-07-24,762.12,762.12,726.85,732.51,97526880,VNSML,VN Small Cap
2020-07-27,729.7,732.51,694.25,696.18,78860120,VNSML,VN Small Cap
2020-07-28,696.18,720.85,694.62,720.74,70770580,VNSML,VN Small Cap
2020-07-29,703.75,720.74,688.07,701.29,65979870,VNSML,VN Small Cap
2020-07-30,701.37,708.1,699.77,705.12,40544870,VNSML,VN Small Cap
2020-07-31,705.02,705.02,695.03,699.93,54388780,VNSML,VN Small Cap
2020-08-03,699.94,719.45,699.56,718.96,66204100,VNSML,VN Small Cap
2020-08-04,719.17,732.45,719.17,729.42,84376770,VNSML,VN Small Cap
2020-08-05,729.48,739.42,725.68,739.09,68849490,VNSML,VN Small Cap
2020-08-06,739.12,743.85,733.2,741.55,61404310,VNSML,VN Small Cap
2020-08-07,741.49,750.57,741.43,747.45,58329810,VNSML,VN Small Cap
2020-08-10,747.34,758.66,747.34,755.75,73924460,VNSML,VN Small Cap
2020-08-11,755.8,761.39,753.36,755.27,63945090,VNSML,VN Small Cap
2020-08-12,755.31,757.67,749.35,752.03,61726480,VNSML,VN Small Cap
2020-08-13,752.23,761.38,752.22,760.29,56779120,VNSML,VN Small Cap
2020-08-14,762.95,767.62,756.81,759.87,69368910,VNSML,VN Small Cap
2020-08-17,759.87,761.96,752.88,761.96,57938520,VNSML,VN Small Cap
2020-08-18,761.96,766.45,760.68,765.09,44081200,VNSML,VN Small Cap
2020-08-19,765.02,772.2,764.38,770.96,50659610,VNSML,VN Small Cap
2020-08-20,770.96,774.7,768.95,770.93,56909120,VNSML,VN Small Cap
2020-08-21,771.05,781.65,770.93,780.84,66999290,VNSML,VN Small Cap
2020-08-24,781.0,792.08,781.0,790.32,89257640,VNSML,VN Small Cap
2020-08-25,790.28,795.06,789.56,793.26,87597910,VNSML,VN Small Cap
2020-08-26,793.21,799.84,789.86,797.89,80191700,VNSML,VN Small Cap
2020-08-27,797.89,805.47,797.58,805.47,67657180,VNSML,VN Small Cap
2020-08-28,810.21,811.17,805.48,807.69,85391230,VNSML,VN Small Cap
2020-08-31,807.78,810.69,796.55,798.76,85944180,VNSML,VN Small Cap
2020-09-01,798.64,805.23,796.41,805.23,67891890,VNSML,VN Small Cap
2020-09-03,805.17,812.82,804.34,806.5,73210620,VNSML,VN Small Cap
2020-09-04,806.41,806.5,794.14,802.79,69404070,VNSML,VN Small Cap
2020-09-07,802.79,809.04,797.78,797.78,91903390,VNSML,VN Small Cap
2020-09-08,797.77,802.93,795.65,802.93,72931160,VNSML,VN Small Cap
2020-09-09,802.93,809.28,796.31,809.28,65059820,VNSML,VN Small Cap
2020-09-10,809.38,815.79,809.38,813.26,86994030,VNSML,VN Small Cap
2020-09-11,813.0,821.15,811.25,821.15,84087940,VNSML,VN Small Cap
2020-09-14,821.0,828.35,821.0,826.66,80029180,VNSML,VN Small Cap
2020-09-15,831.47,831.66,826.66,827.9,100431160,VNSML,VN Small Cap
2020-09-16,827.9,828.25,824.33,827.69,64795130,VNSML,VN Small Cap
2020-09-17,827.64,831.44,822.1,828.0,92647780,VNSML,VN Small Cap
2020-09-18,828.11,831.1,827.77,831.1,58974310,VNSML,VN Small Cap
2020-09-21,831.11,834.74,828.92,829.39,72595160,VNSML,VN Small Cap
2020-09-22,829.34,829.39,823.96,828.47,73904770,VNSML,VN Small Cap
2020-09-23,826.23,830.89,826.07,829.2,57963240,VNSML,VN Small Cap
2020-09-24,829.23,832.03,825.81,827.97,67071320,VNSML,VN Small Cap
2020-09-25,827.89,830.48,822.34,826.9,64482600,VNSML,VN Small Cap
2020-09-28,826.83,832.69,826.83,832.44,68305690,VNSML,VN Small Cap
2020-09-29,832.5,835.51,826.56,827.02,82942870,VNSML,VN Small Cap
2020-09-30,827.0,833.62,822.99,833.55,59151840,VNSML,VN Small Cap
2020-10-01,833.63,843.11,833.55,843.11,69932700,VNSML,VN Small Cap
2020-10-02,843.09,846.45,827.68,838.84,97163300,VNSML,VN Small Cap
2020-10-05,838.84,853.21,838.84,853.21,91024210,VNSML,VN Small Cap
2020-10-06,853.23,861.38,852.15,861.18,114601010,VNSML,VN Small Cap
2020-10-07,861.44,866.04,858.52,862.36,118239240,VNSML,VN Small Cap
2020-10-08,862.36,865.83,853.32,859.21,85811860,VNSML,VN Small Cap
2020-10-09,859.35,861.42,856.95,858.83,69230360,VNSML,VN Small Cap
2020-10-12,858.83,863.22,847.27,848.6,85036340,VNSML,VN Small Cap
2020-10-13,848.63,849.13,843.17,846.82,56911850,VNSML,VN Small Cap
2020-10-14,846.82,851.53,844.19,844.82,56543510,VNSML,VN Small Cap
2020-10-15,844.82,848.16,835.87,835.9,65318920,VNSML,VN Small Cap
2020-10-16,835.9,838.64,827.54,831.84,59619170,VNSML,VN Small Cap
2020-10-19,831.77,835.93,831.76,833.35,41019430,VNSML,VN Small Cap
2020-10-20,835.94,840.92,834.36,839.12,53165080,VNSML,VN Small Cap
2020-10-21,839.1,842.48,833.24,833.38,63059280,VNSML,VN Small Cap
2020-10-22,833.32,835.89,829.47,835.71,51965370,VNSML,VN Small Cap
2020-10-23,836.0,840.85,836.0,840.37,72040470,VNSML,VN Small Cap
2020-10-26,840.35,843.91,833.63,833.9,69345420,VNSML,VN Small Cap
2020-10-27,833.96,834.01,824.65,825.0,64370730,VNSML,VN Small Cap
2020-10-28,823.79,823.89,807.77,808.53,72971470,VNSML,VN Small Cap
2020-10-29,802.28,815.01,800.11,812.03,62048400,VNSML,VN Small Cap
2020-10-30,812.08,818.79,808.83,813.96,45371010,VNSML,VN Small Cap
2020-11-02,814.05,822.52,814.05,822.52,54083010,VNSML,VN Small Cap
2020-11-03,822.52,828.48,822.47,828.27,48048110,VNSML,VN Small Cap
2020-11-04,828.27,839.97,828.27,838.64,50502600,VNSML,VN Small Cap
2020-11-05,838.62,841.44,835.65,835.71,48507300,VNSML,VN Small Cap
2020-11-06,835.71,840.39,835.71,840.21,41691660,VNSML,VN Small Cap
2020-11-09,840.21,852.82,840.21,852.82,58021940,VNSML,VN Small Cap
2020-11-10,852.88,860.94,851.87,851.92,60645270,VNSML,VN Small Cap
2020-11-11,852.04,857.56,851.64,855.88,56216560,VNSML,VN Small Cap
2020-11-12,855.96,860.43,855.96,859.11,62822360,VNSML,VN Small Cap
2020-11-13,859.09,865.42,859.09,865.18,76869910,VNSML,VN Small Cap
2020-11-16,865.52,871.3,860.26,865.41,74133480,VNSML,VN Small Cap
2020-11-17,865.32,876.63,865.32,876.62,72376030,VNSML,VN Small Cap
2020-11-18,876.62,884.15,876.51,883.9,83914050,VNSML,VN Small Cap
2020-11-19,883.9,890.5,883.57,888.96,80285070,VNSML,VN Small Cap
2020-11-20,888.92,901.59,887.68,901.59,103198680,VNSML,VN Small Cap
2020-11-23,901.66,907.38,899.01,907.24,77490820,VNSML,VN Small Cap
2020-11-24,907.24,910.58,899.43,907.57,75795900,VNSML,VN Small Cap
2020-11-25,907.59,912.99,905.16,907.76,65546770,VNSML,VN Small Cap
2020-11-26,907.74,911.65,904.66,911.37,61404700,VNSML,VN Small Cap
2020-11-27,911.78,918.06,911.78,918.06,67300960,VNSML,VN Small Cap
2020-11-30,918.08,924.6,918.06,918.17,65099430,VNSML,VN Small Cap
2020-12-01,917.85,926.37,909.18,924.54,79237580,VNSML,VN Small Cap
2020-12-02,924.57,927.94,922.6,925.41,77679390,VNSML,VN Small Cap
2020-12-03,925.19,932.16,925.17,932.08,81946270,VNSML,VN Small Cap
2020-12-04,932.32,933.47,927.43,930.74,87482890,VNSML,VN Small Cap
2020-12-07,930.79,946.0,930.79,943.7,102304350,VNSML,VN Small Cap
2020-12-08,943.84,951.9,943.7,951.05,94014190,VNSML,VN Small Cap
2020-12-09,951.49,958.53,951.43,956.1,114438650,VNSML,VN Small Cap
2020-12-10,956.65,958.46,945.31,946.05,109935370,VNSML,VN Small Cap
2020-12-11,946.2,956.63,942.74,956.48,76590480,VNSML,VN Small Cap
2020-12-14,956.58,973.48,956.53,973.48,101293540,VNSML,VN Small Cap
2020-12-15,973.52,981.39,968.06,980.08,122074520,VNSML,VN Small Cap
2020-12-16,980.1,992.13,980.1,991.33,99296760,VNSML,VN Small Cap
2020-12-17,991.33,995.96,985.13,992.27,120601600,VNSML,VN Small Cap
2020-12-18,992.2,1002.46,991.32,1002.27,111377640,VNSML,VN Small Cap
2020-12-21,1002.27,1018.96,1002.27,1017.1,135432580,VNSML,VN Small Cap
2020-12-22,1017.4,1039.2,1017.1,1038.46,169144120,VNSML,VN Small Cap
2020-12-23,1038.74,1053.31,1037.05,1042.13,179943400,VNSML,VN Small Cap
2020-12-24,1042.04,1046.24,994.48,1023.02,144122050,VNSML,VN Small Cap
2020-12-25,1023.0,1043.54,1012.24,1043.54,145424040,VNSML,VN Small Cap
2020-12-28,1044.91,1059.83,1044.91,1055.81,145233510,VNSML,VN Small Cap
2020-12-29,1055.63,1069.47,1052.86,1066.96,148625740,VNSML,VN Small Cap
2020-12-30,1066.96,1075.46,1063.44,1066.58,160770550,VNSML,VN Small Cap
2020-12-31,1066.56,1077.22,1065.07,1075.41,120206470,VNSML,VN Small Cap
2021-01-04,1076.39,1099.58,1075.41,1097.97,159812400,VNSML,VN Small Cap
2021-01-05,1097.91,1107.8,1093.59,1107.52,178222700,VNSML,VN Small Cap
2021-01-06,1107.52,1116.25,1103.99,1110.75,150423000,VNSML,VN Small Cap
2021-01-07,1110.82,1123.79,1106.47,1123.46,166388200,VNSML,VN Small Cap
2021-01-08,1123.54,1140.14,1123.53,1133.95,175845300,VNSML,VN Small Cap
2021-01-11,1134.03,1148.45,1129.1,1148.45,172932800,VNSML,VN Small Cap
2021-01-12,1148.46,1163.92,1138.79,1163.92,156559200,VNSML,VN Small Cap
2021-01-13,1164.55,1174.67,1160.06,1165.07,193613100,VNSML,VN Small Cap
2021-01-14,1165.13,1176.68,1156.55,1176.68,176049900,VNSML,VN Small Cap
2021-01-15,1177.01,1191.1,1177.01,1190.99,158881100,VNSML,VN Small Cap
2021-01-18,1190.66,1204.2,1189.5,1198.51,159836300,VNSML,VN Small Cap
2021-01-19,1199.74,1200.69,1130.15,1143.1,220535200,VNSML,VN Small Cap
2021-01-20,1142.24,1143.82,1091.49,1133.02,189360500,VNSML,VN Small Cap
2021-01-21,1133.83,1168.07,1131.5,1168.07,158289000,VNSML,VN Small Cap
2021-01-22,1168.05,1180.09,1164.98,1166.98,155734900,VNSML,VN Small Cap
2021-01-25,1167.03,1176.28,1157.66,1171.87,153208400,VNSML,VN Small Cap
2021-01-26,1171.35,1172.58,1129.09,1141.64,159030100,VNSML,VN Small Cap
2021-01-27,1140.44,1140.44,1093.52,1100.73,155735100,VNSML,VN Small Cap
2021-01-28,1099.49,1100.73,1031.15,1034.81,110781900,VNSML,VN Small Cap
2021-01-29,1034.05,1058.76,987.88,1051.01,124911500,VNSML,VN Small Cap
2021-02-01,1051.01,1055.29,1010.26,1015.52,125974700,VNSML,VN Small Cap
2021-02-02,1015.54,1026.13,992.93,1026.13,100168700,VNSML,VN Small Cap
2021-02-03,1026.12,1061.13,1026.12,1059.86,98440000,VNSML,VN Small Cap
2021-02-04,1059.9,1072.45,1056.32,1066.43,87189400,VNSML,VN Small Cap
2021-02-05,1066.32,1082.56,1066.32,1082.56,84909000,VNSML,VN Small Cap
2021-02-08,1082.56,1089.56,1048.28,1058.39,109503200,VNSML,VN Small Cap
2021-02-09,1059.16,1081.95,1052.28,1081.57,82605100,VNSML,VN Small Cap
2021-02-17,1081.57,1119.54,1081.57,1119.54,90520100,VNSML,VN Small Cap
2021-02-18,1119.54,1135.73,1116.13,1130.09,114880200,VNSML,VN Small Cap
2021-02-19,1130.04,1138.66,1119.09,1135.57,104250500,VNSML,VN Small Cap
2021-02-22,1135.73,1148.71,1133.7,1142.77,116815400,VNSML,VN Small Cap
2021-02-23,1142.77,1150.95,1137.62,1150.33,108653100,VNSML,VN Small Cap
2021-02-24,1150.45,1157.05,1131.92,1140.79,121385100,VNSML,VN Small Cap
2021-02-25,1141.0,1150.34,1134.56,1145.3,106965700,VNSML,VN Small Cap
2021-02-26,1145.3,1157.62,1134.06,1157.58,113473400,VNSML,VN Small Cap
2021-03-01,1157.74,1184.89,1157.74,1184.59,124243200,VNSML,VN Small Cap
2021-03-02,1185.53,1197.72,1182.14,1193.31,110350400,VNSML,VN Small Cap
2021-03-03,1193.31,1212.34,1190.22,1212.34,158107700,VNSML,VN Small Cap
2021-03-04,1212.23,1224.42,1183.03,1198.05,147803100,VNSML,VN Small Cap
2021-03-05,1197.94,1206.05,1176.92,1205.9,110671000,VNSML,VN Small Cap
2021-03-08,1209.45,1233.64,1209.18,1231.51,185608800,VNSML,VN Small Cap
2021-03-09,1231.95,1241.38,1218.3,1237.62,158696100,VNSML,VN Small Cap
2021-03-10,1237.62,1240.3,1226.38,1240.09,132995400,VNSML,VN Small Cap
2021-03-11,1240.12,1249.04,1240.03,1249.04,147746600,VNSML,VN Small Cap
2021-03-12,1249.08,1254.7,1247.47,1251.27,159109600,VNSML,VN Small Cap
2021-03-15,1251.31,1267.73,1251.24,1267.73,175845600,VNSML,VN Small Cap
2021-03-16,1267.77,1275.29,1258.2,1272.76,167188700,VNSML,VN Small Cap
2021-03-17,1273.76,1280.73,1270.46,1276.46,155328200,VNSML,VN Small Cap
2021-03-18,1276.37,1288.03,1274.91,1279.79,141050500,VNSML,VN Small Cap
2021-03-19,1279.74,1285.54,1274.72,1285.54,136503600,VNSML,VN Small Cap
2021-03-22,1285.54,1296.41,1281.89,1296.41,159310700,VNSML,VN Small Cap
2021-03-23,1296.49,1297.77,1272.22,1283.9,170001700,VNSML,VN Small Cap
2021-03-24,1283.73,1283.9,1249.16,1259.35,144507900,VNSML,VN Small Cap
2021-03-25,1260.38,1266.88,1241.12,1257.69,138467900,VNSML,VN Small Cap
2021-03-26,1256.92,1257.69,1213.0,1251.03,134378000,VNSML,VN Small Cap
2021-03-29,1251.39,1280.34,1250.83,1280.34,152768700,VNSML,VN Small Cap
2021-03-30,1280.88,1291.58,1277.62,1291.12,163090500,VNSML,VN Small Cap
2021-03-31,1291.7,1299.86,1286.57,1299.86,176836100,VNSML,VN Small Cap
2021-04-01,1299.83,1309.32,1294.9,1309.32,138330500,VNSML,VN Small Cap
2021-04-02,1309.02,1316.96,1302.16,1311.32,130031000,VNSML,VN Small Cap
2021-04-05,1311.32,1316.77,1301.39,1312.54,159166100,VNSML,VN Small Cap
2021-04-06,1312.54,1315.85,1308.11,1315.31,161135300,VNSML,VN Small Cap
2021-04-07,1315.37,1328.86,1314.19,1328.86,183260500,VNSML,VN Small Cap
2021-04-08,1329.39,1332.73,1315.08,1326.85,174429500,VNSML,VN Small Cap
2021-04-09,1326.85,1333.27,1319.33,1333.25,163359100,VNSML,VN Small Cap
2021-04-12,1333.33,1349.43,1333.33,1349.41,198940000,VNSML,VN Small Cap
2021-04-13,1351.09,1359.76,1326.76,1335.04,273439100,VNSML,VN Small Cap
2021-04-14,1333.58,1352.6,1316.07,1352.56,209670900,VNSML,VN Small Cap
2021-04-15,1352.62,1362.61,1344.52,1348.89,191165300,VNSML,VN Small Cap
2021-04-16,1348.81,1352.3,1308.75,1327.64,218221200,VNSML,VN Small Cap
2021-04-19,1327.7,1341.34,1308.22,1341.34,193851300,VNSML,VN Small Cap
2021-04-20,1341.5,1346.37,1323.08,1333.76,191107400,VNSML,VN Small Cap
2021-04-22,1333.71,1333.71,1294.45,1294.45,144429600,VNSML,VN Small Cap
2021-04-23,1294.36,1310.63,1268.85,1310.63,120149700,VNSML,VN Small Cap
2021-04-26,1310.93,1311.64,1279.13,1280.03,117548900,VNSML,VN Small Cap
2021-04-27,1279.91,1279.91,1257.43,1276.72,104734200,VNSML,VN Small Cap
2021-04-28,1276.83,1292.23,1273.19,1291.09,130828200,VNSML,VN Small Cap
2021-04-29,1290.92,1299.5,1287.02,1289.64,92841300,VNSML,VN Small Cap
2021-05-04,1289.55,1289.55,1251.67,1282.92,116485500,VNSML,VN Small Cap
2021-05-05,1282.87,1308.16,1281.79,1300.68,117299500,VNSML,VN Small Cap
2021-05-06,1300.64,1308.64,1289.32,1293.43,126233600,VNSML,VN Small Cap
2021-05-07,1293.27,1293.27,1270.97,1283.71,135462700,VNSML,VN Small Cap
2021-05-10,1283.71,1285.1,1272.43,1282.1,135026700,VNSML,VN Small Cap
2021-05-11,1282.21,1303.06,1281.53,1291.59,119863500,VNSML,VN Small Cap
2021-05-12,1291.56,1311.02,1285.49,1309.89,102673500,VNSML,VN Small Cap
2021-05-13,1309.85,1313.94,1305.8,1306.39,105308300,VNSML,VN Small Cap
2021-05-14,1305.15,1310.38,1298.44,1305.03,115388200,VNSML,VN Small Cap
2021-05-17,1305.03,1305.66,1290.6,1297.71,136985300,VNSML,VN Small Cap
2021-05-18,1297.66,1301.19,1289.53,1296.41,114937700,VNSML,VN Small Cap
2021-05-19,1295.3,1296.41,1285.63,1289.71,103969200,VNSML,VN Small Cap
2021-05-20,1289.71,1289.71,1277.77,1281.89,125270000,VNSML,VN Small Cap
2021-05-21,1281.89,1303.31,1273.13,1298.84,107459100,VNSML,VN Small Cap
2021-05-24,1298.84,1317.06,1298.84,1316.06,98207300,VNSML,VN Small Cap
2021-05-25,1316.62,1322.51,1314.37,1322.1,126041200,VNSML,VN Small Cap
2021-05-26,1322.08,1322.08,1312.25,1316.91,127516200,VNSML,VN Small Cap
2021-05-27,1316.8,1321.38,1302.61,1307.78,105366500,VNSML,VN Small Cap
2021-05-28,1307.78,1321.08,1302.66,1321.08,109928200,VNSML,VN Small Cap
2021-05-31,1320.46,1324.33,1303.6,1323.69,109237100,VNSML,VN Small Cap
2021-06-01,1324.3,1326.53,1317.0,1318.3,90876700,VNSML,VN Small Cap
2021-06-02,1318.05,1330.36,1308.77,1330.34,108059500,VNSML,VN Small Cap
2021-06-03,1331.8,1363.83,1330.34,1363.74,158593200,VNSML,VN Small Cap
2021-06-04,1363.68,1374.6,1357.84,1374.6,148749100,VNSML,VN Small Cap
2021-06-07,1374.61,1378.98,1348.78,1361.73,116181600,VNSML,VN Small Cap
2021-06-08,1361.9,1365.91,1330.31,1331.31,142311300,VNSML,VN Small Cap
2021-06-09,1331.19,1341.97,1306.95,1335.83,109664800,VNSML,VN Small Cap
2021-06-10,1336.05,1339.91,1326.38,1336.02,110367200,VNSML,VN Small Cap
2021-06-11,1336.02,1360.32,1335.19,1360.28,132387100,VNSML,VN Small Cap
2021-06-14,1359.3,1375.76,1358.11,1368.59,121732800,VNSML,VN Small Cap
2021-06-15,1368.61,1379.92,1362.83,1378.25,107388700,VNSML,VN Small Cap
2021-06-16,1378.29,1389.41,1365.32,1384.11,128980200,VNSML,VN Small Cap
2021-06-17,1383.9,1397.68,1369.81,1397.68,119271300,VNSML,VN Small Cap
2021-06-18,1397.77,1416.97,1397.42,1415.91,143960500,VNSML,VN Small Cap
2021-06-21,1415.45,1423.73,1409.19,1414.15,133675500,VNSML,VN Small Cap
2021-06-22,1414.21,1421.11,1403.85,1405.14,127756700,VNSML,VN Small Cap
2021-06-23,1405.11,1405.11,1384.26,1389.27,127336600,VNSML,VN Small Cap
2021-06-24,1389.27,1390.46,1377.8,1378.57,96838400,VNSML,VN Small Cap
2021-06-25,1378.26,1390.13,1370.7,1389.79,86333500,VNSML,VN Small Cap
2021-06-28,1389.75,1405.42,1389.54,1404.35,113703300,VNSML,VN Small Cap
2021-06-29,1404.6,1406.99,1391.89,1396.97,97869900,VNSML,VN Small Cap
2021-06-30,1396.91,1399.81,1389.93,1392.19,86213800,VNSML,VN Small Cap
2021-07-01,1392.19,1401.92,1386.75,1400.66,123343500,VNSML,VN Small Cap
2021-07-02,1400.66,1407.95,1399.97,1407.45,114848000,VNSML,VN Small Cap
2021-07-05,1394.06,1406.87,1382.61,1394.06,118783500,VNSML,VN Small Cap
2021-07-06,1346.88,1398.96,1346.88,1346.88,123513400,VNSML,VN Small Cap
2021-07-07,1340.57,1347.46,1310.57,1347.46,104674300,VNSML,VN Small Cap
2021-07-08,1349.91,1361.5,1336.5,1344.83,73115600,VNSML,VN Small Cap
2021-07-09,1338.08,1346.68,1306.25,1317.18,93368200,VNSML,VN Small Cap
2021-07-12,1301.62,1317.18,1244.74,1259.9,116041800,VNSML,VN Small Cap
2021-07-13,1264.36,1274.17,1245.92,1274.17,84751600,VNSML,VN Small Cap
2021-07-14,1280.39,1282.33,1247.65,1264.43,79664900,VNSML,VN Small Cap
2021-07-15,1257.73,1285.92,1257.73,1285.92,61178700,VNSML,VN Small Cap
2021-07-16,1286.27,1292.98,1283.67,1291.17,65031600,VNSML,VN Small Cap
2021-07-19,1259.65,1291.17,1242.6,1246.98,92514700,VNSML,VN Small Cap
2021-07-20,1245.63,1271.02,1235.9,1271.02,72063500,VNSML,VN Small Cap
2021-07-21,1275.8,1283.12,1267.21,1274.86,50539500,VNSML,VN Small Cap
2021-07-22,1277.19,1302.17,1274.86,1299.87,81178700,VNSML,VN Small Cap
2021-07-23,1297.36,1303.2,1283.59,1287.61,74574500,VNSML,VN Small Cap
2021-07-26,1276.0,1298.12,1271.53,1298.12,68592600,VNSML,VN Small Cap
2021-07-27,1305.36,1311.05,1301.37,1304.43,74613500,VNSML,VN Small Cap
2021-07-28,1302.12,1307.68,1294.52,1300.12,62694100,VNSML,VN Small Cap
2021-07-29,1302.69,1313.67,1298.81,1313.67,72421700,VNSML,VN Small Cap
2021-07-30,1316.8,1327.66,1316.41,1326.33,89892800,VNSML,VN Small Cap
2021-08-02,1324.87,1348.88,1323.39,1345.29,124830100,VNSML,VN Small Cap
2021-08-03,1350.55,1364.32,1345.29,1364.32,130601000,VNSML,VN Small Cap
2021-08-04,1371.38,1380.7,1364.32,1376.69,138730000,VNSML,VN Small Cap
2021-08-05,1373.21,1390.14,1368.24,1390.14,124476600,VNSML,VN Small Cap
2021-08-06,1393.24,1405.39,1388.87,1396.75,158516600,VNSML,VN Small Cap
2021-08-09,1393.8,1428.32,1391.69,1428.32,145881400,VNSML,VN Small Cap
2021-08-10,1441.45,1446.28,1428.32,1445.79,157070000,VNSML,VN Small Cap
2021-08-11,1452.22,1462.62,1451.6,1452.69,170518700,VNSML,VN Small Cap
2021-08-12,1448.71,1473.55,1440.11,1461.19,193808200,VNSML,VN Small Cap
2021-08-13,1455.49,1472.28,1432.49,1472.28,180810800,VNSML,VN Small Cap
2021-08-16,1490.35,1501.7,1488.0,1497.64,173610300,VNSML,VN Small Cap
2021-08-17,1502.05,1502.05,1485.23,1494.69,175811900,VNSML,VN Small Cap
2021-08-18,1491.56,1505.65,1491.19,1495.82,137059200,VNSML,VN Small Cap
2021-08-19,1495.77,1512.95,1491.65,1511.64,163799700,VNSML,VN Small Cap
2021-08-20,1515.88,1524.56,1461.66,1483.75,275949100,VNSML,VN Small Cap
2021-08-23,1477.55,1488.93,1466.15,1466.83,172160900,VNSML,VN Small Cap
2021-08-24,1472.22,1482.28,1434.43,1445.5,158140800,VNSML,VN Small Cap
2021-08-25,1443.41,1460.29,1425.77,1460.29,119590100,VNSML,VN Small Cap
2021-08-26,1467.19,1487.22,1460.29,1472.61,116886600,VNSML,VN Small Cap
2021-08-27,1466.35,1496.25,1457.21,1495.83,129285900,VNSML,VN Small Cap
2021-08-30,1513.21,1537.24,1495.83,1535.97,168527900,VNSML,VN Small Cap
2021-08-31,1547.17,1555.11,1535.97,1545.38,197996300,VNSML,VN Small Cap
2021-09-01,1541.68,1568.46,1540.01,1568.46,185079400,VNSML,VN Small Cap
2021-09-06,1583.59,1612.67,1568.46,1607.18,236724300,VNSML,VN Small Cap
2021-09-07,1613.65,1615.08,1569.66,1573.47,225487000,VNSML,VN Small Cap
2021-09-08,1567.12,1579.86,1555.66,1567.24,152974300,VNSML,VN Small Cap
2021-09-09,1569.22,1590.03,1567.04,1590.03,133656700,VNSML,VN Small Cap
2021-09-10,1599.37,1608.86,1598.02,1606.96,146809500,VNSML,VN Small Cap
2021-09-13,1616.03,1623.16,1608.62,1616.85,212841700,VNSML,VN Small Cap
2021-09-14,1623.21,1640.35,1621.99,1630.35,232278000,VNSML,VN Small Cap
2021-09-15,1633.93,1661.61,1627.92,1657.18,213386400,VNSML,VN Small Cap
2021-09-16,1662.82,1663.14,1644.09,1653.2,186540500,VNSML,VN Small Cap
2021-09-17,1652.5,1679.39,1651.88,1679.39,203813900,VNSML,VN Small Cap
2021-09-20,1691.48,1695.32,1664.03,1673.98,257741200,VNSML,VN Small Cap
2021-09-21,1643.53,1681.81,1638.34,1681.81,222475800,VNSML,VN Small Cap
2021-09-22,1693.05,1711.32,1689.86,1711.32,247718600,VNSML,VN Small Cap
2021-09-23,1733.24,1734.6,1689.06,1689.53,334808300,VNSML,VN Small Cap
2021-09-24,1683.45,1683.45,1656.8,1661.69,179428700,VNSML,VN Small Cap
2021-09-27,1653.27,1659.92,1602.5,1602.5,213065100,VNSML,VN Small Cap
2021-09-28,1579.38,1625.31,1568.3,1625.31,158011200,VNSML,VN Small Cap
2021-09-29,1616.76,1628.92,1600.6,1628.92,129417600,VNSML,VN Small Cap
2021-09-30,1637.05,1654.57,1636.72,1646.1,103437200,VNSML,VN Small Cap
2021-10-01,1645.54,1660.09,1641.27,1647.27,134442500,VNSML,VN Small Cap
2021-10-04,1650.64,1671.24,1644.18,1665.24,166009000,VNSML,VN Small Cap
2021-10-05,1671.83,1682.32,1665.24,1678.26,135493100,VNSML,VN Small Cap
2021-10-06,1690.18,1705.85,1686.14,1705.85,160260900,VNSML,VN Small Cap
2021-10-07,1711.5,1735.58,1710.8,1731.2,197543300,VNSML,VN Small Cap
2021-10-08,1736.16,1738.99,1725.02,1726.9,160019400,VNSML,VN Small Cap
2021-10-11,1730.99,1739.41,1726.9,1729.77,159054400,VNSML,VN Small Cap
2021-10-12,1731.14,1741.2,1720.35,1739.69,180730500,VNSML,VN Small Cap
2021-10-13,1745.63,1753.88,1739.69,1747.74,156691000,VNSML,VN Small Cap
2021-10-14,1754.62,1770.13,1747.74,1765.87,169591100,VNSML,VN Small Cap
2021-10-15,1774.72,1785.06,1765.78,1776.52,203934400,VNSML,VN Small Cap
2021-10-18,1783.39,1791.32,1776.52,1779.57,211867900,VNSML,VN Small Cap
2021-10-19,1778.75,1791.28,1766.48,1786.3,161384900,VNSML,VN Small Cap
2021-10-20,1794.38,1804.45,1773.59,1800.16,247463300,VNSML,VN Small Cap
2021-10-21,1810.55,1818.71,1800.16,1818.71,192304100,VNSML,VN Small Cap
2021-10-22,1823.32,1832.33,1817.6,1825.76,231329400,VNSML,VN Small Cap
2021-10-25,1828.56,1840.34,1820.9,1824.92,251452400,VNSML,VN Small Cap
2021-10-26,1817.19,1843.74,1799.58,1843.74,207598800,VNSML,VN Small Cap
2021-10-27,1853.15,1876.86,1853.15,1874.23,232894800,VNSML,VN Small Cap
2021-10-28,1884.66,1897.54,1878.63,1896.05,212389800,VNSML,VN Small Cap
2021-10-29,1909.29,1916.93,1895.0,1916.89,277668500,VNSML,VN Small Cap
2021-11-01,1932.95,1945.0,1928.73,1939.73,290058000,VNSML,VN Small Cap
2021-11-02,1948.92,1980.16,1939.73,1980.16,294305900,VNSML,VN Small Cap
2021-11-03,1997.24,2002.66,1907.66,1907.66,432462000,VNSML,VN Small Cap
2021-11-04,1889.5,1932.6,1876.64,1930.08,258128600,VNSML,VN Small Cap
2021-11-05,1941.09,1951.59,1925.26,1951.59,232772400,VNSML,VN Small Cap
2021-11-08,1966.68,1979.64,1951.59,1973.66,255667300,VNSML,VN Small Cap
2021-11-09,1979.81,1988.9,1968.1,1983.31,250350900,VNSML,VN Small Cap
2021-11-10,1989.58,2009.54,1987.15,2006.87,243773400,VNSML,VN Small Cap
2021-11-11,2022.93,2037.5,1990.77,2025.52,315885200,VNSML,VN Small Cap
2021-11-12,2037.19,2048.98,2015.91,2048.41,266379100,VNSML,VN Small Cap
2021-11-15,2074.84,2087.27,2048.41,2070.17,318468500,VNSML,VN Small Cap
2021-11-16,2060.36,2078.83,2032.26,2064.29,362171900,VNSML,VN Small Cap
2021-11-17,2061.17,2092.55,2056.57,2088.41,245380300,VNSML,VN Small Cap
2021-11-18,2100.97,2119.49,2087.85,2115.66,269349400,VNSML,VN Small Cap
2021-11-19,2133.89,2137.45,2020.48,2070.33,413670400,VNSML,VN Small Cap
2021-11-22,2063.22,2070.33,1990.98,1993.37,317829300,VNSML,VN Small Cap
2021-11-23,1952.13,2026.05,1951.63,2026.05,214613100,VNSML,VN Small Cap
2021-11-24,2057.43,2061.26,2026.05,2028.84,188287800,VNSML,VN Small Cap
2021-11-25,2030.34,2056.99,2022.07,2056.61,186669500,VNSML,VN Small Cap
2021-11-26,2076.82,2082.54,2039.38,2058.43,240138500,VNSML,VN Small Cap
2021-11-29,2010.02,2074.68,2010.02,2071.59,233844200,VNSML,VN Small Cap
2021-11-30,2096.13,2103.51,2065.6,2076.75,233867500,VNSML,VN Small Cap
2021-12-01,2064.81,2082.31,2062.44,2082.31,217409500,VNSML,VN Small Cap
2021-12-02,2089.8,2098.36,2084.73,2086.49,188064100,VNSML,VN Small Cap
2021-12-03,2092.65,2097.33,2031.98,2036.15,271723200,VNSML,VN Small Cap
2021-12-06,2032.85,2047.82,1948.15,1962.08,242430100,VNSML,VN Small Cap
2021-12-07,1979.14,2013.65,1953.7,2013.65,156931600,VNSML,VN Small Cap
2021-12-08,2026.36,2028.36,2007.52,2008.83,188277800,VNSML,VN Small Cap
2021-12-09,1998.0,2035.17,1995.68,2035.17,148942400,VNSML,VN Small Cap
2021-12-10,2035.61,2044.1,2026.73,2036.28,222947800,VNSML,VN Small Cap
2021-12-13,2049.1,2088.0,2036.28,2085.78,222251000,VNSML,VN Small Cap
2021-12-14,2105.74,2109.1,2076.35,2092.54,254776600,VNSML,VN Small Cap
2021-12-15,2085.65,2098.34,2068.21,2083.27,247799900,VNSML,VN Small Cap
2021-12-16,2087.27,2106.27,2083.78,2106.27,247683200,VNSML,VN Small Cap
2021-12-17,2127.77,2133.1,2106.27,2118.02,299717700,VNSML,VN Small Cap
2021-12-20,2126.31,2127.83,2094.75,2123.02,246981400,VNSML,VN Small Cap
2021-12-21,2126.55,2141.89,2118.22,2136.22,227861200,VNSML,VN Small Cap
2021-12-22,2152.75,2165.25,2136.22,2156.05,268247000,VNSML,VN Small Cap
2021-12-23,2160.17,2170.2,2094.43,2142.97,362799100,VNSML,VN Small Cap
2021-12-24,2156.3,2166.92,2120.65,2138.2,244566700,VNSML,VN Small Cap
2021-12-27,2144.58,2166.8,2124.43,2166.8,188252000,VNSML,VN Small Cap
2021-12-28,2181.14,2194.26,2170.42,2183.95,236707300,VNSML,VN Small Cap
2021-12-29,2191.81,2200.16,2181.91,2187.7,226485700,VNSML,VN Small Cap
2021-12-30,2189.83,2194.3,2174.25,2177.28,204353800,VNSML,VN Small Cap
2021-12-31,2180.77,2190.0,2147.26,2171.7,208057900,VNSML,VN Small Cap
2022-01-04,2171.75,2214.54,2171.75,2205.1,172335700,VNSML,VN Small Cap
2022-01-05,2216.77,2236.3,2205.1,2231.16,235725200,VNSML,VN Small Cap
2022-01-06,2237.9,2261.9,2228.07,2248.19,280634800,VNSML,VN Small Cap
2022-01-07,2257.22,2283.12,2249.63,2283.06,263229400,VNSML,VN Small Cap
2022-01-10,2286.59,2318.27,2245.71,2245.71,348207100,VNSML,VN Small Cap
2022-01-11,2240.98,2263.55,2208.46,2228.75,376402300,VNSML,VN Small Cap
2022-01-12,2204.97,2211.07,2132.58,2180.36,221564000,VNSML,VN Small Cap
2022-01-13,2181.05,2181.05,2106.88,2113.43,191244000,VNSML,VN Small Cap
2022-01-14,2084.95,2118.51,2048.54,2095.39,189278700,VNSML,VN Small Cap
2022-01-17,2101.43,2103.3,1993.92,1995.0,166181500,VNSML,VN Small Cap
2022-01-18,1945.86,1956.02,1901.53,1912.33,119259500,VNSML,VN Small Cap
2022-01-19,1885.88,1897.06,1862.97,1896.92,118047700,VNSML,VN Small Cap
2022-01-20,1883.47,1945.08,1880.16,1945.08,201468600,VNSML,VN Small Cap
2022-01-21,1966.3,1981.69,1945.08,1965.77,195749600,VNSML,VN Small Cap
2022-01-24,1958.8,1959.24,1870.13,1876.26,144990800,VNSML,VN Small Cap
2022-01-25,1829.49,1876.26,1829.49,1875.66,137819400,VNSML,VN Small Cap
2022-01-26,1879.93,1894.77,1841.86,1845.18,137076400,VNSML,VN Small Cap
2022-01-27,1826.73,1834.98,1810.48,1819.16,100215000,VNSML,VN Small Cap
2022-01-28,1815.11,1850.34,1795.46,1850.34,122721300,VNSML,VN Small Cap
2022-02-07,1886.78,1910.19,1884.34,1907.7,93074200,VNSML,VN Small Cap
2022-02-08,1913.27,1930.38,1908.39,1920.55,138938600,VNSML,VN Small Cap
2022-02-09,1912.34,1953.4,1912.24,1952.46,144960900,VNSML,VN Small Cap
2022-02-10,1962.11,1973.28,1953.23,1963.58,112193900,VNSML,VN Small Cap
2022-02-11,1960.54,1970.96,1958.0,1970.3,123289600,VNSML,VN Small Cap
2022-02-14,1942.45,1977.37,1937.89,1959.41,145580400,VNSML,VN Small Cap
2022-02-15,1957.98,1969.62,1943.61,1969.62,95658900,VNSML,VN Small Cap
2022-02-16,1982.31,2004.58,1980.91,2004.58,165304200,VNSML,VN Small Cap
2022-02-17,2006.46,2021.35,2004.58,2020.85,147168300,VNSML,VN Small Cap
2022-02-18,2009.18,2052.26,2006.68,2052.26,167884200,VNSML,VN Small Cap
2022-02-21,2062.22,2100.33,2062.22,2091.42,210843300,VNSML,VN Small Cap
2022-02-22,2088.12,2088.12,2042.55,2068.85,232097100,VNSML,VN Small Cap
2022-02-23,2081.06,2098.37,2079.85,2092.55,166284900,VNSML,VN Small Cap
2022-02-24,2091.21,2108.76,2006.28,2061.0,279466900,VNSML,VN Small Cap
2022-02-25,2082.07,2096.84,2061.0,2083.44,159226400,VNSML,VN Small Cap
2022-02-28,2081.57,2093.38,2067.94,2093.13,165698300,VNSML,VN Small Cap
2022-03-01,2093.44,2125.58,2093.44,2116.98,208455900,VNSML,VN Small Cap
2022-03-02,2117.87,2127.12,2096.34,2108.66,175827700,VNSML,VN Small Cap
2022-03-03,2116.54,2143.88,2108.6,2143.88,223772300,VNSML,VN Small Cap
2022-03-04,2156.03,2170.94,2152.67,2164.93,231420700,VNSML,VN Small Cap
2022-03-07,2164.7,2186.82,2154.7,2178.76,266658500,VNSML,VN Small Cap
2022-03-08,2156.9,2174.56,2132.56,2132.56,250509000,VNSML,VN Small Cap
2022-03-09,2135.43,2145.41,2081.97,2137.3,220630800,VNSML,VN Small Cap
2022-03-10,2151.05,2175.75,2151.05,2166.84,180450200,VNSML,VN Small Cap
2022-03-11,2167.06,2181.09,2137.2,2146.49,229609200,VNSML,VN Small Cap
2022-03-14,2135.59,2142.61,2091.09,2115.06,202272600,VNSML,VN Small Cap
2022-03-15,2115.53,2135.91,2103.49,2131.84,165167100,VNSML,VN Small Cap
2022-03-16,2147.37,2162.28,2146.36,2155.8,156738400,VNSML,VN Small Cap
2022-03-17,2173.43,2182.41,2166.14,2176.68,203025500,VNSML,VN Small Cap
2022-03-18,2184.36,2198.04,2176.68,2191.02,228702500,VNSML,VN Small Cap
2022-03-21,2195.72,2219.84,2195.72,2219.84,221128400,VNSML,VN Small Cap
2022-03-22,2228.84,2234.44,2219.29,2223.19,255536400,VNSML,VN Small Cap
2022-03-23,2228.73,2246.75,2228.66,2236.46,229949000,VNSML,VN Small Cap
2022-03-24,2238.15,2264.42,2236.88,2261.28,239860600,VNSML,VN Small Cap
2022-03-25,2266.27,2286.75,2266.08,2283.74,233794500,VNSML,VN Small Cap
2022-03-28,2280.22,2280.22,2225.89,2255.24,272345700,VNSML,VN Small Cap
2022-03-29,2258.76,2292.26,2258.76,2286.35,231131800,VNSML,VN Small Cap
2022-03-30,2267.56,2290.09,2220.44,2238.82,263113000,VNSML,VN Small Cap
2022-03-31,2241.52,2250.02,2205.19,2211.95,187345200,VNSML,VN Small Cap
2022-04-01,2192.12,2240.62,2181.05,2240.62,260469000,VNSML,VN Small Cap
2022-04-04,2261.83,2273.67,2254.65,2260.76,167169100,VNSML,VN Small Cap
2022-04-05,2256.51,2269.44,2253.01,2258.21,165264000,VNSML,VN Small Cap
2022-04-06,2234.57,2255.98,2212.42,2223.28,211058400,VNSML,VN Small Cap
2022-04-07,2225.05,2229.74,2182.77,2182.77,179476000,VNSML,VN Small Cap
2022-04-08,2184.24,2190.69,2130.62,2130.62,167386000,VNSML,VN Small Cap
2022-04-12,2131.31,2145.45,2066.21,2066.21,162164400,VNSML,VN Small Cap
2022-04-13,2061.75,2117.24,2017.47,2117.24,152398000,VNSML,VN Small Cap
2022-04-14,2126.27,2132.43,2111.47,2114.76,103876400,VNSML,VN Small Cap
2022-04-15,2103.28,2122.55,2089.8,2095.89,128430900,VNSML,VN Small Cap
2022-04-18,2088.01,2088.01,2015.66,2034.49,213627700,VNSML,VN Small Cap
2022-04-19,2034.5,2043.88,1970.6,1971.09,170581900,VNSML,VN Small Cap
2022-04-20,1955.96,1959.44,1899.78,1899.78,161604600,VNSML,VN Small Cap
2022-04-21,1877.05,1882.94,1807.45,1850.75,156430900,VNSML,VN Small Cap
2022-04-22,1839.52,1872.87,1773.68,1812.49,212907100,VNSML,VN Small Cap
2022-04-25,1807.65,1812.77,1706.93,1715.03,137887200,VNSML,VN Small Cap
2022-04-26,1661.28,1758.4,1635.36,1758.4,138645900,VNSML,VN Small Cap
2022-04-27,1756.59,1802.42,1734.58,1801.81,110718100,VNSML,VN Small Cap
2022-04-28,1804.62,1836.6,1804.09,1813.1,110168900,VNSML,VN Small Cap
2022-04-29,1812.23,1864.75,1803.44,1864.75,118807000,VNSML,VN Small Cap
2022-05-04,1863.41,1873.9,1849.96,1854.31,111055600,VNSML,VN Small Cap
2022-05-05,1865.65,1870.3,1796.35,1829.55,107133400,VNSML,VN Small Cap
2022-05-06,1810.48,1813.55,1768.18,1768.18,97054700,VNSML,VN Small Cap
2022-05-09,1728.87,1730.3,1663.31,1663.52,115916000,VNSML,VN Small Cap
2022-05-10,1642.98,1675.6,1580.84,1675.6,121077300,VNSML,VN Small Cap
2022-05-11,1689.49,1699.55,1664.07,1694.83,78560300,VNSML,VN Small Cap
2022-05-12,1682.65,1691.91,1602.24,1604.39,95428400,VNSML,VN Small Cap
2022-05-13,1580.82,1597.09,1509.36,1513.29,130007100,VNSML,VN Small Cap
2022-05-16,1542.6,1567.89,1496.58,1500.41,98499000,VNSML,VN Small Cap
2022-05-17,1482.67,1578.91,1474.99,1578.91,109085100,VNSML,VN Small Cap
2022-05-18,1605.37,1621.39,1588.9,1599.8,89137300,VNSML,VN Small Cap
2022-05-19,1554.19,1597.28,1554.19,1593.64,83793400,VNSML,VN Small Cap
2022-05-20,1594.2,1622.07,1590.6,1607.42,95243500,VNSML,VN Small Cap
2022-05-23,1621.94,1626.16,1570.18,1588.41,104929500,VNSML,VN Small Cap
2022-05-24,1587.21,1598.16,1552.46,1598.16,87270500,VNSML,VN Small Cap
2022-05-25,1604.4,1654.83,1603.04,1654.83,115341000,VNSML,VN Small Cap
2022-05-26,1659.22,1675.35,1654.83,1666.7,116268600,VNSML,VN Small Cap
2022-05-27,1665.8,1687.85,1665.14,1680.38,126655800,VNSML,VN Small Cap
2022-05-30,1682.38,1703.71,1674.98,1694.54,103161000,VNSML,VN Small Cap
2022-05-31,1694.11,1705.52,1675.43,1683.95,118449500,VNSML,VN Small Cap
2022-06-01,1679.37,1690.15,1659.08,1690.15,108184400,VNSML,VN Small Cap
2022-06-02,1693.65,1704.49,1677.29,1686.49,111621200,VNSML,VN Small Cap
2022-06-03,1684.39,1692.23,1657.06,1681.03,94462600,VNSML,VN Small Cap
2022-06-06,1681.06,1698.98,1658.77,1658.77,107751900,VNSML,VN Small Cap
2022-06-07,1653.76,1660.35,1611.38,1660.35,128611700,VNSML,VN Small Cap
2022-06-08,1674.11,1710.97,1673.55,1699.72,98444000,VNSML,VN Small Cap
2022-06-09,1704.82,1712.53,1697.12,1707.3,73728700,VNSML,VN Small Cap
2022-06-10,1690.95,1708.45,1657.37,1657.37,99796700,VNSML,VN Small Cap
2022-06-13,1592.36,1611.58,1564.24,1569.13,133584100,VNSML,VN Small Cap
2022-06-14,1518.51,1564.74,1518.17,1536.56,103197900,VNSML,VN Small Cap
2022-06-15,1539.49,1546.54,1468.1,1492.37,120927100,VNSML,VN Small Cap
2022-06-16,1514.96,1523.75,1493.98,1493.98,91124400,VNSML,VN Small Cap
2022-06-17,1447.56,1456.85,1428.79,1452.85,107299200,VNSML,VN Small Cap
2022-06-20,1444.36,1456.93,1393.14,1394.7,102208600,VNSML,VN Small Cap
2022-06-21,1368.6,1396.71,1345.42,1352.91,108223000,VNSML,VN Small Cap
2022-06-22,1365.6,1376.5,1344.76,1360.55,94495000,VNSML,VN Small Cap
2022-06-23,1360.77,1403.82,1356.6,1403.82,62178000,VNSML,VN Small Cap
2022-06-24,1413.0,1423.83,1409.7,1409.96,66756200,VNSML,VN Small Cap
2022-06-27,1417.12,1440.24,1412.42,1436.96,61673500,VNSML,VN Small Cap
2022-06-28,1442.93,1460.87,1439.1,1453.4,86576200,VNSML,VN Small Cap
2022-06-29,1442.68,1458.48,1435.26,1450.92,68831500,VNSML,VN Small Cap
2022-06-30,1451.91,1459.45,1422.86,1422.86,71776500,VNSML,VN Small Cap
2022-07-01,1409.55,1431.7,1375.0,1424.66,80239900,VNSML,VN Small Cap
2022-07-04,1431.19,1449.34,1420.64,1425.86,58945900,VNSML,VN Small Cap
2022-07-05,1423.25,1427.2,1388.8,1389.24,79536500,VNSML,VN Small Cap
2022-07-06,1382.44,1382.44,1350.32,1350.32,65798200,VNSML,VN Small Cap
2022-07-07,1343.75,1356.42,1331.98,1356.42,57959000,VNSML,VN Small Cap
2022-07-08,1371.77,1391.57,1370.25,1388.95,68256700,VNSML,VN Small Cap
2022-07-11,1385.65,1396.51,1362.77,1376.24,71646500,VNSML,VN Small Cap
2022-07-12,1380.0,1421.98,1377.45,1421.98,86205400,VNSML,VN Small Cap
2022-07-13,1430.59,1439.89,1424.66,1430.62,92684200,VNSML,VN Small Cap
2022-07-14,1420.19,1441.56,1419.11,1441.56,82380400,VNSML,VN Small Cap
2022-07-15,1443.27,1455.24,1438.81,1438.81,93298200,VNSML,VN Small Cap
2022-07-18,1447.93,1458.0,1440.44,1447.01,85958200,VNSML,VN Small Cap
2022-07-19,1442.59,1445.78,1425.98,1442.87,88206200,VNSML,VN Small Cap
2022-07-20,1459.85,1486.17,1457.14,1480.17,108467900,VNSML,VN Small Cap
2022-07-21,1482.58,1488.42,1471.58,1472.18,89020400,VNSML,VN Small Cap
2022-07-22,1473.9,1478.13,1463.42,1463.42,80081500,VNSML,VN Small Cap
2022-07-25,1460.0,1465.15,1446.27,1455.02,76382500,VNSML,VN Small Cap
2022-07-26,1458.5,1461.87,1442.06,1444.59,68615100,VNSML,VN Small Cap
2022-07-27,1443.98,1454.57,1431.25,1454.57,68219400,VNSML,VN Small Cap
2022-07-28,1456.35,1490.32,1456.35,1477.34,103079600,VNSML,VN Small Cap
2022-07-29,1482.41,1490.7,1473.48,1477.02,96450800,VNSML,VN Small Cap
2022-08-01,1476.94,1502.63,1476.94,1502.63,117148400,VNSML,VN Small Cap
2022-08-02,1504.89,1519.11,1504.66,1518.39,144890800,VNSML,VN Small Cap
2022-08-03,1511.74,1535.55,1509.01,1535.55,128273600,VNSML,VN Small Cap
2022-08-04,1544.82,1547.92,1526.81,1535.36,118880600,VNSML,VN Small Cap
2022-08-05,1531.12,1550.76,1525.76,1550.76,118465800,VNSML,VN Small Cap
2022-08-08,1557.71,1565.21,1554.45,1565.21,137865700,VNSML,VN Small Cap
2022-08-09,1567.38,1579.24,1563.26,1574.43,131870900,VNSML,VN Small Cap
2022-08-10,1571.21,1584.92,1568.22,1579.81,113564900,VNSML,VN Small Cap
2022-08-11,1586.64,1597.87,1546.62,1556.22,149360600,VNSML,VN Small Cap
2022-08-12,1549.83,1573.07,1547.04,1571.7,113018000,VNSML,VN Small Cap
2022-08-15,1582.71,1586.17,1573.23,1580.12,95705400,VNSML,VN Small Cap
2022-08-16,1579.93,1587.97,1576.34,1585.05,107159700,VNSML,VN Small Cap
2022-08-17,1590.8,1600.63,1575.54,1582.43,139141800,VNSML,VN Small Cap
2022-08-18,1578.22,1581.78,1565.62,1575.79,108633600,VNSML,VN Small Cap
2022-08-19,1574.35,1586.65,1560.9,1571.01,114362100,VNSML,VN Small Cap
2022-08-22,1569.31,1573.62,1546.34,1559.78,122076900,VNSML,VN Small Cap
2022-08-23,1545.99,1584.69,1545.99,1584.69,107238500,VNSML,VN Small Cap
2022-08-24,1590.86,1597.49,1587.65,1597.13,115228900,VNSML,VN Small Cap
2022-08-25,1600.06,1605.53,1597.04,1603.86,111628700,VNSML,VN Small Cap
2022-08-26,1606.94,1609.41,1585.05,1589.69,126005800,VNSML,VN Small Cap
2022-08-29,1569.77,1570.19,1529.36,1570.19,154622200,VNSML,VN Small Cap
2022-08-30,1570.88,1587.3,1562.38,1565.97,90850600,VNSML,VN Small Cap
2022-08-31,1557.63,1575.78,1555.83,1575.78,84665700,VNSML,VN Small Cap
2022-09-05,1575.54,1581.71,1570.93,1574.05,82852500,VNSML,VN Small Cap
2022-09-06,1575.74,1580.39,1569.33,1569.33,98708100,VNSML,VN Small Cap
2022-09-07,1565.57,1567.7,1524.49,1524.49,136279700,VNSML,VN Small Cap
2022-09-08,1532.9,1536.41,1502.06,1505.55,104530300,VNSML,VN Small Cap
2022-09-09,1511.17,1520.49,1482.68,1520.49,97210700,VNSML,VN Small Cap
2022-09-12,1530.66,1534.13,1520.97,1525.78,61316193,VNSML,VN Small Cap
2022-09-13,1526.52,1527.45,1513.73,1525.95,63466700,VNSML,VN Small Cap
2022-09-14,1498.49,1525.54,1498.49,1525.54,85933100,VNSML,VN Small Cap
2022-09-15,1533.45,1535.21,1525.25,1527.87,72152700,VNSML,VN Small Cap
2022-09-16,1523.88,1525.65,1498.91,1502.23,103277700,VNSML,VN Small Cap
2022-09-19,1500.66,1500.66,1445.84,1446.08,117228800,VNSML,VN Small Cap
2022-09-20,1453.64,1459.18,1417.92,1459.18,90612200,VNSML,VN Small Cap
2022-09-21,1448.78,1459.74,1443.93,1453.62,66423700,VNSML,VN Small Cap
2022-09-22,1441.93,1473.93,1440.04,1473.93,90040000,VNSML,VN Small Cap
2022-09-23,1476.02,1481.15,1463.01,1465.51,90348900,VNSML,VN Small Cap
2022-09-26,1439.33,1442.31,1395.73,1411.58,132106900,VNSML,VN Small Cap
2022-09-27,1414.0,1419.93,1398.18,1401.32,88688500,VNSML,VN Small Cap
2022-09-28,1396.76,1400.37,1368.26,1373.33,101152921,VNSML,VN Small Cap
2022-09-29,1381.9,1391.61,1343.35,1343.35,89149706,VNSML,VN Small Cap
2022-09-30,1333.93,1350.63,1288.34,1350.63,124469558,VNSML,VN Small Cap
2022-10-03,1344.6,1345.06,1285.25,1288.3,85190741,VNSML,VN Small Cap
2022-10-04,1298.3,1302.18,1263.04,1267.35,87995901,VNSML,VN Small Cap
2022-10-05,1282.48,1310.92,1282.28,1310.92,76209334,VNSML,VN Small Cap
2022-10-06,1314.62,1315.25,1259.73,1263.77,88153149,VNSML,VN Small Cap
2022-10-07,1243.72,1247.24,1202.36,1214.44,132202438,VNSML,VN Small Cap
2022-10-10,1197.47,1234.3,1185.02,1234.09,85046321,VNSML,VN Small Cap
2022-10-11,1231.13,1231.13,1178.85,1182.91,87859171,VNSML,VN Small Cap
2022-10-12,1176.62,1212.03,1169.56,1201.3,89008166,VNSML,VN Small Cap
2022-10-13,1203.47,1211.16,1195.38,1205.39,64989424,VNSML,VN Small Cap
2022-10-14,1219.86,1231.6,1219.86,1228.86,84376618,VNSML,VN Small Cap
2022-10-17,1224.53,1234.69,1211.92,1234.69,67227713,VNSML,VN Small Cap
2022-10-18,1248.21,1257.84,1240.11,1244.23,89248574,VNSML,VN Small Cap
2022-10-19,1247.36,1252.31,1239.04,1242.62,58884339,VNSML,VN Small Cap
2022-10-20,1240.36,1242.29,1223.19,1228.73,55935415,VNSML,VN Small Cap
2022-10-21,1226.35,1227.42,1167.71,1170.61,100167981,VNSML,VN Small Cap
2022-10-24,1170.5,1170.5,1119.5,1125.87,95959859,VNSML,VN Small Cap
2022-10-25,1108.94,1139.16,1081.6,1113.96,111876125,VNSML,VN Small Cap
2022-10-26,1114.77,1124.98,1088.58,1094.89,69903782,VNSML,VN Small Cap
2022-10-27,1090.1,1133.28,1089.84,1133.28,85914051,VNSML,VN Small Cap
2022-10-28,1145.26,1157.39,1140.34,1141.08,82633248,VNSML,VN Small Cap
2022-10-31,1142.22,1145.4,1110.04,1137.08,75379473,VNSML,VN Small Cap
2022-11-01,1140.14,1152.18,1139.56,1146.49,72259233,VNSML,VN Small Cap
2022-11-02,1146.52,1152.6,1137.62,1143.93,61868804,VNSML,VN Small Cap
2022-11-03,1134.45,1144.54,1133.22,1137.37,67286529,VNSML,VN Small Cap
2022-11-04,1131.32,1131.53,1090.56,1099.85,85048959,VNSML,VN Small Cap
2022-11-07,1092.44,1096.49,1051.51,1054.14,76139623,VNSML,VN Small Cap
2022-11-08,1027.87,1048.74,1024.97,1048.74,76601179,VNSML,VN Small Cap
2022-11-09,1053.37,1066.95,1045.84,1052.37,55071757,VNSML,VN Small Cap
2022-11-10,1044.29,1044.29,996.99,1005.59,79036504,VNSML,VN Small Cap
2022-11-11,1007.18,1015.14,980.22,988.71,98753481,VNSML,VN Small Cap
2022-11-14,981.34,981.34,940.32,953.76,85779299,VNSML,VN Small Cap
2022-11-15,925.2,930.8,898.79,908.79,76439592,VNSML,VN Small Cap
2022-11-16,885.54,944.95,863.56,944.95,163046184,VNSML,VN Small Cap
2022-11-17,949.45,970.23,949.45,967.86,84296537,VNSML,VN Small Cap
2022-11-18,967.55,983.67,942.44,983.0,123075720,VNSML,VN Small Cap
2022-11-21,990.27,998.97,987.34,993.51,94261316,VNSML,VN Small Cap
2022-11-22,993.59,1021.68,990.25,1000.28,138934335,VNSML,VN Small Cap
2022-11-23,994.3,1001.16,981.13,982.32,81760119,VNSML,VN Small Cap
2022-11-24,974.76,982.4,963.69,979.16,78095829,VNSML,VN Small Cap
2022-11-25,986.74,1010.18,986.74,1010.18,88920436,VNSML,VN Small Cap
2022-11-28,1029.16,1047.17,1028.03,1047.17,116353808,VNSML,VN Small Cap
2022-11-29,1056.91,1073.04,1038.65,1070.43,178965800,VNSML,VN Small Cap
2022-11-30,1076.19,1088.48,1066.7,1088.48,126232783,VNSML,VN Small Cap
2022-12-01,1104.92,1118.94,1087.2,1097.51,197638281,VNSML,VN Small Cap
2022-12-02,1092.31,1120.74,1077.11,1120.74,146863089,VNSML,VN Small Cap
2022-12-05,1127.45,1142.38,1125.15,1127.93,159882177,VNSML,VN Small Cap
2022-12-06,1126.5,1132.89,1100.86,1100.86,222819035,VNSML,VN Small Cap
2022-12-07,1090.9,1103.38,1070.04,1074.95,146044378,VNSML,VN Small Cap
2022-12-08,1082.3,1108.6,1082.3,1096.17,142114770,VNSML,VN Small Cap
2022-12-09,1101.72,1103.33,1085.25,1103.33,110978733,VNSML,VN Small Cap
2022-12-12,1110.62,1124.03,1089.64,1089.64,136578537,VNSML,VN Small Cap
2022-12-13,1088.78,1105.27,1073.55,1105.27,112130553,VNSML,VN Small Cap
2022-12-14,1106.44,1119.26,1106.44,1113.49,125920632,VNSML,VN Small Cap
2022-12-15,1112.8,1120.62,1103.66,1116.64,104819279,VNSML,VN Small Cap
2022-12-16,1105.58,1125.1,1104.23,1123.07,124931063,VNSML,VN Small Cap
2022-12-19,1122.43,1140.86,1115.29,1115.29,144655868,VNSML,VN Small Cap
2022-12-20,1111.05,1116.77,1071.22,1088.32,160832922,VNSML,VN Small Cap
2022-12-21,1090.89,1092.63,1048.9,1066.79,118276082,VNSML,VN Small Cap
2022-12-22,1068.51,1075.51,1051.09,1068.83,78654944,VNSML,VN Small Cap
2022-12-23,1064.42,1069.85,1056.28,1064.56,60114073,VNSML,VN Small Cap
2022-12-26,1064.03,1066.6,1027.67,1027.67,92727621,VNSML,VN Small Cap
2022-12-27,1019.54,1052.86,1019.51,1052.86,77608957,VNSML,VN Small Cap
2022-12-28,1057.32,1059.68,1048.71,1059.42,60808460,VNSML,VN Small Cap
2022-12-29,1056.41,1061.89,1050.49,1056.93,68271951,VNSML,VN Small Cap
2022-12-30,1060.27,1064.1,1054.23,1064.1,60693502,VNSML,VN Small Cap
2023-01-03,1065.28,1096.6,1065.07,1096.6,90246042,VNSML,VN Small Cap
2023-01-04,1104.67,1110.62,1091.0,1094.22,116277466,VNSML,VN Small Cap
2023-01-05,1094.3,1099.66,1086.82,1099.66,82861933,VNSML,VN Small Cap
2023-01-06,1102.06,1106.86,1084.98,1089.37,88348717,VNSML,VN Small Cap
2023-01-09,1092.59,1095.62,1081.85,1081.85,62037606,VNSML,VN Small Cap
2023-01-10,1081.23,1088.51,1069.2,1086.02,74950514,VNSML,VN Small Cap
2023-01-11,1090.66,1099.1,1090.27,1090.5,77041697,VNSML,VN Small Cap
2023-01-12,1094.78,1094.78,1085.78,1092.45,66508798,VNSML,VN Small Cap
2023-01-13,1096.17,1100.98,1088.08,1093.61,75798564,VNSML,VN Small Cap
2023-01-16,1093.54,1096.92,1085.07,1093.27,71875410,VNSML,VN Small Cap
2023-01-17,1095.6,1114.36,1095.58,1114.36,92389566,VNSML,VN Small Cap
2023-01-18,1117.46,1129.74,1116.88,1129.74,99569985,VNSML,VN Small Cap
2023-01-19,1128.23,1140.4,1127.69,1140.4,94202266,VNSML,VN Small Cap
2023-01-27,1149.25,1154.19,1146.27,1149.55,102148420,VNSML,VN Small Cap
2023-01-30,1152.72,1165.31,1147.36,1156.75,154474076,VNSML,VN Small Cap
2023-01-31,1153.88,1168.06,1144.79,1168.06,127213997,VNSML,VN Small Cap
2023-02-01,1173.53,1175.85,1133.54,1134.25,170444386,VNSML,VN Small Cap
2023-02-02,1133.99,1139.15,1114.12,1121.03,113973053,VNSML,VN Small Cap
2023-02-03,1124.36,1130.75,1116.96,1125.63,91994819,VNSML,VN Small Cap
2023-02-06,1125.63,1129.36,1119.47,1129.18,80257334,VNSML,VN Small Cap
2023-02-07,1131.16,1136.22,1109.53,1111.75,114671149,VNSML,VN Small Cap
2023-02-08,1113.14,1122.85,1096.51,1118.04,98155573,VNSML,VN Small Cap
2023-02-09,1120.16,1126.16,1119.08,1123.27,91928623,VNSML,VN Small Cap
2023-02-10,1121.86,1123.21,1106.88,1108.44,86034053,VNSML,VN Small Cap
2023-02-13,1101.46,1101.48,1068.73,1075.18,138324157,VNSML,VN Small Cap
2023-02-14,1079.49,1086.54,1076.21,1084.28,67437014,VNSML,VN Small Cap
2023-02-15,1083.96,1106.4,1083.96,1103.36,104036226,VNSML,VN Small Cap
2023-02-16,1108.98,1118.54,1106.36,1118.54,88805784,VNSML,VN Small Cap
2023-02-17,1117.5,1124.86,1113.03,1119.28,103577864,VNSML,VN Small Cap
2023-02-20,1122.65,1150.36,1122.55,1150.36,130975702,VNSML,VN Small Cap
2023-02-21,1159.68,1164.78,1149.51,1154.77,181891578,VNSML,VN Small Cap
2023-02-22,1150.68,1154.4,1132.28,1132.28,217229043,VNSML,VN Small Cap
2023-02-23,1131.88,1133.2,1102.8,1132.36,154953197,VNSML,VN Small Cap
2023-02-24,1133.87,1135.72,1116.15,1118.79,116249512,VNSML,VN Small Cap
2023-02-27,1115.81,1115.81,1094.26,1095.14,122796882,VNSML,VN Small Cap
2023-02-28,1101.2,1106.96,1089.08,1094.31,105014996,VNSML,VN Small Cap
2023-03-01,1091.55,1112.47,1085.74,1112.47,110584914,VNSML,VN Small Cap
2023-03-02,1113.9,1117.49,1104.93,1107.16,74671286,VNSML,VN Small Cap
2023-03-03,1108.02,1112.17,1098.03,1099.13,90676446,VNSML,VN Small Cap
2023-03-06,1108.36,1117.28,1102.03,1102.03,80788310,VNSML,VN Small Cap
2023-03-07,1104.44,1107.25,1099.01,1107.0,82858210,VNSML,VN Small Cap
2023-03-08,1101.37,1118.7,1100.53,1118.7,110108512,VNSML,VN Small Cap
2023-03-09,1123.29,1126.16,1118.55,1124.25,99588717,VNSML,VN Small Cap
2023-03-10,1120.46,1121.97,1113.34,1117.74,86696848,VNSML,VN Small Cap
2023-03-13,1109.2,1113.49,1107.02,1108.46,105355094,VNSML,VN Small Cap
2023-03-14,1108.83,1109.98,1086.06,1090.64,110337305,VNSML,VN Small Cap
2023-03-15,1094.4,1120.66,1094.4,1120.66,115339680,VNSML,VN Small Cap
2023-03-16,1115.83,1115.83,1103.43,1106.09,81751777,VNSML,VN Small Cap
2023-03-17,1112.28,1115.12,1103.98,1108.33,66043085,VNSML,VN Small Cap
2023-03-20,1105.82,1110.9,1090.78,1091.65,88041494,VNSML,VN Small Cap
2023-03-21,1094.86,1099.4,1087.06,1099.4,66603954,VNSML,VN Small Cap
2023-03-22,1099.61,1104.67,1098.2,1100.44,70077366,VNSML,VN Small Cap
2023-03-23,1096.55,1100.95,1093.92,1100.95,65465135,VNSML,VN Small Cap
2023-03-24,1105.66,1107.61,1102.66,1105.46,107707119,VNSML,VN Small Cap
2023-03-27,1107.57,1114.86,1105.61,1114.84,108730397,VNSML,VN Small Cap
2023-03-28,1119.67,1125.64,1116.38,1116.7,136104208,VNSML,VN Small Cap
2023-03-29,1116.36,1118.99,1111.9,1118.99,86262838,VNSML,VN Small Cap
2023-03-30,1125.35,1127.74,1117.48,1118.32,120149673,VNSML,VN Small Cap
2023-03-31,1119.63,1124.58,1112.83,1123.11,112350879,VNSML,VN Small Cap
2023-04-03,1132.6,1143.88,1132.6,1143.88,162625105,VNSML,VN Small Cap
2023-04-04,1147.62,1157.93,1145.67,1157.93,192986949,VNSML,VN Small Cap
2023-04-05,1157.24,1169.97,1156.93,1169.97,188411962,VNSML,VN Small Cap
2023-04-06,1176.28,1186.25,1162.25,1162.25,263220892,VNSML,VN Small Cap
2023-04-07,1164.26,1169.85,1158.72,1168.96,155470871,VNSML,VN Small Cap
2023-04-10,1177.98,1184.54,1163.19,1167.88,194338095,VNSML,VN Small Cap
2023-04-11,1166.95,1179.21,1157.36,1179.21,148054175,VNSML,VN Small Cap
2023-04-12,1182.74,1185.68,1177.4,1183.09,141097703,VNSML,VN Small Cap
2023-04-13,1184.36,1185.44,1172.54,1175.36,139423120,VNSML,VN Small Cap
2023-04-14,1177.69,1180.22,1156.89,1156.89,147905065,VNSML,VN Small Cap
2023-04-17,1156.76,1160.08,1153.49,1158.5,86327456,VNSML,VN Small Cap
2023-04-18,1159.88,1169.75,1156.79,1169.75,105200146,VNSML,VN Small Cap
2023-04-19,1173.16,1174.36,1159.54,1161.89,92855094,VNSML,VN Small Cap
2023-04-20,1163.38,1168.96,1160.44,1167.63,78879814,VNSML,VN Small Cap
2023-04-21,1171.1,1177.36,1164.57,1169.2,111263143,VNSML,VN Small Cap
2023-04-24,1171.45,1179.11,1166.77,1173.37,119747314,VNSML,VN Small Cap
2023-04-25,1174.16,1182.22,1163.61,1169.42,127436187,VNSML,VN Small Cap
2023-04-26,1167.57,1178.9,1163.76,1178.9,91949741,VNSML,VN Small Cap
2023-04-27,1181.46,1184.66,1178.55,1181.46,96381788,VNSML,VN Small Cap
2023-04-28,1184.55,1188.22,1181.62,1188.22,112392196,VNSML,VN Small Cap
2023-05-04,1185.65,1195.66,1185.15,1195.66,136687927,VNSML,VN Small Cap
2023-05-05,1194.53,1198.76,1187.24,1193.72,103565485,VNSML,VN Small Cap
2023-05-08,1198.02,1204.42,1197.56,1200.38,144940136,VNSML,VN Small Cap
2023-05-09,1200.64,1206.86,1197.07,1204.59,126213478,VNSML,VN Small Cap
2023-05-10,1207.84,1219.08,1207.64,1218.56,177014118,VNSML,VN Small Cap
2023-05-11,1226.22,1229.5,1222.06,1223.43,164512348,VNSML,VN Small Cap
2023-05-12,1224.0,1229.72,1221.35,1229.72,169018214,VNSML,VN Small Cap
2023-05-15,1231.81,1238.37,1222.64,1222.99,181103270,VNSML,VN Small Cap
2023-05-16,1225.43,1229.91,1222.25,1225.93,139819523,VNSML,VN Small Cap
2023-05-17,1226.82,1235.8,1222.78,1223.76,174546428,VNSML,VN Small Cap
2023-05-18,1226.57,1228.78,1223.88,1224.39,110902552,VNSML,VN Small Cap
2023-05-19,1226.74,1229.04,1214.35,1226.51,140818496,VNSML,VN Small Cap
2023-05-22,1231.91,1239.42,1230.29,1239.42,135970688,VNSML,VN Small Cap
2023-05-23,1240.32,1245.73,1234.65,1239.12,120604900,VNSML,VN Small Cap
2023-05-24,1244.31,1246.65,1241.74,1245.76,151578431,VNSML,VN Small Cap
2023-05-25,1245.28,1249.18,1241.35,1246.11,125990107,VNSML,VN Small Cap
2023-05-26,1248.9,1255.51,1248.25,1255.51,141994704,VNSML,VN Small Cap
2023-05-29,1261.76,1278.94,1261.76,1278.94,200450324,VNSML,VN Small Cap
2023-05-30,1286.73,1288.91,1276.68,1288.91,188708920,VNSML,VN Small Cap
2023-05-31,1292.04,1301.63,1291.34,1299.35,193737653,VNSML,VN Small Cap
2023-06-01,1306.25,1313.43,1298.84,1308.45,213480097,VNSML,VN Small Cap
2023-06-02,1320.83,1320.91,1306.06,1308.35,185602040,VNSML,VN Small Cap
2023-06-05,1317.4,1317.4,1307.27,1308.3,173015856,VNSML,VN Small Cap
2023-06-06,1307.98,1318.03,1306.58,1318.03,150843983,VNSML,VN Small Cap
2023-06-07,1322.3,1333.4,1321.58,1333.4,178677506,VNSML,VN Small Cap
2023-06-08,1340.05,1343.99,1318.53,1318.53,249031590,VNSML,VN Small Cap
2023-06-09,1321.46,1324.73,1308.26,1324.73,162909793,VNSML,VN Small Cap
2023-06-12,1332.33,1336.83,1321.82,1336.83,142863197,VNSML,VN Small Cap
2023-06-13,1342.81,1348.11,1339.22,1345.24,191028691,VNSML,VN Small Cap
2023-06-14,1354.92,1355.59,1330.07,1330.07,174491202,VNSML,VN Small Cap
2023-06-15,1329.1,1332.45,1317.68,1322.38,133702294,VNSML,VN Small Cap
2023-06-16,1322.53,1339.16,1320.08,1320.36,172345536,VNSML,VN Small Cap
2023-06-19,1321.97,1325.87,1307.68,1310.37,154012136,VNSML,VN Small Cap
2023-06-20,1313.12,1328.26,1311.17,1328.26,108660458,VNSML,VN Small Cap
2023-06-21,1330.49,1346.91,1330.49,1346.91,160443804,VNSML,VN Small Cap
2023-06-22,1354.45,1357.86,1350.78,1354.38,152908536,VNSML,VN Small Cap
2023-06-23,1358.79,1361.48,1348.51,1357.66,161898769,VNSML,VN Small Cap
2023-06-26,1355.7,1359.48,1332.69,1350.29,165983323,VNSML,VN Small Cap
2023-06-27,1353.35,1357.29,1346.54,1353.63,126495363,VNSML,VN Small Cap
2023-06-28,1353.95,1358.88,1345.26,1349.7,133134703,VNSML,VN Small Cap
2023-06-29,1347.8,1348.93,1327.59,1327.59,140413753,VNSML,VN Small Cap
2023-06-30,1327.27,1328.62,1318.65,1325.74,99768336,VNSML,VN Small Cap
2023-07-03,1329.81,1332.79,1325.79,1331.39,80808521,VNSML,VN Small Cap
2023-07-04,1333.41,1345.95,1333.15,1345.95,106299003,VNSML,VN Small Cap
2023-07-05,1352.86,1355.53,1349.37,1349.43,122386327,VNSML,VN Small Cap
2023-07-06,1349.38,1350.8,1330.23,1340.52,123515437,VNSML,VN Small Cap
2023-07-07,1337.74,1352.63,1330.14,1352.63,122973399,VNSML,VN Small Cap
2023-07-10,1358.82,1368.01,1358.82,1368.01,146959108,VNSML,VN Small Cap
2023-07-11,1368.17,1373.54,1363.42,1368.02,154931021,VNSML,VN Small Cap
2023-07-12,1368.72,1371.73,1358.49,1366.16,119351704,VNSML,VN Small Cap
2023-07-13,1372.66,1379.93,1371.6,1379.93,137245797,VNSML,VN Small Cap
2023-07-14,1386.21,1388.1,1372.4,1385.49,167107449,VNSML,VN Small Cap
2023-07-17,1389.87,1395.67,1386.7,1393.39,166384944,VNSML,VN Small Cap
2023-07-18,1393.38,1395.5,1382.99,1388.53,133349093,VNSML,VN Small Cap
2023-07-19,1392.55,1394.19,1381.42,1383.68,152579395,VNSML,VN Small Cap
2023-07-20,1383.15,1389.28,1376.86,1389.28,128913037,VNSML,VN Small Cap
2023-07-21,1395.34,1398.1,1389.55,1398.1,133082833,VNSML,VN Small Cap
2023-07-24,1404.48,1413.69,1398.41,1413.69,198565730,VNSML,VN Small Cap
2023-07-25,1419.69,1420.37,1402.09,1407.69,159465095,VNSML,VN Small Cap
2023-07-26,1409.24,1411.65,1402.59,1406.5,150140983,VNSML,VN Small Cap
2023-07-27,1408.93,1411.5,1387.19,1403.1,206314113,VNSML,VN Small Cap
2023-07-28,1405.97,1417.0,1404.52,1414.22,206487733,VNSML,VN Small Cap
2023-07-31,1420.81,1422.51,1409.7,1418.37,218128436,VNSML,VN Small Cap
2023-08-01,1423.33,1423.9,1398.85,1398.85,230087989,VNSML,VN Small Cap
2023-08-02,1397.41,1409.65,1394.32,1409.65,142983025,VNSML,VN Small Cap
2023-08-03,1410.33,1419.39,1404.94,1410.58,172556943,VNSML,VN Small Cap
2023-08-04,1411.93,1427.44,1411.93,1427.44,211186093,VNSML,VN Small Cap
2023-08-07,1429.55,1441.74,1429.55,1439.75,263448125,VNSML,VN Small Cap
2023-08-08,1443.49,1450.45,1438.87,1442.4,238825022,VNSML,VN Small Cap
2023-08-09,1444.68,1451.14,1434.33,1448.13,235375194,VNSML,VN Small Cap
2023-08-10,1452.24,1454.92,1429.77,1430.16,225564215,VNSML,VN Small Cap
2023-08-11,1432.8,1435.58,1404.67,1428.19,199235167,VNSML,VN Small Cap
2023-08-14,1437.03,1449.35,1435.45,1445.21,194667318,VNSML,VN Small Cap
2023-08-15,1453.78,1457.08,1447.89,1451.99,179455665,VNSML,VN Small Cap
2023-08-16,1452.94,1453.92,1441.87,1448.43,146628627,VNSML,VN Small Cap
2023-08-17,1448.76,1453.42,1436.44,1436.44,194459364,VNSML,VN Small Cap
2023-08-18,1426.66,1428.42,1357.83,1358.92,303987332,VNSML,VN Small Cap
2023-08-21,1347.48,1356.09,1318.47,1343.43,185062346,VNSML,VN Small Cap
2023-08-22,1347.04,1356.09,1303.84,1356.09,142250628,VNSML,VN Small Cap
2023-08-23,1365.23,1369.23,1353.39,1357.19,92677545,VNSML,VN Small Cap
2023-08-24,1358.28,1378.81,1354.84,1378.81,110838559,VNSML,VN Small Cap
2023-08-25,1379.44,1388.51,1375.4,1376.63,112991201,VNSML,VN Small Cap
2023-08-28,1382.41,1390.96,1378.93,1390.96,111562082,VNSML,VN Small Cap
2023-08-29,1398.5,1408.31,1390.9,1398.12,147354520,VNSML,VN Small Cap
2023-08-30,1401.95,1412.42,1398.3,1412.42,118270620,VNSML,VN Small Cap
2023-08-31,1414.27,1433.37,1414.27,1433.37,147219714,VNSML,VN Small Cap
2023-09-05,1447.83,1448.94,1437.6,1446.16,160781895,VNSML,VN Small Cap
2023-09-06,1447.39,1462.85,1435.25,1462.85,176527843,VNSML,VN Small Cap
2023-09-07,1469.54,1481.21,1464.09,1472.24,199347429,VNSML,VN Small Cap
2023-09-08,1474.48,1484.1,1469.02,1479.71,172107966,VNSML,VN Small Cap
2023-09-11,1483.88,1491.07,1449.39,1449.39,223137459,VNSML,VN Small Cap
2023-09-12,1449.79,1474.96,1442.61,1474.96,140996383,VNSML,VN Small Cap
2023-09-13,1483.35,1487.11,1463.15,1474.58,208060394,VNSML,VN Small Cap
2023-09-14,1474.11,1476.36,1445.25,1452.21,173755273,VNSML,VN Small Cap
2023-09-15,1454.53,1461.41,1441.54,1449.95,114462828,VNSML,VN Small Cap
2023-09-18,1447.92,1451.09,1428.52,1437.38,117419812,VNSML,VN Small Cap
2023-09-19,1438.32,1444.47,1418.44,1439.42,131833518,VNSML,VN Small Cap
2023-09-20,1444.74,1468.16,1443.61,1468.16,135237134,VNSML,VN Small Cap
2023-09-21,1477.45,1481.84,1465.14,1466.53,158819693,VNSML,VN Small Cap
2023-09-22,1456.28,1456.28,1413.01,1429.2,205518616,VNSML,VN Small Cap
2023-09-25,1422.21,1432.5,1361.91,1362.22,176809273,VNSML,VN Small Cap
2023-09-26,1348.2,1373.99,1338.41,1338.41,160281882,VNSML,VN Small Cap
2023-09-27,1336.65,1362.02,1311.27,1362.02,132513396,VNSML,VN Small Cap
2023-09-28,1362.38,1364.48,1344.76,1360.9,96226903,VNSML,VN Small Cap
2023-09-29,1367.62,1371.33,1355.63,1365.24,84040922,VNSML,VN Small Cap
2023-10-02,1366.68,1379.44,1366.11,1370.41,90373073,VNSML,VN Small Cap
2023-10-03,1363.03,1363.03,1317.62,1321.58,150058517,VNSML,VN Small Cap
2023-10-04,1313.07,1345.71,1299.2,1338.29,96980917,VNSML,VN Small Cap
2023-10-05,1345.72,1349.85,1324.48,1324.48,85779829,VNSML,VN Small Cap
2023-10-06,1322.56,1339.7,1315.2,1339.52,82763924,VNSML,VN Small Cap
2023-10-09,1341.92,1353.33,1341.19,1353.33,86263524,VNSML,VN Small Cap
2023-10-10,1358.33,1372.59,1358.33,1364.03,111628954,VNSML,VN Small Cap
2023-10-11,1368.17,1376.19,1356.68,1376.19,86594553,VNSML,VN Small Cap
2023-10-12,1378.43,1385.11,1369.67,1375.82,97813788,VNSML,VN Small Cap
2023-10-13,1363.97,1374.24,1351.84,1374.24,89609421,VNSML,VN Small Cap
2023-10-16,1374.52,1378.43,1354.13,1356.68,101817095,VNSML,VN Small Cap
2023-10-17,1361.43,1366.73,1330.61,1330.61,93206149,VNSML,VN Small Cap
2023-10-18,1330.54,1334.49,1271.73,1291.14,149364122,VNSML,VN Small Cap
2023-10-19,1291.04,1291.74,1262.23,1265.75,93117075,VNSML,VN Small Cap
2023-10-20,1262.03,1294.0,1245.2,1294.0,101969100,VNSML,VN Small Cap
2023-10-23,1294.69,1297.46,1277.22,1282.26,62920828,VNSML,VN Small Cap
2023-10-24,1283.02,1291.68,1273.96,1291.68,63319528,VNSML,VN Small Cap
2023-10-25,1292.12,1301.32,1284.27,1285.91,76798787,VNSML,VN Small Cap
2023-10-26,1273.34,1273.34,1218.08,1226.62,153548618,VNSML,VN Small Cap
2023-10-27,1230.48,1238.28,1200.86,1238.28,83874818,VNSML,VN Small Cap
2023-10-30,1235.75,1236.12,1213.7,1213.7,64102568,VNSML,VN Small Cap
2023-10-31,1212.81,1216.61,1178.86,1179.34,95974932,VNSML,VN Small Cap
2023-11-01,1179.31,1191.37,1157.2,1191.37,86352266,VNSML,VN Small Cap
2023-11-02,1191.97,1242.51,1191.97,1242.51,122413198,VNSML,VN Small Cap
2023-11-03,1245.03,1255.54,1231.15,1245.22,77802998,VNSML,VN Small Cap
2023-11-06,1249.63,1252.94,1239.66,1252.78,70835700,VNSML,VN Small Cap
2023-11-07,1248.71,1257.2,1241.23,1246.32,65868800,VNSML,VN Small Cap
2023-11-08,1244.22,1289.86,1241.06,1289.86,120705000,VNSML,VN Small Cap
2023-11-09,1296.8,1316.85,1289.86,1304.64,149717100,VNSML,VN Small Cap
2023-11-10,1297.08,1312.32,1291.27,1296.43,115459730,VNSML,VN Small Cap
2023-11-13,1297.75,1308.99,1284.43,1294.31,97985949,VNSML,VN Small Cap
2023-11-14,1300.49,1315.71,1300.49,1307.72,98689083,VNSML,VN Small Cap
2023-11-15,1324.34,1335.2,1319.0,1320.74,109883743,VNSML,VN Small Cap
2023-11-16,1319.29,1334.22,1317.71,1334.22,98270685,VNSML,VN Small Cap
2023-11-17,1342.07,1352.06,1314.15,1326.94,199218486,VNSML,VN Small Cap
2023-11-20,1315.06,1339.36,1305.25,1339.36,106135160,VNSML,VN Small Cap
2023-11-21,1339.8,1352.7,1337.5,1348.34,98577324,VNSML,VN Small Cap
2023-11-22,1349.99,1361.9,1342.46,1361.9,109008879,VNSML,VN Small Cap
2023-11-23,1364.53,1368.83,1328.6,1328.6,141268456,VNSML,VN Small Cap
2023-11-24,1331.17,1331.45,1295.48,1326.47,121239285,VNSML,VN Small Cap
2023-11-27,1330.39,1336.61,1315.45,1317.61,71111058,VNSML,VN Small Cap
2023-11-28,1321.91,1326.46,1300.19,1326.46,83560456,VNSML,VN Small Cap
2023-11-29,1331.51,1336.48,1325.1,1336.48,72697501,VNSML,VN Small Cap
2023-11-30,1338.36,1348.67,1333.74,1337.31,108896780,VNSML,VN Small Cap
2023-12-01,1340.67,1345.95,1329.99,1344.87,79845918,VNSML,VN Small Cap
2023-12-04,1355.58,1382.95,1355.18,1377.41,147348664,VNSML,VN Small Cap
2023-12-05,1380.78,1381.28,1366.31,1370.43,112272724,VNSML,VN Small Cap
2023-12-06,1372.3,1389.32,1371.03,1389.32,130985681,VNSML,VN Small Cap
2023-12-07,1391.38,1401.91,1358.86,1384.98,210181045,VNSML,VN Small Cap
2023-12-08,1384.14,1388.29,1366.84,1375.8,113274302,VNSML,VN Small Cap
2023-12-11,1379.77,1380.31,1358.48,1368.63,93317592,VNSML,VN Small Cap
2023-12-12,1370.65,1375.95,1368.45,1373.33,85436471,VNSML,VN Small Cap
2023-12-13,1377.91,1382.13,1353.63,1357.36,112527788,VNSML,VN Small Cap
2023-12-14,1361.13,1367.19,1345.13,1349.08,87844232,VNSML,VN Small Cap
2023-12-15,1349.09,1355.01,1341.5,1349.47,97367270,VNSML,VN Small Cap
2023-12-18,1351.39,1351.97,1340.41,1342.05,94466585,VNSML,VN Small Cap
2023-12-19,1342.05,1346.64,1328.36,1345.17,91431177,VNSML,VN Small Cap
2023-12-20,1346.67,1353.66,1344.93,1353.66,82433154,VNSML,VN Small Cap
2023-12-21,1351.7,1356.33,1345.11,1356.33,69342242,VNSML,VN Small Cap
2023-12-22,1356.27,1362.28,1348.42,1353.75,71190662,VNSML,VN Small Cap
2023-12-25,1354.34,1365.58,1354.09,1365.58,91415090,VNSML,VN Small Cap
2023-12-26,1367.08,1370.07,1361.16,1365.71,79041527,VNSML,VN Small Cap
2023-12-27,1367.48,1371.44,1364.13,1366.77,83748642,VNSML,VN Small Cap
2023-12-28,1365.76,1369.9,1361.77,1368.29,77376895,VNSML,VN Small Cap
2023-12-29,1369.8,1372.71,1366.4,1371.45,79725226,VNSML,VN Small Cap
2024-01-02,1378.63,1378.63,1358.41,1369.98,104916196,VNSML,VN Small Cap
2024-01-03,1368.82,1391.46,1366.1,1391.46,145016835,VNSML,VN Small Cap
2024-01-04,1392.01,1400.22,1391.99,1393.93,141893828,VNSML,VN Small Cap
2024-01-05,1393.92,1400.59,1386.04,1395.36,111284718,VNSML,VN Small Cap
2024-01-08,1397.5,1407.22,1397.5,1405.48,129298505,VNSML,VN Small Cap
2024-01-09,1406.48,1408.73,1395.68,1402.79,112030845,VNSML,VN Small Cap
2024-01-10,1404.34,1406.99,1383.09,1390.79,125244322,VNSML,VN Small Cap
2024-01-11,1391.17,1396.76,1381.22,1389.87,91864203,VNSML,VN Small Cap
2024-01-12,1386.43,1386.43,1361.85,1370.16,136680064,VNSML,VN Small Cap
2024-01-15,1372.98,1380.36,1362.4,1362.4,78170450,VNSML,VN Small Cap
2024-01-16,1357.46,1373.18,1353.77,1373.18,79988848,VNSML,VN Small Cap
2024-01-17,1375.1,1386.19,1375.1,1379.35,86191114,VNSML,VN Small Cap
2024-01-18,1382.97,1384.41,1377.78,1382.78,77930212,VNSML,VN Small Cap
2024-01-19,1386.36,1389.2,1379.05,1383.46,87787093,VNSML,VN Small Cap
2024-01-22,1386.24,1387.74,1370.66,1382.07,85964099,VNSML,VN Small Cap
2024-01-23,1381.77,1383.65,1374.3,1381.39,86080543,VNSML,VN Small Cap
2024-01-24,1380.31,1386.66,1374.43,1375.17,91157734,VNSML,VN Small Cap
2024-01-25,1376.4,1379.11,1371.85,1375.12,71049645,VNSML,VN Small Cap
2024-01-26,1375.46,1380.03,1375.3,1378.87,70145003,VNSML,VN Small Cap
2024-01-29,1380.05,1384.71,1377.33,1380.55,82724813,VNSML,VN Small Cap
2024-01-30,1381.5,1391.37,1378.9,1391.37,106557195,VNSML,VN Small Cap
2024-01-31,1395.31,1395.93,1377.81,1380.01,136320910,VNSML,VN Small Cap
2024-02-01,1381.6,1392.48,1377.69,1392.48,100682147,VNSML,VN Small Cap
2024-02-02,1394.1,1398.33,1391.25,1392.95,101326749,VNSML,VN Small Cap
2024-02-05,1394.39,1399.3,1393.19,1396.07,110406105,VNSML,VN Small Cap
2024-02-06,1396.66,1401.84,1396.66,1401.1,76376418,VNSML,VN Small Cap
2024-02-07,1403.45,1409.79,1402.8,1409.79,89092791,VNSML,VN Small Cap
2024-02-15,1410.54,1419.67,1410.54,1418.51,96056842,VNSML,VN Small Cap
2024-02-16,1420.54,1426.9,1419.48,1426.9,116485219,VNSML,VN Small Cap
2024-02-19,1430.3,1431.4,1419.29,1425.28,115536633,VNSML,VN Small Cap
2024-02-20,1429.82,1431.88,1422.78,1431.88,117249602,VNSML,VN Small Cap
2024-02-21,1431.83,1438.3,1425.46,1435.85,108796379,VNSML,VN Small Cap
2024-02-22,1436.66,1445.35,1436.66,1442.31,148795601,VNSML,VN Small Cap
2024-02-23,1443.81,1447.09,1415.4,1416.93,163440358,VNSML,VN Small Cap
2024-02-26,1418.38,1432.75,1412.61,1432.75,121372308,VNSML,VN Small Cap
2024-02-27,1437.84,1449.83,1436.59,1449.83,117134999,VNSML,VN Small Cap
2024-02-28,1454.44,1458.3,1446.78,1454.92,134485066,VNSML,VN Small Cap
2024-02-29,1456.59,1459.79,1440.9,1450.8,128919393,VNSML,VN Small Cap
2024-03-01,1452.32,1465.88,1451.61,1463.04,134335658,VNSML,VN Small Cap
2024-03-04,1470.58,1475.57,1463.87,1468.79,140087619,VNSML,VN Small Cap
2024-03-05,1470.15,1476.6,1462.48,1476.6,150319205,VNSML,VN Small Cap
2024-03-06,1478.86,1482.19,1460.34,1467.2,183178523,VNSML,VN Small Cap
2024-03-07,1467.24,1473.31,1464.89,1473.31,146141398,VNSML,VN Small Cap
2024-03-08,1475.61,1479.56,1458.94,1463.11,165509630,VNSML,VN Small Cap
2024-03-11,1463.8,1469.34,1450.12,1454.66,133194335,VNSML,VN Small Cap
2024-03-12,1455.42,1465.47,1450.53,1461.96,125069126,VNSML,VN Small Cap
2024-03-13,1462.77,1489.3,1462.77,1489.3,154110127,VNSML,VN Small Cap
2024-03-14,1490.35,1509.66,1490.35,1503.16,184413259,VNSML,VN Small Cap
2024-03-15,1503.6,1514.93,1494.2,1513.0,159239698,VNSML,VN Small Cap
2024-03-18,1514.19,1523.74,1458.66,1488.69,265841064,VNSML,VN Small Cap
2024-03-19,1489.81,1495.43,1482.11,1487.36,106409169,VNSML,VN Small Cap
2024-03-20,1487.81,1496.5,1477.51,1496.5,96887327,VNSML,VN Small Cap
2024-03-21,1506.33,1511.94,1499.92,1511.94,154349168,VNSML,VN Small Cap
2024-03-22,1518.9,1519.89,1501.96,1508.69,148514775,VNSML,VN Small Cap
2024-03-25,1510.03,1516.38,1492.57,1499.04,154010608,VNSML,VN Small Cap
2024-03-26,1495.21,1513.72,1491.53,1513.72,115225950,VNSML,VN Small Cap
2024-03-27,1517.9,1526.77,1513.33,1526.77,128044927,VNSML,VN Small Cap
2024-03-28,1534.32,1537.04,1523.38,1530.66,115733273,VNSML,VN Small Cap
2024-03-29,1531.46,1531.46,1519.05,1525.14,104986039,VNSML,VN Small Cap
2024-04-01,1523.63,1526.24,1511.82,1524.97,126918949,VNSML,VN Small Cap
2024-04-02,1523.12,1532.27,1513.73,1532.27,122806861,VNSML,VN Small Cap
2024-04-03,1536.13,1540.81,1519.09,1520.69,158671023,VNSML,VN Small Cap
2024-04-04,1519.92,1520.64,1499.94,1509.32,126782680,VNSML,VN Small Cap
2024-04-05,1494.55,1501.84,1484.96,1484.96,156139680,VNSML,VN Small Cap
2024-04-08,1482.95,1486.34,1467.71,1467.71,116859098,VNSML,VN Small Cap
2024-04-09,1467.6,1478.9,1459.12,1478.9,91815320,VNSML,VN Small Cap
2024-04-10,1482.63,1483.61,1473.12,1473.12,77853359,VNSML,VN Small Cap
2024-04-11,1468.76,1473.52,1459.66,1471.53,84511467,VNSML,VN Small Cap
2024-04-12,1472.53,1484.38,1472.53,1484.38,81830269,VNSML,VN Small Cap
2024-04-15,1482.78,1487.42,1412.19,1412.19,152383059,VNSML,VN Small Cap
2024-04-16,1408.24,1408.24,1363.62,1398.8,146082106,VNSML,VN Small Cap
2024-04-17,1398.84,1407.02,1384.95,1385.08,92475738,VNSML,VN Small Cap
2024-04-19,1376.41,1376.94,1343.9,1357.83,120300671,VNSML,VN Small Cap
2024-04-22,1364.93,1378.81,1364.59,1377.01,75194545,VNSML,VN Small Cap
2024-04-23,1375.96,1379.74,1356.5,1361.05,70540318,VNSML,VN Small Cap
2024-04-24,1371.92,1395.41,1371.05,1395.41,78297318,VNSML,VN Small Cap
2024-04-25,1395.5,1399.03,1382.46,1390.21,51099838,VNSML,VN Small Cap
2024-04-26,1382.19,1396.73,1380.63,1393.9,61688901,VNSML,VN Small Cap
2024-05-02,1397.7,1399.45,1388.33,1399.45,58799769,VNSML,VN Small Cap
2024-05-03,1402.15,1406.12,1392.76,1393.34,60830529,VNSML,VN Small Cap
2024-05-06,1400.19,1426.35,1399.98,1426.35,89955436,VNSML,VN Small Cap
2024-05-07,1431.91,1434.31,1423.1,1434.31,79316114,VNSML,VN Small Cap
2024-05-08,1429.51,1445.05,1419.45,1445.05,105699199,VNSML,VN Small Cap
2024-05-09,1448.94,1453.33,1435.59,1440.71,93736310,VNSML,VN Small Cap
2024-05-10,1444.88,1449.05,1432.42,1446.52,92276032,VNSML,VN Small Cap
2024-05-13,1455.57,1459.06,1445.5,1454.09,131386123,VNSML,VN Small Cap
2024-05-14,1456.22,1460.92,1448.29,1454.8,80955647,VNSML,VN Small Cap
2024-05-15,1459.09,1472.29,1456.64,1470.8,133943794,VNSML,VN Small Cap
2024-05-16,1482.17,1484.66,1471.32,1475.26,103522353,VNSML,VN Small Cap
2024-05-17,1480.29,1485.7,1476.47,1485.59,111817540,VNSML,VN Small Cap
2024-05-20,1495.98,1503.38,1493.23,1501.68,141757177,VNSML,VN Small Cap
2024-05-21,1502.98,1513.84,1497.44,1513.84,148239779,VNSML,VN Small Cap
2024-05-22,1523.49,1527.32,1502.23,1510.16,148119117,VNSML,VN Small Cap
2024-05-23,1507.49,1521.06,1500.64,1521.06,144511299,VNSML,VN Small Cap
2024-05-24,1519.91,1526.37,1477.14,1494.21,177935377,VNSML,VN Small Cap
2024-05-27,1494.46,1505.17,1490.03,1502.43,89253069,VNSML,VN Small Cap
2024-05-28,1508.67,1522.94,1508.42,1522.51,129577289,VNSML,VN Small Cap
2024-05-29,1530.86,1545.47,1523.46,1531.69,191715263,VNSML,VN Small Cap
2024-05-30,1526.86,1535.96,1507.9,1535.96,175726387,VNSML,VN Small Cap
2024-05-31,1538.59,1543.91,1530.59,1534.33,136167021,VNSML,VN Small Cap
2024-06-03,1545.97,1550.99,1543.24,1546.67,146533956,VNSML,VN Small Cap
2024-06-04,1552.71,1558.0,1545.84,1549.39,137096896,VNSML,VN Small Cap
2024-06-05,1550.77,1562.43,1550.77,1552.69,142633511,VNSML,VN Small Cap
2024-06-06,1561.74,1565.85,1548.57,1557.39,145175830,VNSML,VN Small Cap
2024-06-07,1558.12,1567.96,1554.11,1563.03,128835512,VNSML,VN Small Cap
2024-06-10,1572.91,1583.5,1571.33,1580.29,174177247,VNSML,VN Small Cap
2024-06-11,1589.2,1590.89,1563.55,1574.83,158790447,VNSML,VN Small Cap
2024-06-12,1575.12,1584.07,1567.42,1582.34,118718791,VNSML,VN Small Cap
2024-06-13,1582.91,1590.56,1577.77,1582.07,109612680,VNSML,VN Small Cap
2024-06-14,1587.23,1589.5,1542.91,1542.91,171946884,VNSML,VN Small Cap
2024-06-17,1547.67,1551.08,1535.21,1542.68,127216136,VNSML,VN Small Cap
2024-06-18,1549.92,1560.97,1549.6,1555.5,103003331,VNSML,VN Small Cap
2024-06-19,1559.87,1563.6,1550.11,1558.01,112813552,VNSML,VN Small Cap
2024-06-20,1560.87,1565.14,1542.67,1556.98,120407456,VNSML,VN Small Cap
2024-06-21,1562.83,1568.37,1555.94,1560.13,114116707,VNSML,VN Small Cap
2024-06-24,1562.99,1565.94,1511.48,1513.18,185634210,VNSML,VN Small Cap
2024-06-25,1516.18,1523.77,1508.87,1523.49,92195427,VNSML,VN Small Cap
2024-06-26,1524.52,1534.68,1512.79,1531.54,97135228,VNSML,VN Small Cap
2024-06-27,1531.49,1534.98,1522.74,1529.88,76809238,VNSML,VN Small Cap
2024-06-28,1529.92,1533.88,1491.97,1500.75,114892413,VNSML,VN Small Cap
2024-07-01,1501.94,1511.9,1493.86,1511.9,67075344,VNSML,VN Small Cap
2024-07-02,1515.89,1519.46,1512.55,1519.46,64741460,VNSML,VN Small Cap
2024-07-03,1519.47,1526.45,1519.46,1525.06,82725601,VNSML,VN Small Cap
2024-07-04,1527.8,1532.19,1525.0,1532.19,81974264,VNSML,VN Small Cap
2024-07-05,1536.0,1543.8,1527.73,1535.77,101234080,VNSML,VN Small Cap
2024-07-08,1543.6,1550.31,1538.71,1548.94,105664630,VNSML,VN Small Cap
2024-07-09,1554.11,1564.87,1552.34,1564.87,130325433,VNSML,VN Small Cap
2024-07-10,1568.08,1571.04,1555.34,1557.84,120021170,VNSML,VN Small Cap
2024-07-11,1567.53,1571.87,1556.34,1561.56,96406415,VNSML,VN Small Cap
2024-07-12,1563.41,1565.48,1550.55,1556.94,94057030,VNSML,VN Small Cap
2024-07-15,1557.18,1567.43,1557.18,1563.87,93485859,VNSML,VN Small Cap
2024-07-16,1564.68,1576.17,1558.8,1562.98,102272884,VNSML,VN Small Cap
2024-07-17,1568.52,1570.11,1494.93,1510.13,171572447,VNSML,VN Small Cap
2024-07-18,1512.96,1528.81,1497.67,1528.81,101361128,VNSML,VN Small Cap
2024-07-19,1528.79,1530.6,1501.96,1507.47,80257758,VNSML,VN Small Cap
2024-07-22,1500.81,1501.15,1459.09,1471.28,116365736,VNSML,VN Small Cap
2024-07-23,1471.19,1475.44,1440.13,1440.13,89855914,VNSML,VN Small Cap
2024-07-24,1428.04,1458.3,1415.23,1458.11,89427239,VNSML,VN Small Cap
2024-07-25,1451.8,1456.75,1441.32,1455.91,58113540,VNSML,VN Small Cap
2024-07-26,1456.98,1464.58,1452.0,1464.58,56527922,VNSML,VN Small Cap
2024-07-29,1467.82,1473.29,1463.4,1472.17,80183898,VNSML,VN Small Cap
2024-07-30,1477.12,1478.48,1457.92,1468.46,96626473,VNSML,VN Small Cap
2024-07-31,1468.72,1473.09,1454.01,1458.97,88161148,VNSML,VN Small Cap
2024-08-01,1458.97,1460.27,1398.83,1409.53,137764077,VNSML,VN Small Cap
2024-08-02,1403.11,1425.71,1383.15,1425.71,83565532,VNSML,VN Small Cap
2024-08-05,1398.58,1406.71,1356.36,1359.84,117055504,VNSML,VN Small Cap
2024-08-06,1369.01,1386.12,1350.47,1386.12,80469638,VNSML,VN Small Cap
2024-08-07,1391.33,1391.65,1373.42,1389.95,56252805,VNSML,VN Small Cap
2024-08-08,1386.92,1399.96,1374.77,1383.78,74288258,VNSML,VN Small Cap
2024-08-09,1390.99,1400.87,1384.62,1400.87,66215459,VNSML,VN Small Cap
2024-08-12,1401.53,1408.98,1398.03,1408.98,66983687,VNSML,VN Small Cap
2024-08-13,1409.39,1412.55,1399.4,1408.95,65434398,VNSML,VN Small Cap
2024-08-14,1414.2,1414.2,1399.01,1401.37,67877896,VNSML,VN Small Cap
2024-08-15,1401.29,1401.29,1381.69,1390.74,62509873,VNSML,VN Small Cap
2024-08-16,1392.67,1433.49,1392.07,1432.44,127881739,VNSML,VN Small Cap
2024-08-19,1441.33,1444.12,1436.5,1439.33,86708055,VNSML,VN Small Cap
2024-08-20,1440.66,1452.75,1431.8,1450.32,119743721,VNSML,VN Small Cap
2024-08-21,1453.2,1457.47,1446.0,1453.12,95532290,VNSML,VN Small Cap
2024-08-22,1455.67,1455.99,1447.46,1453.18,81769172,VNSML,VN Small Cap
2024-08-23,1452.03,1453.13,1441.22,1450.41,101749327,VNSML,VN Small Cap
2024-08-26,1454.54,1459.72,1442.02,1445.15,86211696,VNSML,VN Small Cap
2024-08-27,1443.76,1444.88,1433.81,1441.28,70400831,VNSML,VN Small Cap
2024-08-28,1443.98,1445.61,1429.39,1437.47,67520790,VNSML,VN Small Cap
2024-08-29,1437.58,1438.59,1428.28,1431.73,64084551,VNSML,VN Small Cap
2024-08-30,1433.0,1436.48,1429.37,1432.87,63897035,VNSML,VN Small Cap
2024-09-04,1423.19,1426.65,1416.35,1426.11,71476211,VNSML,VN Small Cap
2024-09-05,1427.12,1432.98,1413.51,1419.85,64191487,VNSML,VN Small Cap
2024-09-06,1417.71,1419.17,1408.05,1418.84,69791213,VNSML,VN Small Cap
2024-09-09,1413.56,1417.65,1406.65,1412.36,49997955,VNSML,VN Small Cap
2024-09-10,1417.41,1418.14,1397.59,1401.64,86577016,VNSML,VN Small Cap
2024-09-11,1398.96,1401.62,1385.46,1398.73,61444273,VNSML,VN Small Cap
2024-09-12,1402.87,1407.35,1398.89,1400.11,54050261,VNSML,VN Small Cap
2024-09-13,1400.06,1403.22,1395.89,1401.35,49585486,VNSML,VN Small Cap
2024-09-16,1401.48,1406.88,1388.27,1391.14,61759361,VNSML,VN Small Cap
2024-09-17,1390.33,1402.55,1386.1,1402.55,63280285,VNSML,VN Small Cap
2024-09-18,1404.87,1413.04,1403.46,1408.66,68366023,VNSML,VN Small Cap
2024-09-19,1412.34,1416.83,1409.16,1416.83,65913756,VNSML,VN Small Cap
2024-09-20,1416.83,1427.03,1414.04,1415.65,75845883,VNSML,VN Small Cap
2024-09-23,1417.78,1417.8,1409.28,1412.63,59398974,VNSML,VN Small Cap
2024-09-24,1412.81,1417.79,1410.44,1417.79,54262512,VNSML,VN Small Cap
2024-09-25,1422.19,1428.06,1421.61,1427.31,84939571,VNSML,VN Small Cap
2024-09-26,1429.81,1433.38,1423.73,1426.52,88594918,VNSML,VN Small Cap
2024-09-27,1428.4,1430.45,1420.96,1424.75,78337284,VNSML,VN Small Cap
2024-09-30,1424.97,1425.61,1420.03,1425.53,72311648,VNSML,VN Small Cap
2024-10-01,1427.36,1439.43,1427.01,1436.11,107493305,VNSML,VN Small Cap
2024-10-02,1432.96,1433.99,1424.95,1428.23,78904120,VNSML,VN Small Cap
2024-10-03,1428.23,1430.72,1406.73,1410.62,95839773,VNSML,VN Small Cap
2024-10-04,1410.25,1410.45,1400.73,1400.73,57914734,VNSML,VN Small Cap
2024-10-07,1404.18,1408.65,1397.55,1403.48,58242084,VNSML,VN Small Cap
2024-10-08,1404.57,1413.3,1399.25,1407.67,73242850,VNSML,VN Small Cap
2024-10-09,1410.97,1415.83,1410.55,1414.8,67016147,VNSML,VN Small Cap
2024-10-10,1416.02,1421.21,1411.82,1412.78,67635174,VNSML,VN Small Cap
2024-10-11,1414.53,1421.28,1413.52,1421.28,76491950,VNSML,VN Small Cap
2024-10-14,1422.52,1426.98,1415.63,1417.93,76239258,VNSML,VN Small Cap
2024-10-15,1420.5,1422.83,1405.26,1407.88,70372547,VNSML,VN Small Cap
2024-10-16,1409.12,1413.07,1403.85,1410.0,61699955,VNSML,VN Small Cap
2024-10-17,1412.15,1416.28,1399.85,1416.28,75486899,VNSML,VN Small Cap
2024-10-18,1419.03,1419.69,1411.42,1411.42,56204874,VNSML,VN Small Cap
2024-10-21,1410.54,1411.4,1399.03,1399.03,65798835,VNSML,VN Small Cap
2024-10-22,1400.07,1402.79,1387.43,1395.43,81494592,VNSML,VN Small Cap
2024-10-23,1397.08,1400.87,1389.19,1400.87,54109515,VNSML,VN Small Cap
2024-10-24,1398.67,1402.4,1390.58,1390.58,52656626,VNSML,VN Small Cap
2024-10-25,1391.75,1394.03,1387.44,1390.61,53175115,VNSML,VN Small Cap
2024-10-28,1394.4,1397.58,1392.47,1397.58,46555921,VNSML,VN Small Cap
2024-10-29,1397.88,1406.74,1397.88,1404.63,72690950,VNSML,VN Small Cap
2024-10-30,1406.3,1407.73,1399.75,1404.88,61858176,VNSML,VN Small Cap
2024-10-31,1407.09,1408.57,1400.56,1406.16,55840430,VNSML,VN Small Cap
2024-11-01,1404.56,1405.09,1393.04,1398.25,59289563,VNSML,VN Small Cap
2024-11-04,1397.77,1398.3,1381.16,1391.42,73850059,VNSML,VN Small Cap
2024-11-05,1390.89,1394.49,1390.03,1390.26,43379920,VNSML,VN Small Cap
2024-11-06,1390.62,1408.9,1390.62,1408.9,63274311,VNSML,VN Small Cap
2024-11-07,1414.11,1416.06,1409.09,1413.62,66200086,VNSML,VN Small Cap
2024-11-08,1415.26,1415.56,1407.2,1411.25,63655374,VNSML,VN Small Cap
2024-11-11,1411.24,1416.36,1406.6,1415.84,97303782,VNSML,VN Small Cap
2024-11-12,1416.43,1419.82,1406.17,1408.81,65401427,VNSML,VN Small Cap
2024-11-13,1408.2,1408.2,1388.2,1403.8,83988422,VNSML,VN Small Cap
2024-11-14,1406.19,1407.38,1389.72,1395.45,93321162,VNSML,VN Small Cap
2024-11-15,1390.12,1390.45,1370.58,1379.2,90707199,VNSML,VN Small Cap
2024-11-18,1378.29,1385.39,1363.04,1383.74,76182789,VNSML,VN Small Cap
2024-11-19,1383.79,1384.31,1360.23,1360.23,67034800,VNSML,VN Small Cap
2024-11-20,1359.74,1376.62,1348.38,1367.83,82961097,VNSML,VN Small Cap
2024-11-21,1367.93,1376.52,1366.57,1376.52,48686053,VNSML,VN Small Cap
2024-11-22,1375.75,1380.18,1372.11,1375.45,59417253,VNSML,VN Small Cap
2024-11-25,1378.0,1383.35,1375.45,1382.28,61808824,VNSML,VN Small Cap
2024-11-26,1386.18,1396.85,1385.61,1393.14,90331544,VNSML,VN Small Cap
2024-11-27,1394.44,1396.17,1388.76,1392.14,58324796,VNSML,VN Small Cap
2024-11-28,1395.79,1401.86,1392.82,1396.96,68036268,VNSML,VN Small Cap
2024-11-29,1398.04,1404.16,1396.57,1403.08,68510798,VNSML,VN Small Cap
2024-12-02,1407.6,1412.25,1402.25,1406.54,60173622,VNSML,VN Small Cap
2024-12-03,1406.73,1409.54,1403.33,1405.02,80231968,VNSML,VN Small Cap
2024-12-04,1405.48,1409.23,1398.48,1402.34,81489689,VNSML,VN Small Cap
2024-12-05,1403.28,1427.51,1399.31,1427.51,109848896,VNSML,VN Small Cap
2024-12-06,1428.32,1435.42,1426.91,1428.2,98680392,VNSML,VN Small Cap
2024-12-09,1431.94,1445.39,1430.68,1443.91,116129203,VNSML,VN Small Cap
2024-12-10,1446.13,1449.06,1438.28,1444.24,92274478,VNSML,VN Small Cap
2024-12-11,1444.11,1449.24,1436.29,1443.84,98802687,VNSML,VN Small Cap
2024-12-12,1444.57,1448.14,1436.59,1438.86,83030346,VNSML,VN Small Cap
2024-12-13,1437.29,1437.55,1426.45,1429.49,73173353,VNSML,VN Small Cap
2024-12-16,1429.91,1432.06,1421.56,1427.82,56856600,VNSML,VN Small Cap
2024-12-17,1428.39,1432.58,1427.49,1430.29,67474462,VNSML,VN Small Cap
2024-12-18,1431.88,1442.67,1430.29,1442.67,75439991,VNSML,VN Small Cap
2024-12-19,1440.96,1440.96,1426.98,1435.86,122221568,VNSML,VN Small Cap
2024-12-20,1438.56,1449.11,1436.83,1448.64,103317927,VNSML,VN Small Cap
2024-12-23,1453.53,1460.72,1452.93,1459.03,90619471,VNSML,VN Small Cap
2024-12-24,1461.75,1462.76,1445.51,1460.18,126998648,VNSML,VN Small Cap
2024-12-25,1461.59,1476.06,1460.18,1465.59,127763603,VNSML,VN Small Cap
2024-12-26,1468.44,1470.4,1464.61,1467.37,117375106,VNSML,VN Small Cap
2024-12-27,1468.21,1470.27,1459.13,1463.87,99334836,VNSML,VN Small Cap
2024-12-30,1462.86,1464.33,1454.01,1456.99,82718353,VNSML,VN Small Cap
2024-12-31,1456.26,1456.94,1448.85,1451.02,67665384,VNSML,VN Small Cap
2025-01-02,1452.85,1456.21,1449.5,1455.9,60331122,VNSML,VN Small Cap
2025-01-03,1455.62,1458.35,1439.33,1439.33,79829321,VNSML,VN Small Cap
2025-01-06,1438.11,1442.65,1409.59,1414.84,92632382,VNSML,VN Small Cap
2025-01-07,1414.48,1418.76,1400.84,1405.18,82422809,VNSML,VN Small Cap
2025-01-08,1404.23,1416.44,1399.89,1416.44,56603230,VNSML,VN Small Cap
2025-01-09,1418.17,1420.85,1408.01,1409.28,48378232,VNSML,VN Small Cap
2025-01-10,1409.15,1411.32,1391.42,1391.42,73419530,VNSML,VN Small Cap
2025-01-13,1387.67,1398.07,1381.06,1398.07,65681775,VNSML,VN Small Cap
2025-01-14,1399.91,1401.38,1392.12,1394.28,46268091,VNSML,VN Small Cap
2025-01-15,1395.04,1412.26,1394.59,1412.26,66378726,VNSML,VN Small Cap
2025-01-16,1418.57,1423.11,1412.24,1415.99,62357462,VNSML,VN Small Cap
2025-01-17,1418.94,1428.34,1417.3,1428.34,76730315,VNSML,VN Small Cap
2025-01-20,1432.15,1434.21,1422.34,1424.08,61447677,VNSML,VN Small Cap
2025-01-21,1425.61,1428.22,1416.1,1416.96,69779748,VNSML,VN Small Cap
2025-01-22,1417.71,1419.57,1409.72,1409.72,68758255,VNSML,VN Small Cap
2025-01-23,1409.58,1421.55,1409.58,1420.82,59562089,VNSML,VN Small Cap
2025-01-24,1422.55,1423.99,1416.55,1421.26,73745688,VNSML,VN Small Cap
2025-02-03,1420.52,1426.27,1417.81,1424.98,71067728,VNSML,VN Small Cap
2025-02-04,1429.51,1444.39,1429.5,1444.39,96265626,VNSML,VN Small Cap
2025-02-05,1448.35,1456.73,1447.45,1456.73,85968492,VNSML,VN Small Cap
2025-02-06,1460.48,1461.49,1452.64,1460.29,91733532,VNSML,VN Small Cap
2025-02-07,1462.24,1469.65,1461.37,1463.06,95218527,VNSML,VN Small Cap
2025-02-10,1459.85,1463.06,1446.9,1447.61,92803320,VNSML,VN Small Cap
2025-02-11,1448.0,1457.72,1447.39,1454.96,83885592,VNSML,VN Small Cap
2025-02-12,1458.37,1461.03,1457.5,1458.68,82263338,VNSML,VN Small Cap
2025-02-13,1459.77,1467.57,1457.84,1467.57,81095276,VNSML,VN Small Cap
2025-02-14,1468.25,1477.95,1468.25,1475.43,96926801,VNSML,VN Small Cap
2025-02-17,1477.41,1488.51,1477.41,1483.14,124310548,VNSML,VN Small Cap
2025-02-18,1485.03,1493.28,1481.25,1487.03,113752390,VNSML,VN Small Cap
2025-02-19,1488.71,1504.43,1487.03,1504.43,150081189,VNSML,VN Small Cap
2025-02-20,1511.22,1512.74,1503.24,1505.79,122791045,VNSML,VN Small Cap
2025-02-21,1507.28,1509.85,1498.46,1506.81,112311546,VNSML,VN Small Cap
2025-02-24,1507.12,1509.49,1497.59,1507.64,111182668,VNSML,VN Small Cap
2025-02-25,1513.76,1517.28,1506.92,1512.78,131143070,VNSML,VN Small Cap
2025-02-26,1515.16,1521.61,1514.39,1514.47,109042365,VNSML,VN Small Cap
2025-02-27,1517.52,1525.02,1509.54,1525.02,125538982,VNSML,VN Small Cap
2025-02-28,1527.98,1532.62,1519.62,1522.58,114540336,VNSML,VN Small Cap
2025-03-03,1522.8,1523.1,1514.52,1517.87,134803949,VNSML,VN Small Cap
2025-03-04,1514.26,1519.86,1501.55,1514.12,138112843,VNSML,VN Small Cap
2025-03-05,1515.14,1516.41,1497.0,1497.0,109802805,VNSML,VN Small Cap
2025-03-06,1499.95,1507.69,1498.62,1507.69,117966025,VNSML,VN Small Cap
2025-03-07,1510.74,1517.39,1508.5,1508.5,116045162,VNSML,VN Small Cap
2025-03-10,1512.54,1513.82,1503.32,1507.05,121429259,VNSML,VN Small Cap
2025-03-11,1495.86,1510.97,1493.94,1510.97,121098030,VNSML,VN Small Cap
2025-03-12,1515.13,1516.2,1506.68,1511.32,131550737,VNSML,VN Small Cap
2025-03-13,1511.82,1514.36,1487.36,1488.63,146104517,VNSML,VN Small Cap
2025-03-14,1486.81,1490.6,1479.27,1481.44,112424508,VNSML,VN Small Cap
2025-03-17,1484.89,1487.69,1478.78,1484.56,100564383,VNSML,VN Small Cap
2025-03-18,1486.97,1490.72,1480.59,1482.33,84536589,VNSML,VN Small Cap
2025-03-19,1482.37,1484.14,1472.96,1478.01,89195322,VNSML,VN Small Cap
2025-03-20,1480.66,1482.35,1461.82,1470.37,119982042,VNSML,VN Small Cap
2025-03-21,1467.26,1471.67,1466.75,1469.97,98619374,VNSML,VN Small Cap
2025-03-24,1468.43,1468.66,1457.27,1462.32,81606235,VNSML,VN Small Cap
2025-03-25,1462.96,1473.97,1462.05,1469.5,128342909,VNSML,VN Small Cap
2025-03-26,1471.28,1476.53,1462.37,1466.71,83618265,VNSML,VN Small Cap
2025-03-27,1466.66,1467.94,1462.3,1465.03,78825105,VNSML,VN Small Cap
2025-03-28,1467.83,1471.06,1459.79,1463.4,100855417,VNSML,VN Small Cap
2025-03-31,1459.92,1463.69,1446.69,1451.56,103076906,VNSML,VN Small Cap
2025-04-01,1453.27,1457.31,1447.2,1454.07,71978261,VNSML,VN Small Cap
2025-04-02,1456.19,1460.48,1454.95,1455.69,85653136,VNSML,VN Small Cap
2025-04-03,1406.78,1406.78,1359.5,1362.5,160073093,VNSML,VN Small Cap
2025-04-04,1328.41,1328.41,1278.91,1316.68,192355487,VNSML,VN Small Cap
2025-04-08,1261.8,1265.09,1232.04,1233.52,103525525,VNSML,VN Small Cap
2025-04-09,1208.44,1233.52,1162.54,1183.48,159591208,VNSML,VN Small Cap
2025-04-10,1258.04,1263.02,1258.04,1262.12,47215444,VNSML,VN Small Cap
2025-04-11,1285.64,1301.69,1254.56,1301.69,187293079,VNSML,VN Small Cap
2025-04-14,1313.95,1316.5,1301.37,1316.5,96161776,VNSML,VN Small Cap
2025-04-15,1310.37,1319.23,1289.69,1306.59,112989870,VNSML,VN Small Cap
2025-04-16,1304.67,1316.39,1294.27,1300.2,95862877,VNSML,VN Small Cap
2025-04-17,1288.72,1306.2,1288.23,1306.2,70836387,VNSML,VN Small Cap
2025-04-18,1315.07,1330.5,1312.96,1320.95,99799569,VNSML,VN Small Cap
2025-04-21,1321.33,1322.63,1306.34,1313.37,77608199,VNSML,VN Small Cap
2025-04-22,1304.26,1308.72,1243.37,1288.59,147160392,VNSML,VN Small Cap
2025-04-23,1295.63,1312.3,1295.63,1312.3,82821977,VNSML,VN Small Cap
2025-04-24,1315.93,1330.76,1315.39,1326.89,82751905,VNSML,VN Small Cap
2025-04-25,1326.84,1336.78,1325.63,1333.49,79833706,VNSML,VN Small Cap
2025-04-28,1334.38,1338.4,1329.82,1334.87,69959105,VNSML,VN Small Cap
2025-04-29,1336.58,1347.52,1336.29,1346.07,82869221,VNSML,VN Small Cap
2025-05-05,1346.07,1363.34,1346.07,1363.34,66078437,VNSML,VN Small Cap
2025-05-06,1363.34,1375.63,1361.39,1364.32,95729175,VNSML,VN Small Cap
2025-05-07,1364.32,1373.7,1361.28,1373.7,77879125,VNSML,VN Small Cap
2025-05-08,1373.7,1384.25,1371.88,1384.25,112274336,VNSML,VN Small Cap
2025-05-09,1384.25,1392.6,1382.65,1385.7,97906362,VNSML,VN Small Cap
2025-05-12,1385.7,1394.29,1383.52,1391.78,87213670,VNSML,VN Small Cap
2025-05-13,1391.78,1402.75,1391.78,1400.82,97819653,VNSML,VN Small Cap
2025-05-14,1400.82,1407.7,1396.66,1402.36,103787097,VNSML,VN Small Cap
2025-05-15,1402.36,1407.81,1391.67,1402.65,93768455,VNSML,VN Small Cap
2025-05-16,1402.65,1409.78,1400.67,1402.89,100233123,VNSML,VN Small Cap
2025-05-19,1402.89,1402.89,1394.53,1395.99,97555851,VNSML,VN Small Cap
2025-05-20,1395.99,1408.76,1395.99,1406.09,98475249,VNSML,VN Small Cap
2025-05-21,1406.09,1413.16,1393.85,1409.69,98316380,VNSML,VN Small Cap
2025-05-22,1409.69,1414.55,1401.46,1406.03,105319313,VNSML,VN Small Cap
2025-05-23,1406.03,1415.23,1405.21,1413.3,81174002,VNSML,VN Small Cap
2025-05-26,1413.3,1440.76,1394.55,1440.76,144171791,VNSML,VN Small Cap
2025-05-27,1440.76,1460.05,1440.76,1460.05,141544112,VNSML,VN Small Cap
2025-05-28,1460.05,1468.7,1447.94,1451.99,121272972,VNSML,VN Small Cap
2025-05-29,1451.99,1459.28,1442.99,1452.8,104509838,VNSML,VN Small Cap
2025-05-30,1452.8,1454.68,1434.54,1440.88,109627560,VNSML,VN Small Cap
2025-06-02,1440.88,1453.74,1439.14,1453.74,143910918,VNSML,VN Small Cap
2025-06-03,1453.74,1464.08,1453.74,1462.81,133434609,VNSML,VN Small Cap
2025-06-04,1462.81,1475.48,1462.81,1473.15,165278130,VNSML,VN Small Cap
2025-06-05,1473.15,1479.42,1462.21,1469.91,133760877,VNSML,VN Small Cap
2025-06-06,1469.91,1472.36,1451.09,1453.93,124873471,VNSML,VN Small Cap
2025-06-09,1453.93,1454.47,1435.81,1437.71,106026037,VNSML,VN Small Cap
2025-06-10,1437.71,1446.47,1434.33,1438.39,114014206,VNSML,VN Small Cap
2025-06-11,1438.39,1442.54,1434.88,1441.21,87585262,VNSML,VN Small Cap
2025-06-12,1441.21,1451.91,1441.21,1448.51,118240227,VNSML,VN Small Cap
2025-06-13,1448.51,1448.51,1418.85,1433.42,170147197,VNSML,VN Small Cap
2025-06-16,1433.42,1449.19,1426.78,1449.17,119990349,VNSML,VN Small Cap
2025-06-17,1449.17,1458.69,1447.56,1454.06,103060187,VNSML,VN Small Cap
2025-06-18,1454.06,1461.06,1446.72,1449.78,98444029,VNSML,VN Small Cap
2025-06-19,1449.78,1450.75,1435.76,1446.12,92507306,VNSML,VN Small Cap
2025-06-20,1446.12,1451.55,1440.89,1449.17,97272000,VNSML,VN Small Cap
2025-06-23,1449.17,1449.17,1436.74,1444.91,101795185,VNSML,VN Small Cap
2025-06-24,1444.91,1452.02,1443.9,1445.58,92369715,VNSML,VN Small Cap
2025-06-25,1445.58,1451.37,1442.52,1444.41,94894999,VNSML,VN Small Cap
2025-06-26,1444.41,1445.79,1437.93,1444.7,72451289,VNSML,VN Small Cap
2025-06-27,1444.7,1450.58,1443.88,1445.66,85482614,VNSML,VN Small Cap
2025-06-30,1445.66,1455.12,1445.66,1455.0,96846689,VNSML,VN Small Cap
2025-07-01,1455.0,1459.52,1444.3,1449.16,109036153,VNSML,VN Small Cap
2025-07-02,1449.16,1462.25,1449.16,1461.55,122252708,VNSML,VN Small Cap
2025-07-03,1461.55,1469.53,1451.11,1457.6,164472125,VNSML,VN Small Cap
2025-07-04,1457.6,1466.69,1457.6,1464.71,123737947,VNSML,VN Small Cap
2025-07-07,1464.71,1474.68,1464.71,1473.89,146052655,VNSML,VN Small Cap
2025-07-08,1473.89,1484.85,1473.89,1484.73,178596749,VNSML,VN Small Cap
2025-07-09,1484.73,1494.11,1484.73,1490.09,200728899,VNSML,VN Small Cap
2025-07-10,1490.09,1500.91,1490.09,1496.81,171732248,VNSML,VN Small Cap
2025-07-11,1496.81,1502.43,1489.53,1492.81,174614082,VNSML,VN Small Cap
2025-07-14,1492.81,1502.97,1475.74,1502.97,190213406,VNSML,VN Small Cap
2025-07-15,1502.97,1514.55,1501.79,1501.79,192126599,VNSML,VN Small Cap
2025-07-16,1501.79,1516.29,1501.79,1516.09,173813309,VNSML,VN Small Cap
2025-07-17,1516.09,1538.46,1516.09,1529.24,212751557,VNSML,VN Small Cap
2025-07-18,1529.24,1545.34,1528.85,1539.19,238343494,VNSML,VN Small Cap
2025-07-21,1539.19,1550.78,1528.17,1529.78,200801442,VNSML,VN Small Cap
2025-07-22,1529.78,1542.65,1520.22,1542.65,181076976,VNSML,VN Small Cap
2025-07-23,1542.65,1558.52,1542.65,1553.89,220313530,VNSML,VN Small Cap
2025-07-24,1553.89,1563.26,1545.98,1556.6,180607764,VNSML,VN Small Cap
2025-07-25,1556.6,1574.63,1556.6,1571.65,210574989,VNSML,VN Small Cap
2025-07-28,1571.65,1604.44,1571.65,1604.12,310442473,VNSML,VN Small Cap
2025-07-29,1604.12,1624.01,1545.12,1545.12,364282873,VNSML,VN Small Cap
2025-07-30,1545.12,1565.89,1537.7,1565.89,214557382,VNSML,VN Small Cap
2025-07-31,1565.89,1585.48,1552.7,1572.76,217212054,VNSML,VN Small Cap
2025-08-01,1572.76,1583.58,1567.79,1575.39,202407208,VNSML,VN Small Cap
2025-08-04,1575.39,1591.57,1573.05,1591.57,189642605,VNSML,VN Small Cap
2025-08-05,1591.57,1608.7,1551.08,1575.63,346867914,VNSML,VN Small Cap
2025-08-06,1575.63,1589.61,1575.63,1589.61,166507715,VNSML,VN Small Cap
2025-08-07,1589.61,1610.32,1589.61,1610.32,248125982,VNSML,VN Small Cap
2025-08-08,1610.32,1620.45,1596.07,1619.77,266292728,VNSML,VN Small Cap
2025-08-11,1619.77,1645.3,1619.77,1639.44,249998738,VNSML,VN Small Cap
2025-08-12,1639.44,1649.14,1626.96,1646.46,255565499,VNSML,VN Small Cap
2025-08-13,1654.34,1661.57,1629.66,1659.78,286847443,VNSML,VN Small Cap
2025-08-14,1669.37,1671.94,1648.49,1659.62,227134693,VNSML,VN Small Cap
2025-08-15,1664.69,1666.05,1624.43,1634.0,284934064,VNSML,VN Small Cap
2025-08-18,1639.7,1657.11,1634.5,1657.11,200141080,VNSML,VN Small Cap
2025-08-19,1671.37,1684.28,1669.92,1680.59,303309814,VNSML,VN Small Cap
2025-08-20,1688.66,1689.49,1622.35,1649.9,299615850,VNSML,VN Small Cap
2025-08-21,1655.9,1657.23,1624.88,1624.88,211730182,VNSML,VN Small Cap
2025-08-22,1612.38,1612.89,1564.11,1580.41,288850407,VNSML,VN Small Cap
2025-08-25,1591.45,1594.21,1552.16,1557.43,162710051,VNSML,VN Small Cap
2025-08-26,1555.96,1594.15,1553.73,1594.15,153782858,VNSML,VN Small Cap
2025-08-27,1603.68,1607.39,1590.29,1597.17,148672988,VNSML,VN Small Cap
2025-08-28,1604.18,1606.59,1595.31,1606.59,106577970,VNSML,VN Small Cap
2025-08-29,1617.01,1622.45,1610.64,1615.55,179272492,VNSML,VN Small Cap
2025-09-03,1624.34,1636.8,1619.97,1636.8,139841886,VNSML,VN Small Cap
2025-09-04,1645.25,1652.16,1636.13,1644.29,164661110,VNSML,VN Small Cap
2025-09-05,1652.54,1659.2,1628.95,1628.95,213965672,VNSML,VN Small Cap
2025-09-08,1622.58,1628.48,1586.95,1586.95,198656895,VNSML,VN Small Cap
2025-09-09,1588.21,1593.94,1573.79,1592.78,118615083,VNSML,VN Small Cap
2025-09-10,1599.1,1599.1,1580.03,1590.84,92953882,VNSML,VN Small Cap
2025-09-11,1587.35,1593.91,1555.5,1593.91,134370569,VNSML,VN Small Cap
2025-09-12,1599.6,1611.25,1598.34,1610.73,136357605,VNSML,VN Small Cap
2025-09-15,1618.14,1636.64,1617.8,1636.64,155577990,VNSML,VN Small Cap
2025-09-16,1645.84,1645.84,1619.57,1624.45,149202171,VNSML,VN Small Cap
2025-09-17,1624.35,1633.24,1615.8,1616.64,155978923,VNSML,VN Small Cap
2025-09-18,1619.4,1621.82,1601.42,1612.29,97463176,VNSML,VN Small Cap
2025-09-19,1617.98,1620.72,1607.01,1612.85,97536466,VNSML,VN Small Cap
2025-09-22,1613.83,1614.28,1579.53,1590.41,142775751,VNSML,VN Small Cap
2025-09-23,1591.44,1596.94,1584.98,1588.38,73182929,VNSML,VN Small Cap
2025-09-24,1590.21,1608.68,1583.08,1608.68,95270184,VNSML,VN Small Cap
2025-09-25,1616.08,1624.21,1611.34,1620.99,149493278,VNSML,VN Small Cap
2025-09-26,1620.22,1624.55,1614.7,1616.17,144613339,VNSML,VN Small Cap
2025-09-29,1614.76,1622.33,1597.31,1601.34,105854761,VNSML,VN Small Cap
2025-09-30,1601.83,1604.83,1565.19,1585.07,134217594,VNSML,VN Small Cap
2025-10-01,1584.98,1591.47,1583.05,1589.84,81843331,VNSML,VN Small Cap
2025-10-02,1591.81,1592.96,1570.52,1574.16,93054023,VNSML,VN Small Cap
2025-10-03,1569.97,1570.21,1552.67,1557.96,109820422,VNSML,VN Small Cap
2025-10-06,1566.05,1595.39,1564.73,1595.39,109212048,VNSML,VN Small Cap
2025-10-07,1601.52,1601.52,1578.41,1579.35,88653189,VNSML,VN Small Cap
2025-10-08,1595.12,1596.78,1573.17,1584.68,91793566,VNSML,VN Small Cap
2025-10-09,1587.8,1590.1,1579.54,1587.27,89791143,VNSML,VN Small Cap
2025-10-10,1590.04,1594.42,1585.9,1587.46,118712912,VNSML,VN Small Cap
2025-10-13,1574.08,1585.43,1570.71,1584.35,136772797,VNSML,VN Small Cap
2025-10-14,1590.56,1592.49,1562.5,1563.52,158554688,VNSML,VN Small Cap
2025-10-15,1566.41,1570.91,1553.75,1559.77,119977609,VNSML,VN Small Cap
2025-10-16,1564.02,1570.77,1559.02,1569.08,117093874,VNSML,VN Small Cap
2025-10-17,1570.71,1572.68,1557.99,1560.04,118761226,VNSML,VN Small Cap
2025-10-20,1556.02,1564.26,1490.73,1491.31,152583820,VNSML,VN Small Cap
2025-10-21,1488.75,1504.85,1467.89,1501.53,153728477,VNSML,VN Small Cap
2025-10-22,1509.73,1514.72,1485.71,1514.72,95669429,VNSML,VN Small Cap
2025-10-23,1519.45,1528.34,1514.07,1516.48,90486513,VNSML,VN Small Cap
2025-10-24,1515.22,1515.81,1492.58,1510.01,91232102,VNSML,VN Small Cap
2025-10-27,1520.06,1522.8,1506.14,1506.85,97139541,VNSML,VN Small Cap
2025-10-28,1504.41,1523.18,1489.01,1523.18,104868525,VNSML,VN Small Cap
2025-10-29,1528.63,1544.08,1527.91,1544.01,114002172,VNSML,VN Small Cap
2025-10-30,1547.93,1552.48,1538.61,1545.61,108085901,VNSML,VN Small Cap
2025-10-31,1546.28,1550.59,1536.0,1540.69,110531192,VNSML,VN Small Cap
2025-11-03,1542.73,1547.99,1524.66,1524.66,116637392,VNSML,VN Small Cap
2025-11-04,1520.11,1542.69,1484.33,1542.53,141881373,VNSML,VN Small Cap
2025-11-05,1539.9,1539.9,1523.04,1526.89,62250209,VNSML,VN Small Cap
2025-11-06,1525.84,1531.78,1518.59,1527.71,70808787,VNSML,VN Small Cap
2025-11-07,1527.12,1527.71,1498.69,1504.6,82137185,VNSML,VN Small Cap
2025-11-10,1502.15,1509.6,1493.25,1498.57,71207439,VNSML,VN Small Cap
2025-11-11,1502.2,1506.51,1492.43,1502.81,72779772,VNSML,VN Small Cap
2025-11-12,1506.64,1524.2,1506.6,1524.18,80522973,VNSML,VN Small Cap
2025-11-13,1523.86,1531.95,1522.19,1529.68,73445008,VNSML,VN Small Cap
2025-11-14,1528.56,1532.48,1524.82,1529.98,76134369,VNSML,VN Small Cap
2025-11-17,1533.8,1539.61,1533.31,1539.05,79597008,VNSML,VN Small Cap
2025-11-18,1540.82,1544.29,1533.93,1541.2,86372986,VNSML,VN Small Cap
2025-11-19,1541.06,1543.91,1523.48,1529.44,78550242,VNSML,VN Small Cap
2025-11-20,1531.91,1533.99,1521.11,1528.7,70098803,VNSML,VN Small Cap
2025-11-21,1523.49,1525.12,1515.88,1524.75,109496257,VNSML,VN Small Cap
2025-11-24,1525.18,1530.48,1516.77,1516.77,73352642,VNSML,VN Small Cap
2025-11-25,1516.79,1518.64,1498.12,1499.59,92558342,VNSML,VN Small Cap
2025-11-26,1500.88,1515.28,1500.85,1515.28,71213537,VNSML,VN Small Cap
2025-11-27,1517.52,1519.46,1509.74,1512.63,80878076,VNSML,VN Small Cap
2025-11-28,1513.18,1515.84,1504.24,1509.97,77610376,VNSML,VN Small Cap
2025-12-01,1511.65,1512.03,1503.11,1505.55,80460818,VNSML,VN Small Cap
2025-12-02,1506.09,1508.48,1494.23,1507.54,74913269,VNSML,VN Small Cap
2025-12-03,1510.33,1520.34,1508.2,1520.2,83558790,VNSML,VN Small Cap
2025-12-04,1523.78,1530.3,1522.74,1530.08,94341903,VNSML,VN Small Cap
2025-12-05,1533.73,1534.89,1521.9,1522.59,87794613,VNSML,VN Small Cap
2025-12-08,1525.94,1526.22,1515.19,1520.83,118511331,VNSML,VN Small Cap
2025-12-09,1521.73,1522.36,1501.26,1521.05,123299321,VNSML,VN Small Cap
2025-12-10,1522.75,1522.75,1512.96,1516.15,98488414,VNSML,VN Small Cap
2025-12-11,1517.9,1522.08,1509.21,1510.37,109775314,VNSML,VN Small Cap
2025-12-12,1510.82,1511.08,1470.13,1473.73,114809227,VNSML,VN Small Cap
2025-12-15,1472.6,1480.25,1463.35,1468.41,92674746,VNSML,VN Small Cap
2025-12-16,1467.14,1493.09,1456.32,1492.14,92030880,VNSML,VN Small Cap
2025-12-17,1490.51,1493.62,1486.93,1491.09,68610759,VNSML,VN Small Cap
2025-12-18,1493.0,1493.37,1484.53,1491.21,97768596,VNSML,VN Small Cap
2025-12-19,1490.93,1491.14,1481.72,1485.72,76542223,VNSML,VN Small Cap
2025-12-22,1485.96,1494.48,1484.66,1494.48,85429585,VNSML,VN Small Cap
2025-12-23,1500.15,1501.63,1486.16,1492.9,88561006,VNSML,VN Small Cap
2025-12-24,1490.48,1492.94,1482.8,1489.72,87498399,VNSML,VN Small Cap
2025-12-25,1488.2,1492.26,1479.99,1479.99,86414531,VNSML,VN Small Cap
2025-12-26,1473.27,1476.21,1453.26,1473.74,97532478,VNSML,VN Small Cap
2025-12-29,1475.96,1478.61,1472.93,1478.18,75022870,VNSML,VN Small Cap
2025-12-30,1480.63,1482.09,1472.73,1478.9,63346246,VNSML,VN Small Cap
2025-12-31,1478.26,1479.37,1468.44,1475.95,67257143,VNSML,VN Small Cap
2026-01-05,1476.18,1476.28,1454.23,1460.72,75133841,VNSML,VN Small Cap
2026-01-06,1460.14,1463.6,1448.97,1458.46,73034678,VNSML,VN Small Cap
2026-01-07,1462.41,1472.87,1460.68,1472.87,81354719,VNSML,VN Small Cap
2026-01-08,1476.48,1478.08,1459.86,1467.06,86251557,VNSML,VN Small Cap
2026-01-09,1467.89,1469.94,1449.61,1455.18,111342535,VNSML,VN Small Cap
2026-01-12,1455.43,1477.18,1452.22,1477.18,110363133,VNSML,VN Small Cap
2026-01-13,1486.15,1488.3,1480.37,1486.18,104927704,VNSML,VN Small Cap
2026-01-14,1488.81,1496.43,1483.25,1493.96,132281077,VNSML,VN Small Cap
2026-01-15,1497.38,1500.76,1490.64,1500.76,105191937,VNSML,VN Small Cap
2026-01-16,1508.89,1509.43,1499.08,1504.25,106145855,VNSML,VN Small Cap
2026-01-19,1508.04,1511.25,1501.55,1506.65,84983007,VNSML,VN Small Cap
2026-01-20,1509.13,1512.77,1505.05,1509.72,109862234,VNSML,VN Small Cap
2026-01-21,1505.05,1506.79,1482.66,1496.67,115401677,VNSML,VN Small Cap
2026-01-22,1500.41,1517.42,1500.41,1514.96,150527448,VNSML,VN Small Cap
2026-01-23,1516.27,1518.51,1495.22,1499.31,107314893,VNSML,VN Small Cap
2026-01-26,1500.24,1500.49,1463.69,1472.95,131343279,VNSML,VN Small Cap
2026-01-27,1471.61,1474.28,1461.77,1474.28,81571364,VNSML,VN Small Cap
2026-01-28,1477.03,1480.18,1464.97,1475.1,92701533,VNSML,VN Small Cap
2026-01-29,1477.18,1486.23,1473.42,1486.23,107609895,VNSML,VN Small Cap
2026-01-30,1490.14,1493.88,1489.0,1493.66,92656649,VNSML,VN Small Cap
2026-02-02,1496.69,1497.57,1478.74,1496.6,122585000,VNSML,VN Small Cap
2026-02-03,1502.36,1509.34,1500.15,1509.24,122749295,VNSML,VN Small Cap
2026-02-04,1513.06,1517.03,1508.71,1517.02,118881874,VNSML,VN Small Cap
2026-02-05,1521.99,1521.99,1500.9,1500.9,93205034,VNSML,VN Small Cap
2026-02-06,1492.34,1493.88,1470.4,1472.58,105038270,VNSML,VN Small Cap
2026-02-09,1478.39,1479.6,1465.93,1471.38,61976363,VNSML,VN Small Cap
2026-02-10,1471.63,1475.35,1460.12,1465.24,69939571,VNSML,VN Small Cap
2026-02-11,1467.06,1485.5,1466.77,1484.56,77708534,VNSML,VN Small Cap
2026-02-12,1487.06,1490.22,1483.66,1488.7,49804395,VNSML,VN Small Cap
2026-02-13,1489.05,1492.36,1484.47,1490.73,59098365,VNSML,VN Small Cap
2026-02-23,1497.16,1508.06,1497.16,1508.06,77600188,VNSML,VN Small Cap
2026-02-24,1507.63,1517.36,1507.63,1517.36,95464201,VNSML,VN Small Cap
2026-02-25,1521.33,1522.13,1512.05,1519.08,92842189,VNSML,VN Small Cap
2026-02-26,1523.38,1523.38,1511.3,1518.0,91556831,VNSML,VN Small Cap
2026-02-27,1521.19,1521.32,1508.99,1517.43,92571836,VNSML,VN Small Cap
2026-03-02,1506.93,1514.47,1483.48,1500.1,168478516,VNSML,VN Small Cap
2026-03-03,1506.12,1508.31,1498.25,1504.02,130922357,VNSML,VN Small Cap
2026-03-04,1502.16,1507.74,1455.05,1491.7,179258710,VNSML,VN Small Cap
2026-03-05,1501.39,1502.51,1485.99,1485.99,109401912,VNSML,VN Small Cap
2026-03-06,1481.97,1482.4,1464.68,1467.81,94295555,VNSML,VN Small Cap
2026-03-09,1456.58,1456.58,1374.16,1378.64,136695127,VNSML,VN Small Cap
2026-03-10,1380.82,1402.45,1369.97,1384.92,141886202,VNSML,VN Small Cap
2026-03-11,1383.71,1423.65,1383.04,1423.4,105869135,VNSML,VN Small Cap
2026-03-12,1416.38,1425.48,1404.63,1416.6,89558752,VNSML,VN Small Cap
2026-03-13,1406.81,1422.51,1406.8,1416.26,108152315,VNSML,VN Small Cap
2026-03-16,1416.96,1423.59,1406.34,1414.85,88755874,VNSML,VN Small Cap
2026-03-17,1419.31,1424.56,1410.51,1413.74,86317562,VNSML,VN Small Cap
2026-03-18,1415.98,1419.12,1402.62,1415.19,68605594,VNSML,VN Small Cap
2026-03-19,1406.58,1411.69,1397.99,1407.75,78685270,VNSML,VN Small Cap
2026-03-20,1403.95,1406.27,1386.26,1391.25,78678833,VNSML,VN Small Cap
2026-03-23,1381.8,1382.87,1339.35,1348.61,102785193,VNSML,VN Small Cap
2026-03-24,1366.82,1381.28,1362.66,1377.62,78111961,VNSML,VN Small Cap
2026-03-25,1387.34,1403.61,1385.06,1403.61,112695395,VNSML,VN Small Cap
2026-03-26,1406.15,1406.15,1392.56,1398.62,78142537,VNSML,VN Small Cap
2026-03-27,1397.6,1419.04,1396.68,1419.04,113634322,VNSML,VN Small Cap
2026-03-30,1402.3,1415.17,1401.17,1413.8,79137225,VNSML,VN Small Cap
2026-03-31,1419.09,1423.82,1415.69,1422.71,84548195,VNSML,VN Small Cap
2026-04-01,1435.77,1437.29,1427.15,1430.44,86116520,VNSML,VN Small Cap
2026-04-02,1426.17,1426.3,1411.67,1418.77,73096242,VNSML,VN Small Cap
2026-04-03,1418.34,1422.96,1403.46,1406.6,66934506,VNSML,VN Small Cap
2026-04-06,1404.7,1407.92,1384.89,1389.84,63612566,VNSML,VN Small Cap
2026-04-07,1391.29,1393.78,1379.46,1389.45,60744251,VNSML,VN Small Cap
2026-04-08,1409.92,1426.12,1403.73,1426.12,114032642,VNSML,VN Small Cap
2026-04-09,1423.21,1429.66,1416.61,1427.45,102297819,VNSML,VN Small Cap
2026-04-10,1433.41,1437.74,1422.82,1425.33,78570233,VNSML,VN Small Cap
2026-04-13,1419.53,1427.01,1417.63,1423.92,83913318,VNSML,VN Small Cap
2026-04-14,1427.99,1434.05,1422.25,1428.22,72683608,VNSML,VN Small Cap
2026-04-15,1431.15,1433.73,1420.83,1421.94,89217748,VNSML,VN Small Cap
2026-04-16,1421.39,1422.67,1409.69,1416.27,64788844,VNSML,VN Small Cap
2026-04-17,1418.65,1422.47,1414.47,1417.22,67387943,VNSML,VN Small Cap
2026-04-20,1418.06,1421.46,1414.39,1419.18,57476859,VNSML,VN Small Cap
2026-04-21,1423.2,1424.51,1410.57,1412.16,84280685,VNSML,VN Small Cap
2026-04-22,1412.54,1414.18,1403.56,1412.09,57831531,VNSML,VN Small Cap
2026-04-23,1412.63,1413.94,1394.98,1407.32,97012854,VNSML,VN Small Cap
2026-04-24,1407.9,1408.69,1400.23,1408.69,64439575,VNSML,VN Small Cap
2026-04-28,1408.84,1411.07,1399.2,1402.22,56945951,VNSML,VN Small Cap
2026-04-29,1402.1,1407.28,1399.94,1407.28,60224353,VNSML,VN Small Cap
2026-05-04,1409.99,1417.93,1406.98,1410.0,76296496,VNSML,VN Small Cap
2026-05-05,1408.16,1409.28,1399.33,1404.66,60756375,VNSML,VN Small Cap
2026-05-06,1406.65,1412.37,1400.54,1412.37,70271953,VNSML,VN Small Cap
2026-05-07,1414.89,1417.08,1406.26,1407.47,66936922,VNSML,VN Small Cap
2026-05-08,1406.6,1406.6,1397.06,1401.01,59551329,VNSML,VN Small Cap
2026-05-11,1401.87,1402.77,1389.98,1393.96,66128150,VNSML,VN Small Cap
2026-05-12,1393.45,1395.91,1390.88,1394.39,47975603,VNSML,VN Small Cap
2026-05-13,1393.14,1396.68,1389.91,1395.29,75474805,VNSML,VN Small Cap
2026-05-14,1395.78,1399.78,1392.02,1395.04,50164571,VNSML,VN Small Cap
2026-05-15,1396.33,1396.52,1390.39,1392.54,52195011,VNSML,VN Small Cap
2026-05-18,1389.82,1393.03,1382.93,1393.03,65466030,VNSML,VN Small Cap
2026-05-19,1395.2,1396.9,1379.65,1381.25,55285556,VNSML,VN Small Cap
2026-05-20,1380.69,1382.67,1350.13,1370.77,80063221,VNSML,VN Small Cap
2026-05-21,1373.61,1375.63,1364.75,1370.97,51874466,VNSML,VN Small Cap
2026-05-22,1370.53,1372.08,1362.58,1371.29,58655817,VNSML,VN Small Cap
2026-05-25,1372.71,1373.42,1363.12,1366.54,53335765,VNSML,VN Small Cap
2026-05-26,1364.96,1370.15,1364.12,1370.15,64749735,VNSML,VN Small Cap
2026-05-27,1372.0,1372.66,1367.06,1369.81,55949374,VNSML,VN Small Cap
2026-05-28,1368.45,1372.16,1361.34,1363.14,56363126,VNSML,VN Small Cap
2026-05-29,1363.05,1364.1,1357.35,1360.55,61213438,VNSML,VN Small Cap
2026-06-01,1362.79,1367.2,1360.67,1364.69,49770448,VNSML,VN Small Cap
2026-06-02,1365.88,1366.85,1352.94,1356.63,66839492,VNSML,VN Small Cap
2026-06-03,1356.27,1358.43,1350.0,1358.41,63709486,VNSML,VN Small Cap
2026-06-04,1357.21,1358.29,1350.47,1355.3,75548386,VNSML,VN Small Cap
2026-06-05,1356.68,1356.88,1347.21,1350.72,40596911,VNSML,VN Small Cap
2026-06-08,1344.83,1345.5,1330.78,1336.36,65864065,VNSML,VN Small Cap
2026-06-09,1335.16,1338.0,1329.58,1338.0,40765851,VNSML,VN Small Cap
2026-06-10,1336.52,1344.94,1336.47,1342.82,67046938,VNSML,VN Small Cap
2026-06-11,1340.77,1343.46,1337.95,1343.38,42205030,VNSML,VN Small Cap
2026-06-12,1346.26,1347.33,1339.05,1342.3,51694127,VNSML,VN Small Cap
2026-06-15,1346.6,1350.53,1343.27,1349.96,64218362,VNSML,VN Small Cap
2026-06-16,1351.57,1357.06,1347.56,1357.06,62723793,VNSML,VN Small Cap
2026-06-17,1359.46,1365.89,1355.53,1365.89,54822300,VNSML,VN Small Cap
2026-06-18,1366.05,1367.4,1356.07,1358.04,38862419,VNSML,VN Small Cap
2026-06-19,1355.44,1356.53,1347.06,1350.95,43855085,VNSML,VN Small Cap
2026-06-22,1351.03,1351.05,1342.96,1347.62,46595426,VNSML,VN Small Cap
2026-06-23,1348.2,1352.95,1335.92,1340.76,63835085,VNSML,VN Small Cap
2026-06-24,1339.95,1341.83,1331.06,1341.29,53984346,VNSML,VN Small Cap
2026-06-25,1344.03,1345.85,1337.57,1342.72,42418727,VNSML,VN Small Cap
2026-06-26,1342.59,1343.46,1334.5,1340.44,56438294,VNSML,VN Small Cap
2026-06-29,1337.3,1339.23,1332.36,1339.23,38013945,VNSML,VN Small Cap
2026-06-30,1339.39,1343.26,1337.53,1343.11,52709645,VNSML,VN Small Cap
2026-07-01,1342.6,1346.15,1340.11,1345.39,43944437,VNSML,VN Small Cap
2026-07-02,1346.34,1347.92,1340.56,1343.54,48559156,VNSML,VN Small Cap
2026-07-03,1343.3,1344.37,1336.18,1340.93,70807507,VNSML,VN Small Cap
2026-07-06,1341.57,1342.23,1314.57,1325.27,71751022,VNSML,VN Small Cap
2026-07-07,1324.26,1328.95,1314.84,1328.92,71363381,VNSML,VN Small Cap
2026-07-08,1327.52,1331.63,1326.57,1331.63,98856214,VNSML,VN Small Cap
2026-07-09,1332.15,1333.22,1325.82,1326.66,69213288,VNSML,VN Small Cap
2026-07-10,1326.27,1330.31,1315.95,1320.98,65485207,VNSML,VN Small Cap
2026-07-13,1320.92,1321.3,1294.45,1304.54,69246224,VNSML,VN Small Cap
2026-07-14,1298.91,1305.85,1291.35,1305.85,49087087,VNSML,VN Small Cap
2026-07-15,1305.01,1306.09,1286.59,1290.89,59212349,VNSML,VN Small Cap
2026-07-16,1287.29,1289.69,1267.24,1289.69,60256035,VNSML,VN Small Cap
2026-07-17,1288.53,1289.01,1275.69,1280.07,44423862,VNSML,VN Small Cap
2026-07-20,1275.71,1277.38,1242.78,1246.82,68869298,VNSML,VN Small Cap
2026-07-21,1241.74,1248.2,1230.92,1235.69,51403298,VNSML,VN Small Cap
2026-07-22,1232.77,1236.84,1216.56,1224.5,61803744,VNSML,VN Small Cap
2026-07-23,1219.43,1229.09,1201.43,1229.09,60462352,VNSML,VN Small Cap
2026-07-24,1223.01,1224.41,1213.08,1218.77,41617420,VNSML,VN Small Cap
2026-07-27,1216.69,1219.3,1195.28,1200.95,49094814,VNSML,VN Small Cap
2026-07-28,1189.72,1208.92,1186.4,1208.92,63469179,VNSML,VN Small Cap
2026-07-29,1210.96,1215.75,1207.24,1215.75,52797891,VNSML,VN Small Cap
2026-07-30,1215.23,1239.62,1215.08,1239.62,83067133,VNSML,VN Small Cap
2026-07-31,1243.07,1243.79,1227.29,1232.51,49565732,VNSML,VN Small Cap
2026-08-03,1233.22,1251.39,1232.82,1250.02,67289159,VNSML,VN Small Cap
2026-08-04,1253.05,1256.58,1250.74,1256.58,54511444,VNSML,VN Small Cap
2026-08-05,1260.47,1265.56,1251.28,1253.65,66322642,VNSML,VN Small Cap
2026-08-06,1254.9,1255.62,1245.49,1250.39,45560603,VNSML,VN Small Cap
2026-08-07,1248.79,1257.01,1248.18,1252.09,58327240,VNSML,VN Small Cap
2026-08-10,1254.77,1265.61,1254.6,1265.58,78989221,VNSML,VN Small Cap
2026-08-11,1268.13,1273.08,1265.31,1267.66,85837767,VNSML,VN Small Cap
2026-08-12,1268.7,1271.74,1264.82,1268.38,71988008,VNSML,VN Small Cap
2026-08-13,1270.3,1271.74,1257.37,1260.33,73570169,VNSML,VN Small Cap
2026-08-14,1260.07,1260.93,1245.67,1250.83,69667639,VNSML,VN Small Cap
2026-08-17,1248.46,1253.34,1245.95,1251.26,40416673,VNSML,VN Small Cap
2026-08-18,1251.68,1255.4,1243.37,1249.01,50981222,VNSML,VN Small Cap
